arm,role,rep,time_us,cwnd,bytes_in_flight,smoothed_rtt,min_rtt,latest_rtt
migrate_demo,server,1,549261,12200,,20942,20877,
migrate_demo,server,1,554483,12200,,20942,20877,
migrate_demo,server,1,559698,12200,,20942,20877,
migrate_demo,server,1,564924,12200,,20942,20877,
migrate_demo,server,1,570073,24400,,21749,20517,
migrate_demo,server,1,575214,24400,,21749,20517,
migrate_demo,server,1,580429,24400,,21749,20517,
migrate_demo,server,1,585678,24400,,21749,20517,
migrate_demo,server,1,590871,36632,,21165,20224,
migrate_demo,server,1,596073,48832,,20928,20224,
migrate_demo,server,1,601270,48832,,20928,20224,
migrate_demo,server,1,606519,48832,,20928,20224,
migrate_demo,server,1,611718,60180,,20820,20224,
migrate_demo,server,1,616889,72700,,21709,20224,
migrate_demo,server,1,622063,85220,,23491,20224,
migrate_demo,server,1,627247,97740,,25657,20224,
migrate_demo,server,1,632420,107144,,24183,20224,
migrate_demo,server,1,637618,119132,,23984,20224,
migrate_demo,server,1,642825,132452,,25308,20224,
migrate_demo,server,1,648002,145772,,27419,20224,
migrate_demo,server,1,653187,156428,,29350,20224,
migrate_demo,server,1,658439,169748,,31798,20224,
migrate_demo,server,1,663698,183068,,34507,20224,
migrate_demo,server,1,668841,195056,,36884,20224,
migrate_demo,server,1,674002,209156,,38751,20224,
migrate_demo,server,1,679143,220452,,40925,20224,
migrate_demo,server,1,684366,234572,,43682,20224,
migrate_demo,server,1,689548,247280,,46223,20224,
migrate_demo,server,1,694845,259988,,48431,20224,
migrate_demo,server,1,700037,271284,,50840,20224,
migrate_demo,server,1,705213,285404,,53776,20224,
migrate_demo,server,1,710406,296700,,56167,20224,
migrate_demo,server,1,715644,307996,,58413,20224,
migrate_demo,server,1,720838,322116,,61492,20224,
migrate_demo,server,1,726032,333412,,63730,20224,
migrate_demo,server,1,731234,347532,,66780,20224,
migrate_demo,server,1,736424,358828,,69026,20224,
migrate_demo,server,1,741612,372948,,72022,20224,
migrate_demo,server,1,746773,384244,,74350,20224,
migrate_demo,server,1,752036,398664,,77101,20224,
migrate_demo,server,1,757308,410440,,79550,20224,
migrate_demo,server,1,762489,422216,,81951,20224,
migrate_demo,server,1,767693,435464,,84423,20224,
migrate_demo,server,1,772850,447240,,86755,20224,
migrate_demo,server,1,778129,461960,,89895,20224,
migrate_demo,server,1,783288,473736,,92419,20224,
migrate_demo,server,1,788419,485512,,94913,20224,
migrate_demo,server,1,793902,497288,,97301,20224,
migrate_demo,server,1,799107,512008,,100050,20224,
migrate_demo,server,1,804297,523784,,102666,20224,
migrate_demo,server,1,809547,538504,,105613,20224,
migrate_demo,server,1,814775,550280,,108112,20224,
migrate_demo,server,1,819931,562056,,110531,20224,
migrate_demo,server,1,825237,573832,,112848,20224,
migrate_demo,server,1,830379,588552,,115828,20224,
migrate_demo,server,1,835533,600328,,118191,20224,
migrate_demo,server,1,840724,612104,,120742,20224,
migrate_demo,server,1,845946,626824,,123845,20224,
migrate_demo,server,1,851156,638600,,126276,20224,
migrate_demo,server,1,856313,650376,,128512,20224,
migrate_demo,server,1,861657,662152,,130870,20224,
migrate_demo,server,1,866826,676872,,134004,20224,
migrate_demo,server,1,871985,688648,,136514,20224,
migrate_demo,server,1,877319,700424,,138902,20224,
migrate_demo,server,1,882487,715144,,141981,20224,
migrate_demo,server,1,887670,726920,,144368,20224,
migrate_demo,server,1,892872,738696,,146810,20224,
migrate_demo,server,1,898067,753416,,149913,20224,
migrate_demo,server,1,903266,765192,,152233,20224,
migrate_demo,server,1,908504,776968,,154814,20224,
migrate_demo,server,1,913749,791688,,157578,20224,
migrate_demo,server,1,918924,803464,,160041,20224,
migrate_demo,server,1,924082,815240,,162285,20224,
migrate_demo,server,1,929348,827016,,164566,20224,
migrate_demo,server,1,934567,841736,,167500,20224,
migrate_demo,server,1,939739,853512,,169903,20224,
migrate_demo,server,1,944926,865288,,172213,20224,
migrate_demo,server,1,950101,880008,,175272,20224,
migrate_demo,server,1,955281,891784,,177858,20224,
migrate_demo,server,1,960474,903560,,180486,20224,
migrate_demo,server,1,965720,918280,,183423,20224,
migrate_demo,server,1,970922,930056,,186078,20224,
migrate_demo,server,1,976088,941832,,188346,20224,
migrate_demo,server,1,981249,953608,,190689,20224,
migrate_demo,server,1,986428,968328,,193728,20224,
migrate_demo,server,1,991611,980104,,196129,20224,
migrate_demo,server,1,996785,991880,,198488,20224,
migrate_demo,server,1,1002044,1006600,,201806,20224,
migrate_demo,server,1,1007263,1018376,,204111,20224,
migrate_demo,server,1,1012463,1030152,,206410,20224,
migrate_demo,server,1,1017713,1041928,,208788,20224,
migrate_demo,server,1,1022968,1056648,,211732,20224,
migrate_demo,server,1,1028173,1068424,,214130,20224,
migrate_demo,server,1,1033485,1080200,,216559,20224,
migrate_demo,server,1,1038672,1094920,,219860,20224,
migrate_demo,server,1,1043864,1106696,,222215,20224,
migrate_demo,server,1,1049027,1118472,,224552,20224,
migrate_demo,server,1,1054200,1133192,,227765,20224,
migrate_demo,server,1,1059365,1144968,,230072,20224,
migrate_demo,server,1,1064590,1156744,,232564,20224,
migrate_demo,server,1,1069836,1168520,,234948,20224,
migrate_demo,server,1,1075070,1183240,,238177,20224,
migrate_demo,server,1,1080242,1195016,,240435,20224,
migrate_demo,server,1,1085438,1206792,,242767,20224,
migrate_demo,server,1,1090685,1221512,,246004,20224,
migrate_demo,server,1,1095808,1233288,,248345,20224,
migrate_demo,server,1,1100994,1245064,,250869,20224,
migrate_demo,server,1,1106279,1259784,,253932,20224,
migrate_demo,server,1,1111480,1271560,,256147,20224,
migrate_demo,server,1,1116664,1283336,,258475,20224,
migrate_demo,server,1,1122089,1295112,,260863,20224,
migrate_demo,server,1,1127313,1309832,,263793,20224,
migrate_demo,server,1,1132421,1321608,,266324,20224,
migrate_demo,server,1,1137725,1336328,,269643,20224,
migrate_demo,server,1,1142933,1348104,,271941,20224,
migrate_demo,server,1,1148113,1359880,,274251,20224,
migrate_demo,server,1,1153326,1371656,,276608,20224,
migrate_demo,server,1,1158591,1386376,,279755,20224,
migrate_demo,server,1,1163777,1398152,,282113,20224,
migrate_demo,server,1,1169005,1409928,,284457,20224,
migrate_demo,server,1,1174298,1424648,,287787,20224,
migrate_demo,server,1,1179439,1436424,,290008,20224,
migrate_demo,server,1,1184605,1448200,,292631,20224,
migrate_demo,server,1,1189904,1462920,,295464,20224,
migrate_demo,server,1,1195086,1474696,,297773,20224,
migrate_demo,server,1,1200238,1486472,,300139,20224,
migrate_demo,server,1,1205454,1501192,,303122,20224,
migrate_demo,server,1,1210731,1512968,,305787,20224,
migrate_demo,server,1,1215906,1524744,,308135,20224,
migrate_demo,server,1,1221093,1536520,,310491,20224,
migrate_demo,server,1,1226254,1551240,,313668,20224,
migrate_demo,server,1,1231408,1563016,,316005,20224,
migrate_demo,server,1,1236620,1574792,,318349,20224,
migrate_demo,server,1,1241881,1589512,,321570,20224,
migrate_demo,server,1,1247146,1601288,,324158,20224,
migrate_demo,server,1,1252309,1613064,,326394,20224,
migrate_demo,server,1,1257481,1624840,,328692,20224,
migrate_demo,server,1,1262724,1639560,,331761,20224,
migrate_demo,server,1,1267869,1651336,,334216,20224,
migrate_demo,server,1,1273020,1663112,,336730,20224,
migrate_demo,server,1,1278242,1677832,,339735,20224,
migrate_demo,server,1,1283403,1689608,,342363,20224,
migrate_demo,server,1,1288573,1701384,,344618,20224,
migrate_demo,server,1,1293810,1713160,,346936,20224,
migrate_demo,server,1,1299002,1727880,,350119,20224,
migrate_demo,server,1,1304184,1739656,,352407,20224,
migrate_demo,server,1,1309293,1751432,,354753,20224,
migrate_demo,server,1,1314576,1766152,,357711,20224,
migrate_demo,server,1,1319742,1777928,,360107,20224,
migrate_demo,server,1,1324895,1789704,,362536,20224,
migrate_demo,server,1,1330270,1801480,,364931,20224,
migrate_demo,server,1,1335502,1816200,,368132,20224,
migrate_demo,server,1,1340643,1827976,,370467,20224,
migrate_demo,server,1,1345819,1839752,,372849,20224,
migrate_demo,server,1,1351037,1854472,,376120,20224,
migrate_demo,server,1,1356187,1866248,,378468,20224,
migrate_demo,server,1,1361297,1878024,,380836,20224,
migrate_demo,server,1,1366529,1889800,,383217,20224,
migrate_demo,server,1,1371734,1904520,,386178,20224,
migrate_demo,server,1,1376975,1916296,,388713,20224,
migrate_demo,server,1,1382361,1928072,,391155,20224,
migrate_demo,server,1,1387545,1942792,,394403,20224,
migrate_demo,server,1,1392729,1954568,,396693,20224,
migrate_demo,server,1,1397898,1966344,,399021,20224,
migrate_demo,server,1,1403115,1981064,,402081,20224,
migrate_demo,server,1,1408284,1992840,,404491,20224,
migrate_demo,server,1,1413421,2004616,,406942,20224,
migrate_demo,server,1,1418687,2019336,,410062,20224,
migrate_demo,server,1,1423817,2031112,,412365,20224,
migrate_demo,server,1,1428971,2042888,,415011,20224,
migrate_demo,server,1,1434184,2054664,,417258,20224,
migrate_demo,server,1,1439460,2069384,,420413,20224,
migrate_demo,server,1,1444653,2081160,,422652,20224,
migrate_demo,server,1,1449877,2092936,,425196,20224,
migrate_demo,server,1,1455088,2107656,,428129,20224,
migrate_demo,server,1,1460271,2119432,,430500,20224,
migrate_demo,server,1,1465416,2131208,,432908,20224,
migrate_demo,server,1,1470695,2142984,,435281,20224,
migrate_demo,server,1,1475944,2157704,,438257,20224,
migrate_demo,server,1,1481151,2169480,,440793,20224,
migrate_demo,server,1,1486340,2181256,,443269,20224,
migrate_demo,server,1,1491515,2195976,,446237,20224,
migrate_demo,server,1,1496711,2207752,,448592,20224,
migrate_demo,server,1,1501874,2219528,,451230,20224,
migrate_demo,server,1,1507038,2231304,,453540,20224,
migrate_demo,server,1,1512418,2246024,,456511,20224,
migrate_demo,server,1,1517617,2257800,,459104,20224,
migrate_demo,server,1,1522940,2272520,,461985,20224,
migrate_demo,server,1,1528111,2284296,,464638,20224,
migrate_demo,server,1,1533239,2296072,,466888,20224,
migrate_demo,server,1,1538450,2307848,,469223,20224,
migrate_demo,server,1,1543694,2322568,,472336,20224,
migrate_demo,server,1,1548898,2334344,,474816,20224,
migrate_demo,server,1,1554164,2346120,,477198,20224,
migrate_demo,server,1,1559363,2360840,,480125,20224,
migrate_demo,server,1,1564573,2372616,,482480,20224,
migrate_demo,server,1,1569747,2384392,,485055,20224,
migrate_demo,server,1,1575149,2396168,,487390,20224,
migrate_demo,server,1,1580328,2410888,,490423,20224,
migrate_demo,server,1,1585487,2422664,,492881,20224,
migrate_demo,server,1,1590742,2437384,,495836,20224,
migrate_demo,server,1,1596002,2449160,,498526,20224,
migrate_demo,server,1,1601156,2460936,,500794,20224,
migrate_demo,server,1,1606523,2472712,,503136,20224,
migrate_demo,server,1,1611744,2487432,,506262,20224,
migrate_demo,server,1,1616861,2499208,,508832,20224,
migrate_demo,server,1,1622148,2510984,,511108,20224,
migrate_demo,server,1,1627332,2525704,,514329,20224,
migrate_demo,server,1,1632540,2537480,,516590,20224,
migrate_demo,server,1,1637848,2549256,,519130,20224,
migrate_demo,server,1,1642976,2563976,,522126,20224,
migrate_demo,server,1,1648137,2575752,,524534,20224,
migrate_demo,server,1,1653372,2587528,,526901,20224,
migrate_demo,server,1,1659020,2602248,,530121,20224,
migrate_demo,server,1,1664194,2614024,,532337,20224,
migrate_demo,server,1,1669459,2628744,,535415,20224,
migrate_demo,server,1,1674687,2640520,,537846,20224,
migrate_demo,server,1,1679854,2652296,,540233,20224,
migrate_demo,server,1,1685242,2664072,,542766,20224,
migrate_demo,server,1,1690471,2678792,,545640,20224,
migrate_demo,server,1,1695583,2690568,,547969,20224,
migrate_demo,server,1,1700743,2702344,,550575,20224,
migrate_demo,server,1,1705910,2717064,,553413,20224,
migrate_demo,server,1,1711065,2728840,,555762,20224,
migrate_demo,server,1,1716252,2740616,,558285,20224,
migrate_demo,server,1,1721585,2755336,,561360,20224,
migrate_demo,server,1,1726827,2767112,,563681,20224,
migrate_demo,server,1,1732013,2778888,,566040,20224,
migrate_demo,server,1,1737256,2793608,,569118,20224,
migrate_demo,server,1,1742380,2805384,,571594,20224,
migrate_demo,server,1,1747560,2817160,,573962,20224,
migrate_demo,server,1,1752732,2828936,,576337,20224,
migrate_demo,server,1,1757827,2843656,,579333,20224,
migrate_demo,server,1,1763000,2855432,,582021,20224,
migrate_demo,server,1,1768120,2867208,,584362,20224,
migrate_demo,server,1,1773277,2878984,,586703,20224,
migrate_demo,server,1,1778445,2893704,,589809,20224,
migrate_demo,server,1,1783657,2905480,,592132,20224,
migrate_demo,server,1,1788804,2917256,,594466,20224,
migrate_demo,server,1,1793955,2929032,,596999,20224,
migrate_demo,server,1,1799176,2943752,,600111,20224,
migrate_demo,server,1,1804308,2955528,,602285,20224,
migrate_demo,server,1,1809471,2068869,,603663,20224,
migrate_demo,server,1,1814639,2068869,,604995,20224,
migrate_demo,server,1,1819770,2068869,,605496,20224,
migrate_demo,server,1,1824953,2068869,,605818,20224,
migrate_demo,server,1,1830117,2068869,,606016,20224,
migrate_demo,server,1,1835326,2068869,,606071,20224,
migrate_demo,server,1,1840513,2068869,,606083,20224,
migrate_demo,server,1,1845702,2068869,,606189,20224,
migrate_demo,server,1,1850855,2068869,,606224,20224,
migrate_demo,server,1,1856011,2068869,,606276,20224,
migrate_demo,server,1,1861204,2068869,,606288,20224,
migrate_demo,server,1,1866421,2068869,,606316,20224,
migrate_demo,server,1,1871592,2068869,,606310,20224,
migrate_demo,server,1,1876811,2068869,,606281,20224,
migrate_demo,server,1,1882174,2068869,,606278,20224,
migrate_demo,server,1,1887374,2068869,,606285,20224,
migrate_demo,server,1,1892618,2068869,,606263,20224,
migrate_demo,server,1,1897763,2068869,,606265,20224,
migrate_demo,server,1,1902924,2068869,,606260,20224,
migrate_demo,server,1,1908076,2068869,,606248,20224,
migrate_demo,server,1,1913286,2068869,,606247,20224,
migrate_demo,server,1,1918716,2068869,,606280,20224,
migrate_demo,server,1,1923878,2068869,,606360,20224,
migrate_demo,server,1,1929031,2068869,,606342,20224,
migrate_demo,server,1,1934192,2068869,,606343,20224,
migrate_demo,server,1,1939344,2068869,,606334,20224,
migrate_demo,server,1,1944508,2068869,,606299,20224,
migrate_demo,server,1,1949884,2068869,,606287,20224,
migrate_demo,server,1,1955459,2068869,,606283,20224,
migrate_demo,server,1,1960805,2068869,,606269,20224,
migrate_demo,server,1,1966004,2068869,,606287,20224,
migrate_demo,server,1,1971216,2068869,,606271,20224,
migrate_demo,server,1,1976627,2068869,,606304,20224,
migrate_demo,server,1,1981869,2068869,,606260,20224,
migrate_demo,server,1,1987058,2068869,,606275,20224,
migrate_demo,server,1,1992424,2068869,,606277,20224,
migrate_demo,server,1,1997722,2068869,,606269,20224,
migrate_demo,server,1,2002899,2068869,,606239,20224,
migrate_demo,server,1,2008567,2068869,,606317,20224,
migrate_demo,server,1,2013769,2068869,,606301,20224,
migrate_demo,server,1,2019029,2068869,,606276,20224,
migrate_demo,server,1,2024182,2068869,,606263,20224,
migrate_demo,server,1,2029301,2068869,,606329,20224,
migrate_demo,server,1,2034795,2068869,,606283,20224,
migrate_demo,server,1,2039970,2068869,,606374,20224,
migrate_demo,server,1,2045193,2068869,,606309,20224,
migrate_demo,server,1,2050678,2068869,,606275,20224,
migrate_demo,server,1,2055879,2068869,,606261,20224,
migrate_demo,server,1,2061061,2068869,,606262,20224,
migrate_demo,server,1,2066403,2068869,,606255,20224,
migrate_demo,server,1,2071586,2068869,,606309,20224,
migrate_demo,server,1,2076793,2068869,,606365,20224,
migrate_demo,server,1,2082022,2068869,,606308,20224,
migrate_demo,server,1,2087169,2068869,,606282,20224,
migrate_demo,server,1,2092339,2068869,,606241,20224,
migrate_demo,server,1,2097540,2068869,,606255,20224,
migrate_demo,server,1,2102807,2068869,,606273,20224,
migrate_demo,server,1,2108156,2068869,,606272,20224,
migrate_demo,server,1,2113731,2068869,,606275,20224,
migrate_demo,server,1,2119116,2068869,,606467,20224,
migrate_demo,server,1,2124315,2068869,,606852,20224,
migrate_demo,server,1,2129514,2068869,,606890,20224,
migrate_demo,server,1,2135060,2068869,,606863,20224,
migrate_demo,server,1,2140218,2068869,,606868,20224,
migrate_demo,server,1,2145798,2068869,,606860,20224,
migrate_demo,server,1,2151182,2068869,,606886,20224,
migrate_demo,server,1,2156878,2068869,,606854,20224,
migrate_demo,server,1,2162134,2068869,,606875,20224,
migrate_demo,server,1,2167687,2068869,,606873,20224,
migrate_demo,server,1,2173349,2068869,,606883,20224,
migrate_demo,server,1,2178594,2068869,,606914,20224,
migrate_demo,server,1,2183753,2068869,,606851,20224,
migrate_demo,server,1,2188934,2068869,,606861,20224,
migrate_demo,server,1,2194304,2068869,,606862,20224,
migrate_demo,server,1,2199722,2068869,,606883,20224,
migrate_demo,server,1,2205178,2068869,,606851,20224,
migrate_demo,server,1,2210449,2068869,,606877,20224,
migrate_demo,server,1,2215951,2068869,,606951,20224,
migrate_demo,server,1,2221089,2068869,,606922,20224,
migrate_demo,server,1,2226297,2068869,,606903,20224,
migrate_demo,server,1,2232021,2068869,,606873,20224,
migrate_demo,server,1,2237364,2068869,,606910,20224,
migrate_demo,server,1,2242914,2068869,,606921,20224,
migrate_demo,server,1,2249245,2068869,,607019,20224,
migrate_demo,server,1,2254726,2068869,,607076,20224,
migrate_demo,server,1,2260166,2068869,,606998,20224,
migrate_demo,server,1,2265687,2068869,,606946,20224,
migrate_demo,server,1,2270897,2068869,,607058,20224,
migrate_demo,server,1,2276142,2068869,,606955,20224,
migrate_demo,server,1,2281736,2068869,,606925,20224,
migrate_demo,server,1,2286921,2068869,,606901,20224,
migrate_demo,server,1,2292805,2068869,,606894,20224,
migrate_demo,server,1,2298320,2068869,,606934,20224,
migrate_demo,server,1,2303922,2068869,,606899,20224,
migrate_demo,server,1,2309294,2068869,,606895,20224,
migrate_demo,server,1,2314732,2068869,,606874,20224,
migrate_demo,server,1,2320194,2068869,,606906,20224,
migrate_demo,server,1,2325390,2068869,,606871,20224,
migrate_demo,server,1,2330585,2068869,,606849,20224,
migrate_demo,server,1,2336135,2068869,,606858,20224,
migrate_demo,server,1,2341508,2068869,,606934,20224,
migrate_demo,server,1,2347095,2068869,,606969,20224,
migrate_demo,server,1,2352233,2068869,,606929,20224,
migrate_demo,server,1,2357892,2068869,,606916,20224,
migrate_demo,server,1,2363132,2068869,,607047,20224,
migrate_demo,server,1,2368902,2068869,,606960,20224,
migrate_demo,server,1,2374134,2068869,,606936,20224,
migrate_demo,server,1,2379745,2068869,,606968,20224,
migrate_demo,server,1,2385213,2068869,,606954,20224,
migrate_demo,server,1,2391639,2068869,,607090,20224,
migrate_demo,server,1,2397141,2068869,,607250,20224,
migrate_demo,server,1,2402679,2068869,,607085,20224,
migrate_demo,server,1,2407896,2068869,,607114,20224,
migrate_demo,server,1,2413052,2068869,,607070,20224,
migrate_demo,server,1,2418296,2069409,,518925,20224,
migrate_demo,server,1,2423481,2069924,,481619,20224,
migrate_demo,server,1,2428652,2070426,,460677,20224,
migrate_demo,server,1,2434690,2071044,,447682,20224,
migrate_demo,server,1,2440022,2071659,,442445,20224,
migrate_demo,server,1,2445223,2072151,,441240,20224,
migrate_demo,server,1,2450466,2072643,,441551,20224,
migrate_demo,server,1,2455933,2073263,,443146,20224,
migrate_demo,server,1,2461068,2073759,,444859,20224,
migrate_demo,server,1,2466396,2074259,,446928,20224,
migrate_demo,server,1,2471731,2074886,,449709,20224,
migrate_demo,server,1,2476902,2075390,,451980,20224,
migrate_demo,server,1,2482094,2075898,,454304,20224,
migrate_demo,server,1,2487490,2076535,,457256,20224,
migrate_demo,server,1,2492726,2077047,,459335,20224,
migrate_demo,server,1,2497914,2077563,,461813,20224,
migrate_demo,server,1,2503130,2078080,,464184,20224,
migrate_demo,server,1,2508617,2078730,,467135,20224,
migrate_demo,server,1,2513856,2079253,,469728,20224,
migrate_demo,server,1,2519049,2079777,,472037,20224,
migrate_demo,server,1,2524293,2080437,,474921,20224,
migrate_demo,server,1,2529773,2080968,,477315,20224,
migrate_demo,server,1,2535473,2081633,,480201,20224,
migrate_demo,server,1,2540688,2082169,,482575,20224,
migrate_demo,server,1,2546118,2082841,,485678,20224,
migrate_demo,server,1,2551317,2083381,,487968,20224,
migrate_demo,server,1,2556477,2083923,,490339,20224,
migrate_demo,server,1,2561718,2084603,,493218,20224,
migrate_demo,server,1,2566964,2085151,,495579,20224,
migrate_demo,server,1,2572445,2085700,,498214,20224,
migrate_demo,server,1,2577650,2086252,,500691,20224,
migrate_demo,server,1,2583375,2086945,,503760,20224,
migrate_demo,server,1,2588572,2087501,,506293,20224,
migrate_demo,server,1,2594005,2088201,,509387,20224,
migrate_demo,server,1,2599208,2088762,,511784,20224,
migrate_demo,server,1,2604737,2089467,,514722,20224,
migrate_demo,server,1,2609952,2090034,,517165,20224,
migrate_demo,server,1,2615139,2090602,,519542,20224,
migrate_demo,server,1,2620783,2091315,,522664,20224,
migrate_demo,server,1,2626025,2091887,,525112,20224,
migrate_demo,server,1,2631407,2092607,,528092,20224,
migrate_demo,server,1,2636600,2093184,,530459,20224,
migrate_demo,server,1,2641773,2093764,,532986,20224,
migrate_demo,server,1,2647016,2094491,,536047,20224,
migrate_demo,server,1,2652214,2095075,,538446,20224,
migrate_demo,server,1,2657416,2095661,,541006,20224,
migrate_demo,server,1,2662685,2096396,,544080,20224,
migrate_demo,server,1,2667894,2096988,,546642,20224,
migrate_demo,server,1,2673100,2097580,,549088,20224,
migrate_demo,server,1,2678281,2098175,,551574,20224,
migrate_demo,server,1,2683470,2098771,,554062,20224,
migrate_demo,server,1,2688802,2099520,,557031,20224,
migrate_demo,server,1,2693966,2100120,,559428,20224,
migrate_demo,server,1,2699166,2100724,,561877,20224,
migrate_demo,server,1,2704611,2101479,,564861,20224,
migrate_demo,server,1,2709838,2102087,,567236,20224,
migrate_demo,server,1,2715040,2102695,,569689,20224,
migrate_demo,server,1,2720269,2103458,,572714,20224,
migrate_demo,server,1,2725455,2104070,,575143,20224,
migrate_demo,server,1,2730647,2104685,,577564,20224,
migrate_demo,server,1,2736122,2105301,,579977,20224,
migrate_demo,server,1,2741273,2106074,,583117,20224,
migrate_demo,server,1,2746500,2106694,,585582,20224,
migrate_demo,server,1,2751676,2107472,,588478,20224,
migrate_demo,server,1,2756925,2108096,,590931,20224,
migrate_demo,server,1,2762152,2108722,,593296,20224,
migrate_demo,server,1,2767539,2109507,,596360,20224,
migrate_demo,server,1,2772699,2110136,,598771,20224,
migrate_demo,server,1,2777871,2110768,,601252,20224,
migrate_demo,server,1,2783004,2111400,,603493,20224,
migrate_demo,server,1,2788302,2112194,,606530,20224,
migrate_demo,server,1,2793788,1478647,,608272,20224,
migrate_demo,server,1,2800855,1478647,,608502,20224,
migrate_demo,server,1,2809688,1478647,,609188,20224,
migrate_demo,server,1,2814853,1478647,,610463,20224,
migrate_demo,server,1,2820180,1478647,,610357,20224,
migrate_demo,server,1,2825310,1478647,,610362,20224,
migrate_demo,server,1,2830514,1478647,,610295,20224,
migrate_demo,server,1,2835700,1478647,,610363,20224,
migrate_demo,server,1,2841365,1478647,,610281,20224,
migrate_demo,server,1,2846541,1478647,,610203,20224,
migrate_demo,server,1,2851809,1478647,,610286,20224,
migrate_demo,server,1,2857059,1478647,,610240,20224,
migrate_demo,server,1,2862201,1478647,,610144,20224,
migrate_demo,server,1,2867361,1478647,,610529,20224,
migrate_demo,server,1,2872732,1478647,,610650,20224,
migrate_demo,server,1,2877962,1478647,,610752,20224,
migrate_demo,server,1,2883125,1478647,,610878,20224,
migrate_demo,server,1,2888274,1478647,,610826,20224,
migrate_demo,server,1,2893435,1478647,,610832,20224,
migrate_demo,server,1,2898634,1478647,,610744,20224,
migrate_demo,server,1,2903854,1478647,,610730,20224,
migrate_demo,server,1,2909058,1478647,,610864,20224,
migrate_demo,server,1,2914259,1478647,,611133,20224,
migrate_demo,server,1,2919553,1478647,,611418,20224,
migrate_demo,server,1,2924731,1478647,,611338,20224,
migrate_demo,server,1,2929873,1478647,,611426,20224,
migrate_demo,server,1,2935095,1478647,,611481,20224,
migrate_demo,server,1,2940379,1478647,,611416,20224,
migrate_demo,server,1,2945842,1478647,,611503,20224,
migrate_demo,server,1,2951314,1478647,,611425,20224,
migrate_demo,server,1,2956720,1478647,,611590,20224,
migrate_demo,server,1,2961968,1478647,,611461,20224,
migrate_demo,server,1,2967145,1478647,,611311,20224,
migrate_demo,server,1,2972306,1478647,,611566,20224,
migrate_demo,server,1,2977481,1478647,,611563,20224,
migrate_demo,server,1,2982959,1478647,,611473,20224,
migrate_demo,server,1,2988336,1478647,,611495,20224,
migrate_demo,server,1,2993590,1478647,,611522,20224,
migrate_demo,server,1,2998866,1478647,,611583,20224,
migrate_demo,server,1,3004034,1478647,,611483,20224,
migrate_demo,server,1,3009277,1478647,,611507,20224,
migrate_demo,server,1,3014461,1478647,,611531,20224,
migrate_demo,server,1,3019632,1478647,,611432,20224,
migrate_demo,server,1,3024801,1478647,,611621,20224,
migrate_demo,server,1,3030230,1478647,,611491,20224,
migrate_demo,server,1,3035648,1478647,,430321,20224,
migrate_demo,server,1,3040799,1478647,,352906,20224,
migrate_demo,server,1,3045993,1478647,,309481,20224,
migrate_demo,server,1,3051593,1478647,,281937,20224,
migrate_demo,server,1,3056766,1478647,,271954,20224,
migrate_demo,server,1,3061955,1478647,,268632,20224,
migrate_demo,server,1,3067503,1478647,,268632,20224,
migrate_demo,server,1,3072693,1478647,,268632,20224,
migrate_demo,server,1,3077937,1478647,,268632,20224,
migrate_demo,server,1,3083153,1478647,,268632,20224,
migrate_demo,server,1,3088410,1478647,,270974,20224,
migrate_demo,server,1,3093599,1478647,,270974,20224,
migrate_demo,server,1,3098915,1478647,,270974,20224,
migrate_demo,server,1,3104086,1478647,,270974,20224,
migrate_demo,server,1,3109367,1478647,,270974,20224,
migrate_demo,server,1,3114648,1478647,,276039,20224,
migrate_demo,server,1,3120108,1478647,,276039,20224,
migrate_demo,server,1,3125304,1478647,,276039,20224,
migrate_demo,server,1,3130556,1478647,,276039,20224,
migrate_demo,server,1,3135778,1478647,,276039,20224,
migrate_demo,server,1,3141063,1478647,,283500,20224,
migrate_demo,server,1,3146405,1478647,,283500,20224,
migrate_demo,server,1,3151545,1478647,,283500,20224,
migrate_demo,server,1,3156789,1478647,,283500,20224,
migrate_demo,server,1,3161987,1478647,,283500,20224,
migrate_demo,server,1,3167231,1478647,,293077,20224,
migrate_demo,server,1,3172769,1478647,,293077,20224,
migrate_demo,server,1,3177910,1478647,,293077,20224,
migrate_demo,server,1,3183063,1478647,,293077,20224,
migrate_demo,server,1,3188210,1478647,,293077,20224,
migrate_demo,server,1,3193992,1478647,,304286,20224,
migrate_demo,server,1,3199221,1478647,,304286,20224,
migrate_demo,server,1,3204421,1478647,,304286,20224,
migrate_demo,server,1,3209605,1478647,,304286,20224,
migrate_demo,server,1,3214855,1478647,,304286,20224,
migrate_demo,server,1,3220217,1478647,,316366,20224,
migrate_demo,server,1,3225560,1478647,,316366,20224,
migrate_demo,server,1,3230807,1478647,,316366,20224,
migrate_demo,server,1,3235948,1478647,,316366,20224,
migrate_demo,server,1,3241120,1478647,,316366,20224,
migrate_demo,server,1,3247063,1478647,,328238,20224,
migrate_demo,server,1,3252334,1478647,,328238,20224,
migrate_demo,server,1,3257576,1478647,,328238,20224,
migrate_demo,server,1,3262803,1478647,,328238,20224,
migrate_demo,server,1,3268025,1478647,,328238,20224,
migrate_demo,server,1,3273724,1478647,,339789,20224,
migrate_demo,server,1,3278971,1478647,,339789,20224,
migrate_demo,server,1,3284128,1478647,,339789,20224,
migrate_demo,server,1,3289310,1478647,,339789,20224,
migrate_demo,server,1,3294524,1478647,,339789,20224,
migrate_demo,server,1,3300013,1478647,,350965,20224,
migrate_demo,server,1,3305333,1478647,,350965,20224,
migrate_demo,server,1,3310523,1478647,,350965,20224,
migrate_demo,server,1,3315738,1478647,,350965,20224,
migrate_demo,server,1,3320889,1478647,,350965,20224,
migrate_demo,server,1,3326929,1478647,,361926,20224,
migrate_demo,server,1,3332090,1478647,,361926,20224,
migrate_demo,server,1,3337415,1478647,,361926,20224,
migrate_demo,server,1,3342639,1478647,,361926,20224,
migrate_demo,server,1,3347826,1478647,,361926,20224,
migrate_demo,server,1,3353481,1478647,,372654,20224,
migrate_demo,server,1,3358726,1478647,,372654,20224,
migrate_demo,server,1,3364335,1478647,,372654,20224,
migrate_demo,server,1,3369534,1478647,,372654,20224,
migrate_demo,server,1,3374685,1478647,,372654,20224,
migrate_demo,server,1,3379853,1478647,,383358,20224,
migrate_demo,server,1,3385047,1478647,,383358,20224,
migrate_demo,server,1,3390396,1478647,,383358,20224,
migrate_demo,server,1,3395624,1478647,,383358,20224,
migrate_demo,server,1,3400828,1478647,,383358,20224,
migrate_demo,server,1,3406169,1478647,,393735,20224,
migrate_demo,server,1,3411340,1478647,,393735,20224,
migrate_demo,server,1,3416556,1478647,,393735,20224,
migrate_demo,server,1,3421802,1478647,,393735,20224,
migrate_demo,server,1,3426966,1478647,,393735,20224,
migrate_demo,server,1,3432702,1478647,,404050,20224,
migrate_demo,server,1,3437948,1478647,,404050,20224,
migrate_demo,server,1,3443154,1478647,,404050,20224,
migrate_demo,server,1,3448335,1478647,,404050,20224,
migrate_demo,server,1,3453552,1478647,,404050,20224,
migrate_demo,server,1,3459148,1478647,,414402,20224,
migrate_demo,server,1,3464316,1478647,,414402,20224,
migrate_demo,server,1,3469563,1478647,,414402,20224,
migrate_demo,server,1,3474786,1478647,,414402,20224,
migrate_demo,server,1,3479982,1478647,,414402,20224,
migrate_demo,server,1,3485189,1478647,,424654,20224,
migrate_demo,server,1,3490344,1478647,,424654,20224,
migrate_demo,server,1,3495513,1478647,,424654,20224,
migrate_demo,server,1,3500683,1478647,,424654,20224,
migrate_demo,server,1,3505910,1478647,,424654,20224,
migrate_demo,server,1,3511913,1478647,,434790,20224,
migrate_demo,server,1,3517048,1478647,,434790,20224,
migrate_demo,server,1,3522234,1478647,,434790,20224,
migrate_demo,server,1,3527417,1478647,,434790,20224,
migrate_demo,server,1,3532565,1478647,,434790,20224,
migrate_demo,server,1,3538515,1478647,,444779,20224,
migrate_demo,server,1,3543706,1478647,,444779,20224,
migrate_demo,server,1,3548906,1478647,,444779,20224,
migrate_demo,server,1,3554110,1478647,,444779,20224,
migrate_demo,server,1,3559306,1478647,,444779,20224,
migrate_demo,server,1,3565555,1478647,,454807,20224,
migrate_demo,server,1,3570709,1478647,,454807,20224,
migrate_demo,server,1,3575939,1478647,,454807,20224,
migrate_demo,server,1,3581107,1478647,,454807,20224,
migrate_demo,server,1,3586342,1478647,,454807,20224,
migrate_demo,server,1,3591587,1478647,,465536,20224,
migrate_demo,server,1,3596731,1478647,,465536,20224,
migrate_demo,server,1,3601949,1478647,,465536,20224,
migrate_demo,server,1,3607201,1478647,,465536,20224,
migrate_demo,server,1,3612380,1478647,,465536,20224,
migrate_demo,server,1,3617677,1478647,,465536,20224,
migrate_demo,server,1,3622965,1478647,,477036,20224,
migrate_demo,server,1,3628155,1478647,,477036,20224,
migrate_demo,server,1,3633389,1478647,,477036,20224,
migrate_demo,server,1,3638540,1478647,,477036,20224,
migrate_demo,server,1,3643723,1478647,,477036,20224,
migrate_demo,server,1,3648974,1478647,,489467,20224,
migrate_demo,server,1,3654190,1478647,,489467,20224,
migrate_demo,server,1,3659454,1478647,,489467,20224,
migrate_demo,server,1,3664648,1478647,,489467,20224,
migrate_demo,server,1,3669857,1478647,,489467,20224,
migrate_demo,server,1,3675147,1478647,,500881,20224,
migrate_demo,server,1,3680295,1478647,,500881,20224,
migrate_demo,server,1,3685513,1478647,,500881,20224,
migrate_demo,server,1,3690732,1478647,,500881,20224,
migrate_demo,server,1,3695912,1478647,,500881,20224,
migrate_demo,server,1,3701073,1478647,,510923,20224,
migrate_demo,server,1,3706232,1478647,,510923,20224,
migrate_demo,server,1,3711367,1478647,,510923,20224,
migrate_demo,server,1,3716588,1478647,,510923,20224,
migrate_demo,server,1,3721780,1478647,,510923,20224,
migrate_demo,server,1,3727058,1478647,,519728,20224,
migrate_demo,server,1,3732219,1478647,,528067,20224,
migrate_demo,server,1,3737404,1478647,,528067,20224,
migrate_demo,server,1,3742568,1478647,,528067,20224,
migrate_demo,server,1,3747735,1478647,,528067,20224,
migrate_demo,server,1,3752893,1478647,,528067,20224,
migrate_demo,server,1,3758061,1478647,,535200,20224,
migrate_demo,server,1,3763308,1478647,,535200,20224,
migrate_demo,server,1,3768555,1478647,,535200,20224,
migrate_demo,server,1,3773823,1478647,,535200,20224,
migrate_demo,server,1,3779026,1478647,,535200,20224,
migrate_demo,server,1,3784218,1478647,,541455,20224,
migrate_demo,server,1,3789414,1478647,,541455,20224,
migrate_demo,server,1,3794572,1478647,,541455,20224,
migrate_demo,server,1,3799760,1478647,,541455,20224,
migrate_demo,server,1,3804914,1478647,,541455,20224,
migrate_demo,server,1,3810082,1478647,,541455,20224,
migrate_demo,server,1,3815250,1478650,,546965,20224,
migrate_demo,server,1,3820400,1478650,,546965,20224,
migrate_demo,server,1,3825601,1478650,,546965,20224,
migrate_demo,server,1,3830761,1478650,,546965,20224,
migrate_demo,server,1,3835978,1478650,,546965,20224,
migrate_demo,server,1,3841128,1478657,,551764,20224,
migrate_demo,server,1,3846326,1478657,,551764,20224,
migrate_demo,server,1,3851517,1478657,,551764,20224,
migrate_demo,server,1,3856754,1478657,,551764,20224,
migrate_demo,server,1,3861912,1478657,,551764,20224,
migrate_demo,server,1,3867171,1478667,,555963,20224,
migrate_demo,server,1,3872397,1478667,,555963,20224,
migrate_demo,server,1,3877652,1478667,,555963,20224,
migrate_demo,server,1,3882866,1478667,,555963,20224,
migrate_demo,server,1,3888076,1478667,,555963,20224,
migrate_demo,server,1,3893204,1478681,,559700,20224,
migrate_demo,server,1,3898429,1478681,,559700,20224,
migrate_demo,server,1,3903610,1478681,,559700,20224,
migrate_demo,server,1,3908779,1478681,,559700,20224,
migrate_demo,server,1,3914020,1478681,,559700,20224,
migrate_demo,server,1,3919188,1478698,,562964,20224,
migrate_demo,server,1,3924388,1478698,,562964,20224,
migrate_demo,server,1,3929578,1478698,,562964,20224,
migrate_demo,server,1,3934721,1478698,,562964,20224,
migrate_demo,server,1,3939881,1478698,,562964,20224,
migrate_demo,server,1,3945082,1478718,,565807,20224,
migrate_demo,server,1,3950261,1478718,,565807,20224,
migrate_demo,server,1,3955502,1478718,,565807,20224,
migrate_demo,server,1,3960660,1478718,,565807,20224,
migrate_demo,server,1,3965908,1478718,,565807,20224,
migrate_demo,server,1,3971118,1478741,,568182,20224,
migrate_demo,server,1,3976299,1478741,,568182,20224,
migrate_demo,server,1,3981528,1478741,,568182,20224,
migrate_demo,server,1,3986686,1478741,,568182,20224,
migrate_demo,server,1,3991846,1478741,,568182,20224,
migrate_demo,server,1,3997006,1478767,,570244,20224,
migrate_demo,server,1,4002194,1478767,,570244,20224,
migrate_demo,server,1,4007405,1478767,,570244,20224,
migrate_demo,server,1,4012648,1478767,,570244,20224,
migrate_demo,server,1,4017842,1478767,,570244,20224,
migrate_demo,server,1,4023025,1478796,,572038,20224,
migrate_demo,server,1,4028218,1478796,,572038,20224,
migrate_demo,server,1,4033385,1478796,,572038,20224,
migrate_demo,server,1,4038613,1478796,,572038,20224,
migrate_demo,server,1,4043770,1478796,,572038,20224,
migrate_demo,server,1,4048962,1478796,,572038,20224,
migrate_demo,server,1,4054204,1478828,,573635,20224,
migrate_demo,server,1,4059357,1478828,,573635,20224,
migrate_demo,server,1,4064537,1478828,,573635,20224,
migrate_demo,server,1,4069740,1478828,,573635,20224,
migrate_demo,server,1,4074946,1478828,,573635,20224,
migrate_demo,server,1,4080109,1478863,,575119,20224,
migrate_demo,server,1,4085229,1478863,,575119,20224,
migrate_demo,server,1,4090408,1478863,,575119,20224,
migrate_demo,server,1,4095799,1478863,,575119,20224,
migrate_demo,server,1,4101045,1478863,,575119,20224,
migrate_demo,server,1,4106255,1478901,,576342,20224,
migrate_demo,server,1,4111451,1478901,,576342,20224,
migrate_demo,server,1,4116628,1478901,,576342,20224,
migrate_demo,server,1,4121833,1478901,,576342,20224,
migrate_demo,server,1,4127042,1478901,,576342,20224,
migrate_demo,server,1,4132399,1478942,,577418,20224,
migrate_demo,server,1,4137545,1478942,,577418,20224,
migrate_demo,server,1,4142747,1478942,,577418,20224,
migrate_demo,server,1,4147958,1478942,,577418,20224,
migrate_demo,server,1,4153145,1478942,,577418,20224,
migrate_demo,server,1,4158334,1478985,,578315,20224,
migrate_demo,server,1,4163499,1478985,,578315,20224,
migrate_demo,server,1,4168655,1478985,,578315,20224,
migrate_demo,server,1,4173825,1478985,,578315,20224,
migrate_demo,server,1,4179019,1478985,,578315,20224,
migrate_demo,server,1,4184353,1479031,,579131,20224,
migrate_demo,server,1,4189521,1479031,,579131,20224,
migrate_demo,server,1,4194705,1479031,,579131,20224,
migrate_demo,server,1,4199881,1479031,,579131,20224,
migrate_demo,server,1,4205026,1479031,,579131,20224,
migrate_demo,server,1,4210204,1479080,,579816,20224,
migrate_demo,server,1,4215420,1479080,,579816,20224,
migrate_demo,server,1,4220617,1479080,,579816,20224,
migrate_demo,server,1,4225738,1479080,,579816,20224,
migrate_demo,server,1,4230897,1479080,,579816,20224,
migrate_demo,server,1,4236159,1479132,,580341,20224,
migrate_demo,server,1,4241354,1479132,,580341,20224,
migrate_demo,server,1,4246535,1479132,,580341,20224,
migrate_demo,server,1,4251700,1479132,,580341,20224,
migrate_demo,server,1,4256912,1479132,,580341,20224,
migrate_demo,server,1,4262188,1479186,,580857,20224,
migrate_demo,server,1,4267354,1479186,,580857,20224,
migrate_demo,server,1,4272538,1479186,,580857,20224,
migrate_demo,server,1,4277739,1479186,,580857,20224,
migrate_demo,server,1,4282918,1479186,,580857,20224,
migrate_demo,server,1,4288100,1479243,,581336,20224,
migrate_demo,server,1,4293291,1479243,,581336,20224,
migrate_demo,server,1,4298478,1479243,,581336,20224,
migrate_demo,server,1,4303654,1479243,,581336,20224,
migrate_demo,server,1,4308886,1479243,,581336,20224,
migrate_demo,server,1,4314087,1479243,,581336,20224,
migrate_demo,server,1,4319298,1479303,,581701,20224,
migrate_demo,server,1,4324474,1479303,,581701,20224,
migrate_demo,server,1,4329698,1479303,,581701,20224,
migrate_demo,server,1,4334908,1479303,,581701,20224,
migrate_demo,server,1,4340125,1479303,,581701,20224,
migrate_demo,server,1,4345391,1479365,,581616,20224,
migrate_demo,server,1,4350606,1479365,,581616,20224,
migrate_demo,server,1,4355847,1479365,,581616,20224,
migrate_demo,server,1,4361075,1479365,,581616,20224,
migrate_demo,server,1,4366276,1479365,,581616,20224,
migrate_demo,server,1,4371456,1479430,,581596,20224,
migrate_demo,server,1,4376621,1479430,,581596,20224,
migrate_demo,server,1,4381822,1479430,,581596,20224,
migrate_demo,server,1,4386999,1479430,,581596,20224,
migrate_demo,server,1,4392206,1479430,,581596,20224,
migrate_demo,server,1,4397472,1479497,,581644,20224,
migrate_demo,server,1,4402688,1479497,,581644,20224,
migrate_demo,server,1,4407866,1479497,,581644,20224,
migrate_demo,server,1,4413037,1479497,,581644,20224,
migrate_demo,server,1,4418242,1479497,,581644,20224,
migrate_demo,server,1,4423428,1479567,,581680,20224,
migrate_demo,server,1,4428682,1479567,,581680,20224,
migrate_demo,server,1,4433901,1479567,,581680,20224,
migrate_demo,server,1,4439082,1479567,,581680,20224,
migrate_demo,server,1,4444286,1479567,,581680,20224,
migrate_demo,server,1,4449479,1479639,,581650,20224,
migrate_demo,server,1,4454675,1479639,,581650,20224,
migrate_demo,server,1,4459940,1479639,,581650,20224,
migrate_demo,server,1,4465120,1479639,,581650,20224,
migrate_demo,server,1,4470317,1479639,,581650,20224,
migrate_demo,server,1,4475501,1479713,,581610,20224,
migrate_demo,server,1,4480768,1479713,,581610,20224,
migrate_demo,server,1,4485973,1479713,,581610,20224,
migrate_demo,server,1,4491176,1479713,,581610,20224,
migrate_demo,server,1,4496346,1479713,,581610,20224,
migrate_demo,server,1,4501478,1479790,,581571,20224,
migrate_demo,server,1,4506701,1479790,,581571,20224,
migrate_demo,server,1,4511938,1479790,,581571,20224,
migrate_demo,server,1,4517101,1479790,,581571,20224,
migrate_demo,server,1,4522358,1479790,,581571,20224,
migrate_demo,server,1,4527584,1479869,,581664,20224,
migrate_demo,server,1,4532764,1479869,,581664,20224,
migrate_demo,server,1,4537958,1479869,,581664,20224,
migrate_demo,server,1,4543138,1479869,,581664,20224,
migrate_demo,server,1,4548365,1479869,,581664,20224,
migrate_demo,server,1,4553544,1479951,,581768,20224,
migrate_demo,server,1,4558741,1479951,,581768,20224,
migrate_demo,server,1,4564034,1479951,,581768,20224,
migrate_demo,server,1,4569181,1479951,,581768,20224,
migrate_demo,server,1,4574388,1479951,,581768,20224,
migrate_demo,server,1,4579611,1480035,,581836,20224,
migrate_demo,server,1,4584750,1480035,,581836,20224,
migrate_demo,server,1,4589970,1480035,,581836,20224,
migrate_demo,server,1,4595169,1480035,,581836,20224,
migrate_demo,server,1,4600451,1480121,,582658,20224,
migrate_demo,server,1,4605702,1480121,,582658,20224,
migrate_demo,server,1,4610996,1480121,,582658,20224,
migrate_demo,server,1,4616194,1480208,,582727,20224,
migrate_demo,server,1,4621308,1480208,,582727,20224,
migrate_demo,server,1,4626535,1480208,,582727,20224,
migrate_demo,server,1,4631733,1480208,,582727,20224,
migrate_demo,server,1,4636907,1480208,,582727,20224,
migrate_demo,server,1,4642091,1480297,,582859,20224,
migrate_demo,server,1,4647287,1480297,,582859,20224,
migrate_demo,server,1,4652496,1480297,,582859,20224,
migrate_demo,server,1,4657697,1480297,,582859,20224,
migrate_demo,server,1,4662880,1480297,,582859,20224,
migrate_demo,server,1,4668091,1480388,,583001,20224,
migrate_demo,server,1,4673288,1480388,,583001,20224,
migrate_demo,server,1,4678469,1480388,,583001,20224,
migrate_demo,server,1,4683654,1480388,,583001,20224,
migrate_demo,server,1,4688861,1480388,,583001,20224,
migrate_demo,server,1,4694012,1480482,,583173,20224,
migrate_demo,server,1,4699216,1480482,,583173,20224,
migrate_demo,server,1,4704431,1480482,,583173,20224,
migrate_demo,server,1,4709690,1480482,,583173,20224,
migrate_demo,server,1,4714936,1480482,,583173,20224,
migrate_demo,server,1,4720151,1480578,,583195,20224,
migrate_demo,server,1,4725320,1480578,,583195,20224,
migrate_demo,server,1,4730540,1480578,,583195,20224,
migrate_demo,server,1,4735724,1480578,,583195,20224,
migrate_demo,server,1,4740957,1480578,,583195,20224,
migrate_demo,server,1,4746171,1480676,,583280,20224,
migrate_demo,server,1,4751371,1480676,,583280,20224,
migrate_demo,server,1,4756591,1480676,,583280,20224,
migrate_demo,server,1,4761767,1480676,,583280,20224,
migrate_demo,server,1,4767013,1480676,,583280,20224,
migrate_demo,server,1,4772245,1480776,,583374,20224,
migrate_demo,server,1,4777445,1480776,,583374,20224,
migrate_demo,server,1,4782600,1480776,,583374,20224,
migrate_demo,server,1,4787778,1480776,,583374,20224,
migrate_demo,server,1,4792931,1480776,,583374,20224,
migrate_demo,server,1,4798210,1480879,,583431,20224,
migrate_demo,server,1,4803375,1480879,,583431,20224,
migrate_demo,server,1,4808559,1480879,,583431,20224,
migrate_demo,server,1,4813759,1480879,,583431,20224,
migrate_demo,server,1,4819041,1480879,,583431,20224,
migrate_demo,server,1,4824204,1480984,,583425,20224,
migrate_demo,server,1,4829405,1480984,,583425,20224,
migrate_demo,server,1,4834650,1480984,,583425,20224,
migrate_demo,server,1,4839858,1480984,,583425,20224,
migrate_demo,server,1,4845121,1480984,,583425,20224,
migrate_demo,server,1,4850282,1481091,,583488,20224,
migrate_demo,server,1,4855500,1481091,,583488,20224,
migrate_demo,server,1,4860749,1481091,,583488,20224,
migrate_demo,server,1,4865928,1481091,,583488,20224,
migrate_demo,server,1,4871109,1481091,,583488,20224,
migrate_demo,server,1,4876501,1481200,,583623,20224,
migrate_demo,server,1,4881735,1481200,,583623,20224,
migrate_demo,server,1,4886911,1481200,,583623,20224,
migrate_demo,server,1,4892138,1481200,,583623,20224,
migrate_demo,server,1,4897341,1481200,,583623,20224,
migrate_demo,server,1,4902528,1481200,,583623,20224,
migrate_demo,server,1,4907734,1481311,,583578,20224,
migrate_demo,server,1,4912896,1481311,,583578,20224,
migrate_demo,server,1,4918119,1481311,,583578,20224,
migrate_demo,server,1,4923364,1481311,,583578,20224,
migrate_demo,server,1,4928566,1481311,,583578,20224,
migrate_demo,server,1,4933724,1481424,,583419,20224,
migrate_demo,server,1,4939008,1481424,,583419,20224,
migrate_demo,server,1,4944203,1481424,,583419,20224,
migrate_demo,server,1,4949410,1481424,,583419,20224,
migrate_demo,server,1,4954569,1481424,,583419,20224,
migrate_demo,server,1,4959773,1481539,,583543,20224,
migrate_demo,server,1,4964968,1481539,,583543,20224,
migrate_demo,server,1,4970147,1481539,,583543,20224,
migrate_demo,server,1,4975320,1481539,,583543,20224,
migrate_demo,server,1,4980489,1481539,,583543,20224,
migrate_demo,server,1,4985942,1481657,,583472,20224,
migrate_demo,server,1,4991112,1481657,,583472,20224,
migrate_demo,server,1,4996288,1481657,,583472,20224,
migrate_demo,server,1,5001582,1481657,,583472,20224,
migrate_demo,server,1,5006750,1481657,,583472,20224,
migrate_demo,server,1,5011957,1481777,,583498,20224,
migrate_demo,server,1,5017134,1481777,,583498,20224,
migrate_demo,server,1,5022339,1481777,,583498,20224,
migrate_demo,server,1,5027565,1481777,,583498,20224,
migrate_demo,server,1,5032753,1481777,,583498,20224,
migrate_demo,server,1,5038003,1481899,,583604,20224,
migrate_demo,server,1,5043183,1481899,,583604,20224,
migrate_demo,server,1,5048342,1481899,,583604,20224,
migrate_demo,server,1,5053534,1481899,,583604,20224,
migrate_demo,server,1,5058723,1481899,,583604,20224,
migrate_demo,server,1,5063912,1482023,,583631,20224,
migrate_demo,server,1,5069121,1482023,,583631,20224,
migrate_demo,server,1,5074304,1482023,,583631,20224,
migrate_demo,server,1,5079507,1482023,,583631,20224,
migrate_demo,server,1,5084686,1482023,,583631,20224,
migrate_demo,server,1,5089874,1482149,,583705,20224,
migrate_demo,server,1,5095104,1482149,,583705,20224,
migrate_demo,server,1,5100316,1482149,,583705,20224,
migrate_demo,server,1,5105498,1482149,,583705,20224,
migrate_demo,server,1,5110725,1482149,,583705,20224,
migrate_demo,server,1,5116000,1482276,,583776,20224,
migrate_demo,server,1,5121164,1482276,,583776,20224,
migrate_demo,server,1,5126382,1482276,,583776,20224,
migrate_demo,server,1,5131584,1482276,,583776,20224,
migrate_demo,server,1,5136853,1482276,,583776,20224,
migrate_demo,server,1,5142152,1482405,,583703,20224,
migrate_demo,server,1,5147328,1482405,,583703,20224,
migrate_demo,server,1,5152502,1482405,,583703,20224,
migrate_demo,server,1,5157701,1482405,,583703,20224,
migrate_demo,server,1,5162931,1482405,,583703,20224,
migrate_demo,server,1,5168120,1482536,,583720,20224,
migrate_demo,server,1,5173311,1482536,,583720,20224,
migrate_demo,server,1,5178502,1482536,,583720,20224,
migrate_demo,server,1,5183670,1482536,,583720,20224,
migrate_demo,server,1,5188912,1482536,,583720,20224,
migrate_demo,server,1,5194086,1482669,,584748,20224,
migrate_demo,server,1,5199264,1482669,,584748,20224,
migrate_demo,server,1,5204436,1482669,,584748,20224,
migrate_demo,server,1,5209622,1482669,,584748,20224,
migrate_demo,server,1,5214820,1482669,,584748,20224,
migrate_demo,server,1,5220034,1482669,,584748,20224,
migrate_demo,server,1,5225314,1482804,,586710,20224,
migrate_demo,server,1,5230488,1482804,,586710,20224,
migrate_demo,server,1,5235693,1482804,,586710,20224,
migrate_demo,server,1,5240887,1482804,,586710,20224,
migrate_demo,server,1,5246152,1482804,,586710,20224,
migrate_demo,server,1,5251357,1482941,,586174,20224,
migrate_demo,server,1,5256594,1482941,,586174,20224,
migrate_demo,server,1,5261730,1482941,,586174,20224,
migrate_demo,server,1,5266953,1482941,,586174,20224,
migrate_demo,server,1,5272126,1482941,,586174,20224,
migrate_demo,server,1,5277373,1483080,,586772,20224,
migrate_demo,server,1,5282550,1483080,,586772,20224,
migrate_demo,server,1,5287732,1483080,,586772,20224,
migrate_demo,server,1,5292895,1483080,,586772,20224,
migrate_demo,server,1,5298086,1483080,,586772,20224,
migrate_demo,server,1,5303293,1483221,,587360,20224,
migrate_demo,server,1,5308566,1483221,,587360,20224,
migrate_demo,server,1,5313779,1483221,,587360,20224,
migrate_demo,server,1,5318947,1483221,,587360,20224,
migrate_demo,server,1,5324172,1483221,,587360,20224,
migrate_demo,server,1,5329482,1483364,,587850,20224,
migrate_demo,server,1,5334664,1483364,,587850,20224,
migrate_demo,server,1,5339881,1483364,,587850,20224,
migrate_demo,server,1,5345090,1483364,,587850,20224,
migrate_demo,server,1,5350273,1483364,,587850,20224,
migrate_demo,server,1,5355477,1483509,,588319,20224,
migrate_demo,server,1,5360675,1483509,,588319,20224,
migrate_demo,server,1,5365828,1483509,,588319,20224,
migrate_demo,server,1,5371018,1483509,,588319,20224,
migrate_demo,server,1,5376243,1483509,,588319,20224,
migrate_demo,server,1,5381437,1483656,,588726,20224,
migrate_demo,server,1,5386602,1483656,,588726,20224,
migrate_demo,server,1,5391845,1483656,,588726,20224,
migrate_demo,server,1,5397036,1483656,,588726,20224,
migrate_demo,server,1,5402166,1483656,,588726,20224,
migrate_demo,server,1,5407442,1483804,,588966,20224,
migrate_demo,server,1,5412655,1483804,,588966,20224,
migrate_demo,server,1,5417798,1483804,,588966,20224,
migrate_demo,server,1,5422976,1483804,,588966,20224,
migrate_demo,server,1,5428169,1483804,,588966,20224,
migrate_demo,server,1,5433313,1483954,,589254,20224,
migrate_demo,server,1,5438513,1483954,,589254,20224,
migrate_demo,server,1,5443725,1483954,,589254,20224,
migrate_demo,server,1,5448900,1483954,,589254,20224,
migrate_demo,server,1,5454091,1483954,,589254,20224,
migrate_demo,server,1,5459266,1484106,,589552,20224,
migrate_demo,server,1,5464479,1484106,,589552,20224,
migrate_demo,server,1,5469697,1484106,,589552,20224,
migrate_demo,server,1,5474909,1484106,,589552,20224,
migrate_demo,server,1,5480231,1484106,,589552,20224,
migrate_demo,server,1,5485445,1484260,,589802,20224,
migrate_demo,server,1,5490586,1484260,,589802,20224,
migrate_demo,server,1,5495838,1484414,,589235,20224,
migrate_demo,server,1,5500995,1484414,,589235,20224,
migrate_demo,server,1,5506175,1484414,,589235,20224,
migrate_demo,server,1,5511351,1484414,,589235,20224,
migrate_demo,server,1,5516517,1484414,,589235,20224,
migrate_demo,server,1,5521806,1484569,,588727,20224,
migrate_demo,server,1,5527022,1484569,,588727,20224,
migrate_demo,server,1,5532258,12200,,333000,4294967295,
migrate_demo,server,1,5537391,12200,,333000,4294967295,
migrate_demo,server,1,5542578,12200,,333000,4294967295,
migrate_demo,server,1,5547776,12200,,333000,4294967295,
migrate_demo,server,1,5552965,12200,,333000,4294967295,
migrate_demo,server,1,5558171,12200,,333000,4294967295,
migrate_demo,server,1,5563372,12200,,333000,4294967295,
migrate_demo,server,1,5568601,12200,,333000,4294967295,
migrate_demo,server,1,5573795,8540,,333000,4294967295,
migrate_demo,server,1,5579033,8540,,333000,4294967295,
migrate_demo,server,1,5584256,8540,,333000,4294967295,
migrate_demo,server,1,5589449,8540,,333000,4294967295,
migrate_demo,server,1,5594690,8540,,333000,4294967295,
migrate_demo,server,1,5599895,8540,,333000,4294967295,
migrate_demo,server,1,5605100,8540,,333000,4294967295,
migrate_demo,server,1,5610319,8540,,333000,4294967295,
migrate_demo,server,1,5615617,8540,,333000,4294967295,
migrate_demo,server,1,5620810,8540,,333000,4294967295,
migrate_demo,server,1,5626036,8540,,333000,4294967295,
migrate_demo,server,1,5631275,8540,,333000,4294967295,
migrate_demo,server,1,5636503,8540,,333000,4294967295,
migrate_demo,server,1,5641740,9760,,333000,4294967295,
migrate_demo,server,1,5646961,9760,,333000,4294967295,
migrate_demo,server,1,5652175,9760,,333000,4294967295,
migrate_demo,server,1,5657410,10980,,333000,4294967295,
migrate_demo,server,1,5662638,10980,,333000,4294967295,
migrate_demo,server,1,5667816,10980,,333000,4294967295,
migrate_demo,server,1,5673009,10980,,333000,4294967295,
migrate_demo,server,1,5678249,10980,,333000,4294967295,
migrate_demo,server,1,5683499,7686,,333000,4294967295,
migrate_demo,server,1,5688661,7686,,333000,4294967295,
migrate_demo,server,1,5693858,7686,,333000,4294967295,
migrate_demo,server,1,5699040,7686,,333000,4294967295,
migrate_demo,server,1,5704276,7686,,333000,4294967295,
migrate_demo,server,1,5709508,7686,,333000,4294967295,
migrate_demo,server,1,5714756,7686,,333000,4294967295,
migrate_demo,server,1,5720092,7686,,333000,4294967295,
migrate_demo,server,1,5725340,7686,,333000,4294967295,
migrate_demo,server,1,5730514,7686,,333000,4294967295,
migrate_demo,server,1,5735737,7686,,333000,4294967295,
migrate_demo,server,1,5740956,7686,,333000,4294967295,
migrate_demo,server,1,5746195,7686,,333000,4294967295,
migrate_demo,server,1,5751376,7686,,333000,4294967295,
migrate_demo,server,1,5756588,7686,,333000,4294967295,
migrate_demo,server,1,5761803,7686,,333000,4294967295,
migrate_demo,server,1,5766974,7686,,333000,4294967295,
migrate_demo,server,1,5772192,7686,,333000,4294967295,
migrate_demo,server,1,5777509,5380,,333000,4294967295,
migrate_demo,server,1,5782751,5380,,333000,4294967295,
migrate_demo,server,1,5787979,5380,,333000,4294967295,
migrate_demo,server,1,5793254,5380,,333000,4294967295,
migrate_demo,server,1,5798459,5380,,333000,4294967295,
migrate_demo,server,1,5803666,5380,,333000,4294967295,
migrate_demo,server,1,5808876,5380,,333000,4294967295,
migrate_demo,server,1,5814150,5380,,333000,4294967295,
migrate_demo,server,1,5819368,5380,,333000,4294967295,
migrate_demo,server,1,5824571,5380,,333000,4294967295,
migrate_demo,server,1,5829764,5380,,333000,4294967295,
migrate_demo,server,1,5835001,5380,,333000,4294967295,
migrate_demo,server,1,5840229,3766,,333000,4294967295,
migrate_demo,server,1,5845502,3766,,333000,4294967295,
migrate_demo,server,1,5850743,3766,,333000,4294967295,
migrate_demo,server,1,5855956,3766,,333000,4294967295,
migrate_demo,server,1,5861194,3766,,333000,4294967295,
migrate_demo,server,1,5866385,3766,,333000,4294967295,
migrate_demo,server,1,5871594,3766,,333000,4294967295,
migrate_demo,server,1,5876826,3766,,333000,4294967295,
migrate_demo,server,1,5882009,3766,,333000,4294967295,
migrate_demo,server,1,5887230,3766,,333000,4294967295,
migrate_demo,server,1,5892476,3766,,333000,4294967295,
migrate_demo,server,1,5897739,3766,,333000,4294967295,
migrate_demo,server,1,5902939,3766,,333000,4294967295,
migrate_demo,server,1,5908163,2636,,333000,4294967295,
migrate_demo,server,1,5913383,2636,,333000,4294967295,
migrate_demo,server,1,5918638,2636,,333000,4294967295,
migrate_demo,server,1,5923863,2636,,333000,4294967295,
migrate_demo,server,1,5929065,2636,,333000,4294967295,
migrate_demo,server,1,5934320,2636,,333000,4294967295,
migrate_demo,server,1,5939566,2636,,333000,4294967295,
migrate_demo,server,1,5944824,2636,,333000,4294967295,
migrate_demo,server,1,5950056,2636,,333000,4294967295,
migrate_demo,server,1,5955276,2636,,333000,4294967295,
migrate_demo,server,1,5960513,2636,,333000,4294967295,
migrate_demo,server,1,5965812,2636,,333000,4294967295,
migrate_demo,server,1,5970985,2636,,333000,4294967295,
migrate_demo,server,1,5976222,2636,,333000,4294967295,
migrate_demo,server,1,5981462,2636,,333000,4294967295,
migrate_demo,server,1,5986672,2636,,333000,4294967295,
migrate_demo,server,1,5991911,2636,,333000,4294967295,
migrate_demo,server,1,5997192,2636,,333000,4294967295,
migrate_demo,server,1,6002445,2636,,333000,4294967295,
migrate_demo,server,1,6007655,2636,,333000,4294967295,
migrate_demo,server,1,6012941,2636,,333000,4294967295,
migrate_demo,server,1,6018140,2636,,333000,4294967295,
migrate_demo,server,1,6023380,2636,,333000,4294967295,
migrate_demo,server,1,6028561,2636,,333000,4294967295,
migrate_demo,server,1,6033769,2636,,333000,4294967295,
migrate_demo,server,1,6038992,2636,,333000,4294967295,
migrate_demo,server,1,6044241,2440,,333000,4294967295,
migrate_demo,server,1,6049451,2440,,333000,4294967295,
migrate_demo,server,1,6054664,2440,,333000,4294967295,
migrate_demo,server,1,6059881,2440,,333000,4294967295,
migrate_demo,server,1,6065078,2440,,333000,4294967295,
migrate_demo,server,1,6070265,2440,,333000,4294967295,
migrate_demo,server,1,6075486,2440,,333000,4294967295,
migrate_demo,server,1,6080762,2440,,333000,4294967295,
migrate_demo,server,1,6085961,2440,,333000,4294967295,
migrate_demo,server,1,6091172,2440,,333000,4294967295,
migrate_demo,server,1,6096418,2440,,333000,4294967295,
migrate_demo,server,1,6101626,2440,,333000,4294967295,
migrate_demo,server,1,6106860,2440,,333000,4294967295,
migrate_demo,server,1,6112070,2440,,333000,4294967295,
migrate_demo,server,1,6117353,2440,,333000,4294967295,
migrate_demo,server,1,6122634,2440,,333000,4294967295,
migrate_demo,server,1,6127935,2440,,333000,4294967295,
migrate_demo,server,1,6133169,2440,,333000,4294967295,
migrate_demo,server,1,6138410,2440,,333000,4294967295,
migrate_demo,server,1,6143642,2440,,333000,4294967295,
migrate_demo,server,1,6148889,2440,,333000,4294967295,
migrate_demo,server,1,6154130,2440,,333000,4294967295,
migrate_demo,server,1,6159375,2440,,333000,4294967295,
migrate_demo,server,1,6164584,2440,,333000,4294967295,
migrate_demo,server,1,6169825,2440,,333000,4294967295,
migrate_demo,server,1,6175067,2440,,333000,4294967295,
migrate_demo,server,1,6180329,2440,,333000,4294967295,
migrate_demo,server,1,6185528,2440,,333000,4294967295,
migrate_demo,server,1,6190769,2440,,333000,4294967295,
migrate_demo,server,1,6196078,2440,,333000,4294967295,
migrate_demo,server,1,6201365,2440,,333000,4294967295,
migrate_demo,server,1,6206615,2440,,333000,4294967295,
migrate_demo,server,1,6211880,2440,,333000,4294967295,
migrate_demo,server,1,6217163,2440,,333000,4294967295,
migrate_demo,server,1,6222409,2440,,333000,4294967295,
migrate_demo,server,1,6227668,2440,,333000,4294967295,
migrate_demo,server,1,6232881,2440,,333000,4294967295,
migrate_demo,server,1,6238171,2440,,333000,4294967295,
migrate_demo,server,1,6243382,2440,,333000,4294967295,
migrate_demo,server,1,6248632,2440,,333000,4294967295,
migrate_demo,server,1,6253846,2440,,333000,4294967295,
migrate_demo,server,1,6259107,2440,,333000,4294967295,
migrate_demo,server,1,6264375,2440,,333000,4294967295,
migrate_demo,server,1,6269624,2440,,333000,4294967295,
migrate_demo,server,1,6274843,2440,,333000,4294967295,
migrate_demo,server,1,6280082,2440,,333000,4294967295,
migrate_demo,server,1,6285326,2440,,333000,4294967295,
migrate_demo,server,1,6290563,2440,,333000,4294967295,
migrate_demo,server,1,6295824,2440,,333000,4294967295,
migrate_demo,server,1,6301100,2440,,333000,4294967295,
migrate_demo,server,1,6306595,2440,,333000,4294967295,
migrate_demo,server,1,6311855,2440,,333000,4294967295,
migrate_demo,server,1,6317104,2440,,333000,4294967295,
migrate_demo,server,1,6322347,2440,,333000,4294967295,
migrate_demo,server,1,6327601,2440,,333000,4294967295,
migrate_demo,server,1,6332877,2440,,333000,4294967295,
migrate_demo,server,1,6338153,2440,,333000,4294967295,
migrate_demo,server,1,6343394,2440,,333000,4294967295,
migrate_demo,server,1,6348629,2440,,333000,4294967295,
migrate_demo,server,1,6353841,2440,,333000,4294967295,
migrate_demo,server,1,6359113,2440,,333000,4294967295,
migrate_demo,server,1,6364370,2440,,333000,4294967295,
migrate_demo,server,1,6369608,2440,,333000,4294967295,
migrate_demo,server,1,6374812,2440,,333000,4294967295,
migrate_demo,server,1,6380079,2440,,333000,4294967295,
migrate_demo,server,1,6385258,2440,,333000,4294967295,
migrate_demo,server,1,6390532,2440,,333000,4294967295,
migrate_demo,server,1,6395793,2440,,333000,4294967295,
migrate_demo,server,1,6401068,2440,,333000,4294967295,
migrate_demo,server,1,6406333,2440,,333000,4294967295,
migrate_demo,server,1,6411562,2440,,333000,4294967295,
migrate_demo,server,1,6416829,2440,,333000,4294967295,
migrate_demo,server,1,6422086,2440,,333000,4294967295,
migrate_demo,server,1,6427288,2440,,333000,4294967295,
migrate_demo,server,1,6432535,2440,,333000,4294967295,
migrate_demo,server,1,6437785,2440,,333000,4294967295,
migrate_demo,server,1,6443030,2440,,333000,4294967295,
migrate_demo,server,1,6448304,2440,,333000,4294967295,
migrate_demo,server,1,6453580,2440,,333000,4294967295,
migrate_demo,server,1,6458820,2440,,333000,4294967295,
migrate_demo,server,1,6464078,2440,,333000,4294967295,
migrate_demo,server,1,6469351,2440,,333000,4294967295,
migrate_demo,server,1,6474588,2440,,333000,4294967295,
migrate_demo,server,1,6479817,2440,,333000,4294967295,
migrate_demo,server,1,6485075,2440,,333000,4294967295,
migrate_demo,server,1,6490309,2440,,333000,4294967295,
migrate_demo,server,1,6495571,2440,,333000,4294967295,
migrate_demo,server,1,6500859,2440,,333000,4294967295,
migrate_demo,server,1,6506023,2440,,333000,4294967295,
migrate_demo,server,1,6511292,2440,,333000,4294967295,
migrate_demo,server,1,6516549,2440,,333000,4294967295,
migrate_demo,server,1,6521796,2440,,333000,4294967295,
migrate_demo,server,1,6527007,2440,,333000,4294967295,
migrate_demo,server,1,6532241,2440,,333000,4294967295,
migrate_demo,server,1,6537484,2440,,333000,4294967295,
migrate_demo,server,1,6542720,2440,,333000,4294967295,
migrate_demo,server,1,6547985,2440,,333000,4294967295,
migrate_demo,server,1,6553224,2440,,333000,4294967295,
migrate_demo,server,1,6558435,2440,,333000,4294967295,
migrate_demo,server,1,6563671,2440,,333000,4294967295,
migrate_demo,server,1,6568894,2440,,333000,4294967295,
migrate_demo,server,1,6574141,2440,,333000,4294967295,
migrate_demo,server,1,6579370,2440,,333000,4294967295,
migrate_demo,server,1,6584578,2440,,333000,4294967295,
migrate_demo,server,1,6589872,2440,,333000,4294967295,
migrate_demo,server,1,6595143,2440,,333000,4294967295,
migrate_demo,server,1,6600365,2440,,333000,4294967295,
migrate_demo,server,1,6605618,2440,,333000,4294967295,
migrate_demo,server,1,6610848,2440,,333000,4294967295,
migrate_demo,server,1,6616085,2440,,333000,4294967295,
migrate_demo,server,1,6621336,2440,,333000,4294967295,
migrate_demo,server,1,6626614,2440,,333000,4294967295,
migrate_demo,server,1,6631854,2440,,333000,4294967295,
migrate_demo,server,1,6637051,2440,,333000,4294967295,
migrate_demo,server,1,6642278,2440,,333000,4294967295,
migrate_demo,server,1,6647477,2440,,333000,4294967295,
migrate_demo,server,1,6652758,2440,,333000,4294967295,
migrate_demo,server,1,6657958,2440,,333000,4294967295,
migrate_demo,server,1,6663213,2440,,333000,4294967295,
migrate_demo,server,1,6668453,2440,,333000,4294967295,
migrate_demo,server,1,6673696,2440,,333000,4294967295,
migrate_demo,server,1,6678962,2440,,333000,4294967295,
migrate_demo,server,1,6684224,2440,,333000,4294967295,
migrate_demo,server,1,6689481,2440,,333000,4294967295,
migrate_demo,server,1,6694716,2440,,333000,4294967295,
migrate_demo,server,1,6699963,2440,,333000,4294967295,
migrate_demo,server,1,6705233,2440,,333000,4294967295,
migrate_demo,server,1,6710480,2440,,333000,4294967295,
migrate_demo,server,1,6715756,2440,,333000,4294967295,
migrate_demo,server,1,6721071,2440,,333000,4294967295,
migrate_demo,server,1,6726330,2440,,333000,4294967295,
migrate_demo,server,1,6731591,2440,,333000,4294967295,
migrate_demo,server,1,6736811,2440,,333000,4294967295,
migrate_demo,server,1,6742069,2440,,333000,4294967295,
migrate_demo,server,1,6747303,2440,,333000,4294967295,
migrate_demo,server,1,6752533,2440,,333000,4294967295,
migrate_demo,server,1,6757742,2440,,333000,4294967295,
migrate_demo,server,1,6762998,2440,,333000,4294967295,
migrate_demo,server,1,6768212,2440,,333000,4294967295,
migrate_demo,server,1,6773483,2440,,333000,4294967295,
migrate_demo,server,1,6778687,2440,,333000,4294967295,
migrate_demo,server,1,6784002,2440,,333000,4294967295,
migrate_demo,server,1,6789218,2440,,333000,4294967295,
migrate_demo,server,1,6794482,2440,,333000,4294967295,
migrate_demo,server,1,6799721,2440,,333000,4294967295,
migrate_demo,server,1,6804958,2440,,333000,4294967295,
migrate_demo,server,1,6810300,2440,,333000,4294967295,
migrate_demo,server,1,6815553,2440,,333000,4294967295,
migrate_demo,server,1,6820826,2440,,333000,4294967295,
migrate_demo,server,1,6826109,2440,,333000,4294967295,
migrate_demo,server,1,6831386,2440,,333000,4294967295,
migrate_demo,server,1,6836634,2440,,333000,4294967295,
migrate_demo,server,1,6841873,2440,,333000,4294967295,
migrate_demo,server,1,6847150,2440,,333000,4294967295,
migrate_demo,server,1,6852460,2440,,333000,4294967295,
migrate_demo,server,1,6857660,2440,,333000,4294967295,
migrate_demo,server,1,6862933,2440,,333000,4294967295,
migrate_demo,server,1,6868186,2440,,333000,4294967295,
migrate_demo,server,1,6873432,2440,,333000,4294967295,
migrate_demo,server,1,6878662,2440,,333000,4294967295,
migrate_demo,server,1,6883897,2440,,333000,4294967295,
migrate_demo,server,1,6889084,2440,,333000,4294967295,
migrate_demo,server,1,6894323,2440,,333000,4294967295,
migrate_demo,server,1,6899509,2440,,333000,4294967295,
migrate_demo,server,1,6904754,2440,,333000,4294967295,
migrate_demo,server,1,6909973,2440,,333000,4294967295,
migrate_demo,server,1,6915203,2440,,333000,4294967295,
migrate_demo,server,1,6920389,2440,,333000,4294967295,
migrate_demo,server,1,6925631,2440,,333000,4294967295,
migrate_demo,server,1,6930883,2440,,333000,4294967295,
migrate_demo,server,1,6936117,2440,,333000,4294967295,
migrate_demo,server,1,6941357,2440,,333000,4294967295,
migrate_demo,server,1,6946601,2440,,333000,4294967295,
migrate_demo,server,1,6951877,2440,,333000,4294967295,
migrate_demo,server,1,6957109,2440,,333000,4294967295,
migrate_demo,server,1,6962370,2440,,333000,4294967295,
migrate_demo,server,1,6967627,2440,,333000,4294967295,
migrate_demo,server,1,6972912,2440,,333000,4294967295,
migrate_demo,server,1,6978184,2440,,333000,4294967295,
migrate_demo,server,1,6983427,2440,,333000,4294967295,
migrate_demo,server,1,6988658,2440,,333000,4294967295,
migrate_demo,server,1,6993914,2440,,333000,4294967295,
migrate_demo,server,1,6999208,2440,,333000,4294967295,
migrate_demo,server,1,7004461,2440,,333000,4294967295,
migrate_demo,server,1,7009687,2440,,333000,4294967295,
migrate_demo,server,1,7014931,2440,,333000,4294967295,
migrate_demo,server,1,7020116,2440,,333000,4294967295,
migrate_demo,server,1,7025384,2440,,333000,4294967295,
migrate_demo,server,1,7030575,2440,,333000,4294967295,
migrate_demo,server,1,7035813,2440,,333000,4294967295,
migrate_demo,server,1,7041047,2440,,333000,4294967295,
migrate_demo,server,1,7046255,2440,,333000,4294967295,
migrate_demo,server,1,7051553,2440,,333000,4294967295,
migrate_demo,server,1,7056797,2440,,333000,4294967295,
migrate_demo,server,1,7062072,2440,,333000,4294967295,
migrate_demo,server,1,7067365,2440,,333000,4294967295,
migrate_demo,server,1,7072579,2440,,333000,4294967295,
migrate_demo,server,1,7077811,2440,,333000,4294967295,
migrate_demo,server,1,7083048,2440,,333000,4294967295,
migrate_demo,server,1,7088318,2440,,333000,4294967295,
migrate_demo,server,1,7093578,2440,,333000,4294967295,
migrate_demo,server,1,7098817,2440,,333000,4294967295,
migrate_demo,server,1,7104058,2440,,333000,4294967295,
migrate_demo,server,1,7109294,2440,,333000,4294967295,
migrate_demo,server,1,7114590,2440,,333000,4294967295,
migrate_demo,server,1,7119831,2440,,333000,4294967295,
migrate_demo,server,1,7125089,2440,,333000,4294967295,
migrate_demo,server,1,7130364,2440,,333000,4294967295,
migrate_demo,server,1,7135626,2440,,333000,4294967295,
migrate_demo,server,1,7140900,2440,,333000,4294967295,
migrate_demo,server,1,7146128,2440,,333000,4294967295,
migrate_demo,server,1,7151354,2440,,333000,4294967295,
migrate_demo,server,1,7156600,2440,,333000,4294967295,
migrate_demo,server,1,7161851,2440,,333000,4294967295,
migrate_demo,server,1,7167110,2440,,333000,4294967295,
migrate_demo,server,1,7172371,2440,,333000,4294967295,
migrate_demo,server,1,7177574,2440,,333000,4294967295,
migrate_demo,server,1,7182813,2440,,333000,4294967295,
migrate_demo,server,1,7188081,2440,,333000,4294967295,
migrate_demo,server,1,7193324,2440,,333000,4294967295,
migrate_demo,server,1,7198570,2440,,333000,4294967295,
migrate_demo,server,1,7203827,2440,,333000,4294967295,
migrate_demo,server,1,7209088,2440,,333000,4294967295,
migrate_demo,server,1,7214318,2440,,333000,4294967295,
migrate_demo,server,1,7219583,2440,,333000,4294967295,
migrate_demo,server,1,7224766,2440,,333000,4294967295,
migrate_demo,server,1,7230005,2440,,333000,4294967295,
migrate_demo,server,1,7235321,2440,,333000,4294967295,
migrate_demo,server,1,7240584,2440,,333000,4294967295,
migrate_demo,server,1,7245831,2440,,333000,4294967295,
migrate_demo,server,1,7251071,2440,,333000,4294967295,
migrate_demo,server,1,7256336,2440,,333000,4294967295,
migrate_demo,server,1,7261635,2440,,333000,4294967295,
migrate_demo,server,1,7266927,2440,,333000,4294967295,
migrate_demo,server,1,7272204,2440,,333000,4294967295,
migrate_demo,server,1,7277468,2440,,333000,4294967295,
migrate_demo,server,1,7282726,2440,,333000,4294967295,
migrate_demo,server,1,7287996,2440,,333000,4294967295,
migrate_demo,server,1,7293212,2440,,333000,4294967295,
migrate_demo,server,1,7298509,2440,,333000,4294967295,
migrate_demo,server,1,7303757,2440,,333000,4294967295,
migrate_demo,server,1,7308995,2440,,333000,4294967295,
migrate_demo,server,1,7314234,2440,,333000,4294967295,
migrate_demo,server,1,7319577,2440,,333000,4294967295,
migrate_demo,server,1,7324850,2440,,333000,4294967295,
migrate_demo,server,1,7330112,2440,,333000,4294967295,
migrate_demo,server,1,7335338,2440,,333000,4294967295,
migrate_demo,server,1,7340662,2440,,333000,4294967295,
migrate_demo,server,1,7345900,2440,,333000,4294967295,
migrate_demo,server,1,7351192,2440,,333000,4294967295,
migrate_demo,server,1,7356481,2440,,333000,4294967295,
migrate_demo,server,1,7361746,2440,,333000,4294967295,
migrate_demo,server,1,7367001,2440,,333000,4294967295,
migrate_demo,server,1,7372270,2440,,333000,4294967295,
migrate_demo,server,1,7377534,2440,,333000,4294967295,
migrate_demo,server,1,7382797,2440,,333000,4294967295,
migrate_demo,server,1,7388029,2440,,333000,4294967295,
migrate_demo,server,1,7393276,2440,,333000,4294967295,
migrate_demo,server,1,7398535,2440,,333000,4294967295,
migrate_demo,server,1,7403830,2440,,333000,4294967295,
migrate_demo,server,1,7409099,2440,,333000,4294967295,
migrate_demo,server,1,7414365,2440,,333000,4294967295,
migrate_demo,server,1,7419573,2440,,333000,4294967295,
migrate_demo,server,1,7424740,2440,,333000,4294967295,
migrate_demo,server,1,7429989,2440,,333000,4294967295,
migrate_demo,server,1,7435256,2440,,333000,4294967295,
migrate_demo,server,1,7440504,2440,,333000,4294967295,
migrate_demo,server,1,7445791,2440,,333000,4294967295,
migrate_demo,server,1,7451041,2440,,333000,4294967295,
migrate_demo,server,1,7456353,2440,,333000,4294967295,
migrate_demo,server,1,7461598,2440,,333000,4294967295,
migrate_demo,server,1,7466855,2440,,333000,4294967295,
migrate_demo,server,1,7472074,2440,,333000,4294967295,
migrate_demo,server,1,7477309,2440,,333000,4294967295,
migrate_demo,server,1,7482539,2440,,333000,4294967295,
migrate_demo,server,1,7487769,2440,,333000,4294967295,
migrate_demo,server,1,7493015,2440,,333000,4294967295,
migrate_demo,server,1,7498253,2440,,333000,4294967295,
migrate_demo,server,1,7503498,2440,,333000,4294967295,
migrate_demo,server,1,7508762,2440,,333000,4294967295,
migrate_demo,server,1,7514020,2440,,333000,4294967295,
migrate_demo,server,1,7519290,2440,,333000,4294967295,
migrate_demo,server,1,7524539,2440,,333000,4294967295,
migrate_demo,server,1,7529792,2440,,333000,4294967295,
migrate_demo,server,1,7535046,2440,,333000,4294967295,
migrate_demo,server,1,7540325,2440,,333000,4294967295,
migrate_demo,server,1,7545582,2440,,333000,4294967295,
migrate_demo,server,1,7550855,2440,,333000,4294967295,
migrate_demo,server,1,7556091,2440,,333000,4294967295,
migrate_demo,server,1,7561338,2440,,333000,4294967295,
migrate_demo,server,1,7566628,2440,,333000,4294967295,
migrate_demo,server,1,7571912,2440,,333000,4294967295,
migrate_demo,server,1,7577193,2440,,333000,4294967295,
migrate_demo,server,1,7582458,2440,,333000,4294967295,
migrate_demo,server,1,7587657,2440,,333000,4294967295,
migrate_demo,server,1,7592925,2440,,333000,4294967295,
migrate_demo,server,1,7598212,2440,,333000,4294967295,
migrate_demo,server,1,7603482,2440,,333000,4294967295,
migrate_demo,server,1,7608741,2440,,333000,4294967295,
migrate_demo,server,1,7614005,2440,,333000,4294967295,
migrate_demo,server,1,7619252,2440,,333000,4294967295,
migrate_demo,server,1,7624573,2440,,333000,4294967295,
migrate_demo,server,1,7629810,2440,,333000,4294967295,
migrate_demo,server,1,7635069,2440,,333000,4294967295,
migrate_demo,server,1,7640333,2440,,333000,4294967295,
migrate_demo,server,1,7645587,2440,,333000,4294967295,
migrate_demo,server,1,7650880,2440,,333000,4294967295,
migrate_demo,server,1,7656131,2440,,333000,4294967295,
migrate_demo,server,1,7661367,2440,,333000,4294967295,
migrate_demo,server,1,7666588,2440,,333000,4294967295,
migrate_demo,server,1,7671822,2440,,333000,4294967295,
migrate_demo,server,1,7677102,2440,,333000,4294967295,
migrate_demo,server,1,7682272,2440,,333000,4294967295,
migrate_demo,server,1,7687466,2440,,333000,4294967295,
migrate_demo,server,1,7692746,2440,,333000,4294967295,
migrate_demo,server,1,7698005,2440,,333000,4294967295,
migrate_demo,server,1,7703263,2440,,333000,4294967295,
migrate_demo,server,1,7708488,2440,,333000,4294967295,
migrate_demo,server,1,7713743,2440,,333000,4294967295,
migrate_demo,server,1,7718993,2440,,333000,4294967295,
migrate_demo,server,1,7724225,2440,,333000,4294967295,
migrate_demo,server,1,7729468,2440,,333000,4294967295,
migrate_demo,server,1,7734703,2440,,333000,4294967295,
migrate_demo,server,1,7739953,2440,,333000,4294967295,
migrate_demo,server,1,7745209,2440,,333000,4294967295,
migrate_demo,server,1,7750447,2440,,333000,4294967295,
migrate_demo,server,1,7755695,2440,,333000,4294967295,
migrate_demo,server,1,7760908,2440,,333000,4294967295,
migrate_demo,server,1,7766175,2440,,333000,4294967295,
migrate_demo,server,1,7771420,2440,,333000,4294967295,
migrate_demo,server,1,7776676,2440,,333000,4294967295,
migrate_demo,server,1,7781919,2440,,333000,4294967295,
migrate_demo,server,1,7787133,2440,,333000,4294967295,
migrate_demo,server,1,7792379,3660,,333000,4294967295,
migrate_demo,server,1,7797588,3660,,333000,4294967295,
migrate_demo,server,1,7802811,3660,,333000,4294967295,
migrate_demo,server,1,7808056,3660,,333000,4294967295,
migrate_demo,server,1,7813298,3660,,333000,4294967295,
migrate_demo,server,1,7818537,3660,,333000,4294967295,
migrate_demo,server,1,7823792,3660,,333000,4294967295,
migrate_demo,server,1,7829040,3660,,333000,4294967295,
migrate_demo,server,1,7834261,3660,,333000,4294967295,
migrate_demo,server,1,7839585,3660,,333000,4294967295,
migrate_demo,server,1,7844945,3660,,333000,4294967295,
migrate_demo,server,1,7850206,3660,,333000,4294967295,
migrate_demo,server,1,7855478,3660,,333000,4294967295,
migrate_demo,server,1,7860738,4880,,333000,4294967295,
migrate_demo,server,1,7866051,4880,,333000,4294967295,
migrate_demo,server,1,7871352,4880,,333000,4294967295,
migrate_demo,server,1,7876629,4880,,333000,4294967295,
migrate_demo,server,1,7881897,4880,,333000,4294967295,
migrate_demo,server,1,7887150,4880,,333000,4294967295,
migrate_demo,server,1,7892399,4880,,333000,4294967295,
migrate_demo,server,1,7897551,4880,,333000,4294967295,
migrate_demo,server,1,7902815,4880,,333000,4294967295,
migrate_demo,server,1,7908035,4880,,333000,4294967295,
migrate_demo,server,1,7913293,4880,,333000,4294967295,
migrate_demo,server,1,7918487,4880,,333000,4294967295,
migrate_demo,server,1,7923699,6100,,333000,4294967295,
migrate_demo,server,1,7928873,6100,,333000,4294967295,
migrate_demo,server,1,7934118,6100,,333000,4294967295,
migrate_demo,server,1,7939375,6100,,333000,4294967295,
migrate_demo,server,1,7944699,6100,,333000,4294967295,
migrate_demo,server,1,7949944,6100,,333000,4294967295,
migrate_demo,server,1,7955200,6100,,333000,4294967295,
migrate_demo,server,1,7960431,6100,,333000,4294967295,
migrate_demo,server,1,7965665,6100,,333000,4294967295,
migrate_demo,server,1,7970935,6100,,333000,4294967295,
migrate_demo,server,1,7976237,6100,,333000,4294967295,
migrate_demo,server,1,7981525,6100,,333000,4294967295,
migrate_demo,server,1,7986847,6100,,333000,4294967295,
migrate_demo,server,1,7992057,7320,,333000,4294967295,
migrate_demo,server,1,7997406,7320,,333000,4294967295,
migrate_demo,server,1,8002702,7320,,333000,4294967295,
migrate_demo,server,1,8008016,7320,,333000,4294967295,
migrate_demo,server,1,8013324,7320,,333000,4294967295,
migrate_demo,server,1,8018601,7320,,333000,4294967295,
migrate_demo,server,1,8023914,7320,,333000,4294967295,
migrate_demo,server,1,8029183,7320,,333000,4294967295,
migrate_demo,server,1,8034640,7320,,333000,4294967295,
migrate_demo,server,1,8039923,7320,,333000,4294967295,
migrate_demo,server,1,8045199,7320,,333000,4294967295,
migrate_demo,server,1,8050498,7320,,333000,4294967295,
migrate_demo,server,1,8055796,7320,,333000,4294967295,
migrate_demo,server,1,8061127,8540,,333000,4294967295,
migrate_demo,server,1,8066403,8540,,333000,4294967295,
migrate_demo,server,1,8071669,8540,,333000,4294967295,
migrate_demo,server,1,8076935,8540,,333000,4294967295,
migrate_demo,server,1,8082209,8540,,333000,4294967295,
migrate_demo,server,1,8087466,8540,,333000,4294967295,
migrate_demo,server,1,8092774,8540,,333000,4294967295,
migrate_demo,server,1,8098028,8540,,333000,4294967295,
migrate_demo,server,1,8103300,8540,,333000,4294967295,
migrate_demo,server,1,8108573,8540,,333000,4294967295,
migrate_demo,server,1,8113838,8540,,333000,4294967295,
migrate_demo,server,1,8119137,8540,,333000,4294967295,
migrate_demo,server,1,8124431,8540,,333000,4294967295,
migrate_demo,server,1,8129813,9760,,333000,4294967295,
migrate_demo,server,1,8135060,9760,,333000,4294967295,
migrate_demo,server,1,8140360,9760,,333000,4294967295,
migrate_demo,server,1,8145690,9760,,333000,4294967295,
migrate_demo,server,1,8151027,9760,,333000,4294967295,
migrate_demo,server,1,8156336,9760,,333000,4294967295,
migrate_demo,server,1,8161690,9760,,333000,4294967295,
migrate_demo,server,1,8166969,9760,,333000,4294967295,
migrate_demo,server,1,8172227,9760,,333000,4294967295,
migrate_demo,server,1,8177519,9760,,333000,4294967295,
migrate_demo,server,1,8182805,9760,,333000,4294967295,
migrate_demo,server,1,8188144,9760,,333000,4294967295,
migrate_demo,server,1,8193435,10980,,333000,4294967295,
migrate_demo,server,1,8198754,10980,,333000,4294967295,
migrate_demo,server,1,8204032,10980,,333000,4294967295,
migrate_demo,server,1,8209341,10980,,333000,4294967295,
migrate_demo,server,1,8214633,10980,,333000,4294967295,
migrate_demo,server,1,8219948,10980,,333000,4294967295,
migrate_demo,server,1,8225232,10980,,333000,4294967295,
migrate_demo,server,1,8230515,10980,,333000,4294967295,
migrate_demo,server,1,8235756,10980,,333000,4294967295,
migrate_demo,server,1,8241048,10980,,333000,4294967295,
migrate_demo,server,1,8246343,10980,,333000,4294967295,
migrate_demo,server,1,8251677,10980,,333000,4294967295,
migrate_demo,server,1,8257069,10980,,333000,4294967295,
migrate_demo,server,1,8262351,12200,,333000,4294967295,
migrate_demo,server,1,8267637,12200,,333000,4294967295,
migrate_demo,server,1,8272888,12200,,333000,4294967295,
migrate_demo,server,1,8278213,12200,,333000,4294967295,
migrate_demo,server,1,8283519,12200,,333000,4294967295,
migrate_demo,server,1,8288831,12200,,333000,4294967295,
migrate_demo,server,1,8294195,12200,,333000,4294967295,
migrate_demo,server,1,8299482,12200,,333000,4294967295,
migrate_demo,server,1,8304752,12200,,333000,4294967295,
migrate_demo,server,1,8310059,12200,,333000,4294967295,
migrate_demo,server,1,8315413,12200,,333000,4294967295,
migrate_demo,server,1,8320731,12200,,333000,4294967295,
migrate_demo,server,1,8326002,13420,,333000,4294967295,
migrate_demo,server,1,8331306,13420,,333000,4294967295,
migrate_demo,server,1,8336537,13420,,333000,4294967295,
migrate_demo,server,1,8342109,13420,,333000,4294967295,
migrate_demo,server,1,8347384,13420,,333000,4294967295,
migrate_demo,server,1,8352654,13420,,333000,4294967295,
migrate_demo,server,1,8358036,13420,,333000,4294967295,
migrate_demo,server,1,8363282,13420,,333000,4294967295,
migrate_demo,server,1,8368635,13420,,333000,4294967295,
migrate_demo,server,1,8373925,13420,,333000,4294967295,
migrate_demo,server,1,8379190,13420,,333000,4294967295,
migrate_demo,server,1,8384392,13420,,333000,4294967295,
migrate_demo,server,1,8389694,13420,,333000,4294967295,
migrate_demo,server,1,8394976,14640,,333000,4294967295,
migrate_demo,server,1,8400246,14640,,333000,4294967295,
migrate_demo,server,1,8405539,14640,,333000,4294967295,
migrate_demo,server,1,8410834,14640,,333000,4294967295,
migrate_demo,server,1,8416116,14640,,333000,4294967295,
migrate_demo,server,1,8421388,14640,,333000,4294967295,
migrate_demo,server,1,8426642,14640,,333000,4294967295,
migrate_demo,server,1,8431965,14640,,333000,4294967295,
migrate_demo,server,1,8437222,14640,,333000,4294967295,
migrate_demo,server,1,8442488,14640,,333000,4294967295,
migrate_demo,server,1,8447760,14640,,333000,4294967295,
migrate_demo,server,1,8453042,14640,,333000,4294967295,
migrate_demo,server,1,8458336,14640,,333000,4294967295,
migrate_demo,server,1,8463627,15860,,333000,4294967295,
migrate_demo,server,1,8468891,15860,,333000,4294967295,
migrate_demo,server,1,8474179,15860,,333000,4294967295,
migrate_demo,server,1,8479495,15860,,333000,4294967295,
migrate_demo,server,1,8484776,15860,,333000,4294967295,
migrate_demo,server,1,8490126,15860,,333000,4294967295,
migrate_demo,server,1,8495421,15860,,333000,4294967295,
migrate_demo,server,1,8500678,15860,,333000,4294967295,
migrate_demo,server,1,8505896,15860,,333000,4294967295,
migrate_demo,server,1,8511155,15860,,333000,4294967295,
migrate_demo,server,1,8516435,15860,,333000,4294967295,
migrate_demo,server,1,8521772,15860,,333000,4294967295,
migrate_demo,server,1,8527021,17080,,333000,4294967295,
migrate_demo,server,1,8532322,17080,,333000,4294967295,
migrate_demo,server,1,8537634,17080,,333000,4294967295,
migrate_demo,server,1,8542854,17080,,333000,4294967295,
migrate_demo,server,1,8548129,17080,,333000,4294967295,
migrate_demo,server,1,8553416,17080,,333000,4294967295,
migrate_demo,server,1,8558654,17080,,333000,4294967295,
migrate_demo,server,1,8563924,17080,,333000,4294967295,
migrate_demo,server,1,8569163,17080,,333000,4294967295,
migrate_demo,server,1,8574413,17080,,333000,4294967295,
migrate_demo,server,1,8579672,17080,,333000,4294967295,
migrate_demo,server,1,8585183,17080,,333000,4294967295,
migrate_demo,server,1,8590504,17080,,333000,4294967295,
migrate_demo,server,1,8595750,18300,,333000,4294967295,
migrate_demo,server,1,8601007,18300,,333000,4294967295,
migrate_demo,server,1,8606337,18300,,333000,4294967295,
migrate_demo,server,1,8611667,18300,,333000,4294967295,
migrate_demo,server,1,8616934,18300,,333000,4294967295,
migrate_demo,server,1,8622218,18300,,333000,4294967295,
migrate_demo,server,1,8627503,18300,,333000,4294967295,
migrate_demo,server,1,8632770,18300,,333000,4294967295,
migrate_demo,server,1,8638050,18300,,333000,4294967295,
migrate_demo,server,1,8643356,18300,,333000,4294967295,
migrate_demo,server,1,8648671,18300,,333000,4294967295,
migrate_demo,server,1,8653998,18300,,333000,4294967295,
migrate_demo,server,1,8659292,18300,,333000,4294967295,
migrate_demo,server,1,8664575,19520,,333000,4294967295,
migrate_demo,server,1,8669834,19520,,333000,4294967295,
migrate_demo,server,1,8675098,19520,,333000,4294967295,
migrate_demo,server,1,8680375,19520,,333000,4294967295,
migrate_demo,server,1,8685621,19520,,333000,4294967295,
migrate_demo,server,1,8690880,19520,,333000,4294967295,
migrate_demo,server,1,8696145,19520,,333000,4294967295,
migrate_demo,server,1,8701401,19520,,333000,4294967295,
migrate_demo,server,1,8706652,19520,,333000,4294967295,
migrate_demo,server,1,8711931,19520,,333000,4294967295,
migrate_demo,server,1,8717221,19520,,333000,4294967295,
migrate_demo,server,1,8722501,19520,,333000,4294967295,
migrate_demo,server,1,8727789,19520,,333000,4294967295,
migrate_demo,server,1,8733139,20740,,333000,4294967295,
migrate_demo,server,1,8738456,20740,,333000,4294967295,
migrate_demo,server,1,8743802,20740,,333000,4294967295,
migrate_demo,server,1,8749108,20740,,333000,4294967295,
migrate_demo,server,1,8754400,20740,,333000,4294967295,
migrate_demo,server,1,8759682,20740,,333000,4294967295,
migrate_demo,server,1,8764956,20740,,333000,4294967295,
migrate_demo,server,1,8770218,20740,,333000,4294967295,
migrate_demo,server,1,8775491,20740,,333000,4294967295,
migrate_demo,server,1,8780800,20740,,333000,4294967295,
migrate_demo,server,1,8786036,20740,,333000,4294967295,
migrate_demo,server,1,8791309,20740,,333000,4294967295,
migrate_demo,server,1,8796604,21960,,333000,4294967295,
migrate_demo,server,1,8801950,21960,,333000,4294967295,
migrate_demo,server,1,8807252,21960,,333000,4294967295,
migrate_demo,server,1,8812644,21960,,333000,4294967295,
migrate_demo,server,1,8817996,21960,,333000,4294967295,
migrate_demo,server,1,8823232,21960,,333000,4294967295,
migrate_demo,server,1,8828550,21960,,333000,4294967295,
migrate_demo,server,1,8833865,21960,,333000,4294967295,
migrate_demo,server,1,8839095,21960,,333000,4294967295,
migrate_demo,server,1,8844356,21960,,333000,4294967295,
migrate_demo,server,1,8849615,21960,,333000,4294967295,
migrate_demo,server,1,8854920,21960,,333000,4294967295,
migrate_demo,server,1,8860183,21960,,333000,4294967295,
migrate_demo,server,1,8865458,23180,,333000,4294967295,
migrate_demo,server,1,8870710,23180,,333000,4294967295,
migrate_demo,server,1,8876030,23180,,333000,4294967295,
migrate_demo,server,1,8881292,23180,,333000,4294967295,
migrate_demo,server,1,8886581,23180,,333000,4294967295,
migrate_demo,server,1,8891868,23180,,333000,4294967295,
migrate_demo,server,1,8897153,23180,,333000,4294967295,
migrate_demo,server,1,8902439,23180,,333000,4294967295,
migrate_demo,server,1,8907699,23180,,333000,4294967295,
migrate_demo,server,1,8912901,23180,,333000,4294967295,
migrate_demo,server,1,8918147,23180,,333000,4294967295,
migrate_demo,server,1,8923446,23180,,333000,4294967295,
migrate_demo,server,1,8928771,23180,,333000,4294967295,
migrate_demo,server,1,8934044,24400,,333000,4294967295,
migrate_demo,server,1,8939567,24400,,333000,4294967295,
migrate_demo,server,1,8944864,24400,,333000,4294967295,
migrate_demo,server,1,8950154,24400,,333000,4294967295,
migrate_demo,server,1,8955423,24400,,333000,4294967295,
migrate_demo,server,1,8960680,24400,,333000,4294967295,
migrate_demo,server,1,8965956,24400,,333000,4294967295,
migrate_demo,server,1,8971246,24400,,333000,4294967295,
migrate_demo,server,1,8976533,24400,,333000,4294967295,
migrate_demo,server,1,8981749,24400,,333000,4294967295,
migrate_demo,server,1,8987009,24400,,333000,4294967295,
migrate_demo,server,1,8992246,24400,,333000,4294967295,
migrate_demo,server,1,8997516,24400,,333000,4294967295,
migrate_demo,server,1,9002787,25620,,333000,4294967295,
migrate_demo,server,1,9008069,25620,,333000,4294967295,
migrate_demo,server,1,9013403,25620,,333000,4294967295,
migrate_demo,server,1,9018723,25620,,333000,4294967295,
migrate_demo,server,1,9023982,25620,,333000,4294967295,
migrate_demo,server,1,9029248,25620,,333000,4294967295,
migrate_demo,server,1,9034606,25620,,333000,4294967295,
migrate_demo,server,1,9039933,25620,,333000,4294967295,
migrate_demo,server,1,9045143,25620,,333000,4294967295,
migrate_demo,server,1,9050432,25620,,333000,4294967295,
migrate_demo,server,1,9055720,25620,,333000,4294967295,
migrate_demo,server,1,9061008,25620,,333000,4294967295,
migrate_demo,server,1,9066285,25620,,333000,4294967295,
migrate_demo,server,1,9071635,26840,,333000,4294967295,
migrate_demo,server,1,9076925,26840,,333000,4294967295,
migrate_demo,server,1,9082209,26840,,333000,4294967295,
migrate_demo,server,1,9087494,26840,,333000,4294967295,
migrate_demo,server,1,9092816,26840,,333000,4294967295,
migrate_demo,server,1,9098112,26840,,333000,4294967295,
migrate_demo,server,1,9103404,26840,,333000,4294967295,
migrate_demo,server,1,9108638,26840,,333000,4294967295,
migrate_demo,server,1,9113899,26840,,333000,4294967295,
migrate_demo,server,1,9119172,26840,,333000,4294967295,
migrate_demo,server,1,9124487,26840,,333000,4294967295,
migrate_demo,server,1,9129783,26840,,333000,4294967295,
migrate_demo,server,1,9135038,28060,,333000,4294967295,
migrate_demo,server,1,9140383,28060,,333000,4294967295,
migrate_demo,server,1,9145673,28060,,333000,4294967295,
migrate_demo,server,1,9150944,28060,,333000,4294967295,
migrate_demo,server,1,9156171,28060,,333000,4294967295,
migrate_demo,server,1,9161486,28060,,333000,4294967295,
migrate_demo,server,1,9166772,28060,,333000,4294967295,
migrate_demo,server,1,9172090,28060,,333000,4294967295,
migrate_demo,server,1,9177343,28060,,333000,4294967295,
migrate_demo,server,1,9182617,28060,,333000,4294967295,
migrate_demo,server,1,9187981,28060,,333000,4294967295,
migrate_demo,server,1,9193261,28060,,333000,4294967295,
migrate_demo,server,1,9198564,28060,,333000,4294967295,
migrate_demo,server,1,9203839,29280,,333000,4294967295,
migrate_demo,server,1,9209103,29280,,333000,4294967295,
migrate_demo,server,1,9214377,29280,,333000,4294967295,
migrate_demo,server,1,9219688,29280,,333000,4294967295,
migrate_demo,server,1,9224985,29280,,333000,4294967295,
migrate_demo,server,1,9230279,29280,,333000,4294967295,
migrate_demo,server,1,9235590,29280,,333000,4294967295,
migrate_demo,server,1,9240885,29280,,333000,4294967295,
migrate_demo,server,1,9246106,29280,,333000,4294967295,
migrate_demo,server,1,9251390,29280,,333000,4294967295,
migrate_demo,server,1,9256919,29280,,333000,4294967295,
migrate_demo,server,1,9262239,29280,,333000,4294967295,
migrate_demo,server,1,9267587,29280,,333000,4294967295,
migrate_demo,server,1,9272943,30500,,333000,4294967295,
migrate_demo,server,1,9278277,30500,,333000,4294967295,
migrate_demo,server,1,9283644,30500,,333000,4294967295,
migrate_demo,server,1,9288978,30500,,333000,4294967295,
migrate_demo,server,1,9294340,30500,,333000,4294967295,
migrate_demo,server,1,9299800,30500,,333000,4294967295,
migrate_demo,server,1,9305133,30500,,333000,4294967295,
migrate_demo,server,1,9310385,30500,,333000,4294967295,
migrate_demo,server,1,9315637,30500,,333000,4294967295,
migrate_demo,server,1,9320882,30500,,333000,4294967295,
migrate_demo,server,1,9326195,30500,,333000,4294967295,
migrate_demo,server,1,9331497,30500,,333000,4294967295,
migrate_demo,server,1,9336737,31720,,333000,4294967295,
migrate_demo,server,1,9341995,31720,,333000,4294967295,
migrate_demo,server,1,9347256,31720,,333000,4294967295,
migrate_demo,server,1,9352541,31720,,333000,4294967295,
migrate_demo,server,1,9357773,31720,,333000,4294967295,
migrate_demo,server,1,9363065,31720,,333000,4294967295,
migrate_demo,server,1,9368342,31720,,333000,4294967295,
migrate_demo,server,1,9373667,31720,,333000,4294967295,
migrate_demo,server,1,9378919,31720,,333000,4294967295,
migrate_demo,server,1,9384145,31720,,333000,4294967295,
migrate_demo,server,1,9389313,31720,,333000,4294967295,
migrate_demo,server,1,9394607,31720,,333000,4294967295,
migrate_demo,server,1,9399911,31720,,333000,4294967295,
migrate_demo,server,1,9405212,32940,,333000,4294967295,
migrate_demo,server,1,9410550,32940,,333000,4294967295,
migrate_demo,server,1,9415873,32940,,333000,4294967295,
migrate_demo,server,1,9421205,32940,,333000,4294967295,
migrate_demo,server,1,9426494,32940,,333000,4294967295,
migrate_demo,server,1,9431813,32940,,333000,4294967295,
migrate_demo,server,1,9437102,32940,,333000,4294967295,
migrate_demo,server,1,9442398,32940,,333000,4294967295,
migrate_demo,server,1,9447645,32940,,333000,4294967295,
migrate_demo,server,1,9452881,32940,,333000,4294967295,
migrate_demo,server,1,9458150,32940,,333000,4294967295,
migrate_demo,server,1,9463427,32940,,333000,4294967295,
migrate_demo,server,1,9468714,32940,,333000,4294967295,
migrate_demo,server,1,9473994,34160,,333000,4294967295,
migrate_demo,server,1,9479270,34160,,333000,4294967295,
migrate_demo,server,1,9484584,34160,,333000,4294967295,
migrate_demo,server,1,9489863,34160,,333000,4294967295,
migrate_demo,server,1,9495165,34160,,333000,4294967295,
migrate_demo,server,1,9500499,34160,,333000,4294967295,
migrate_demo,server,1,9505845,34160,,333000,4294967295,
migrate_demo,server,1,9511088,34160,,333000,4294967295,
migrate_demo,server,1,9516296,34160,,333000,4294967295,
migrate_demo,server,1,9521523,34160,,333000,4294967295,
migrate_demo,server,1,9526764,34160,,333000,4294967295,
migrate_demo,server,1,9532042,34160,,333000,4294967295,
migrate_demo,server,1,9537480,34160,,333000,4294967295,
migrate_demo,server,1,9542766,35380,,333000,4294967295,
migrate_demo,server,1,9548020,35380,,333000,4294967295,
migrate_demo,server,1,9553333,35380,,333000,4294967295,
migrate_demo,server,1,9558607,35380,,333000,4294967295,
migrate_demo,server,1,9563880,35380,,333000,4294967295,
migrate_demo,server,1,9569171,35380,,333000,4294967295,
migrate_demo,server,1,9574475,35380,,333000,4294967295,
migrate_demo,server,1,9579773,35380,,333000,4294967295,
migrate_demo,server,1,9584996,35380,,333000,4294967295,
migrate_demo,server,1,9590301,35380,,333000,4294967295,
migrate_demo,server,1,9595537,35380,,333000,4294967295,
migrate_demo,server,1,9600842,35380,,333000,4294967295,
migrate_demo,server,1,9606115,35380,,333000,4294967295,
migrate_demo,server,1,9611386,36600,,333000,4294967295,
migrate_demo,server,1,9616644,36600,,333000,4294967295,
migrate_demo,server,1,9621988,36600,,333000,4294967295,
migrate_demo,server,1,9627304,36600,,333000,4294967295,
migrate_demo,server,1,9632627,36600,,333000,4294967295,
migrate_demo,server,1,9637957,36600,,333000,4294967295,
migrate_demo,server,1,9643256,36600,,333000,4294967295,
migrate_demo,server,1,9648494,36600,,333000,4294967295,
migrate_demo,server,1,9653798,36600,,333000,4294967295,
migrate_demo,server,1,9659015,36600,,333000,4294967295,
migrate_demo,server,1,9664270,36600,,333000,4294967295,
migrate_demo,server,1,9669530,36600,,333000,4294967295,
migrate_demo,server,1,9674965,37820,,333000,4294967295,
migrate_demo,server,1,9680228,37820,,333000,4294967295,
migrate_demo,server,1,9685501,37820,,333000,4294967295,
migrate_demo,server,1,9690755,37820,,333000,4294967295,
migrate_demo,server,1,9696066,37820,,333000,4294967295,
migrate_demo,server,1,9701358,37820,,333000,4294967295,
migrate_demo,server,1,9706683,37820,,333000,4294967295,
migrate_demo,server,1,9711965,37820,,333000,4294967295,
migrate_demo,server,1,9717403,37820,,333000,4294967295,
migrate_demo,server,1,9722628,37820,,333000,4294967295,
migrate_demo,server,1,9727829,37820,,333000,4294967295,
migrate_demo,server,1,9733071,37820,,333000,4294967295,
migrate_demo,server,1,9738365,37820,,333000,4294967295,
migrate_demo,server,1,9743593,39040,,333000,4294967295,
migrate_demo,server,1,9748879,39040,,333000,4294967295,
migrate_demo,server,1,9754183,39040,,333000,4294967295,
migrate_demo,server,1,9759455,39040,,333000,4294967295,
migrate_demo,server,1,9764755,39040,,333000,4294967295,
migrate_demo,server,1,9770033,39040,,333000,4294967295,
migrate_demo,server,1,9775314,39040,,333000,4294967295,
migrate_demo,server,1,9780597,39040,,333000,4294967295,
migrate_demo,server,1,9785859,39040,,333000,4294967295,
migrate_demo,server,1,9791091,39040,,333000,4294967295,
migrate_demo,server,1,9796332,39040,,333000,4294967295,
migrate_demo,server,1,9801611,39040,,333000,4294967295,
migrate_demo,server,1,9806882,39040,,333000,4294967295,
migrate_demo,server,1,9812103,40260,,333000,4294967295,
migrate_demo,server,1,9817331,40260,,333000,4294967295,
migrate_demo,server,1,9822565,40260,,333000,4294967295,
migrate_demo,server,1,9827848,40260,,333000,4294967295,
migrate_demo,server,1,9833107,40260,,333000,4294967295,
migrate_demo,server,1,9838379,40260,,333000,4294967295,
migrate_demo,server,1,9843657,40260,,333000,4294967295,
migrate_demo,server,1,9848942,40260,,333000,4294967295,
migrate_demo,server,1,9854191,40260,,333000,4294967295,
migrate_demo,server,1,9859480,40260,,333000,4294967295,
migrate_demo,server,1,9864699,40260,,333000,4294967295,
migrate_demo,server,1,9870013,40260,,333000,4294967295,
migrate_demo,server,1,9875358,40260,,333000,4294967295,
migrate_demo,server,1,9880592,41480,,333000,4294967295,
migrate_demo,server,1,9885864,41480,,333000,4294967295,
migrate_demo,server,1,9891136,41480,,333000,4294967295,
migrate_demo,server,1,9896482,41480,,333000,4294967295,
migrate_demo,server,1,9901759,41480,,333000,4294967295,
migrate_demo,server,1,9906983,41480,,333000,4294967295,
migrate_demo,server,1,9912274,41480,,333000,4294967295,
migrate_demo,server,1,9917544,41480,,333000,4294967295,
migrate_demo,server,1,9922810,41480,,333000,4294967295,
migrate_demo,server,1,9928021,41480,,333000,4294967295,
migrate_demo,server,1,9933309,41480,,333000,4294967295,
migrate_demo,server,1,9938570,41480,,333000,4294967295,
migrate_demo,server,1,9943827,41480,,333000,4294967295,
migrate_demo,server,1,9949105,42700,,333000,4294967295,
migrate_demo,server,1,9954367,42700,,333000,4294967295,
migrate_demo,server,1,9959710,42700,,333000,4294967295,
migrate_demo,server,1,9965033,42700,,333000,4294967295,
migrate_demo,server,1,9970323,42700,,333000,4294967295,
migrate_demo,server,1,9975705,42700,,333000,4294967295,
migrate_demo,server,1,9981064,42700,,333000,4294967295,
migrate_demo,server,1,9986408,42700,,333000,4294967295,
migrate_demo,server,1,9991648,42700,,333000,4294967295,
migrate_demo,server,1,9996871,42700,,333000,4294967295,
migrate_demo,server,1,10002152,42700,,333000,4294967295,
migrate_demo,server,1,10007449,42700,,333000,4294967295,
migrate_demo,server,1,10012964,43920,,333000,4294967295,
migrate_demo,server,1,10018253,43920,,333000,4294967295,
migrate_demo,server,1,10023514,43920,,333000,4294967295,
migrate_demo,server,1,10028800,43920,,333000,4294967295,
migrate_demo,server,1,10034071,43920,,333000,4294967295,
migrate_demo,server,1,10039375,43920,,333000,4294967295,
migrate_demo,server,1,10044586,43920,,333000,4294967295,
migrate_demo,server,1,10049856,43920,,333000,4294967295,
migrate_demo,server,1,10055102,43920,,333000,4294967295,
migrate_demo,server,1,10060426,43920,,333000,4294967295,
migrate_demo,server,1,10065636,43920,,333000,4294967295,
migrate_demo,server,1,10070927,43920,,333000,4294967295,
migrate_demo,server,1,10076310,43920,,333000,4294967295,
migrate_demo,server,1,10081534,45140,,333000,4294967295,
migrate_demo,server,1,10086783,45140,,333000,4294967295,
migrate_demo,server,1,10092058,45140,,333000,4294967295,
migrate_demo,server,1,10097333,45140,,333000,4294967295,
migrate_demo,server,1,10102616,45140,,333000,4294967295,
migrate_demo,server,1,10107867,45140,,333000,4294967295,
migrate_demo,server,1,10113335,45140,,333000,4294967295,
migrate_demo,server,1,10118618,45140,,333000,4294967295,
migrate_demo,server,1,10123895,45140,,333000,4294967295,
migrate_demo,server,1,10129103,45140,,333000,4294967295,
migrate_demo,server,1,10134322,45140,,333000,4294967295,
migrate_demo,server,1,10139602,45140,,333000,4294967295,
migrate_demo,server,1,10144875,45140,,333000,4294967295,
migrate_demo,server,1,10150137,46360,,333000,4294967295,
migrate_demo,server,1,10155441,46360,,333000,4294967295,
migrate_demo,server,1,10160767,46360,,333000,4294967295,
migrate_demo,server,1,10165979,46360,,333000,4294967295,
migrate_demo,server,1,10171238,46360,,333000,4294967295,
migrate_demo,server,1,10176507,46360,,333000,4294967295,
migrate_demo,server,1,10181795,46360,,333000,4294967295,
migrate_demo,server,1,10187071,46360,,333000,4294967295,
migrate_demo,server,1,10192284,46360,,333000,4294967295,
migrate_demo,server,1,10197526,46360,,333000,4294967295,
migrate_demo,server,1,10202806,46360,,333000,4294967295,
migrate_demo,server,1,10208066,46360,,333000,4294967295,
migrate_demo,server,1,10213308,46360,,333000,4294967295,
migrate_demo,server,1,10218597,47580,,333000,4294967295,
migrate_demo,server,1,10223864,47580,,333000,4294967295,
migrate_demo,server,1,10229155,47580,,333000,4294967295,
migrate_demo,server,1,10234440,47580,,333000,4294967295,
migrate_demo,server,1,10239830,47580,,333000,4294967295,
migrate_demo,server,1,10245115,47580,,333000,4294967295,
migrate_demo,server,1,10250379,47580,,333000,4294967295,
migrate_demo,server,1,10255656,47580,,333000,4294967295,
migrate_demo,server,1,10260873,47580,,333000,4294967295,
migrate_demo,server,1,10266110,47580,,333000,4294967295,
migrate_demo,server,1,10271365,47580,,333000,4294967295,
migrate_demo,server,1,10276619,47580,,333000,4294967295,
migrate_demo,server,1,10281838,47580,,333000,4294967295,
migrate_demo,server,1,10287205,48800,,333000,4294967295,
migrate_demo,server,1,10292570,48800,,333000,4294967295,
migrate_demo,server,1,10297873,48800,,333000,4294967295,
migrate_demo,server,1,10303201,48800,,333000,4294967295,
migrate_demo,server,1,10308561,48800,,333000,4294967295,
migrate_demo,server,1,10313892,48800,,333000,4294967295,
migrate_demo,server,1,10319238,48800,,333000,4294967295,
migrate_demo,server,1,10324540,48800,,333000,4294967295,
migrate_demo,server,1,10329839,48800,,333000,4294967295,
migrate_demo,server,1,10335113,48800,,333000,4294967295,
migrate_demo,server,1,10340360,48800,,333000,4294967295,
migrate_demo,server,1,10345693,48800,,333000,4294967295,
migrate_demo,server,1,10350875,50020,,333000,4294967295,
migrate_demo,server,1,10356179,50020,,333000,4294967295,
migrate_demo,server,1,10361540,50020,,333000,4294967295,
migrate_demo,server,1,10366896,50020,,333000,4294967295,
migrate_demo,server,1,10372304,50020,,333000,4294967295,
migrate_demo,server,1,10377663,50020,,333000,4294967295,
migrate_demo,server,1,10383069,50020,,333000,4294967295,
migrate_demo,server,1,10388358,50020,,333000,4294967295,
migrate_demo,server,1,10393630,50020,,333000,4294967295,
migrate_demo,server,1,10398979,50020,,333000,4294967295,
migrate_demo,server,1,10404228,50020,,333000,4294967295,
migrate_demo,server,1,10409549,50020,,333000,4294967295,
migrate_demo,server,1,10414898,50020,,333000,4294967295,
migrate_demo,server,1,10420241,51240,,333000,4294967295,
migrate_demo,server,1,10425579,51240,,333000,4294967295,
migrate_demo,server,1,10430987,51240,,333000,4294967295,
migrate_demo,server,1,10436421,51240,,333000,4294967295,
migrate_demo,server,1,10441736,51240,,333000,4294967295,
migrate_demo,server,1,10447100,51240,,333000,4294967295,
migrate_demo,server,1,10452400,51240,,333000,4294967295,
migrate_demo,server,1,10457723,51240,,333000,4294967295,
migrate_demo,server,1,10462964,51240,,333000,4294967295,
migrate_demo,server,1,10468234,51240,,333000,4294967295,
migrate_demo,server,1,10473461,51240,,333000,4294967295,
migrate_demo,server,1,10478721,51240,,333000,4294967295,
migrate_demo,server,1,10484097,51240,,333000,4294967295,
migrate_demo,server,1,10489514,52460,,333000,4294967295,
migrate_demo,server,1,10494788,52460,,333000,4294967295,
migrate_demo,server,1,10500050,52460,,333000,4294967295,
migrate_demo,server,1,10505352,52460,,333000,4294967295,
migrate_demo,server,1,10510781,52460,,333000,4294967295,
migrate_demo,server,1,10516055,52460,,333000,4294967295,
migrate_demo,server,1,10521325,52460,,333000,4294967295,
migrate_demo,server,1,10526702,52460,,333000,4294967295,
migrate_demo,server,1,10531978,52460,,333000,4294967295,
migrate_demo,server,1,10537262,52460,,333000,4294967295,
migrate_demo,server,1,10542542,52460,,333000,4294967295,
migrate_demo,server,1,10547872,52460,,333000,4294967295,
migrate_demo,server,1,10553132,52460,,333000,4294967295,
migrate_demo,server,1,10558511,53680,,333000,4294967295,
migrate_demo,server,1,10563766,53680,,333000,4294967295,
migrate_demo,server,1,10569018,53680,,333000,4294967295,
migrate_demo,server,1,10574335,53680,,333000,4294967295,
migrate_demo,server,1,10579640,53680,,333000,4294967295,
migrate_demo,server,1,10584925,53680,,333000,4294967295,
migrate_demo,server,1,10590234,53680,,333000,4294967295,
migrate_demo,server,1,10595442,53680,,333000,4294967295,
migrate_demo,server,1,10600699,53680,,333000,4294967295,
migrate_demo,server,1,10605989,53680,,333000,4294967295,
migrate_demo,server,1,10611214,53680,,333000,4294967295,
migrate_demo,server,1,10616462,53680,,333000,4294967295,
migrate_demo,server,1,10622040,54900,,333000,4294967295,
migrate_demo,server,1,10627357,54900,,333000,4294967295,
migrate_demo,server,1,10632643,54900,,333000,4294967295,
migrate_demo,server,1,10637909,54900,,333000,4294967295,
migrate_demo,server,1,10643142,54900,,333000,4294967295,
migrate_demo,server,1,10648434,54900,,333000,4294967295,
migrate_demo,server,1,10653647,54900,,333000,4294967295,
migrate_demo,server,1,10658856,54900,,333000,4294967295,
migrate_demo,server,1,10664088,54900,,333000,4294967295,
migrate_demo,server,1,10669403,54900,,333000,4294967295,
migrate_demo,server,1,10674651,54900,,333000,4294967295,
migrate_demo,server,1,10679862,54900,,333000,4294967295,
migrate_demo,server,1,10685451,56120,,333000,4294967295,
migrate_demo,server,1,10690724,56120,,333000,4294967295,
migrate_demo,server,1,10695999,56120,,333000,4294967295,
migrate_demo,server,1,10701250,56120,,333000,4294967295,
migrate_demo,server,1,10706526,56120,,333000,4294967295,
migrate_demo,server,1,10711822,56120,,333000,4294967295,
migrate_demo,server,1,10717071,56120,,333000,4294967295,
migrate_demo,server,1,10722328,56120,,333000,4294967295,
migrate_demo,server,1,10727565,56120,,333000,4294967295,
migrate_demo,server,1,10732863,56120,,333000,4294967295,
migrate_demo,server,1,10738083,56120,,333000,4294967295,
migrate_demo,server,1,10743303,56120,,333000,4294967295,
migrate_demo,server,1,10748537,57340,,333000,4294967295,
migrate_demo,server,1,10753856,57340,,333000,4294967295,
migrate_demo,server,1,10759155,57340,,333000,4294967295,
migrate_demo,server,1,10764468,57340,,333000,4294967295,
migrate_demo,server,1,10769821,57340,,333000,4294967295,
migrate_demo,server,1,10775133,58560,,333000,4294967295,
migrate_demo,server,1,10780499,58560,,333000,4294967295,
migrate_demo,server,1,10785893,58560,,333000,4294967295,
migrate_demo,server,1,10791267,58560,,333000,4294967295,
migrate_demo,server,1,10796583,58560,,333000,4294967295,
migrate_demo,server,1,10801920,58560,,333000,4294967295,
migrate_demo,server,1,10807116,58560,,333000,4294967295,
migrate_demo,server,1,10812476,59780,,333000,4294967295,
migrate_demo,server,1,10817883,59780,,333000,4294967295,
migrate_demo,server,1,10823291,59780,,333000,4294967295,
migrate_demo,server,1,10828895,59780,,333000,4294967295,
migrate_demo,server,1,10834154,59780,,333000,4294967295,
migrate_demo,server,1,10839502,61000,,333000,4294967295,
migrate_demo,server,1,10844822,61000,,333000,4294967295,
migrate_demo,server,1,10850160,61000,,333000,4294967295,
migrate_demo,server,1,10855444,61000,,333000,4294967295,
migrate_demo,server,1,10860720,61000,,333000,4294967295,
migrate_demo,server,1,10865982,61000,,333000,4294967295,
migrate_demo,server,1,10871265,61000,,333000,4294967295,
migrate_demo,server,1,10876550,62220,,333000,4294967295,
migrate_demo,server,1,10881877,62220,,333000,4294967295,
migrate_demo,server,1,10887177,62220,,333000,4294967295,
migrate_demo,server,1,10892643,62220,,333000,4294967295,
migrate_demo,server,1,10897969,62220,,333000,4294967295,
migrate_demo,server,1,10903324,63440,,333000,4294967295,
migrate_demo,server,1,10908629,63440,,333000,4294967295,
migrate_demo,server,1,10914065,63440,,333000,4294967295,
migrate_demo,server,1,10919466,63440,,333000,4294967295,
migrate_demo,server,1,10924731,63440,,333000,4294967295,
migrate_demo,server,1,10930059,63440,,333000,4294967295,
migrate_demo,server,1,10935383,63440,,333000,4294967295,
migrate_demo,server,1,10940679,64660,,333000,4294967295,
migrate_demo,server,1,10945901,64660,,333000,4294967295,
migrate_demo,server,1,10951163,64660,,333000,4294967295,
migrate_demo,server,1,10956493,64660,,333000,4294967295,
migrate_demo,server,1,10961819,64660,,333000,4294967295,
migrate_demo,server,1,10967085,65880,,333000,4294967295,
migrate_demo,server,1,10972436,65880,,333000,4294967295,
migrate_demo,server,1,10977717,65880,,333000,4294967295,
migrate_demo,server,1,10982944,65880,,333000,4294967295,
migrate_demo,server,1,10988192,65880,,333000,4294967295,
migrate_demo,server,1,10993441,65880,,333000,4294967295,
migrate_demo,server,1,10998725,65880,,333000,4294967295,
migrate_demo,server,1,11003984,67100,,333000,4294967295,
migrate_demo,server,1,11009271,67100,,333000,4294967295,
migrate_demo,server,1,11014554,67100,,333000,4294967295,
migrate_demo,server,1,11019871,67100,,333000,4294967295,
migrate_demo,server,1,11025216,67100,,333000,4294967295,
migrate_demo,server,1,11030545,68320,,333000,4294967295,
migrate_demo,server,1,11035849,68320,,333000,4294967295,
migrate_demo,server,1,11041070,68320,,333000,4294967295,
migrate_demo,server,1,11046341,68320,,333000,4294967295,
migrate_demo,server,1,11051598,68320,,333000,4294967295,
migrate_demo,server,1,11056876,68320,,333000,4294967295,
migrate_demo,server,1,11062088,69540,,333000,4294967295,
migrate_demo,server,1,11067309,69540,,333000,4294967295,
migrate_demo,server,1,11072642,69540,,333000,4294967295,
migrate_demo,server,1,11077890,69540,,333000,4294967295,
migrate_demo,server,1,11083134,69540,,333000,4294967295,
migrate_demo,server,1,11088363,69540,,333000,4294967295,
migrate_demo,server,1,11093626,70760,,333000,4294967295,
migrate_demo,server,1,11098904,70760,,333000,4294967295,
migrate_demo,server,1,11104192,70760,,333000,4294967295,
migrate_demo,server,1,11109407,70760,,333000,4294967295,
migrate_demo,server,1,11114687,70760,,333000,4294967295,
migrate_demo,server,1,11119923,70760,,333000,4294967295,
migrate_demo,server,1,11125120,71980,,333000,4294967295,
migrate_demo,server,1,11130348,71980,,333000,4294967295,
migrate_demo,server,1,11135604,71980,,333000,4294967295,
migrate_demo,server,1,11140865,71980,,333000,4294967295,
migrate_demo,server,1,11146154,71980,,333000,4294967295,
migrate_demo,server,1,11151428,71980,,333000,4294967295,
migrate_demo,server,1,11156717,71980,,333000,4294967295,
migrate_demo,server,1,11162238,71980,,333000,4294967295,
migrate_demo,server,1,11167490,71980,,333000,4294967295,
migrate_demo,server,1,11172721,71980,,333000,4294967295,
migrate_demo,server,1,11178007,71980,,333000,4294967295,
migrate_demo,server,1,11183266,71980,,333000,4294967295,
migrate_demo,server,1,11188601,73200,,333000,4294967295,
migrate_demo,server,1,11193838,73200,,333000,4294967295,
migrate_demo,server,1,11199065,73200,,333000,4294967295,
migrate_demo,server,1,11204387,73200,,333000,4294967295,
migrate_demo,server,1,11209727,73200,,333000,4294967295,
migrate_demo,server,1,11214991,73200,,333000,4294967295,
migrate_demo,server,1,11220363,73200,,333000,4294967295,
migrate_demo,server,1,11225777,73200,,333000,4294967295,
migrate_demo,server,1,11231043,73200,,333000,4294967295,
migrate_demo,server,1,11236312,73200,,333000,4294967295,
migrate_demo,server,1,11241665,73200,,333000,4294967295,
migrate_demo,server,1,11246970,73200,,333000,4294967295,
migrate_demo,server,1,11252276,74420,,333000,4294967295,
migrate_demo,server,1,11257608,74420,,333000,4294967295,
migrate_demo,server,1,11262963,74420,,333000,4294967295,
migrate_demo,server,1,11268351,74420,,333000,4294967295,
migrate_demo,server,1,11273747,74420,,333000,4294967295,
migrate_demo,server,1,11279111,74420,,333000,4294967295,
migrate_demo,server,1,11284464,74420,,333000,4294967295,
migrate_demo,server,1,11289795,74420,,333000,4294967295,
migrate_demo,server,1,11295114,74420,,333000,4294967295,
migrate_demo,server,1,11300368,74420,,333000,4294967295,
migrate_demo,server,1,11305780,74420,,333000,4294967295,
migrate_demo,server,1,11310991,74420,,333000,4294967295,
migrate_demo,server,1,11316259,75640,,333000,4294967295,
migrate_demo,server,1,11321502,75640,,333000,4294967295,
migrate_demo,server,1,11326765,75640,,333000,4294967295,
migrate_demo,server,1,11332058,75640,,333000,4294967295,
migrate_demo,server,1,11337609,75640,,333000,4294967295,
migrate_demo,server,1,11342878,75640,,333000,4294967295,
migrate_demo,server,1,11348149,75640,,333000,4294967295,
migrate_demo,server,1,11353326,75640,,333000,4294967295,
migrate_demo,server,1,11358555,75640,,333000,4294967295,
migrate_demo,server,1,11363770,76860,,333000,4294967295,
migrate_demo,server,1,11368947,76860,,333000,4294967295,
migrate_demo,server,1,11374205,76860,,333000,4294967295,
migrate_demo,server,1,11379406,76860,,333000,4294967295,
migrate_demo,server,1,11384677,76860,,333000,4294967295,
migrate_demo,server,1,11389924,76860,,333000,4294967295,
migrate_demo,server,1,11395276,76860,,333000,4294967295,
migrate_demo,server,1,11400549,76860,,333000,4294967295,
migrate_demo,server,1,11405832,76860,,333000,4294967295,
migrate_demo,server,1,11411119,76860,,333000,4294967295,
migrate_demo,server,1,11416385,76860,,333000,4294967295,
migrate_demo,server,1,11421713,76860,,333000,4294967295,
migrate_demo,server,1,11427051,76860,,333000,4294967295,
migrate_demo,server,1,11432300,78080,,333000,4294967295,
migrate_demo,server,1,11437595,78080,,333000,4294967295,
migrate_demo,server,1,11442916,78080,,333000,4294967295,
migrate_demo,server,1,11448117,78080,,333000,4294967295,
migrate_demo,server,1,11453421,78080,,333000,4294967295,
migrate_demo,server,1,11458638,78080,,333000,4294967295,
migrate_demo,server,1,11463909,78080,,333000,4294967295,
migrate_demo,server,1,11469155,78080,,333000,4294967295,
migrate_demo,server,1,11474294,78080,,333000,4294967295,
migrate_demo,server,1,11479561,78080,,333000,4294967295,
migrate_demo,server,1,11484848,78080,,333000,4294967295,
migrate_demo,server,1,11490129,78080,,333000,4294967295,
migrate_demo,server,1,11495422,78080,,333000,4294967295,
migrate_demo,server,1,11500663,79300,,333000,4294967295,
migrate_demo,server,1,11505855,79300,,333000,4294967295,
migrate_demo,server,1,11511043,79300,,333000,4294967295,
migrate_demo,server,1,11516241,79300,,333000,4294967295,
migrate_demo,server,1,11521508,79300,,333000,4294967295,
migrate_demo,server,1,11526773,79300,,333000,4294967295,
migrate_demo,server,1,11532038,79300,,333000,4294967295,
migrate_demo,server,1,11537244,79300,,333000,4294967295,
migrate_demo,server,1,11542438,79300,,333000,4294967295,
migrate_demo,server,1,11547681,79300,,333000,4294967295,
migrate_demo,server,1,11552911,79300,,333000,4294967295,
migrate_demo,server,1,11558181,79300,,333000,4294967295,
migrate_demo,server,1,11563461,79300,,333000,4294967295,
migrate_demo,server,1,11568706,80520,,333000,4294967295,
migrate_demo,server,1,11573919,80520,,333000,4294967295,
migrate_demo,server,1,11579160,80520,,333000,4294967295,
migrate_demo,server,1,11584415,80520,,333000,4294967295,
migrate_demo,server,1,11589730,80520,,333000,4294967295,
migrate_demo,server,1,11595013,80520,,333000,4294967295,
migrate_demo,server,1,11600299,80520,,333000,4294967295,
migrate_demo,server,1,11605597,80520,,333000,4294967295,
migrate_demo,server,1,11610835,80520,,333000,4294967295,
migrate_demo,server,1,11616101,80520,,333000,4294967295,
migrate_demo,server,1,11621390,80520,,333000,4294967295,
migrate_demo,server,1,11626708,80520,,333000,4294967295,
migrate_demo,server,1,11631995,80520,,333000,4294967295,
migrate_demo,server,1,11637260,81740,,333000,4294967295,
migrate_demo,server,1,11642486,81740,,333000,4294967295,
migrate_demo,server,1,11647818,81740,,333000,4294967295,
migrate_demo,server,1,11653081,81740,,333000,4294967295,
migrate_demo,server,1,11658426,81740,,333000,4294967295,
migrate_demo,server,1,11663715,81740,,333000,4294967295,
migrate_demo,server,1,11669182,81740,,333000,4294967295,
migrate_demo,server,1,11674487,81740,,333000,4294967295,
migrate_demo,server,1,11679692,81740,,333000,4294967295,
migrate_demo,server,1,11684906,81740,,333000,4294967295,
migrate_demo,server,1,11690156,81740,,333000,4294967295,
migrate_demo,server,1,11695399,81740,,333000,4294967295,
migrate_demo,server,1,11700654,82960,,333000,4294967295,
migrate_demo,server,1,11705884,82960,,333000,4294967295,
migrate_demo,server,1,11711153,82960,,333000,4294967295,
migrate_demo,server,1,11716399,82960,,333000,4294967295,
migrate_demo,server,1,11721658,82960,,333000,4294967295,
migrate_demo,server,1,11726920,82960,,333000,4294967295,
migrate_demo,server,1,11732219,82960,,333000,4294967295,
migrate_demo,server,1,11737492,82960,,333000,4294967295,
migrate_demo,server,1,11742718,82960,,333000,4294967295,
migrate_demo,server,1,11747941,82960,,333000,4294967295,
migrate_demo,server,1,11753213,82960,,333000,4294967295,
migrate_demo,server,1,11758484,82960,,333000,4294967295,
migrate_demo,server,1,11763788,82960,,333000,4294967295,
migrate_demo,server,1,11768969,84180,,333000,4294967295,
migrate_demo,server,1,11774158,84180,,333000,4294967295,
migrate_demo,server,1,11779337,84180,,333000,4294967295,
migrate_demo,server,1,11784591,84180,,333000,4294967295,
migrate_demo,server,1,11789927,84180,,333000,4294967295,
migrate_demo,server,1,11795312,84180,,333000,4294967295,
migrate_demo,server,1,11800603,84180,,333000,4294967295,
migrate_demo,server,1,11805855,84180,,333000,4294967295,
migrate_demo,server,1,11811167,84180,,333000,4294967295,
migrate_demo,server,1,11816415,84180,,333000,4294967295,
migrate_demo,server,1,11821655,84180,,333000,4294967295,
migrate_demo,server,1,11826956,84180,,333000,4294967295,
migrate_demo,server,1,11832251,84180,,333000,4294967295,
migrate_demo,server,1,11837452,85400,,333000,4294967295,
migrate_demo,server,1,11842654,85400,,333000,4294967295,
migrate_demo,server,1,11847886,85400,,333000,4294967295,
migrate_demo,server,1,11853061,85400,,333000,4294967295,
migrate_demo,server,1,11858308,85400,,333000,4294967295,
migrate_demo,server,1,11863726,85400,,333000,4294967295,
migrate_demo,server,1,11869029,85400,,333000,4294967295,
migrate_demo,server,1,11874353,85400,,333000,4294967295,
migrate_demo,server,1,11879586,85400,,333000,4294967295,
migrate_demo,server,1,11884849,85400,,333000,4294967295,
migrate_demo,server,1,11890043,85400,,333000,4294967295,
migrate_demo,server,1,11895364,85400,,333000,4294967295,
migrate_demo,server,1,11900691,85400,,333000,4294967295,
migrate_demo,server,1,11905960,85400,,333000,4294967295,
migrate_demo,server,1,11911075,85400,,333000,4294967295,
migrate_demo,server,1,11916274,85400,,333000,4294967295,
migrate_demo,server,1,11921463,85400,,333000,4294967295,
migrate_demo,server,1,11926786,85400,,333000,4294967295,
migrate_demo,server,1,11932013,86620,,333000,4294967295,
migrate_demo,server,1,11937294,86620,,333000,4294967295,
migrate_demo,server,1,11942634,86620,,333000,4294967295,
migrate_demo,server,1,11947926,86620,,333000,4294967295,
migrate_demo,server,1,11953123,86620,,333000,4294967295,
migrate_demo,server,1,11958332,86620,,333000,4294967295,
migrate_demo,server,1,11963599,86620,,333000,4294967295,
migrate_demo,server,1,11968811,86620,,333000,4294967295,
migrate_demo,server,1,11974013,86620,,333000,4294967295,
migrate_demo,server,1,11979302,86620,,333000,4294967295,
migrate_demo,server,1,11984581,86620,,333000,4294967295,
migrate_demo,server,1,11989819,86620,,333000,4294967295,
migrate_demo,server,1,11995093,86620,,333000,4294967295,
migrate_demo,server,1,12000392,87840,,333000,4294967295,
migrate_demo,server,1,12005674,87840,,333000,4294967295,
migrate_demo,server,1,12010895,87840,,333000,4294967295,
migrate_demo,server,1,12016143,87840,,333000,4294967295,
migrate_demo,server,1,12021340,87840,,333000,4294967295,
migrate_demo,server,1,12026594,87840,,333000,4294967295,
migrate_demo,server,1,12031850,87840,,333000,4294967295,
migrate_demo,server,1,12037443,87840,,333000,4294967295,
migrate_demo,server,1,12042720,87840,,333000,4294967295,
migrate_demo,server,1,12048011,87840,,333000,4294967295,
migrate_demo,server,1,12053262,87840,,333000,4294967295,
migrate_demo,server,1,12058548,87840,,333000,4294967295,
migrate_demo,server,1,12063827,87840,,333000,4294967295,
migrate_demo,server,1,12069126,89060,,333000,4294967295,
migrate_demo,server,1,12074500,89060,,333000,4294967295,
migrate_demo,server,1,12079758,89060,,333000,4294967295,
migrate_demo,server,1,12085012,89060,,333000,4294967295,
migrate_demo,server,1,12090291,89060,,333000,4294967295,
migrate_demo,server,1,12095582,89060,,333000,4294967295,
migrate_demo,server,1,12100897,89060,,333000,4294967295,
migrate_demo,server,1,12106127,89060,,333000,4294967295,
migrate_demo,server,1,12111419,89060,,333000,4294967295,
migrate_demo,server,1,12116687,89060,,333000,4294967295,
migrate_demo,server,1,12121930,89060,,333000,4294967295,
migrate_demo,server,1,12127171,89060,,333000,4294967295,
migrate_demo,server,1,12132439,89060,,333000,4294967295,
migrate_demo,server,1,12137789,90280,,333000,4294967295,
migrate_demo,server,1,12143046,90280,,333000,4294967295,
migrate_demo,server,1,12148241,90280,,333000,4294967295,
migrate_demo,server,1,12153464,90280,,333000,4294967295,
migrate_demo,server,1,12158642,90280,,333000,4294967295,
migrate_demo,server,1,12163935,90280,,333000,4294967295,
migrate_demo,server,1,12169191,90280,,333000,4294967295,
migrate_demo,server,1,12174487,90280,,333000,4294967295,
migrate_demo,server,1,12179746,90280,,333000,4294967295,
migrate_demo,server,1,12184940,90280,,333000,4294967295,
migrate_demo,server,1,12190209,90280,,333000,4294967295,
migrate_demo,server,1,12195457,90280,,333000,4294967295,
migrate_demo,server,1,12201197,91500,,333000,4294967295,
migrate_demo,server,1,12206489,91500,,333000,4294967295,
migrate_demo,server,1,12211812,91500,,333000,4294967295,
migrate_demo,server,1,12217032,91500,,333000,4294967295,
migrate_demo,server,1,12222289,91500,,333000,4294967295,
migrate_demo,server,1,12227507,91500,,333000,4294967295,
migrate_demo,server,1,12232826,91500,,333000,4294967295,
migrate_demo,server,1,12238060,91500,,333000,4294967295,
migrate_demo,server,1,12243338,91500,,333000,4294967295,
migrate_demo,server,1,12248623,91500,,333000,4294967295,
migrate_demo,server,1,12253850,91500,,333000,4294967295,
migrate_demo,server,1,12259150,91500,,333000,4294967295,
migrate_demo,server,1,12264425,91500,,333000,4294967295,
migrate_demo,server,1,12269741,92720,,333000,4294967295,
migrate_demo,server,1,12275058,92720,,333000,4294967295,
migrate_demo,server,1,12280568,92720,,333000,4294967295,
migrate_demo,server,1,12285813,92720,,333000,4294967295,
migrate_demo,server,1,12291089,92720,,333000,4294967295,
migrate_demo,server,1,12296356,92720,,333000,4294967295,
migrate_demo,server,1,12301675,92720,,333000,4294967295,
migrate_demo,server,1,12307000,92720,,333000,4294967295,
migrate_demo,server,1,12312262,92720,,333000,4294967295,
migrate_demo,server,1,12317711,92720,,333000,4294967295,
migrate_demo,server,1,12323171,92720,,333000,4294967295,
migrate_demo,server,1,12328575,92720,,333000,4294967295,
migrate_demo,server,1,12333962,93940,,333000,4294967295,
migrate_demo,server,1,12339469,93940,,333000,4294967295,
migrate_demo,server,1,12344911,93940,,333000,4294967295,
migrate_demo,server,1,12350365,93940,,333000,4294967295,
migrate_demo,server,1,12355805,93940,,333000,4294967295,
migrate_demo,server,1,12361235,93940,,333000,4294967295,
migrate_demo,server,1,12366682,93940,,333000,4294967295,
migrate_demo,server,1,12372162,93940,,333000,4294967295,
migrate_demo,server,1,12377488,93940,,333000,4294967295,
migrate_demo,server,1,12382964,93940,,333000,4294967295,
migrate_demo,server,1,12388395,93940,,333000,4294967295,
migrate_demo,server,1,12393672,93940,,333000,4294967295,
migrate_demo,server,1,12399140,93940,,333000,4294967295,
migrate_demo,server,1,12404489,95160,,333000,4294967295,
migrate_demo,server,1,12410034,95160,,333000,4294967295,
migrate_demo,server,1,12415353,95160,,333000,4294967295,
migrate_demo,server,1,12420810,95160,,333000,4294967295,
migrate_demo,server,1,12426198,95160,,333000,4294967295,
migrate_demo,server,1,12431560,95160,,333000,4294967295,
migrate_demo,server,1,12436891,95160,,333000,4294967295,
migrate_demo,server,1,12442532,95160,,333000,4294967295,
migrate_demo,server,1,12447884,95160,,333000,4294967295,
migrate_demo,server,1,12453183,95160,,333000,4294967295,
migrate_demo,server,1,12458480,95160,,333000,4294967295,
migrate_demo,server,1,12463958,95160,,333000,4294967295,
migrate_demo,server,1,12469345,95160,,333000,4294967295,
migrate_demo,server,1,12474742,96380,,333000,4294967295,
migrate_demo,server,1,12480217,96380,,333000,4294967295,
migrate_demo,server,1,12485538,96380,,333000,4294967295,
migrate_demo,server,1,12491002,96380,,333000,4294967295,
migrate_demo,server,1,12496397,96380,,333000,4294967295,
migrate_demo,server,1,12501814,96380,,333000,4294967295,
migrate_demo,server,1,12507248,96380,,333000,4294967295,
migrate_demo,server,1,12512709,96380,,333000,4294967295,
migrate_demo,server,1,12517995,96380,,333000,4294967295,
migrate_demo,server,1,12523300,96380,,333000,4294967295,
migrate_demo,server,1,12528669,96380,,333000,4294967295,
migrate_demo,server,1,12534040,96380,,333000,4294967295,
migrate_demo,server,1,12539520,97600,,333000,4294967295,
migrate_demo,server,1,12544981,97600,,333000,4294967295,
migrate_demo,server,1,12550300,97600,,333000,4294967295,
migrate_demo,server,1,12555721,97600,,333000,4294967295,
migrate_demo,server,1,12560998,97600,,333000,4294967295,
migrate_demo,server,1,12566434,97600,,333000,4294967295,
migrate_demo,server,1,12571951,97600,,333000,4294967295,
migrate_demo,server,1,12577404,97600,,333000,4294967295,
migrate_demo,server,1,12582840,97600,,333000,4294967295,
migrate_demo,server,1,12588374,97600,,333000,4294967295,
migrate_demo,server,1,12593722,97600,,333000,4294967295,
migrate_demo,server,1,12599090,97600,,333000,4294967295,
migrate_demo,server,1,12604587,97600,,333000,4294967295,
migrate_demo,server,1,12610055,98820,,333000,4294967295,
migrate_demo,server,1,12615588,98820,,333000,4294967295,
migrate_demo,server,1,12621009,98820,,333000,4294967295,
migrate_demo,server,1,12626471,98820,,333000,4294967295,
migrate_demo,server,1,12631931,98820,,333000,4294967295,
migrate_demo,server,1,12637175,98820,,333000,4294967295,
migrate_demo,server,1,12642604,98820,,333000,4294967295,
migrate_demo,server,1,12648102,98820,,333000,4294967295,
migrate_demo,server,1,12653456,98820,,333000,4294967295,
migrate_demo,server,1,12658851,98820,,333000,4294967295,
migrate_demo,server,1,12664177,98820,,333000,4294967295,
migrate_demo,server,1,12669580,98820,,333000,4294967295,
migrate_demo,server,1,12674975,100040,,333000,4294967295,
migrate_demo,server,1,12680322,100040,,333000,4294967295,
migrate_demo,server,1,12685692,100040,,333000,4294967295,
migrate_demo,server,1,12691218,100040,,333000,4294967295,
migrate_demo,server,1,12696642,100040,,333000,4294967295,
migrate_demo,server,1,12701935,100040,,333000,4294967295,
migrate_demo,server,1,12707255,100040,,333000,4294967295,
migrate_demo,server,1,12712566,100040,,333000,4294967295,
migrate_demo,server,1,12717842,100040,,333000,4294967295,
migrate_demo,server,1,12723161,100040,,333000,4294967295,
migrate_demo,server,1,12728433,100040,,333000,4294967295,
migrate_demo,server,1,12733725,100040,,333000,4294967295,
migrate_demo,server,1,12739046,101260,,333000,4294967295,
migrate_demo,server,1,12744341,101260,,333000,4294967295,
migrate_demo,server,1,12749596,101260,,333000,4294967295,
migrate_demo,server,1,12754876,101260,,333000,4294967295,
migrate_demo,server,1,12760448,101260,,333000,4294967295,
migrate_demo,server,1,12765717,101260,,333000,4294967295,
migrate_demo,server,1,12770950,101260,,333000,4294967295,
migrate_demo,server,1,12776391,101260,,333000,4294967295,
migrate_demo,server,1,12781680,101260,,333000,4294967295,
migrate_demo,server,1,12786912,101260,,333000,4294967295,
migrate_demo,server,1,12792168,101260,,333000,4294967295,
migrate_demo,server,1,12797409,101260,,333000,4294967295,
migrate_demo,server,1,12802794,101260,,333000,4294967295,
migrate_demo,server,1,12808409,102480,,333000,4294967295,
migrate_demo,server,1,12813741,102480,,333000,4294967295,
migrate_demo,server,1,12819229,102480,,333000,4294967295,
migrate_demo,server,1,12824591,102480,,333000,4294967295,
migrate_demo,server,1,12829837,102480,,333000,4294967295,
migrate_demo,server,1,12835124,102480,,333000,4294967295,
migrate_demo,server,1,12840535,102480,,333000,4294967295,
migrate_demo,server,1,12845959,102480,,333000,4294967295,
migrate_demo,server,1,12851327,102480,,333000,4294967295,
migrate_demo,server,1,12856747,102480,,333000,4294967295,
migrate_demo,server,1,12862146,102480,,333000,4294967295,
migrate_demo,server,1,12867591,102480,,333000,4294967295,
migrate_demo,server,1,12873034,102480,,333000,4294967295,
migrate_demo,server,1,12878513,103700,,333000,4294967295,
migrate_demo,server,1,12883922,103700,,333000,4294967295,
migrate_demo,server,1,12889372,103700,,333000,4294967295,
migrate_demo,server,1,12894830,103700,,333000,4294967295,
migrate_demo,server,1,12900272,103700,,333000,4294967295,
migrate_demo,server,1,12905710,103700,,333000,4294967295,
migrate_demo,server,1,12911203,103700,,333000,4294967295,
migrate_demo,server,1,12916623,103700,,333000,4294967295,
migrate_demo,server,1,12921894,103700,,333000,4294967295,
migrate_demo,server,1,12927319,103700,,333000,4294967295,
migrate_demo,server,1,12932756,103700,,333000,4294967295,
migrate_demo,server,1,12938158,103700,,333000,4294967295,
migrate_demo,server,1,12943651,104920,,333000,4294967295,
migrate_demo,server,1,12948870,104920,,333000,4294967295,
migrate_demo,server,1,12954270,104920,,333000,4294967295,
migrate_demo,server,1,12959704,104920,,333000,4294967295,
migrate_demo,server,1,12965007,104920,,333000,4294967295,
migrate_demo,server,1,12970502,104920,,333000,4294967295,
migrate_demo,server,1,12975894,104920,,333000,4294967295,
migrate_demo,server,1,12981388,104920,,333000,4294967295,
migrate_demo,server,1,12986707,104920,,333000,4294967295,
migrate_demo,server,1,12992143,104920,,333000,4294967295,
migrate_demo,server,1,12997506,104920,,333000,4294967295,
migrate_demo,server,1,13002950,104920,,333000,4294967295,
migrate_demo,server,1,13008319,106140,,333000,4294967295,
migrate_demo,server,1,13013607,106140,,333000,4294967295,
migrate_demo,server,1,13018970,106140,,333000,4294967295,
migrate_demo,server,1,13024426,106140,,333000,4294967295,
migrate_demo,server,1,13029743,106140,,333000,4294967295,
migrate_demo,server,1,13035171,106140,,333000,4294967295,
migrate_demo,server,1,13040604,106140,,333000,4294967295,
migrate_demo,server,1,13046032,106140,,333000,4294967295,
migrate_demo,server,1,13051500,106140,,333000,4294967295,
migrate_demo,server,1,13056733,106140,,333000,4294967295,
migrate_demo,server,1,13062116,107360,,333000,4294967295,
migrate_demo,server,1,13067348,107360,,333000,4294967295,
migrate_demo,server,1,13072808,107360,,333000,4294967295,
migrate_demo,server,1,13078055,107360,,333000,4294967295,
migrate_demo,server,1,13083529,107360,,333000,4294967295,
migrate_demo,server,1,13088824,107360,,333000,4294967295,
migrate_demo,server,1,13094278,107360,,333000,4294967295,
migrate_demo,server,1,13099639,107360,,333000,4294967295,
migrate_demo,server,1,13105126,107360,,333000,4294967295,
migrate_demo,server,1,13110529,107360,,333000,4294967295,
migrate_demo,server,1,13115985,107360,,333000,4294967295,
migrate_demo,server,1,13121342,107360,,333000,4294967295,
migrate_demo,server,1,13126770,107360,,333000,4294967295,
migrate_demo,server,1,13132187,107360,,333000,4294967295,
migrate_demo,server,1,13137479,108580,,333000,4294967295,
migrate_demo,server,1,13142880,108580,,333000,4294967295,
migrate_demo,server,1,13148266,108580,,333000,4294967295,
migrate_demo,server,1,13153580,108580,,333000,4294967295,
migrate_demo,server,1,13159004,108580,,333000,4294967295,
migrate_demo,server,1,13164541,108580,,333000,4294967295,
migrate_demo,server,1,13169892,108580,,333000,4294967295,
migrate_demo,server,1,13175362,108580,,333000,4294967295,
migrate_demo,server,1,13180663,108580,,333000,4294967295,
migrate_demo,server,1,13185887,108580,,333000,4294967295,
migrate_demo,server,1,13191184,109800,,333000,4294967295,
migrate_demo,server,1,13196705,109800,,333000,4294967295,
migrate_demo,server,1,13202079,109800,,333000,4294967295,
migrate_demo,server,1,13207509,109800,,333000,4294967295,
migrate_demo,server,1,13212836,109800,,333000,4294967295,
migrate_demo,server,1,13218232,109800,,333000,4294967295,
migrate_demo,server,1,13223480,109800,,333000,4294967295,
migrate_demo,server,1,13228784,109800,,333000,4294967295,
migrate_demo,server,1,13234033,109800,,333000,4294967295,
migrate_demo,server,1,13239354,109800,,333000,4294967295,
migrate_demo,server,1,13244667,111020,,333000,4294967295,
migrate_demo,server,1,13250209,111020,,333000,4294967295,
migrate_demo,server,1,13255694,111020,,333000,4294967295,
migrate_demo,server,1,13261204,111020,,333000,4294967295,
migrate_demo,server,1,13266658,111020,,333000,4294967295,
migrate_demo,server,1,13272115,111020,,333000,4294967295,
migrate_demo,server,1,13277611,111020,,333000,4294967295,
migrate_demo,server,1,13282872,111020,,333000,4294967295,
migrate_demo,server,1,13288132,111020,,333000,4294967295,
migrate_demo,server,1,13293516,111020,,333000,4294967295,
migrate_demo,server,1,13299146,111020,,333000,4294967295,
migrate_demo,server,1,13304867,111020,,333000,4294967295,
migrate_demo,server,1,13310314,111020,,333000,4294967295,
migrate_demo,server,1,13315617,111020,,333000,4294967295,
migrate_demo,server,1,13320937,112240,,333000,4294967295,
migrate_demo,server,1,13326406,112240,,333000,4294967295,
migrate_demo,server,1,13331886,112240,,333000,4294967295,
migrate_demo,server,1,13337427,112240,,333000,4294967295,
migrate_demo,server,1,13342953,112240,,333000,4294967295,
migrate_demo,server,1,13348323,112240,,333000,4294967295,
migrate_demo,server,1,13353617,112240,,333000,4294967295,
migrate_demo,server,1,13358986,112240,,333000,4294967295,
migrate_demo,server,1,13364249,112240,,333000,4294967295,
migrate_demo,server,1,13369591,112240,,333000,4294967295,
migrate_demo,server,1,13374811,113460,,333000,4294967295,
migrate_demo,server,1,13380036,113460,,333000,4294967295,
migrate_demo,server,1,13385309,113460,,333000,4294967295,
migrate_demo,server,1,13390690,113460,,333000,4294967295,
migrate_demo,server,1,13396000,113460,,333000,4294967295,
migrate_demo,server,1,13401249,113460,,333000,4294967295,
migrate_demo,server,1,13406509,113460,,333000,4294967295,
migrate_demo,server,1,13411759,113460,,333000,4294967295,
migrate_demo,server,1,13417008,113460,,333000,4294967295,
migrate_demo,server,1,13422315,113460,,333000,4294967295,
migrate_demo,server,1,13427556,113460,,333000,4294967295,
migrate_demo,server,1,13432769,113460,,333000,4294967295,
migrate_demo,server,1,13438023,113460,,333000,4294967295,
migrate_demo,server,1,13443227,113460,,333000,4294967295,
migrate_demo,server,1,13448479,113460,,333000,4294967295,
migrate_demo,server,1,13453726,114680,,333000,4294967295,
migrate_demo,server,1,13459011,114680,,333000,4294967295,
migrate_demo,server,1,13464287,114680,,333000,4294967295,
migrate_demo,server,1,13469522,114680,,333000,4294967295,
migrate_demo,server,1,13474730,114680,,333000,4294967295,
migrate_demo,server,1,13479975,114680,,333000,4294967295,
migrate_demo,server,1,13485191,114680,,333000,4294967295,
migrate_demo,server,1,13490495,114680,,333000,4294967295,
migrate_demo,server,1,13495744,114680,,333000,4294967295,
migrate_demo,server,1,13500985,114680,,333000,4294967295,
migrate_demo,server,1,13506218,115900,,333000,4294967295,
migrate_demo,server,1,13511451,115900,,333000,4294967295,
migrate_demo,server,1,13516680,115900,,333000,4294967295,
migrate_demo,server,1,13521961,115900,,333000,4294967295,
migrate_demo,server,1,13527186,115900,,333000,4294967295,
migrate_demo,server,1,13532450,115900,,333000,4294967295,
migrate_demo,server,1,13537738,115900,,333000,4294967295,
migrate_demo,server,1,13542988,115900,,333000,4294967295,
migrate_demo,server,1,13548192,115900,,333000,4294967295,
migrate_demo,server,1,13553401,115900,,333000,4294967295,
migrate_demo,server,1,13558635,117120,,333000,4294967295,
migrate_demo,server,1,13563892,117120,,333000,4294967295,
migrate_demo,server,1,13569162,117120,,333000,4294967295,
migrate_demo,server,1,13574360,117120,,333000,4294967295,
migrate_demo,server,1,13579551,117120,,333000,4294967295,
migrate_demo,server,1,13584870,117120,,333000,4294967295,
migrate_demo,server,1,13590050,117120,,333000,4294967295,
migrate_demo,server,1,13595295,117120,,333000,4294967295,
migrate_demo,server,1,13600565,117120,,333000,4294967295,
migrate_demo,server,1,13605787,117120,,333000,4294967295,
migrate_demo,server,1,13611017,117120,,333000,4294967295,
migrate_demo,server,1,13616278,117120,,333000,4294967295,
migrate_demo,server,1,13621528,117120,,333000,4294967295,
migrate_demo,server,1,13626787,117120,,333000,4294967295,
migrate_demo,server,1,13632040,117120,,333000,4294967295,
migrate_demo,server,1,13637331,118340,,333000,4294967295,
migrate_demo,server,1,13642585,118340,,333000,4294967295,
migrate_demo,server,1,13647780,118340,,333000,4294967295,
migrate_demo,server,1,13652996,118340,,333000,4294967295,
migrate_demo,server,1,13658209,118340,,333000,4294967295,
migrate_demo,server,1,13663476,118340,,333000,4294967295,
migrate_demo,server,1,13668747,118340,,333000,4294967295,
migrate_demo,server,1,13674061,118340,,333000,4294967295,
migrate_demo,server,1,13679331,118340,,333000,4294967295,
migrate_demo,server,1,13684599,118340,,333000,4294967295,
migrate_demo,server,1,13689900,119560,,333000,4294967295,
migrate_demo,server,1,13695133,119560,,333000,4294967295,
migrate_demo,server,1,13700359,119560,,333000,4294967295,
migrate_demo,server,1,13705577,119560,,333000,4294967295,
migrate_demo,server,1,13710803,119560,,333000,4294967295,
migrate_demo,server,1,13716019,119560,,333000,4294967295,
migrate_demo,server,1,13721278,119560,,333000,4294967295,
migrate_demo,server,1,13726630,119560,,333000,4294967295,
migrate_demo,server,1,13731901,119560,,333000,4294967295,
migrate_demo,server,1,13737111,119560,,333000,4294967295,
migrate_demo,server,1,13742375,119560,,333000,4294967295,
migrate_demo,server,1,13747605,119560,,333000,4294967295,
migrate_demo,server,1,13752821,119560,,333000,4294967295,
migrate_demo,server,1,13758041,119560,,333000,4294967295,
migrate_demo,server,1,13763258,119560,,333000,4294967295,
migrate_demo,server,1,13768441,120780,,333000,4294967295,
migrate_demo,server,1,13773737,120780,,333000,4294967295,
migrate_demo,server,1,13778967,120780,,333000,4294967295,
migrate_demo,server,1,13784170,120780,,333000,4294967295,
migrate_demo,server,1,13789401,120780,,333000,4294967295,
migrate_demo,server,1,13794752,120780,,333000,4294967295,
migrate_demo,server,1,13800042,120780,,333000,4294967295,
migrate_demo,server,1,13805413,120780,,333000,4294967295,
migrate_demo,server,1,13810661,120780,,333000,4294967295,
migrate_demo,server,1,13815890,120780,,333000,4294967295,
migrate_demo,server,1,13821164,122000,,333000,4294967295,
migrate_demo,server,1,13826466,122000,,333000,4294967295,
migrate_demo,server,1,13831774,122000,,333000,4294967295,
migrate_demo,server,1,13837094,122000,,333000,4294967295,
migrate_demo,server,1,13842402,122000,,333000,4294967295,
migrate_demo,server,1,13847655,122000,,333000,4294967295,
migrate_demo,server,1,13852900,122000,,333000,4294967295,
migrate_demo,server,1,13858189,122000,,333000,4294967295,
migrate_demo,server,1,13863470,122000,,333000,4294967295,
migrate_demo,server,1,13868699,122000,,333000,4294967295,
migrate_demo,server,1,13873941,122000,,333000,4294967295,
migrate_demo,server,1,13879229,122000,,333000,4294967295,
migrate_demo,server,1,13884514,122000,,333000,4294967295,
migrate_demo,server,1,13889781,122000,,333000,4294967295,
migrate_demo,server,1,13895025,122000,,333000,4294967295,
migrate_demo,server,1,13900255,123220,,333000,4294967295,
migrate_demo,server,1,13905542,123220,,333000,4294967295,
migrate_demo,server,1,13910828,123220,,333000,4294967295,
migrate_demo,server,1,13916122,123220,,333000,4294967295,
migrate_demo,server,1,13922369,123220,,333000,4294967295,
migrate_demo,server,1,13927705,123220,,333000,4294967295,
migrate_demo,server,1,13933016,123220,,333000,4294967295,
migrate_demo,server,1,13938306,123220,,333000,4294967295,
migrate_demo,server,1,13943670,123220,,333000,4294967295,
migrate_demo,server,1,13948911,123220,,333000,4294967295,
migrate_demo,server,1,13954166,124440,,333000,4294967295,
migrate_demo,server,1,13959509,124440,,333000,4294967295,
migrate_demo,server,1,13964778,124440,,333000,4294967295,
migrate_demo,server,1,13970078,124440,,333000,4294967295,
migrate_demo,server,1,13975343,124440,,333000,4294967295,
migrate_demo,server,1,13980586,124440,,333000,4294967295,
migrate_demo,server,1,13985869,124440,,333000,4294967295,
migrate_demo,server,1,13991120,124440,,333000,4294967295,
migrate_demo,server,1,13996355,124440,,333000,4294967295,
migrate_demo,server,1,14001593,124440,,333000,4294967295,
migrate_demo,server,1,14006825,124440,,333000,4294967295,
migrate_demo,server,1,14012103,124440,,333000,4294967295,
migrate_demo,server,1,14017390,124440,,333000,4294967295,
migrate_demo,server,1,14022614,124440,,333000,4294967295,
migrate_demo,server,1,14027872,124440,,333000,4294967295,
migrate_demo,server,1,14033123,125660,,333000,4294967295,
migrate_demo,server,1,14038351,125660,,333000,4294967295,
migrate_demo,server,1,14043597,125660,,333000,4294967295,
migrate_demo,server,1,14048843,125660,,333000,4294967295,
migrate_demo,server,1,14054182,125660,,333000,4294967295,
migrate_demo,server,1,14059411,125660,,333000,4294967295,
migrate_demo,server,1,14064701,125660,,333000,4294967295,
migrate_demo,server,1,14069976,125660,,333000,4294967295,
migrate_demo,server,1,14075228,125660,,333000,4294967295,
migrate_demo,server,1,14080468,125660,,333000,4294967295,
migrate_demo,server,1,14085753,126880,,333000,4294967295,
migrate_demo,server,1,14090994,126880,,333000,4294967295,
migrate_demo,server,1,14096290,126880,,333000,4294967295,
migrate_demo,server,1,14101506,126880,,333000,4294967295,
migrate_demo,server,1,14106785,126880,,333000,4294967295,
migrate_demo,server,1,14112036,126880,,333000,4294967295,
migrate_demo,server,1,14117266,126880,,333000,4294967295,
migrate_demo,server,1,14122540,126880,,333000,4294967295,
migrate_demo,server,1,14127819,126880,,333000,4294967295,
migrate_demo,server,1,14133011,126880,,333000,4294967295,
migrate_demo,server,1,14138241,126880,,333000,4294967295,
migrate_demo,server,1,14143508,126880,,333000,4294967295,
migrate_demo,server,1,14148802,126880,,333000,4294967295,
migrate_demo,server,1,14154041,128100,,333000,4294967295,
migrate_demo,server,1,14159284,128100,,333000,4294967295,
migrate_demo,server,1,14164643,128100,,333000,4294967295,
migrate_demo,server,1,14169947,128100,,333000,4294967295,
migrate_demo,server,1,14175211,128100,,333000,4294967295,
migrate_demo,server,1,14180445,128100,,333000,4294967295,
migrate_demo,server,1,14185727,128100,,333000,4294967295,
migrate_demo,server,1,14190967,128100,,333000,4294967295,
migrate_demo,server,1,14196240,128100,,333000,4294967295,
migrate_demo,server,1,14201449,129320,,333000,4294967295,
migrate_demo,server,1,14206715,129320,,333000,4294967295,
migrate_demo,server,1,14211970,129320,,333000,4294967295,
migrate_demo,server,1,14217202,129320,,333000,4294967295,
migrate_demo,server,1,14222819,129320,,333000,4294967295,
migrate_demo,server,1,14228090,129320,,333000,4294967295,
migrate_demo,server,1,14233369,129320,,333000,4294967295,
migrate_demo,server,1,14238670,129320,,333000,4294967295,
migrate_demo,server,1,14244036,129320,,333000,4294967295,
migrate_demo,server,1,14249741,129320,,333000,4294967295,
migrate_demo,server,1,14254975,129320,,333000,4294967295,
migrate_demo,server,1,14260240,129320,,333000,4294967295,
migrate_demo,server,1,14265579,129320,,333000,4294967295,
migrate_demo,server,1,14270860,129320,,333000,4294967295,
migrate_demo,server,1,14276140,130540,,333000,4294967295,
migrate_demo,server,1,14281363,130540,,333000,4294967295,
migrate_demo,server,1,14286564,130540,,333000,4294967295,
migrate_demo,server,1,14291792,130540,,333000,4294967295,
migrate_demo,server,1,14297112,130540,,333000,4294967295,
migrate_demo,server,1,14302302,130540,,333000,4294967295,
migrate_demo,server,1,14307535,130540,,333000,4294967295,
migrate_demo,server,1,14312812,130540,,333000,4294967295,
migrate_demo,server,1,14318102,130540,,333000,4294967295,
migrate_demo,server,1,14323358,130540,,333000,4294967295,
migrate_demo,server,1,14328598,131760,,333000,4294967295,
migrate_demo,server,1,14333884,131760,,333000,4294967295,
migrate_demo,server,1,14339227,131760,,333000,4294967295,
migrate_demo,server,1,14344501,131760,,333000,4294967295,
migrate_demo,server,1,14349869,131760,,333000,4294967295,
migrate_demo,server,1,14355209,131760,,333000,4294967295,
migrate_demo,server,1,14360410,131760,,333000,4294967295,
migrate_demo,server,1,14365741,131760,,333000,4294967295,
migrate_demo,server,1,14371123,131760,,333000,4294967295,
migrate_demo,server,1,14376459,131760,,333000,4294967295,
migrate_demo,server,1,14381818,131760,,333000,4294967295,
migrate_demo,server,1,14387024,131760,,333000,4294967295,
migrate_demo,server,1,14392289,131760,,333000,4294967295,
migrate_demo,server,1,14397487,131760,,333000,4294967295,
migrate_demo,server,1,14402735,131760,,333000,4294967295,
migrate_demo,server,1,14407998,132980,,333000,4294967295,
migrate_demo,server,1,14413270,132980,,333000,4294967295,
migrate_demo,server,1,14418589,132980,,333000,4294967295,
migrate_demo,server,1,14423848,132980,,333000,4294967295,
migrate_demo,server,1,14429064,132980,,333000,4294967295,
migrate_demo,server,1,14434241,132980,,333000,4294967295,
migrate_demo,server,1,14439472,132980,,333000,4294967295,
migrate_demo,server,1,14444737,132980,,333000,4294967295,
migrate_demo,server,1,14449946,132980,,333000,4294967295,
migrate_demo,server,1,14455235,132980,,333000,4294967295,
migrate_demo,server,1,14460487,134200,,333000,4294967295,
migrate_demo,server,1,14465744,134200,,333000,4294967295,
migrate_demo,server,1,14471011,134200,,333000,4294967295,
migrate_demo,server,1,14476233,134200,,333000,4294967295,
migrate_demo,server,1,14481513,134200,,333000,4294967295,
migrate_demo,server,1,14486777,134200,,333000,4294967295,
migrate_demo,server,1,14492018,134200,,333000,4294967295,
migrate_demo,server,1,14497280,134200,,333000,4294967295,
migrate_demo,server,1,14502499,134200,,333000,4294967295,
migrate_demo,server,1,14507733,134200,,333000,4294967295,
migrate_demo,server,1,14512956,134200,,333000,4294967295,
migrate_demo,server,1,14518169,134200,,333000,4294967295,
migrate_demo,server,1,14523455,134200,,333000,4294967295,
migrate_demo,server,1,14528692,134200,,333000,4294967295,
migrate_demo,server,1,14533912,134200,,333000,4294967295,
migrate_demo,server,1,14539181,135420,,333000,4294967295,
migrate_demo,server,1,14544405,135420,,333000,4294967295,
migrate_demo,server,1,14549659,135420,,333000,4294967295,
migrate_demo,server,1,14554854,135420,,333000,4294967295,
migrate_demo,server,1,14560098,135420,,333000,4294967295,
migrate_demo,server,1,14565329,135420,,333000,4294967295,
migrate_demo,server,1,14570670,135420,,333000,4294967295,
migrate_demo,server,1,14575964,135420,,333000,4294967295,
migrate_demo,server,1,14581190,135420,,333000,4294967295,
migrate_demo,server,1,14586354,135420,,333000,4294967295,
migrate_demo,server,1,14591621,136640,,333000,4294967295,
migrate_demo,server,1,14596881,136640,,333000,4294967295,
migrate_demo,server,1,14602159,136640,,333000,4294967295,
migrate_demo,server,1,14607417,136640,,333000,4294967295,
migrate_demo,server,1,14612685,136640,,333000,4294967295,
migrate_demo,server,1,14617963,136640,,333000,4294967295,
migrate_demo,server,1,14623232,136640,,333000,4294967295,
migrate_demo,server,1,14628514,136640,,333000,4294967295,
migrate_demo,server,1,14633771,136640,,333000,4294967295,
migrate_demo,server,1,14639010,136640,,333000,4294967295,
migrate_demo,server,1,14644270,136640,,333000,4294967295,
migrate_demo,server,1,14649534,136640,,333000,4294967295,
migrate_demo,server,1,14654782,136640,,333000,4294967295,
migrate_demo,server,1,14660019,136640,,333000,4294967295,
migrate_demo,server,1,14665491,136640,,333000,4294967295,
migrate_demo,server,1,14670737,137860,,333000,4294967295,
migrate_demo,server,1,14675925,137860,,333000,4294967295,
migrate_demo,server,1,14681188,137860,,333000,4294967295,
migrate_demo,server,1,14686401,137860,,333000,4294967295,
migrate_demo,server,1,14691678,137860,,333000,4294967295,
migrate_demo,server,1,14696933,137860,,333000,4294967295,
migrate_demo,server,1,14702183,137860,,333000,4294967295,
migrate_demo,server,1,14707428,137860,,333000,4294967295,
migrate_demo,server,1,14712683,137860,,333000,4294967295,
migrate_demo,server,1,14717952,139080,,333000,4294967295,
migrate_demo,server,1,14723171,139080,,333000,4294967295,
migrate_demo,server,1,14728377,139080,,333000,4294967295,
migrate_demo,server,1,14733631,139080,,333000,4294967295,
migrate_demo,server,1,14738831,139080,,333000,4294967295,
migrate_demo,server,1,14744047,139080,,333000,4294967295,
migrate_demo,server,1,14749341,139080,,333000,4294967295,
migrate_demo,server,1,14754544,139080,,333000,4294967295,
migrate_demo,server,1,14759820,139080,,333000,4294967295,
migrate_demo,server,1,14765042,139080,,333000,4294967295,
migrate_demo,server,1,14770234,139080,,333000,4294967295,
migrate_demo,server,1,14775484,139080,,333000,4294967295,
migrate_demo,server,1,14780783,139080,,333000,4294967295,
migrate_demo,server,1,14786017,139080,,333000,4294967295,
migrate_demo,server,1,14791290,139080,,333000,4294967295,
migrate_demo,server,1,14796623,140300,,333000,4294967295,
migrate_demo,server,1,14801874,140300,,333000,4294967295,
migrate_demo,server,1,14807192,140300,,333000,4294967295,
migrate_demo,server,1,14812436,140300,,333000,4294967295,
migrate_demo,server,1,14817714,140300,,333000,4294967295,
migrate_demo,server,1,14823019,140300,,333000,4294967295,
migrate_demo,server,1,14828265,140300,,333000,4294967295,
migrate_demo,server,1,14833551,140300,,333000,4294967295,
migrate_demo,server,1,14838826,140300,,333000,4294967295,
migrate_demo,server,1,14844017,140300,,333000,4294967295,
migrate_demo,server,1,14849245,140300,,333000,4294967295,
migrate_demo,server,1,14854561,140300,,333000,4294967295,
migrate_demo,server,1,14859808,140300,,333000,4294967295,
migrate_demo,server,1,14865005,140300,,333000,4294967295,
migrate_demo,server,1,14870254,141520,,333000,4294967295,
migrate_demo,server,1,14875474,141520,,333000,4294967295,
migrate_demo,server,1,14880702,141520,,333000,4294967295,
migrate_demo,server,1,14885933,141520,,333000,4294967295,
migrate_demo,server,1,14891141,141520,,333000,4294967295,
migrate_demo,server,1,14896333,141520,,333000,4294967295,
migrate_demo,server,1,14901600,141520,,333000,4294967295,
migrate_demo,server,1,14906858,141520,,333000,4294967295,
migrate_demo,server,1,14912078,141520,,333000,4294967295,
migrate_demo,server,1,14917449,142740,,333000,4294967295,
migrate_demo,server,1,14922695,142740,,333000,4294967295,
migrate_demo,server,1,14927950,142740,,333000,4294967295,
migrate_demo,server,1,14933232,142740,,333000,4294967295,
migrate_demo,server,1,14938442,142740,,333000,4294967295,
migrate_demo,server,1,14943671,142740,,333000,4294967295,
migrate_demo,server,1,14948880,142740,,333000,4294967295,
migrate_demo,server,1,14954072,142740,,333000,4294967295,
migrate_demo,server,1,14959325,142740,,333000,4294967295,
migrate_demo,server,1,14964615,142740,,333000,4294967295,
migrate_demo,server,1,14969823,142740,,333000,4294967295,
migrate_demo,server,1,14975022,142740,,333000,4294967295,
migrate_demo,server,1,14980259,142740,,333000,4294967295,
migrate_demo,server,1,14985480,142740,,333000,4294967295,
migrate_demo,server,1,14990691,142740,,333000,4294967295,
migrate_demo,server,1,14995948,143960,,333000,4294967295,
migrate_demo,server,1,15001162,143960,,333000,4294967295,
migrate_demo,server,1,15006399,143960,,333000,4294967295,
migrate_demo,server,1,15011623,143960,,333000,4294967295,
migrate_demo,server,1,15016868,143960,,333000,4294967295,
migrate_demo,server,1,15022102,143960,,333000,4294967295,
migrate_demo,server,1,15027366,143960,,333000,4294967295,
migrate_demo,server,1,15032692,143960,,333000,4294967295,
migrate_demo,server,1,15037955,143960,,333000,4294967295,
migrate_demo,server,1,15043218,145180,,333000,4294967295,
migrate_demo,server,1,15048486,145180,,333000,4294967295,
migrate_demo,server,1,15053807,145180,,333000,4294967295,
migrate_demo,server,1,15059016,145180,,333000,4294967295,
migrate_demo,server,1,15064269,145180,,333000,4294967295,
migrate_demo,server,1,15069508,145180,,333000,4294967295,
migrate_demo,server,1,15074748,145180,,333000,4294967295,
migrate_demo,server,1,15080025,145180,,333000,4294967295,
migrate_demo,server,1,15085221,145180,,333000,4294967295,
migrate_demo,server,1,15090521,145180,,333000,4294967295,
migrate_demo,server,1,15095786,145180,,333000,4294967295,
migrate_demo,server,1,15100997,145180,,333000,4294967295,
migrate_demo,server,1,15106229,145180,,333000,4294967295,
migrate_demo,server,1,15111489,146400,,333000,4294967295,
migrate_demo,server,1,15116704,146400,,333000,4294967295,
migrate_demo,server,1,15122004,146400,,333000,4294967295,
migrate_demo,server,1,15127307,146400,,333000,4294967295,
migrate_demo,server,1,15132590,146400,,333000,4294967295,
migrate_demo,server,1,15137811,146400,,333000,4294967295,
migrate_demo,server,1,15143080,146400,,333000,4294967295,
migrate_demo,server,1,15148301,146400,,333000,4294967295,
migrate_demo,server,1,15153532,146400,,333000,4294967295,
migrate_demo,server,1,15158800,146400,,333000,4294967295,
migrate_demo,server,1,15164065,146400,,333000,4294967295,
migrate_demo,server,1,15169311,146400,,333000,4294967295,
migrate_demo,server,1,15174565,146400,,333000,4294967295,
migrate_demo,server,1,15179818,147620,,333000,4294967295,
migrate_demo,server,1,15185062,147620,,333000,4294967295,
migrate_demo,server,1,15190309,147620,,333000,4294967295,
migrate_demo,server,1,15195554,147620,,333000,4294967295,
migrate_demo,server,1,15200771,147620,,333000,4294967295,
migrate_demo,server,1,15206055,147620,,333000,4294967295,
migrate_demo,server,1,15211314,147620,,333000,4294967295,
migrate_demo,server,1,15216621,147620,,333000,4294967295,
migrate_demo,server,1,15221882,147620,,333000,4294967295,
migrate_demo,server,1,15227123,147620,,333000,4294967295,
migrate_demo,server,1,15232378,147620,,333000,4294967295,
migrate_demo,server,1,15237610,147620,,333000,4294967295,
migrate_demo,server,1,15242885,147620,,333000,4294967295,
migrate_demo,server,1,15248180,148840,,333000,4294967295,
migrate_demo,server,1,15253387,148840,,333000,4294967295,
migrate_demo,server,1,15258614,148840,,333000,4294967295,
migrate_demo,server,1,15263883,148840,,333000,4294967295,
migrate_demo,server,1,15269105,148840,,333000,4294967295,
migrate_demo,server,1,15274362,148840,,333000,4294967295,
migrate_demo,server,1,15279571,148840,,333000,4294967295,
migrate_demo,server,1,15284821,148840,,333000,4294967295,
migrate_demo,server,1,15290076,148840,,333000,4294967295,
migrate_demo,server,1,15295289,148840,,333000,4294967295,
migrate_demo,server,1,15300499,148840,,333000,4294967295,
migrate_demo,server,1,15305721,148840,,333000,4294967295,
migrate_demo,server,1,15311002,148840,,333000,4294967295,
migrate_demo,server,1,15316484,150060,,333000,4294967295,
migrate_demo,server,1,15321725,150060,,333000,4294967295,
migrate_demo,server,1,15326994,150060,,333000,4294967295,
migrate_demo,server,1,15332217,150060,,333000,4294967295,
migrate_demo,server,1,15337432,150060,,333000,4294967295,
migrate_demo,server,1,15342693,150060,,333000,4294967295,
migrate_demo,server,1,15347950,150060,,333000,4294967295,
migrate_demo,server,1,15353197,150060,,333000,4294967295,
migrate_demo,server,1,15358438,150060,,333000,4294967295,
migrate_demo,server,1,15363667,151280,,333000,4294967295,
migrate_demo,server,1,15368887,151280,,333000,4294967295,
migrate_demo,server,1,15374109,151280,,333000,4294967295,
migrate_demo,server,1,15379381,151280,,333000,4294967295,
migrate_demo,server,1,15384656,151280,,333000,4294967295,
migrate_demo,server,1,15389908,151280,,333000,4294967295,
migrate_demo,server,1,15395138,151280,,333000,4294967295,
migrate_demo,server,1,15400374,151280,,333000,4294967295,
migrate_demo,server,1,15405578,151280,,333000,4294967295,
migrate_demo,server,1,15410832,151280,,333000,4294967295,
migrate_demo,server,1,15416086,151280,,333000,4294967295,
migrate_demo,server,1,15421335,151280,,333000,4294967295,
migrate_demo,server,1,15426558,151280,,333000,4294967295,
migrate_demo,server,1,15431802,151292,,333000,4294967295,
migrate_demo,server,1,15437039,151292,,333000,4294967295,
migrate_demo,server,1,15442263,151292,,333000,4294967295,
migrate_demo,server,1,15447480,151292,,333000,4294967295,
migrate_demo,server,1,15452691,151292,,333000,4294967295,
migrate_demo,server,1,15457963,151316,,333000,4294967295,
migrate_demo,server,1,15463227,151316,,333000,4294967295,
migrate_demo,server,1,15468496,151316,,333000,4294967295,
migrate_demo,server,1,15473736,151316,,333000,4294967295,
migrate_demo,server,1,15479001,151352,,333000,4294967295,
migrate_demo,server,1,15484229,151352,,333000,4294967295,
migrate_demo,server,1,15489451,151352,,333000,4294967295,
migrate_demo,server,1,15494695,151352,,333000,4294967295,
migrate_demo,server,1,15499911,151400,,333000,4294967295,
migrate_demo,server,1,15505152,151400,,333000,4294967295,
migrate_demo,server,1,15510387,151400,,333000,4294967295,
migrate_demo,server,1,15515667,151400,,333000,4294967295,
migrate_demo,server,1,15520874,151400,,333000,4294967295,
migrate_demo,server,1,15526107,151460,,333000,4294967295,
migrate_demo,server,1,15531353,151460,,333000,4294967295,
migrate_demo,server,1,15536560,151460,,333000,4294967295,
migrate_demo,server,1,15541797,151460,,333000,4294967295,
migrate_demo,server,1,15547096,151531,,333000,4294967295,
migrate_demo,server,1,15552303,151531,,333000,4294967295,
migrate_demo,server,1,15557542,151531,,333000,4294967295,
migrate_demo,server,1,15562780,151531,,333000,4294967295,
migrate_demo,server,1,15567967,151614,,333000,4294967295,
migrate_demo,server,1,15573248,151614,,333000,4294967295,
migrate_demo,server,1,15578502,151614,,333000,4294967295,
migrate_demo,server,1,15583761,151614,,333000,4294967295,
migrate_demo,server,1,15588993,151614,,333000,4294967295,
migrate_demo,server,1,15594231,151709,,333000,4294967295,
migrate_demo,server,1,15599469,151709,,333000,4294967295,
migrate_demo,server,1,15604763,151709,,333000,4294967295,
migrate_demo,server,1,15610106,151709,,333000,4294967295,
migrate_demo,server,1,15615385,151816,,333000,4294967295,
migrate_demo,server,1,15620636,151816,,333000,4294967295,
migrate_demo,server,1,15625842,151816,,333000,4294967295,
migrate_demo,server,1,15631093,151816,,333000,4294967295,
migrate_demo,server,1,15636324,151934,,333000,4294967295,
migrate_demo,server,1,15641592,151934,,333000,4294967295,
migrate_demo,server,1,15646808,151934,,333000,4294967295,
migrate_demo,server,1,15652071,151934,,333000,4294967295,
migrate_demo,server,1,15657318,151934,,333000,4294967295,
migrate_demo,server,1,15662543,152064,,333000,4294967295,
migrate_demo,server,1,15667749,152064,,333000,4294967295,
migrate_demo,server,1,15673020,152064,,333000,4294967295,
migrate_demo,server,1,15678225,152064,,333000,4294967295,
migrate_demo,server,1,15683426,152205,,333000,4294967295,
migrate_demo,server,1,15688709,152205,,333000,4294967295,
migrate_demo,server,1,15693921,152205,,333000,4294967295,
migrate_demo,server,1,15699180,152205,,333000,4294967295,
migrate_demo,server,1,15704437,152358,,333000,4294967295,
migrate_demo,server,1,15709719,152358,,333000,4294967295,
migrate_demo,server,1,15715015,152358,,333000,4294967295,
migrate_demo,server,1,15720268,152358,,333000,4294967295,
migrate_demo,server,1,15725508,152358,,333000,4294967295,
migrate_demo,server,1,15730756,152522,,333000,4294967295,
migrate_demo,server,1,15735957,152522,,333000,4294967295,
migrate_demo,server,1,15741241,152522,,333000,4294967295,
migrate_demo,server,1,15746511,152522,,333000,4294967295,
migrate_demo,server,1,15751733,152698,,333000,4294967295,
migrate_demo,server,1,15756964,152698,,333000,4294967295,
migrate_demo,server,1,15762179,152698,,333000,4294967295,
migrate_demo,server,1,15767366,152698,,333000,4294967295,
migrate_demo,server,1,15772592,152885,,333000,4294967295,
migrate_demo,server,1,15777784,152885,,333000,4294967295,
migrate_demo,server,1,15782993,152885,,333000,4294967295,
migrate_demo,server,1,15788242,152885,,333000,4294967295,
migrate_demo,server,1,15793503,152885,,333000,4294967295,
migrate_demo,server,1,15798828,153083,,333000,4294967295,
migrate_demo,server,1,15804047,153083,,333000,4294967295,
migrate_demo,server,1,15809277,153083,,333000,4294967295,
migrate_demo,server,1,15814563,153083,,333000,4294967295,
migrate_demo,server,1,15819768,153293,,333000,4294967295,
migrate_demo,server,1,15825103,153293,,333000,4294967295,
migrate_demo,server,1,15830357,153293,,333000,4294967295,
migrate_demo,server,1,15835689,153293,,333000,4294967295,
migrate_demo,server,1,15840934,153514,,333000,4294967295,
migrate_demo,server,1,15846189,153514,,333000,4294967295,
migrate_demo,server,1,15851458,153514,,333000,4294967295,
migrate_demo,server,1,15856758,153514,,333000,4294967295,
migrate_demo,server,1,15862095,153514,,333000,4294967295,
migrate_demo,server,1,15867380,153746,,333000,4294967295,
migrate_demo,server,1,15872637,153746,,333000,4294967295,
migrate_demo,server,1,15877915,153746,,333000,4294967295,
migrate_demo,server,1,15883153,153746,,333000,4294967295,
migrate_demo,server,1,15888370,153989,,333000,4294967295,
migrate_demo,server,1,15893611,153989,,333000,4294967295,
migrate_demo,server,1,15898865,153989,,333000,4294967295,
migrate_demo,server,1,15904121,153989,,333000,4294967295,
migrate_demo,server,1,15909453,154243,,333000,4294967295,
migrate_demo,server,1,15914741,154243,,333000,4294967295,
migrate_demo,server,1,15919994,154243,,333000,4294967295,
migrate_demo,server,1,15925292,154243,,333000,4294967295,
migrate_demo,server,1,15930896,154509,,333000,4294967295,
migrate_demo,server,1,15936176,154509,,333000,4294967295,
migrate_demo,server,1,15941416,154509,,333000,4294967295,
migrate_demo,server,1,15946702,154509,,333000,4294967295,
migrate_demo,server,1,15951966,154509,,333000,4294967295,
migrate_demo,server,1,15957173,154785,,333000,4294967295,
migrate_demo,server,1,15962415,154785,,333000,4294967295,
migrate_demo,server,1,15967649,154785,,333000,4294967295,
migrate_demo,server,1,15972952,154785,,333000,4294967295,
migrate_demo,server,1,15978205,155072,,333000,4294967295,
migrate_demo,server,1,15983403,155072,,333000,4294967295,
migrate_demo,server,1,15988721,155072,,333000,4294967295,
migrate_demo,server,1,15994000,155072,,333000,4294967295,
migrate_demo,server,1,15999555,155370,,333000,4294967295,
migrate_demo,server,1,16004803,155370,,333000,4294967295,
migrate_demo,server,1,16010177,155672,,333000,4294967295,
migrate_demo,server,1,16015427,155672,,333000,4294967295,
migrate_demo,server,1,16020671,155672,,333000,4294967295,
migrate_demo,server,1,16025889,155980,,333000,4294967295,
migrate_demo,server,1,16031104,155980,,333000,4294967295,
migrate_demo,server,1,16036358,155980,,333000,4294967295,
migrate_demo,server,1,16041592,155980,,333000,4294967295,
migrate_demo,server,1,16046860,155980,,333000,4294967295,
migrate_demo,server,1,16052117,156299,,333000,4294967295,
migrate_demo,server,1,16057356,156299,,333000,4294967295,
migrate_demo,server,1,16062578,156299,,333000,4294967295,
migrate_demo,server,1,16067869,156299,,333000,4294967295,
migrate_demo,server,1,16073120,156628,,333000,4294967295,
migrate_demo,server,1,16078352,156628,,333000,4294967295,
migrate_demo,server,1,16083563,156628,,333000,4294967295,
migrate_demo,server,1,16088781,156628,,333000,4294967295,
migrate_demo,server,1,16093978,156968,,333000,4294967295,
migrate_demo,server,1,16099275,156968,,333000,4294967295,
migrate_demo,server,1,16104477,156968,,333000,4294967295,
migrate_demo,server,1,16109764,156968,,333000,4294967295,
migrate_demo,server,1,16114998,156968,,333000,4294967295,
migrate_demo,server,1,16120224,157318,,333000,4294967295,
migrate_demo,server,1,16125673,157318,,333000,4294967295,
migrate_demo,server,1,16130931,157318,,333000,4294967295,
migrate_demo,server,1,16136201,157318,,333000,4294967295,
migrate_demo,server,1,16141477,157679,,333000,4294967295,
migrate_demo,server,1,16146731,157679,,333000,4294967295,
migrate_demo,server,1,16151973,157679,,333000,4294967295,
migrate_demo,server,1,16157260,157679,,333000,4294967295,
migrate_demo,server,1,16162477,158050,,333000,4294967295,
migrate_demo,server,1,16167718,158050,,333000,4294967295,
migrate_demo,server,1,16173019,158050,,333000,4294967295,
migrate_demo,server,1,16178266,158050,,333000,4294967295,
migrate_demo,server,1,16183541,158050,,333000,4294967295,
migrate_demo,server,1,16188841,158431,,333000,4294967295,
migrate_demo,server,1,16194079,158431,,333000,4294967295,
migrate_demo,server,1,16199268,158431,,333000,4294967295,
migrate_demo,server,1,16204474,158431,,333000,4294967295,
migrate_demo,server,1,16209710,158823,,333000,4294967295,
migrate_demo,server,1,16214955,158823,,333000,4294967295,
migrate_demo,server,1,16220266,158823,,333000,4294967295,
migrate_demo,server,1,16225493,158823,,333000,4294967295,
migrate_demo,server,1,16230760,159224,,333000,4294967295,
migrate_demo,server,1,16235987,159224,,333000,4294967295,
migrate_demo,server,1,16241183,159224,,333000,4294967295,
migrate_demo,server,1,16246426,159224,,333000,4294967295,
migrate_demo,server,1,16251625,159224,,333000,4294967295,
migrate_demo,server,1,16256841,159636,,333000,4294967295,
migrate_demo,server,1,16262100,159636,,333000,4294967295,
migrate_demo,server,1,16267365,159636,,333000,4294967295,
migrate_demo,server,1,16272602,159636,,333000,4294967295,
migrate_demo,server,1,16277800,160058,,333000,4294967295,
migrate_demo,server,1,16282995,160058,,333000,4294967295,
migrate_demo,server,1,16288263,160058,,333000,4294967295,
migrate_demo,server,1,16293497,160058,,333000,4294967295,
migrate_demo,server,1,16298707,160490,,333000,4294967295,
migrate_demo,server,1,16303998,160490,,333000,4294967295,
migrate_demo,server,1,16309273,160490,,333000,4294967295,
migrate_demo,server,1,16314584,160490,,333000,4294967295,
migrate_demo,server,1,16319835,160490,,333000,4294967295,
migrate_demo,server,1,16325056,160932,,333000,4294967295,
migrate_demo,server,1,16330291,160932,,333000,4294967295,
migrate_demo,server,1,16335666,160932,,333000,4294967295,
migrate_demo,server,1,16340951,160932,,333000,4294967295,
migrate_demo,server,1,16346234,161383,,333000,4294967295,
migrate_demo,server,1,16351540,161383,,333000,4294967295,
migrate_demo,server,1,16356822,161383,,333000,4294967295,
migrate_demo,server,1,16362103,161383,,333000,4294967295,
migrate_demo,server,1,16367334,161844,,333000,4294967295,
migrate_demo,server,1,16372636,161844,,333000,4294967295,
migrate_demo,server,1,16377888,161844,,333000,4294967295,
migrate_demo,server,1,16383210,161844,,333000,4294967295,
migrate_demo,server,1,16388981,162314,,333000,4294967295,
migrate_demo,server,1,16394257,162314,,333000,4294967295,
migrate_demo,server,1,16399561,162314,,333000,4294967295,
migrate_demo,server,1,16404814,162314,,333000,4294967295,
migrate_demo,server,1,16410070,162314,,333000,4294967295,
migrate_demo,server,1,16415291,162794,,333000,4294967295,
migrate_demo,server,1,16420505,162794,,333000,4294967295,
migrate_demo,server,1,16425795,162794,,333000,4294967295,
migrate_demo,server,1,16431074,162794,,333000,4294967295,
migrate_demo,server,1,16436321,163284,,333000,4294967295,
migrate_demo,server,1,16441547,163284,,333000,4294967295,
migrate_demo,server,1,16446729,163284,,333000,4294967295,
migrate_demo,server,1,16451971,163284,,333000,4294967295,
migrate_demo,server,1,16457213,163783,,333000,4294967295,
migrate_demo,server,1,16462427,163783,,333000,4294967295,
migrate_demo,server,1,16467643,163783,,333000,4294967295,
migrate_demo,server,1,16472933,163783,,333000,4294967295,
migrate_demo,server,1,16478219,163783,,333000,4294967295,
migrate_demo,server,1,16483437,164291,,333000,4294967295,
migrate_demo,server,1,16488659,164291,,333000,4294967295,
migrate_demo,server,1,16494007,164291,,333000,4294967295,
migrate_demo,server,1,16499281,164291,,333000,4294967295,
migrate_demo,server,1,16504574,164809,,333000,4294967295,
migrate_demo,server,1,16509778,164809,,333000,4294967295,
migrate_demo,server,1,16515099,164809,,333000,4294967295,
migrate_demo,server,1,16520362,164809,,333000,4294967295,
migrate_demo,server,1,16525548,165336,,333000,4294967295,
migrate_demo,server,1,16530720,165336,,333000,4294967295,
migrate_demo,server,1,16535894,165336,,333000,4294967295,
migrate_demo,server,1,16541087,165336,,333000,4294967295,
migrate_demo,server,1,16546313,165336,,333000,4294967295,
migrate_demo,server,1,16551540,165872,,333000,4294967295,
migrate_demo,server,1,16556768,165872,,333000,4294967295,
migrate_demo,server,1,16561994,165872,,333000,4294967295,
migrate_demo,server,1,16567241,165872,,333000,4294967295,
migrate_demo,server,1,16572484,166417,,333000,4294967295,
migrate_demo,server,1,16577722,166417,,333000,4294967295,
migrate_demo,server,1,16583029,166417,,333000,4294967295,
migrate_demo,server,1,16588292,166417,,333000,4294967295,
migrate_demo,server,1,16593550,166971,,333000,4294967295,
migrate_demo,server,1,16598777,166971,,333000,4294967295,
migrate_demo,server,1,16604004,166971,,333000,4294967295,
migrate_demo,server,1,16609260,166971,,333000,4294967295,
migrate_demo,server,1,16614495,166971,,333000,4294967295,
migrate_demo,server,1,16619759,167534,,333000,4294967295,
migrate_demo,server,1,16625038,167534,,333000,4294967295,
migrate_demo,server,1,16630310,167534,,333000,4294967295,
migrate_demo,server,1,16635546,167534,,333000,4294967295,
migrate_demo,server,1,16640807,168106,,333000,4294967295,
migrate_demo,server,1,16646059,168106,,333000,4294967295,
migrate_demo,server,1,16651310,168106,,333000,4294967295,
migrate_demo,server,1,16656511,168106,,333000,4294967295,
migrate_demo,server,1,16661958,168687,,333000,4294967295,
migrate_demo,server,1,16667156,168687,,333000,4294967295,
migrate_demo,server,1,16672453,168687,,333000,4294967295,
migrate_demo,server,1,16677710,168687,,333000,4294967295,
migrate_demo,server,1,16682927,168687,,333000,4294967295,
migrate_demo,server,1,16688146,169277,,333000,4294967295,
migrate_demo,server,1,16693390,169277,,333000,4294967295,
migrate_demo,server,1,16698629,169277,,333000,4294967295,
migrate_demo,server,1,16703870,169277,,333000,4294967295,
migrate_demo,server,1,16709209,169875,,333000,4294967295,
migrate_demo,server,1,16714489,169875,,333000,4294967295,
migrate_demo,server,1,16719809,169875,,333000,4294967295,
migrate_demo,server,1,16725031,169875,,333000,4294967295,
migrate_demo,server,1,16730401,170482,,333000,4294967295,
migrate_demo,server,1,16735675,170482,,333000,4294967295,
migrate_demo,server,1,16740901,170482,,333000,4294967295,
migrate_demo,server,1,16746164,170482,,333000,4294967295,
migrate_demo,server,1,16751402,170482,,333000,4294967295,
migrate_demo,server,1,16756660,171092,,333000,4294967295,
migrate_demo,server,1,16761833,171092,,333000,4294967295,
migrate_demo,server,1,16767110,171092,,333000,4294967295,
migrate_demo,server,1,16772418,171092,,333000,4294967295,
migrate_demo,server,1,16777631,171702,,333000,4294967295,
migrate_demo,server,1,16782916,171702,,333000,4294967295,
migrate_demo,server,1,16788189,171702,,333000,4294967295,
migrate_demo,server,1,16793410,171702,,333000,4294967295,
migrate_demo,server,1,16798652,172312,,333000,4294967295,
migrate_demo,server,1,16803891,172312,,333000,4294967295,
migrate_demo,server,1,16809138,172312,,333000,4294967295,
migrate_demo,server,1,16814404,172312,,333000,4294967295,
migrate_demo,server,1,16819706,172312,,333000,4294967295,
migrate_demo,server,1,16824930,172922,,333000,4294967295,
migrate_demo,server,1,16830215,172922,,333000,4294967295,
migrate_demo,server,1,16835512,172922,,333000,4294967295,
migrate_demo,server,1,16840900,172922,,333000,4294967295,
migrate_demo,server,1,16846154,173532,,333000,4294967295,
migrate_demo,server,1,16851396,173532,,333000,4294967295,
migrate_demo,server,1,16856637,173532,,333000,4294967295,
migrate_demo,server,1,16861908,173532,,333000,4294967295,
migrate_demo,server,1,16867097,174142,,333000,4294967295,
migrate_demo,server,1,16872322,174142,,333000,4294967295,
migrate_demo,server,1,16877558,174142,,333000,4294967295,
migrate_demo,server,1,16882732,174142,,333000,4294967295,
migrate_demo,server,1,16888006,174142,,333000,4294967295,
migrate_demo,server,1,16893246,174752,,333000,4294967295,
migrate_demo,server,1,16898442,174752,,333000,4294967295,
migrate_demo,server,1,16903663,174752,,333000,4294967295,
migrate_demo,server,1,16908961,174752,,333000,4294967295,
migrate_demo,server,1,16914181,175972,,333000,4294967295,
migrate_demo,server,1,16919460,175972,,333000,4294967295,
migrate_demo,server,1,16924692,175972,,333000,4294967295,
migrate_demo,server,1,16929909,175972,,333000,4294967295,
migrate_demo,server,1,16935142,175972,,333000,4294967295,
migrate_demo,server,1,16940338,176582,,333000,4294967295,
migrate_demo,server,1,16945578,176582,,333000,4294967295,
migrate_demo,server,1,16950818,176582,,333000,4294967295,
migrate_demo,server,1,16956019,176582,,333000,4294967295,
migrate_demo,server,1,16961246,177192,,333000,4294967295,
migrate_demo,server,1,16966466,177192,,333000,4294967295,
migrate_demo,server,1,16971674,177192,,333000,4294967295,
migrate_demo,server,1,16976899,177192,,333000,4294967295,
migrate_demo,server,1,16982187,177192,,333000,4294967295,
migrate_demo,server,1,16987412,177802,,333000,4294967295,
migrate_demo,server,1,16992604,177802,,333000,4294967295,
migrate_demo,server,1,16997781,177802,,333000,4294967295,
migrate_demo,server,1,17003008,177802,,333000,4294967295,
migrate_demo,server,1,17008287,178412,,333000,4294967295,
migrate_demo,server,1,17013406,178412,,333000,4294967295,
migrate_demo,server,1,17018657,178412,,333000,4294967295,
migrate_demo,server,1,17023925,178412,,333000,4294967295,
migrate_demo,server,1,17029144,179022,,333000,4294967295,
migrate_demo,server,1,17034381,179022,,333000,4294967295,
migrate_demo,server,1,17039618,179022,,333000,4294967295,
migrate_demo,server,1,17044825,179022,,333000,4294967295,
migrate_demo,server,1,17050037,179022,,333000,4294967295,
migrate_demo,server,1,17055270,179632,,333000,4294967295,
migrate_demo,server,1,17060557,179632,,333000,4294967295,
migrate_demo,server,1,17065790,179632,,333000,4294967295,
migrate_demo,server,1,17071046,179632,,333000,4294967295,
migrate_demo,server,1,17076336,180242,,333000,4294967295,
migrate_demo,server,1,17081610,180242,,333000,4294967295,
migrate_demo,server,1,17086839,180242,,333000,4294967295,
migrate_demo,server,1,17092089,180242,,333000,4294967295,
migrate_demo,server,1,17097333,180852,,333000,4294967295,
migrate_demo,server,1,17102519,180852,,333000,4294967295,
migrate_demo,server,1,17107724,180852,,333000,4294967295,
migrate_demo,server,1,17112917,180852,,333000,4294967295,
migrate_demo,server,1,17118196,180852,,333000,4294967295,
migrate_demo,server,1,17123437,181462,,333000,4294967295,
migrate_demo,server,1,17128663,181462,,333000,4294967295,
migrate_demo,server,1,17133875,181462,,333000,4294967295,
migrate_demo,server,1,17139142,181462,,333000,4294967295,
migrate_demo,server,1,17144383,182072,,333000,4294967295,
migrate_demo,server,1,17149611,182072,,333000,4294967295,
migrate_demo,server,1,17154850,182072,,333000,4294967295,
migrate_demo,server,1,17160110,182072,,333000,4294967295,
migrate_demo,server,1,17165368,182682,,333000,4294967295,
migrate_demo,server,1,17170577,182682,,333000,4294967295,
migrate_demo,server,1,17175768,182682,,333000,4294967295,
migrate_demo,server,1,17181014,182682,,333000,4294967295,
migrate_demo,server,1,17186187,182682,,333000,4294967295,
migrate_demo,server,1,17191564,183292,,333000,4294967295,
migrate_demo,server,1,17196842,183292,,333000,4294967295,
migrate_demo,server,1,17202046,183292,,333000,4294967295,
migrate_demo,server,1,17207245,183292,,333000,4294967295,
migrate_demo,server,1,17212486,183902,,333000,4294967295,
migrate_demo,server,1,17217691,183902,,333000,4294967295,
migrate_demo,server,1,17223012,183902,,333000,4294967295,
migrate_demo,server,1,17228204,183902,,333000,4294967295,
migrate_demo,server,1,17233392,184512,,333000,4294967295,
migrate_demo,server,1,17238560,184512,,333000,4294967295,
migrate_demo,server,1,17243890,184512,,333000,4294967295,
migrate_demo,server,1,17249130,184512,,333000,4294967295,
migrate_demo,server,1,17254383,184512,,333000,4294967295,
migrate_demo,server,1,17259639,185122,,333000,4294967295,
migrate_demo,server,1,17264993,185122,,333000,4294967295,
migrate_demo,server,1,17270246,185122,,333000,4294967295,
migrate_demo,server,1,17275502,185122,,333000,4294967295,
migrate_demo,server,1,17280800,185732,,333000,4294967295,
migrate_demo,server,1,17286066,185732,,333000,4294967295,
migrate_demo,server,1,17291307,185732,,333000,4294967295,
migrate_demo,server,1,17296597,185732,,333000,4294967295,
migrate_demo,server,1,17301804,186342,,333000,4294967295,
migrate_demo,server,1,17307043,186342,,333000,4294967295,
migrate_demo,server,1,17312295,186342,,333000,4294967295,
migrate_demo,server,1,17317512,186342,,333000,4294967295,
migrate_demo,server,1,17322764,186342,,333000,4294967295,
migrate_demo,server,1,17328002,186952,,333000,4294967295,
migrate_demo,server,1,17333244,186952,,333000,4294967295,
migrate_demo,server,1,17338478,186952,,333000,4294967295,
migrate_demo,server,1,17343710,186952,,333000,4294967295,
migrate_demo,server,1,17348981,187562,,333000,4294967295,
migrate_demo,server,1,17354283,187562,,333000,4294967295,
migrate_demo,server,1,17359555,187562,,333000,4294967295,
migrate_demo,server,1,17364787,187562,,333000,4294967295,
migrate_demo,server,1,17370043,188172,,333000,4294967295,
migrate_demo,server,1,17375277,188172,,333000,4294967295,
migrate_demo,server,1,17380510,188172,,333000,4294967295,
migrate_demo,server,1,17385727,188172,,333000,4294967295,
migrate_demo,server,1,17390917,188172,,333000,4294967295,
migrate_demo,server,1,17396185,188782,,333000,4294967295,
migrate_demo,server,1,17401397,188782,,333000,4294967295,
migrate_demo,server,1,17406692,188782,,333000,4294967295,
migrate_demo,server,1,17411931,188782,,333000,4294967295,
migrate_demo,server,1,17417168,189392,,333000,4294967295,
migrate_demo,server,1,17422423,189392,,333000,4294967295,
migrate_demo,server,1,17427645,189392,,333000,4294967295,
migrate_demo,server,1,17432879,189392,,333000,4294967295,
migrate_demo,server,1,17438256,189392,,333000,4294967295,
migrate_demo,server,1,17443519,190002,,333000,4294967295,
migrate_demo,server,1,17448719,190002,,333000,4294967295,
migrate_demo,server,1,17453915,190002,,333000,4294967295,
migrate_demo,server,1,17459113,190002,,333000,4294967295,
migrate_demo,server,1,17464385,190612,,333000,4294967295,
migrate_demo,server,1,17469607,190612,,333000,4294967295,
migrate_demo,server,1,17474805,190612,,333000,4294967295,
migrate_demo,server,1,17480043,190612,,333000,4294967295,
migrate_demo,server,1,17485408,191222,,333000,4294967295,
migrate_demo,server,1,17490583,191222,,333000,4294967295,
migrate_demo,server,1,17495795,191222,,333000,4294967295,
migrate_demo,server,1,17501073,191222,,333000,4294967295,
migrate_demo,server,1,17506394,191222,,333000,4294967295,
migrate_demo,server,1,17511655,191832,,333000,4294967295,
migrate_demo,server,1,17516900,191832,,333000,4294967295,
migrate_demo,server,1,17522114,191832,,333000,4294967295,
migrate_demo,server,1,17527343,191832,,333000,4294967295,
migrate_demo,server,1,17532595,192442,,333000,4294967295,
migrate_demo,server,1,17537851,192442,,333000,4294967295,
migrate_demo,server,1,17543045,192442,,333000,4294967295,
migrate_demo,server,1,17548244,192442,,333000,4294967295,
migrate_demo,server,1,17553546,193052,,333000,4294967295,
migrate_demo,server,1,17558772,193052,,333000,4294967295,
migrate_demo,server,1,17563992,193052,,333000,4294967295,
migrate_demo,server,1,17569248,193052,,333000,4294967295,
migrate_demo,server,1,17574449,193052,,333000,4294967295,
migrate_demo,server,1,17579653,193662,,333000,4294967295,
migrate_demo,server,1,17584832,193662,,333000,4294967295,
migrate_demo,server,1,17590079,193662,,333000,4294967295,
migrate_demo,server,1,17595324,193662,,333000,4294967295,
migrate_demo,server,1,17600577,194272,,333000,4294967295,
migrate_demo,server,1,17605797,194272,,333000,4294967295,
migrate_demo,server,1,17611063,194272,,333000,4294967295,
migrate_demo,server,1,17616298,194272,,333000,4294967295,
migrate_demo,server,1,17621620,194882,,333000,4294967295,
migrate_demo,server,1,17626959,194882,,333000,4294967295,
migrate_demo,server,1,17632150,194882,,333000,4294967295,
migrate_demo,server,1,17637365,194882,,333000,4294967295,
migrate_demo,server,1,17642575,194882,,333000,4294967295,
migrate_demo,server,1,17647822,195492,,333000,4294967295,
migrate_demo,server,1,17653024,195492,,333000,4294967295,
migrate_demo,server,1,17658243,195492,,333000,4294967295,
migrate_demo,server,1,17663485,195492,,333000,4294967295,
migrate_demo,server,1,17668661,196102,,333000,4294967295,
migrate_demo,server,1,17673970,196102,,333000,4294967295,
migrate_demo,server,1,17679228,196102,,333000,4294967295,
migrate_demo,server,1,17684468,196102,,333000,4294967295,
migrate_demo,server,1,17689852,196712,,333000,4294967295,
migrate_demo,server,1,17695155,196712,,333000,4294967295,
migrate_demo,server,1,17700334,196712,,333000,4294967295,
migrate_demo,server,1,17705458,196712,,333000,4294967295,
migrate_demo,server,1,17710659,196712,,333000,4294967295,
migrate_demo,server,1,17716218,197322,,333000,4294967295,
migrate_demo,server,1,17721457,197322,,333000,4294967295,
migrate_demo,server,1,17726655,197322,,333000,4294967295,
migrate_demo,server,1,17731862,197322,,333000,4294967295,
migrate_demo,server,1,17737110,197932,,333000,4294967295,
migrate_demo,server,1,17742321,197932,,333000,4294967295,
migrate_demo,server,1,17747595,197932,,333000,4294967295,
migrate_demo,server,1,17752894,197932,,333000,4294967295,
migrate_demo,server,1,17758214,198542,,333000,4294967295,
migrate_demo,server,1,17763514,198542,,333000,4294967295,
migrate_demo,server,1,17768736,198542,,333000,4294967295,
migrate_demo,server,1,17773982,198542,,333000,4294967295,
migrate_demo,server,1,17779244,198542,,333000,4294967295,
migrate_demo,server,1,17784499,199152,,333000,4294967295,
migrate_demo,server,1,17789700,199762,,333000,4294967295,
migrate_demo,server,1,17794890,199762,,333000,4294967295,
migrate_demo,server,1,17800108,199762,,333000,4294967295,
migrate_demo,server,1,17805365,200372,,333000,4294967295,
migrate_demo,server,1,17810546,200372,,333000,4294967295,
migrate_demo,server,1,17815756,200372,,333000,4294967295,
migrate_demo,server,1,17821002,200372,,333000,4294967295,
migrate_demo,server,1,17826321,200372,,333000,4294967295,
migrate_demo,server,1,17831536,200982,,333000,4294967295,
migrate_demo,server,1,17836765,200982,,333000,4294967295,
migrate_demo,server,1,17841989,200982,,333000,4294967295,
migrate_demo,server,1,17847216,200982,,333000,4294967295,
migrate_demo,server,1,17852426,201592,,333000,4294967295,
migrate_demo,server,1,17857610,201592,,333000,4294967295,
migrate_demo,server,1,17862835,201592,,333000,4294967295,
migrate_demo,server,1,17868026,201592,,333000,4294967295,
migrate_demo,server,1,17873224,202202,,333000,4294967295,
migrate_demo,server,1,17878439,202202,,333000,4294967295,
migrate_demo,server,1,17883698,202202,,333000,4294967295,
migrate_demo,server,1,17888931,202202,,333000,4294967295,
migrate_demo,server,1,17894159,202202,,333000,4294967295,
migrate_demo,server,1,17899460,202812,,333000,4294967295,
migrate_demo,server,1,17904666,202812,,333000,4294967295,
migrate_demo,server,1,17909845,202812,,333000,4294967295,
migrate_demo,server,1,17915076,202812,,333000,4294967295,
migrate_demo,server,1,17920276,203422,,333000,4294967295,
migrate_demo,server,1,17925478,203422,,333000,4294967295,
migrate_demo,server,1,17930681,203422,,333000,4294967295,
migrate_demo,server,1,17935902,203422,,333000,4294967295,
migrate_demo,server,1,17941120,204032,,333000,4294967295,
migrate_demo,server,1,17946276,204032,,333000,4294967295,
migrate_demo,server,1,17951526,204032,,333000,4294967295,
migrate_demo,server,1,17956794,204032,,333000,4294967295,
migrate_demo,server,1,17962032,204032,,333000,4294967295,
migrate_demo,server,1,17967253,204642,,333000,4294967295,
migrate_demo,server,1,17972497,204642,,333000,4294967295,
migrate_demo,server,1,17977739,204642,,333000,4294967295,
migrate_demo,server,1,17982977,204642,,333000,4294967295,
migrate_demo,server,1,17988239,205252,,333000,4294967295,
migrate_demo,server,1,17993455,205252,,333000,4294967295,
migrate_demo,server,1,17998835,205252,,333000,4294967295,
migrate_demo,server,1,18004050,205252,,333000,4294967295,
migrate_demo,server,1,18009265,205862,,333000,4294967295,
migrate_demo,server,1,18014482,205862,,333000,4294967295,
migrate_demo,server,1,18019705,205862,,333000,4294967295,
migrate_demo,server,1,18024956,205862,,333000,4294967295,
migrate_demo,server,1,18030174,205862,,333000,4294967295,
migrate_demo,server,1,18035410,206472,,333000,4294967295,
migrate_demo,server,1,18040696,206472,,333000,4294967295,
migrate_demo,server,1,18045917,206472,,333000,4294967295,
migrate_demo,server,1,18051173,206472,,333000,4294967295,
migrate_demo,server,1,18056412,207082,,333000,4294967295,
migrate_demo,server,1,18061652,207082,,333000,4294967295,
migrate_demo,server,1,18066878,207082,,333000,4294967295,
migrate_demo,server,1,18072119,207082,,333000,4294967295,
migrate_demo,server,1,18077364,207692,,333000,4294967295,
migrate_demo,server,1,18082580,207692,,333000,4294967295,
migrate_demo,server,1,18087825,207692,,333000,4294967295,
migrate_demo,server,1,18093086,207692,,333000,4294967295,
migrate_demo,server,1,18098333,207692,,333000,4294967295,
migrate_demo,server,1,18103533,208302,,333000,4294967295,
migrate_demo,server,1,18108764,208302,,333000,4294967295,
migrate_demo,server,1,18113979,208302,,333000,4294967295,
migrate_demo,server,1,18119288,208302,,333000,4294967295,
migrate_demo,server,1,18124596,208912,,333000,4294967295,
migrate_demo,server,1,18129889,208912,,333000,4294967295,
migrate_demo,server,1,18135107,208912,,333000,4294967295,
migrate_demo,server,1,18140334,208912,,333000,4294967295,
migrate_demo,server,1,18145591,209522,,333000,4294967295,
migrate_demo,server,1,18150908,209522,,333000,4294967295,
migrate_demo,server,1,18156209,209522,,333000,4294967295,
migrate_demo,server,1,18161429,209522,,333000,4294967295,
migrate_demo,server,1,18166584,209522,,333000,4294967295,
migrate_demo,server,1,18171821,210132,,333000,4294967295,
migrate_demo,server,1,18177004,210132,,333000,4294967295,
migrate_demo,server,1,18182255,210132,,333000,4294967295,
migrate_demo,server,1,18187466,210132,,333000,4294967295,
migrate_demo,server,1,18192660,210742,,333000,4294967295,
migrate_demo,server,1,18197861,210742,,333000,4294967295,
migrate_demo,server,1,18203141,210742,,333000,4294967295,
migrate_demo,server,1,18208334,210742,,333000,4294967295,
migrate_demo,server,1,18213596,211352,,333000,4294967295,
migrate_demo,server,1,18218831,211352,,333000,4294967295,
migrate_demo,server,1,18224026,211352,,333000,4294967295,
migrate_demo,server,1,18229288,211352,,333000,4294967295,
migrate_demo,server,1,18234604,211352,,333000,4294967295,
migrate_demo,server,1,18239835,211962,,333000,4294967295,
migrate_demo,server,1,18245157,211962,,333000,4294967295,
migrate_demo,server,1,18250367,211962,,333000,4294967295,
migrate_demo,server,1,18255575,211962,,333000,4294967295,
migrate_demo,server,1,18260895,212572,,333000,4294967295,
migrate_demo,server,1,18266175,212572,,333000,4294967295,
migrate_demo,server,1,18271454,212572,,333000,4294967295,
migrate_demo,server,1,18276700,212572,,333000,4294967295,
migrate_demo,server,1,18281903,213182,,333000,4294967295,
migrate_demo,server,1,18287069,213182,,333000,4294967295,
migrate_demo,server,1,18292308,213182,,333000,4294967295,
migrate_demo,server,1,18297735,213182,,333000,4294967295,
migrate_demo,server,1,18302983,213182,,333000,4294967295,
migrate_demo,server,1,18308249,213792,,333000,4294967295,
migrate_demo,server,1,18313489,213792,,333000,4294967295,
migrate_demo,server,1,18318762,213792,,333000,4294967295,
migrate_demo,server,1,18323962,213792,,333000,4294967295,
migrate_demo,server,1,18329179,214402,,333000,4294967295,
migrate_demo,server,1,18334490,214402,,333000,4294967295,
migrate_demo,server,1,18339669,214402,,333000,4294967295,
migrate_demo,server,1,18344878,214402,,333000,4294967295,
migrate_demo,server,1,18350113,215012,,333000,4294967295,
migrate_demo,server,1,18355349,215012,,333000,4294967295,
migrate_demo,server,1,18360597,215012,,333000,4294967295,
migrate_demo,server,1,18365840,215012,,333000,4294967295,
migrate_demo,server,1,18371073,215012,,333000,4294967295,
migrate_demo,server,1,18376304,215622,,333000,4294967295,
migrate_demo,server,1,18381504,215622,,333000,4294967295,
migrate_demo,server,1,18386759,215622,,333000,4294967295,
migrate_demo,server,1,18391940,215622,,333000,4294967295,
migrate_demo,server,1,18397193,216232,,333000,4294967295,
migrate_demo,server,1,18402380,216232,,333000,4294967295,
migrate_demo,server,1,18407595,216232,,333000,4294967295,
migrate_demo,server,1,18412807,216232,,333000,4294967295,
migrate_demo,server,1,18418007,216842,,333000,4294967295,
migrate_demo,server,1,18423198,216842,,333000,4294967295,
migrate_demo,server,1,18428435,216842,,333000,4294967295,
migrate_demo,server,1,18433661,216842,,333000,4294967295,
migrate_demo,server,1,18438903,216842,,333000,4294967295,
migrate_demo,server,1,18444150,217452,,333000,4294967295,
migrate_demo,server,1,18449365,217452,,333000,4294967295,
migrate_demo,server,1,18454566,217452,,333000,4294967295,
migrate_demo,server,1,18459786,217452,,333000,4294967295,
migrate_demo,server,1,18465022,218062,,333000,4294967295,
migrate_demo,server,1,18470205,218062,,333000,4294967295,
migrate_demo,server,1,18475418,218062,,333000,4294967295,
migrate_demo,server,1,18480651,218062,,333000,4294967295,
migrate_demo,server,1,18486199,218672,,333000,4294967295,
migrate_demo,server,1,18491429,218672,,333000,4294967295,
migrate_demo,server,1,18496636,218672,,333000,4294967295,
migrate_demo,server,1,18501856,218672,,333000,4294967295,
migrate_demo,server,1,18507071,218672,,333000,4294967295,
migrate_demo,server,1,18512283,219282,,333000,4294967295,
migrate_demo,server,1,18517506,219282,,333000,4294967295,
migrate_demo,server,1,18522798,219282,,333000,4294967295,
migrate_demo,server,1,18528013,219282,,333000,4294967295,
migrate_demo,server,1,18533292,219892,,333000,4294967295,
migrate_demo,server,1,18538508,219892,,333000,4294967295,
migrate_demo,server,1,18543717,219892,,333000,4294967295,
migrate_demo,server,1,18549013,219892,,333000,4294967295,
migrate_demo,server,1,18554230,220502,,333000,4294967295,
migrate_demo,server,1,18559457,220502,,333000,4294967295,
migrate_demo,server,1,18564682,220502,,333000,4294967295,
migrate_demo,server,1,18569924,220502,,333000,4294967295,
migrate_demo,server,1,18575247,220502,,333000,4294967295,
migrate_demo,server,1,18580597,221112,,333000,4294967295,
migrate_demo,server,1,18585792,221112,,333000,4294967295,
migrate_demo,server,1,18591015,221112,,333000,4294967295,
migrate_demo,server,1,18596264,221112,,333000,4294967295,
migrate_demo,server,1,18601512,221722,,333000,4294967295,
migrate_demo,server,1,18606756,221722,,333000,4294967295,
migrate_demo,server,1,18611977,221722,,333000,4294967295,
migrate_demo,server,1,18617242,221722,,333000,4294967295,
migrate_demo,server,1,18622515,222332,,333000,4294967295,
migrate_demo,server,1,18627773,222332,,333000,4294967295,
migrate_demo,server,1,18632983,222332,,333000,4294967295,
migrate_demo,server,1,18638183,222332,,333000,4294967295,
migrate_demo,server,1,18643444,222332,,333000,4294967295,
migrate_demo,server,1,18648665,222942,,333000,4294967295,
migrate_demo,server,1,18653991,222942,,333000,4294967295,
migrate_demo,server,1,18659280,222942,,333000,4294967295,
migrate_demo,server,1,18664609,222942,,333000,4294967295,
migrate_demo,server,1,18669858,223552,,333000,4294967295,
migrate_demo,server,1,18675147,223552,,333000,4294967295,
migrate_demo,server,1,18680310,223552,,333000,4294967295,
migrate_demo,server,1,18685610,223552,,333000,4294967295,
migrate_demo,server,1,18690855,224162,,333000,4294967295,
migrate_demo,server,1,18696144,224772,,333000,4294967295,
migrate_demo,server,1,18701398,224772,,333000,4294967295,
migrate_demo,server,1,18706665,224772,,333000,4294967295,
migrate_demo,server,1,18712004,224772,,333000,4294967295,
migrate_demo,server,1,18717658,225382,,333000,4294967295,
migrate_demo,server,1,18722923,225382,,333000,4294967295,
migrate_demo,server,1,18728165,225382,,333000,4294967295,
migrate_demo,server,1,18733461,225382,,333000,4294967295,
migrate_demo,server,1,18738745,225992,,333000,4294967295,
migrate_demo,server,1,18744004,225992,,333000,4294967295,
migrate_demo,server,1,18749253,225992,,333000,4294967295,
migrate_demo,server,1,18754430,225992,,333000,4294967295,
migrate_demo,server,1,18759609,225992,,333000,4294967295,
migrate_demo,server,1,18764904,226602,,333000,4294967295,
migrate_demo,server,1,18770069,226602,,333000,4294967295,
migrate_demo,server,1,18775314,226602,,333000,4294967295,
migrate_demo,server,1,18780611,226602,,333000,4294967295,
migrate_demo,server,1,18785850,227212,,333000,4294967295,
migrate_demo,server,1,18791070,227212,,333000,4294967295,
migrate_demo,server,1,18796335,227212,,333000,4294967295,
migrate_demo,server,1,18801699,227212,,333000,4294967295,
migrate_demo,server,1,18807056,227822,,333000,4294967295,
migrate_demo,server,1,18812258,227822,,333000,4294967295,
migrate_demo,server,1,18817429,227822,,333000,4294967295,
migrate_demo,server,1,18822638,227822,,333000,4294967295,
migrate_demo,server,1,18827911,227822,,333000,4294967295,
migrate_demo,server,1,18833172,228432,,333000,4294967295,
migrate_demo,server,1,18838384,228432,,333000,4294967295,
migrate_demo,server,1,18843633,228432,,333000,4294967295,
migrate_demo,server,1,18848883,228432,,333000,4294967295,
migrate_demo,server,1,18854073,229042,,333000,4294967295,
migrate_demo,server,1,18859348,229042,,333000,4294967295,
migrate_demo,server,1,18864620,229042,,333000,4294967295,
migrate_demo,server,1,18869892,229042,,333000,4294967295,
migrate_demo,server,1,18875458,229652,,333000,4294967295,
migrate_demo,server,1,18880798,229652,,333000,4294967295,
migrate_demo,server,1,18886059,229652,,333000,4294967295,
migrate_demo,server,1,18891281,229652,,333000,4294967295,
migrate_demo,server,1,18896467,229652,,333000,4294967295,
migrate_demo,server,1,18901690,230262,,333000,4294967295,
migrate_demo,server,1,18906947,230262,,333000,4294967295,
migrate_demo,server,1,18912203,230262,,333000,4294967295,
migrate_demo,server,1,18917400,230262,,333000,4294967295,
migrate_demo,server,1,18922654,230872,,333000,4294967295,
migrate_demo,server,1,18927843,230872,,333000,4294967295,
migrate_demo,server,1,18933063,230872,,333000,4294967295,
migrate_demo,server,1,18938177,230872,,333000,4294967295,
migrate_demo,server,1,18943803,231482,,333000,4294967295,
migrate_demo,server,1,18949033,231482,,333000,4294967295,
migrate_demo,server,1,18954235,231482,,333000,4294967295,
migrate_demo,server,1,18959404,231482,,333000,4294967295,
migrate_demo,server,1,18964634,231482,,333000,4294967295,
migrate_demo,server,1,18969945,232092,,333000,4294967295,
migrate_demo,server,1,18975159,232092,,333000,4294967295,
migrate_demo,server,1,18980430,232092,,333000,4294967295,
migrate_demo,server,1,18985667,232092,,333000,4294967295,
migrate_demo,server,1,18990853,232702,,333000,4294967295,
migrate_demo,server,1,18996052,232702,,333000,4294967295,
migrate_demo,server,1,19001347,232702,,333000,4294967295,
migrate_demo,server,1,19006622,232702,,333000,4294967295,
migrate_demo,server,1,19012255,233312,,333000,4294967295,
migrate_demo,server,1,19017529,233312,,333000,4294967295,
migrate_demo,server,1,19022780,233312,,333000,4294967295,
migrate_demo,server,1,19028018,233312,,333000,4294967295,
migrate_demo,server,1,19033273,233312,,333000,4294967295,
migrate_demo,server,1,19038496,233922,,333000,4294967295,
migrate_demo,server,1,19043801,233922,,333000,4294967295,
migrate_demo,server,1,19049065,233922,,333000,4294967295,
migrate_demo,server,1,19054282,233922,,333000,4294967295,
migrate_demo,server,1,19059515,234532,,333000,4294967295,
migrate_demo,server,1,19064703,234532,,333000,4294967295,
migrate_demo,server,1,19069956,234532,,333000,4294967295,
migrate_demo,server,1,19075164,234532,,333000,4294967295,
migrate_demo,server,1,19080390,235142,,333000,4294967295,
migrate_demo,server,1,19085620,235142,,333000,4294967295,
migrate_demo,server,1,19090832,235142,,333000,4294967295,
migrate_demo,server,1,19096032,235142,,333000,4294967295,
migrate_demo,server,1,19101278,235142,,333000,4294967295,
migrate_demo,server,1,19106851,235752,,333000,4294967295,
migrate_demo,server,1,19112129,235752,,333000,4294967295,
migrate_demo,server,1,19117341,235752,,333000,4294967295,
migrate_demo,server,1,19122571,235752,,333000,4294967295,
migrate_demo,server,1,19127776,236362,,333000,4294967295,
migrate_demo,server,1,19133060,236362,,333000,4294967295,
migrate_demo,server,1,19138309,236362,,333000,4294967295,
migrate_demo,server,1,19143508,236362,,333000,4294967295,
migrate_demo,server,1,19148747,236972,,333000,4294967295,
migrate_demo,server,1,19154009,236972,,333000,4294967295,
migrate_demo,server,1,19159250,236972,,333000,4294967295,
migrate_demo,server,1,19164473,236972,,333000,4294967295,
migrate_demo,server,1,19169674,236972,,333000,4294967295,
migrate_demo,server,1,19174918,237582,,333000,4294967295,
migrate_demo,server,1,19180154,237582,,333000,4294967295,
migrate_demo,server,1,19185407,237582,,333000,4294967295,
migrate_demo,server,1,19190733,237582,,333000,4294967295,
migrate_demo,server,1,19195994,238192,,333000,4294967295,
migrate_demo,server,1,19201236,238192,,333000,4294967295,
migrate_demo,server,1,19206464,238192,,333000,4294967295,
migrate_demo,server,1,19211699,238192,,333000,4294967295,
migrate_demo,server,1,19216952,238802,,333000,4294967295,
migrate_demo,server,1,19222207,238802,,333000,4294967295,
migrate_demo,server,1,19227443,238802,,333000,4294967295,
migrate_demo,server,1,19232713,238802,,333000,4294967295,
migrate_demo,server,1,19237949,238802,,333000,4294967295,
migrate_demo,server,1,19243197,239412,,333000,4294967295,
migrate_demo,server,1,19248457,239412,,333000,4294967295,
migrate_demo,server,1,19253726,239412,,333000,4294967295,
migrate_demo,server,1,19258985,239412,,333000,4294967295,
migrate_demo,server,1,19264191,240022,,333000,4294967295,
migrate_demo,server,1,19269393,240022,,333000,4294967295,
migrate_demo,server,1,19274603,240022,,333000,4294967295,
migrate_demo,server,1,19279821,240022,,333000,4294967295,
migrate_demo,server,1,19284978,240632,,333000,4294967295,
migrate_demo,server,1,19290172,240632,,333000,4294967295,
migrate_demo,server,1,19295371,240632,,333000,4294967295,
migrate_demo,server,1,19300674,240632,,333000,4294967295,
migrate_demo,server,1,19305905,240632,,333000,4294967295,
migrate_demo,server,1,19311098,241242,,333000,4294967295,
migrate_demo,server,1,19316354,241242,,333000,4294967295,
migrate_demo,server,1,19321570,241242,,333000,4294967295,
migrate_demo,server,1,19326787,241242,,333000,4294967295,
migrate_demo,server,1,19331999,241852,,333000,4294967295,
migrate_demo,server,1,19337216,241852,,333000,4294967295,
migrate_demo,server,1,19342450,241852,,333000,4294967295,
migrate_demo,server,1,19347643,241852,,333000,4294967295,
migrate_demo,server,1,19352859,242462,,333000,4294967295,
migrate_demo,server,1,19358090,242462,,333000,4294967295,
migrate_demo,server,1,19363324,242462,,333000,4294967295,
migrate_demo,server,1,19368528,242462,,333000,4294967295,
migrate_demo,server,1,19373800,242462,,333000,4294967295,
migrate_demo,server,1,19378974,243072,,333000,4294967295,
migrate_demo,server,1,19384209,243072,,333000,4294967295,
migrate_demo,server,1,19389509,243072,,333000,4294967295,
migrate_demo,server,1,19394813,243072,,333000,4294967295,
migrate_demo,server,1,19400032,243682,,333000,4294967295,
migrate_demo,server,1,19405335,243682,,333000,4294967295,
migrate_demo,server,1,19410548,243682,,333000,4294967295,
migrate_demo,server,1,19415698,243682,,333000,4294967295,
migrate_demo,server,1,19420944,244292,,333000,4294967295,
migrate_demo,server,1,19426163,244292,,333000,4294967295,
migrate_demo,server,1,19431441,244292,,333000,4294967295,
migrate_demo,server,1,19436638,244292,,333000,4294967295,
migrate_demo,server,1,19441891,244292,,333000,4294967295,
migrate_demo,server,1,19447079,244902,,333000,4294967295,
migrate_demo,server,1,19452330,244902,,333000,4294967295,
migrate_demo,server,1,19457584,244902,,333000,4294967295,
migrate_demo,server,1,19462832,244902,,333000,4294967295,
migrate_demo,server,1,19468074,245512,,333000,4294967295,
migrate_demo,server,1,19473377,245512,,333000,4294967295,
migrate_demo,server,1,19478646,245512,,333000,4294967295,
migrate_demo,server,1,19483871,245512,,333000,4294967295,
migrate_demo,server,1,19489105,246122,,333000,4294967295,
migrate_demo,server,1,19494333,246122,,333000,4294967295,
migrate_demo,server,1,19499618,246122,,333000,4294967295,
migrate_demo,server,1,19504823,246122,,333000,4294967295,
migrate_demo,server,1,19510052,246122,,333000,4294967295,
migrate_demo,server,1,19515394,246732,,333000,4294967295,
migrate_demo,server,1,19520706,246732,,333000,4294967295,
migrate_demo,server,1,19525993,246732,,333000,4294967295,
migrate_demo,server,1,19531255,246732,,333000,4294967295,
migrate_demo,server,1,19536582,247342,,333000,4294967295,
migrate_demo,server,1,19541857,247342,,333000,4294967295,
migrate_demo,server,1,19547127,247342,,333000,4294967295,
migrate_demo,server,1,19552376,247342,,333000,4294967295,
migrate_demo,server,1,19557672,247952,,333000,4294967295,
migrate_demo,server,1,19562962,247952,,333000,4294967295,
migrate_demo,server,1,19568175,248562,,333000,4294967295,
migrate_demo,server,1,19573495,248562,,333000,4294967295,
migrate_demo,server,1,19578867,248562,,333000,4294967295,
migrate_demo,server,1,19584187,249172,,333000,4294967295,
migrate_demo,server,1,19589505,249172,,333000,4294967295,
migrate_demo,server,1,19594895,249172,,333000,4294967295,
migrate_demo,server,1,19600165,249172,,333000,4294967295,
migrate_demo,server,1,19605538,249782,,333000,4294967295,
migrate_demo,server,1,19610731,249782,,333000,4294967295,
migrate_demo,server,1,19616024,249782,,333000,4294967295,
migrate_demo,server,1,19621284,249782,,333000,4294967295,
migrate_demo,server,1,19626619,249782,,333000,4294967295,
migrate_demo,server,1,19631938,250392,,333000,4294967295,
migrate_demo,server,1,19637239,250392,,333000,4294967295,
migrate_demo,server,1,19642486,250392,,333000,4294967295,
migrate_demo,server,1,19647823,250392,,333000,4294967295,
migrate_demo,server,1,19653171,251002,,333000,4294967295,
migrate_demo,server,1,19658544,251002,,333000,4294967295,
migrate_demo,server,1,19663804,251002,,333000,4294967295,
migrate_demo,server,1,19669091,251002,,333000,4294967295,
migrate_demo,server,1,19674567,251612,,333000,4294967295,
migrate_demo,server,1,19679893,251612,,333000,4294967295,
migrate_demo,server,1,19685164,251612,,333000,4294967295,
migrate_demo,server,1,19690432,251612,,333000,4294967295,
migrate_demo,server,1,19695711,251612,,333000,4294967295,
migrate_demo,server,1,19700988,252222,,333000,4294967295,
migrate_demo,server,1,19706262,252222,,333000,4294967295,
migrate_demo,server,1,19711531,252222,,333000,4294967295,
migrate_demo,server,1,19716775,252222,,333000,4294967295,
migrate_demo,server,1,19721978,252832,,333000,4294967295,
migrate_demo,server,1,19727234,252832,,333000,4294967295,
migrate_demo,server,1,19732488,252832,,333000,4294967295,
migrate_demo,server,1,19737845,252832,,333000,4294967295,
migrate_demo,server,1,19743113,253442,,333000,4294967295,
migrate_demo,server,1,19748420,253442,,333000,4294967295,
migrate_demo,server,1,19753723,253442,,333000,4294967295,
migrate_demo,server,1,19759073,253442,,333000,4294967295,
migrate_demo,server,1,19764357,253442,,333000,4294967295,
migrate_demo,server,1,19769582,254052,,333000,4294967295,
migrate_demo,server,1,19774781,254052,,333000,4294967295,
migrate_demo,server,1,19780032,254052,,333000,4294967295,
migrate_demo,server,1,19785269,254052,,333000,4294967295,
migrate_demo,server,1,19790591,254662,,333000,4294967295,
migrate_demo,server,1,19795847,254662,,333000,4294967295,
migrate_demo,server,1,19801108,254662,,333000,4294967295,
migrate_demo,server,1,19806355,254662,,333000,4294967295,
migrate_demo,server,1,19811605,255272,,333000,4294967295,
migrate_demo,server,1,19816833,255272,,333000,4294967295,
migrate_demo,server,1,19822068,255272,,333000,4294967295,
migrate_demo,server,1,19827284,255272,,333000,4294967295,
migrate_demo,server,1,19832615,255272,,333000,4294967295,
migrate_demo,server,1,19837883,255882,,333000,4294967295,
migrate_demo,server,1,19843159,255882,,333000,4294967295,
migrate_demo,server,1,19848448,255882,,333000,4294967295,
migrate_demo,server,1,19853687,255882,,333000,4294967295,
migrate_demo,server,1,19858936,256492,,333000,4294967295,
migrate_demo,server,1,19864175,256492,,333000,4294967295,
migrate_demo,server,1,19869381,256492,,333000,4294967295,
migrate_demo,server,1,19874562,256492,,333000,4294967295,
migrate_demo,server,1,19879777,257102,,333000,4294967295,
migrate_demo,server,1,19884965,257102,,333000,4294967295,
migrate_demo,server,1,19890174,257102,,333000,4294967295,
migrate_demo,server,1,19895451,257102,,333000,4294967295,
migrate_demo,server,1,19900907,257712,,333000,4294967295,
migrate_demo,server,1,19906221,257712,,333000,4294967295,
migrate_demo,server,1,19911452,257712,,333000,4294967295,
migrate_demo,server,1,19916669,257712,,333000,4294967295,
migrate_demo,server,1,19921903,257712,,333000,4294967295,
migrate_demo,server,1,19927196,258322,,333000,4294967295,
migrate_demo,server,1,19932417,258322,,333000,4294967295,
migrate_demo,server,1,19937662,258322,,333000,4294967295,
migrate_demo,server,1,19942842,258322,,333000,4294967295,
migrate_demo,server,1,19948049,258932,,333000,4294967295,
migrate_demo,server,1,19953273,258932,,333000,4294967295,
migrate_demo,server,1,19958538,258932,,333000,4294967295,
migrate_demo,server,1,19963768,258932,,333000,4294967295,
migrate_demo,server,1,19969195,259542,,333000,4294967295,
migrate_demo,server,1,19974382,259542,,333000,4294967295,
migrate_demo,server,1,19979607,259542,,333000,4294967295,
migrate_demo,server,1,19984882,259542,,333000,4294967295,
migrate_demo,server,1,19990103,259542,,333000,4294967295,
migrate_demo,server,1,19995284,260152,,333000,4294967295,
migrate_demo,server,1,20000535,260152,,333000,4294967295,
migrate_demo,server,1,20005772,260152,,333000,4294967295,
migrate_demo,server,1,20010949,260152,,333000,4294967295,
migrate_demo,server,1,20016183,260762,,333000,4294967295,
migrate_demo,server,1,20021417,260762,,333000,4294967295,
migrate_demo,server,1,20026700,260762,,333000,4294967295,
migrate_demo,server,1,20031926,260762,,333000,4294967295,
migrate_demo,server,1,20037456,261372,,333000,4294967295,
migrate_demo,server,1,20042850,261372,,333000,4294967295,
migrate_demo,server,1,20048078,261372,,333000,4294967295,
migrate_demo,server,1,20053404,261372,,333000,4294967295,
migrate_demo,server,1,20058641,261372,,333000,4294967295,
migrate_demo,server,1,20063923,261982,,333000,4294967295,
migrate_demo,server,1,20069175,261982,,333000,4294967295,
migrate_demo,server,1,20074414,261982,,333000,4294967295,
migrate_demo,server,1,20079620,261982,,333000,4294967295,
migrate_demo,server,1,20084880,262592,,333000,4294967295,
migrate_demo,server,1,20090075,262592,,333000,4294967295,
migrate_demo,server,1,20095369,262592,,333000,4294967295,
migrate_demo,server,1,20100588,262592,,333000,4294967295,
migrate_demo,server,1,20105804,263202,,333000,4294967295,
migrate_demo,server,1,20111046,263202,,333000,4294967295,
migrate_demo,server,1,20116289,263202,,333000,4294967295,
migrate_demo,server,1,20121514,263202,,333000,4294967295,
migrate_demo,server,1,20126755,263202,,333000,4294967295,
migrate_demo,server,1,20132006,263812,,333000,4294967295,
migrate_demo,server,1,20137300,263812,,333000,4294967295,
migrate_demo,server,1,20142558,263812,,333000,4294967295,
migrate_demo,server,1,20147800,263812,,333000,4294967295,
migrate_demo,server,1,20153035,264422,,333000,4294967295,
migrate_demo,server,1,20158290,264422,,333000,4294967295,
migrate_demo,server,1,20163497,264422,,333000,4294967295,
migrate_demo,server,1,20168803,264422,,333000,4294967295,
migrate_demo,server,1,20174052,265032,,333000,4294967295,
migrate_demo,server,1,20179268,265032,,333000,4294967295,
migrate_demo,server,1,20184538,265032,,333000,4294967295,
migrate_demo,server,1,20189727,265032,,333000,4294967295,
migrate_demo,server,1,20194950,265032,,333000,4294967295,
migrate_demo,server,1,20200157,265642,,333000,4294967295,
migrate_demo,server,1,20205370,265642,,333000,4294967295,
migrate_demo,server,1,20210629,265642,,333000,4294967295,
migrate_demo,server,1,20215830,265642,,333000,4294967295,
migrate_demo,server,1,20221081,266252,,333000,4294967295,
migrate_demo,server,1,20226314,266252,,333000,4294967295,
migrate_demo,server,1,20231602,266252,,333000,4294967295,
migrate_demo,server,1,20236831,266252,,333000,4294967295,
migrate_demo,server,1,20242069,266862,,333000,4294967295,
migrate_demo,server,1,20247324,266862,,333000,4294967295,
migrate_demo,server,1,20252556,266862,,333000,4294967295,
migrate_demo,server,1,20257796,266862,,333000,4294967295,
migrate_demo,server,1,20263067,266862,,333000,4294967295,
migrate_demo,server,1,20268320,267472,,333000,4294967295,
migrate_demo,server,1,20273563,267472,,333000,4294967295,
migrate_demo,server,1,20278817,267472,,333000,4294967295,
migrate_demo,server,1,20284066,267472,,333000,4294967295,
migrate_demo,server,1,20289264,268082,,333000,4294967295,
migrate_demo,server,1,20294504,268082,,333000,4294967295,
migrate_demo,server,1,20299712,268082,,333000,4294967295,
migrate_demo,server,1,20304926,268082,,333000,4294967295,
migrate_demo,server,1,20310105,268692,,333000,4294967295,
migrate_demo,server,1,20315371,268692,,333000,4294967295,
migrate_demo,server,1,20320585,268692,,333000,4294967295,
migrate_demo,server,1,20325794,268692,,333000,4294967295,
migrate_demo,server,1,20331003,268692,,333000,4294967295,
migrate_demo,server,1,20336241,269302,,333000,4294967295,
migrate_demo,server,1,20341540,269302,,333000,4294967295,
migrate_demo,server,1,20346764,269302,,333000,4294967295,
migrate_demo,server,1,20351971,269302,,333000,4294967295,
migrate_demo,server,1,20357206,269912,,333000,4294967295,
migrate_demo,server,1,20362428,269912,,333000,4294967295,
migrate_demo,server,1,20367652,269912,,333000,4294967295,
migrate_demo,server,1,20372884,269912,,333000,4294967295,
migrate_demo,server,1,20378150,270522,,333000,4294967295,
migrate_demo,server,1,20383396,270522,,333000,4294967295,
migrate_demo,server,1,20388663,270522,,333000,4294967295,
migrate_demo,server,1,20393868,270522,,333000,4294967295,
migrate_demo,server,1,20399129,270522,,333000,4294967295,
migrate_demo,server,1,20404472,271132,,333000,4294967295,
migrate_demo,server,1,20409750,271132,,333000,4294967295,
migrate_demo,server,1,20415036,271132,,333000,4294967295,
migrate_demo,server,1,20420351,271132,,333000,4294967295,
migrate_demo,server,1,20425632,271742,,333000,4294967295,
migrate_demo,server,1,20430874,271742,,333000,4294967295,
migrate_demo,server,1,20436146,271742,,333000,4294967295,
migrate_demo,server,1,20441409,271742,,333000,4294967295,
migrate_demo,server,1,20446710,272352,,333000,4294967295,
migrate_demo,server,1,20451922,272352,,333000,4294967295,
migrate_demo,server,1,20457167,272352,,333000,4294967295,
migrate_demo,server,1,20462418,272352,,333000,4294967295,
migrate_demo,server,1,20467702,272352,,333000,4294967295,
migrate_demo,server,1,20472910,273572,,333000,4294967295,
migrate_demo,server,1,20478127,273572,,333000,4294967295,
migrate_demo,server,1,20483366,273572,,333000,4294967295,
migrate_demo,server,1,20488591,273572,,333000,4294967295,
migrate_demo,server,1,20493982,273572,,333000,4294967295,
migrate_demo,server,1,20499183,274182,,333000,4294967295,
migrate_demo,server,1,20504415,274182,,333000,4294967295,
migrate_demo,server,1,20509633,274182,,333000,4294967295,
migrate_demo,server,1,20514839,274182,,333000,4294967295,
migrate_demo,server,1,20520141,274792,,333000,4294967295,
migrate_demo,server,1,20525380,274792,,333000,4294967295,
migrate_demo,server,1,20530634,274792,,333000,4294967295,
migrate_demo,server,1,20535883,274792,,333000,4294967295,
migrate_demo,server,1,20541088,275402,,333000,4294967295,
migrate_demo,server,1,20546297,275402,,333000,4294967295,
migrate_demo,server,1,20551628,275402,,333000,4294967295,
migrate_demo,server,1,20556894,275402,,333000,4294967295,
migrate_demo,server,1,20562133,275402,,333000,4294967295,
migrate_demo,server,1,20567407,276012,,333000,4294967295,
migrate_demo,server,1,20572626,276012,,333000,4294967295,
migrate_demo,server,1,20577863,276012,,333000,4294967295,
migrate_demo,server,1,20583077,276012,,333000,4294967295,
migrate_demo,server,1,20588298,276622,,333000,4294967295,
migrate_demo,server,1,20593557,276622,,333000,4294967295,
migrate_demo,server,1,20598882,276622,,333000,4294967295,
migrate_demo,server,1,20604168,276622,,333000,4294967295,
migrate_demo,server,1,20609398,277232,,333000,4294967295,
migrate_demo,server,1,20614666,277232,,333000,4294967295,
migrate_demo,server,1,20619934,277232,,333000,4294967295,
migrate_demo,server,1,20625213,277232,,333000,4294967295,
migrate_demo,server,1,20630434,277232,,333000,4294967295,
migrate_demo,server,1,20635654,277842,,333000,4294967295,
migrate_demo,server,1,20640870,277842,,333000,4294967295,
migrate_demo,server,1,20646040,277842,,333000,4294967295,
migrate_demo,server,1,20651244,277842,,333000,4294967295,
migrate_demo,server,1,20656684,278452,,333000,4294967295,
migrate_demo,server,1,20661951,278452,,333000,4294967295,
migrate_demo,server,1,20667181,278452,,333000,4294967295,
migrate_demo,server,1,20672426,278452,,333000,4294967295,
migrate_demo,server,1,20677689,279062,,333000,4294967295,
migrate_demo,server,1,20682939,279062,,333000,4294967295,
migrate_demo,server,1,20688339,279062,,333000,4294967295,
migrate_demo,server,1,20693575,279062,,333000,4294967295,
migrate_demo,server,1,20698871,279062,,333000,4294967295,
migrate_demo,server,1,20704166,279672,,333000,4294967295,
migrate_demo,server,1,20709448,279672,,333000,4294967295,
migrate_demo,server,1,20714679,279672,,333000,4294967295,
migrate_demo,server,1,20720030,279672,,333000,4294967295,
migrate_demo,server,1,20725281,280282,,333000,4294967295,
migrate_demo,server,1,20730509,280282,,333000,4294967295,
migrate_demo,server,1,20735735,280282,,333000,4294967295,
migrate_demo,server,1,20740956,280282,,333000,4294967295,
migrate_demo,server,1,20746217,280892,,333000,4294967295,
migrate_demo,server,1,20751514,280892,,333000,4294967295,
migrate_demo,server,1,20756738,280892,,333000,4294967295,
migrate_demo,server,1,20762010,280892,,333000,4294967295,
migrate_demo,server,1,20767332,280892,,333000,4294967295,
migrate_demo,server,1,20772724,281502,,333000,4294967295,
migrate_demo,server,1,20777934,281502,,333000,4294967295,
migrate_demo,server,1,20783155,281502,,333000,4294967295,
migrate_demo,server,1,20788342,281502,,333000,4294967295,
migrate_demo,server,1,20793599,282112,,333000,4294967295,
migrate_demo,server,1,20798892,282112,,333000,4294967295,
migrate_demo,server,1,20804120,282112,,333000,4294967295,
migrate_demo,server,1,20809332,282112,,333000,4294967295,
migrate_demo,server,1,20814611,282722,,333000,4294967295,
migrate_demo,server,1,20819987,282722,,333000,4294967295,
migrate_demo,server,1,20825218,282722,,333000,4294967295,
migrate_demo,server,1,20830513,282722,,333000,4294967295,
migrate_demo,server,1,20836070,283332,,333000,4294967295,
migrate_demo,server,1,20841336,283332,,333000,4294967295,
migrate_demo,server,1,20846612,283332,,333000,4294967295,
migrate_demo,server,1,20851851,283332,,333000,4294967295,
migrate_demo,server,1,20857056,283332,,333000,4294967295,
migrate_demo,server,1,20862293,283942,,333000,4294967295,
migrate_demo,server,1,20867518,283942,,333000,4294967295,
migrate_demo,server,1,20872721,283942,,333000,4294967295,
migrate_demo,server,1,20877957,283942,,333000,4294967295,
migrate_demo,server,1,20883190,284552,,333000,4294967295,
migrate_demo,server,1,20888470,284552,,333000,4294967295,
migrate_demo,server,1,20893713,284552,,333000,4294967295,
migrate_demo,server,1,20898937,284552,,333000,4294967295,
migrate_demo,server,1,20904144,285162,,333000,4294967295,
migrate_demo,server,1,20909350,285162,,333000,4294967295,
migrate_demo,server,1,20914529,285162,,333000,4294967295,
migrate_demo,server,1,20919730,285162,,333000,4294967295,
migrate_demo,server,1,20924926,285162,,333000,4294967295,
migrate_demo,server,1,20930220,285772,,333000,4294967295,
migrate_demo,server,1,20935434,285772,,333000,4294967295,
migrate_demo,server,1,20940645,285772,,333000,4294967295,
migrate_demo,server,1,20945836,285772,,333000,4294967295,
migrate_demo,server,1,20951067,286382,,333000,4294967295,
migrate_demo,server,1,20956294,286382,,333000,4294967295,
migrate_demo,server,1,20961536,286382,,333000,4294967295,
migrate_demo,server,1,20966780,286382,,333000,4294967295,
migrate_demo,server,1,20972432,286992,,333000,4294967295,
migrate_demo,server,1,20977644,286992,,333000,4294967295,
migrate_demo,server,1,20982857,286992,,333000,4294967295,
migrate_demo,server,1,20988097,286992,,333000,4294967295,
migrate_demo,server,1,20993311,286992,,333000,4294967295,
migrate_demo,server,1,20998508,287602,,333000,4294967295,
migrate_demo,server,1,21003707,287602,,333000,4294967295,
migrate_demo,server,1,21008976,287602,,333000,4294967295,
migrate_demo,server,1,21014198,287602,,333000,4294967295,
migrate_demo,server,1,21019444,288212,,333000,4294967295,
migrate_demo,server,1,21024686,288212,,333000,4294967295,
migrate_demo,server,1,21029898,288212,,333000,4294967295,
migrate_demo,server,1,21035127,288212,,333000,4294967295,
migrate_demo,server,1,21040729,288822,,333000,4294967295,
migrate_demo,server,1,21045941,288822,,333000,4294967295,
migrate_demo,server,1,21051144,288822,,333000,4294967295,
migrate_demo,server,1,21056376,288822,,333000,4294967295,
migrate_demo,server,1,21061580,288822,,333000,4294967295,
migrate_demo,server,1,21066843,289432,,333000,4294967295,
migrate_demo,server,1,21072008,289432,,333000,4294967295,
migrate_demo,server,1,21077198,289432,,333000,4294967295,
migrate_demo,server,1,21082388,289432,,333000,4294967295,
migrate_demo,server,1,21087695,290042,,333000,4294967295,
migrate_demo,server,1,21092902,290042,,333000,4294967295,
migrate_demo,server,1,21098091,290042,,333000,4294967295,
migrate_demo,server,1,21103369,290042,,333000,4294967295,
migrate_demo,server,1,21108643,290652,,333000,4294967295,
migrate_demo,server,1,21113882,290652,,333000,4294967295,
migrate_demo,server,1,21119139,290652,,333000,4294967295,
migrate_demo,server,1,21124382,290652,,333000,4294967295,
migrate_demo,server,1,21129636,290652,,333000,4294967295,
migrate_demo,server,1,21134841,291262,,333000,4294967295,
migrate_demo,server,1,21140074,291262,,333000,4294967295,
migrate_demo,server,1,21145307,291262,,333000,4294967295,
migrate_demo,server,1,21150524,291262,,333000,4294967295,
migrate_demo,server,1,21155741,291872,,333000,4294967295,
migrate_demo,server,1,21160946,291872,,333000,4294967295,
migrate_demo,server,1,21166132,291872,,333000,4294967295,
migrate_demo,server,1,21171384,291872,,333000,4294967295,
migrate_demo,server,1,21177447,292482,,333000,4294967295,
migrate_demo,server,1,21182658,292482,,333000,4294967295,
migrate_demo,server,1,21187896,292482,,333000,4294967295,
migrate_demo,server,1,21193110,292482,,333000,4294967295,
migrate_demo,server,1,21198327,292482,,333000,4294967295,
migrate_demo,server,1,21203573,293092,,333000,4294967295,
migrate_demo,server,1,21208823,293092,,333000,4294967295,
migrate_demo,server,1,21214036,293092,,333000,4294967295,
migrate_demo,server,1,21219236,293092,,333000,4294967295,
migrate_demo,server,1,21224466,293702,,333000,4294967295,
migrate_demo,server,1,21229692,293702,,333000,4294967295,
migrate_demo,server,1,21234888,293702,,333000,4294967295,
migrate_demo,server,1,21240097,293702,,333000,4294967295,
migrate_demo,server,1,21245350,294312,,333000,4294967295,
migrate_demo,server,1,21250640,294312,,333000,4294967295,
migrate_demo,server,1,21255868,294312,,333000,4294967295,
migrate_demo,server,1,21261059,294312,,333000,4294967295,
migrate_demo,server,1,21266288,294312,,333000,4294967295,
migrate_demo,server,1,21271509,294922,,333000,4294967295,
migrate_demo,server,1,21276675,294922,,333000,4294967295,
migrate_demo,server,1,21281953,294922,,333000,4294967295,
migrate_demo,server,1,21287199,294922,,333000,4294967295,
migrate_demo,server,1,21292422,295532,,333000,4294967295,
migrate_demo,server,1,21297638,295532,,333000,4294967295,
migrate_demo,server,1,21302885,295532,,333000,4294967295,
migrate_demo,server,1,21308123,295532,,333000,4294967295,
migrate_demo,server,1,21313399,296142,,333000,4294967295,
migrate_demo,server,1,21318587,296142,,333000,4294967295,
migrate_demo,server,1,21323781,296142,,333000,4294967295,
migrate_demo,server,1,21328979,296142,,333000,4294967295,
migrate_demo,server,1,21334169,296142,,333000,4294967295,
migrate_demo,server,1,21339458,296752,,333000,4294967295,
migrate_demo,server,1,21344667,296752,,333000,4294967295,
migrate_demo,server,1,21349919,297362,,333000,4294967295,
migrate_demo,server,1,21355176,297362,,333000,4294967295,
migrate_demo,server,1,21360385,297362,,333000,4294967295,
migrate_demo,server,1,21365608,297972,,333000,4294967295,
migrate_demo,server,1,21370838,297972,,333000,4294967295,
migrate_demo,server,1,21376058,297972,,333000,4294967295,
migrate_demo,server,1,21381275,297972,,333000,4294967295,
migrate_demo,server,1,21386549,298582,,333000,4294967295,
migrate_demo,server,1,21391812,298582,,333000,4294967295,
migrate_demo,server,1,21397085,298582,,333000,4294967295,
migrate_demo,server,1,21402296,298582,,333000,4294967295,
migrate_demo,server,1,21407563,299192,,333000,4294967295,
migrate_demo,server,1,21412763,299192,,333000,4294967295,
migrate_demo,server,1,21418025,299192,,333000,4294967295,
migrate_demo,server,1,21423273,299192,,333000,4294967295,
migrate_demo,server,1,21428485,299192,,333000,4294967295,
migrate_demo,server,1,21433731,299802,,333000,4294967295,
migrate_demo,server,1,21438951,299802,,333000,4294967295,
migrate_demo,server,1,21444151,299802,,333000,4294967295,
migrate_demo,server,1,21449374,299802,,333000,4294967295,
migrate_demo,server,1,21454610,300412,,333000,4294967295,
migrate_demo,server,1,21459860,300412,,333000,4294967295,
migrate_demo,server,1,21465037,300412,,333000,4294967295,
migrate_demo,server,1,21470269,300412,,333000,4294967295,
migrate_demo,server,1,21476265,301022,,333000,4294967295,
migrate_demo,server,1,21481527,301022,,333000,4294967295,
migrate_demo,server,1,21486781,301022,,333000,4294967295,
migrate_demo,server,1,21492014,301022,,333000,4294967295,
migrate_demo,server,1,21497259,301022,,333000,4294967295,
migrate_demo,server,1,21502548,301632,,333000,4294967295,
migrate_demo,server,1,21507793,301632,,333000,4294967295,
migrate_demo,server,1,21512983,301632,,333000,4294967295,
migrate_demo,server,1,21518222,301632,,333000,4294967295,
migrate_demo,server,1,21523468,302242,,333000,4294967295,
migrate_demo,server,1,21528739,302242,,333000,4294967295,
migrate_demo,server,1,21533942,302242,,333000,4294967295,
migrate_demo,server,1,21539178,302242,,333000,4294967295,
migrate_demo,server,1,21544361,302852,,333000,4294967295,
migrate_demo,server,1,21549634,302852,,333000,4294967295,
migrate_demo,server,1,21554844,302852,,333000,4294967295,
migrate_demo,server,1,21560036,302852,,333000,4294967295,
migrate_demo,server,1,21565191,302852,,333000,4294967295,
migrate_demo,server,1,21570419,303462,,333000,4294967295,
migrate_demo,server,1,21575625,303462,,333000,4294967295,
migrate_demo,server,1,21580894,303462,,333000,4294967295,
migrate_demo,server,1,21586108,303462,,333000,4294967295,
migrate_demo,server,1,21591405,304072,,333000,4294967295,
migrate_demo,server,1,21596641,304072,,333000,4294967295,
migrate_demo,server,1,21601921,304072,,333000,4294967295,
migrate_demo,server,1,21607136,304072,,333000,4294967295,
migrate_demo,server,1,21612349,304682,,333000,4294967295,
migrate_demo,server,1,21617556,304682,,333000,4294967295,
migrate_demo,server,1,21622766,304682,,333000,4294967295,
migrate_demo,server,1,21627960,304682,,333000,4294967295,
migrate_demo,server,1,21633202,304682,,333000,4294967295,
migrate_demo,server,1,21638483,305292,,333000,4294967295,
migrate_demo,server,1,21643719,305292,,333000,4294967295,
migrate_demo,server,1,21648941,305292,,333000,4294967295,
migrate_demo,server,1,21654183,305292,,333000,4294967295,
migrate_demo,server,1,21659417,305902,,333000,4294967295,
migrate_demo,server,1,21664690,305902,,333000,4294967295,
migrate_demo,server,1,21669970,305902,,333000,4294967295,
migrate_demo,server,1,21675244,305902,,333000,4294967295,
migrate_demo,server,1,21680482,306512,,333000,4294967295,
migrate_demo,server,1,21685664,306512,,333000,4294967295,
migrate_demo,server,1,21690866,306512,,333000,4294967295,
migrate_demo,server,1,21696067,306512,,333000,4294967295,
migrate_demo,server,1,21701329,306512,,333000,4294967295,
migrate_demo,server,1,21706543,307122,,333000,4294967295,
migrate_demo,server,1,21711747,307122,,333000,4294967295,
migrate_demo,server,1,21716969,307122,,333000,4294967295,
migrate_demo,server,1,21722285,307122,,333000,4294967295,
migrate_demo,server,1,21727602,307732,,333000,4294967295,
migrate_demo,server,1,21732863,307732,,333000,4294967295,
migrate_demo,server,1,21738119,307732,,333000,4294967295,
migrate_demo,server,1,21743373,307732,,333000,4294967295,
migrate_demo,server,1,21748689,308342,,333000,4294967295,
migrate_demo,server,1,21753931,308342,,333000,4294967295,
migrate_demo,server,1,21759212,308342,,333000,4294967295,
migrate_demo,server,1,21764461,308342,,333000,4294967295,
migrate_demo,server,1,21769687,308342,,333000,4294967295,
migrate_demo,server,1,21775003,308952,,333000,4294967295,
migrate_demo,server,1,21780253,308952,,333000,4294967295,
migrate_demo,server,1,21785662,308952,,333000,4294967295,
migrate_demo,server,1,21790888,308952,,333000,4294967295,
migrate_demo,server,1,21796117,309562,,333000,4294967295,
migrate_demo,server,1,21801360,309562,,333000,4294967295,
migrate_demo,server,1,21806594,309562,,333000,4294967295,
migrate_demo,server,1,21811799,309562,,333000,4294967295,
migrate_demo,server,1,21817029,310172,,333000,4294967295,
migrate_demo,server,1,21822299,310172,,333000,4294967295,
migrate_demo,server,1,21827514,310172,,333000,4294967295,
migrate_demo,server,1,21832729,310172,,333000,4294967295,
migrate_demo,server,1,21838001,310172,,333000,4294967295,
migrate_demo,server,1,21843174,310782,,333000,4294967295,
migrate_demo,server,1,21848455,310782,,333000,4294967295,
migrate_demo,server,1,21853799,310782,,333000,4294967295,
migrate_demo,server,1,21858969,310782,,333000,4294967295,
migrate_demo,server,1,21864235,311392,,333000,4294967295,
migrate_demo,server,1,21869441,311392,,333000,4294967295,
migrate_demo,server,1,21874761,311392,,333000,4294967295,
migrate_demo,server,1,21880021,311392,,333000,4294967295,
migrate_demo,server,1,21885294,312002,,333000,4294967295,
migrate_demo,server,1,21890491,312002,,333000,4294967295,
migrate_demo,server,1,21895769,312002,,333000,4294967295,
migrate_demo,server,1,21901004,312002,,333000,4294967295,
migrate_demo,server,1,21906200,312002,,333000,4294967295,
migrate_demo,server,1,21911428,312612,,333000,4294967295,
migrate_demo,server,1,21916718,312612,,333000,4294967295,
migrate_demo,server,1,21922048,312612,,333000,4294967295,
migrate_demo,server,1,21927279,312612,,333000,4294967295,
migrate_demo,server,1,21932516,313222,,333000,4294967295,
migrate_demo,server,1,21937766,313222,,333000,4294967295,
migrate_demo,server,1,21942999,313222,,333000,4294967295,
migrate_demo,server,1,21948253,313222,,333000,4294967295,
migrate_demo,server,1,21953455,313832,,333000,4294967295,
migrate_demo,server,1,21958702,313832,,333000,4294967295,
migrate_demo,server,1,21963967,313832,,333000,4294967295,
migrate_demo,server,1,21969230,313832,,333000,4294967295,
migrate_demo,server,1,21974470,313832,,333000,4294967295,
migrate_demo,server,1,21979713,314442,,333000,4294967295,
migrate_demo,server,1,21984920,314442,,333000,4294967295,
migrate_demo,server,1,21990160,314442,,333000,4294967295,
migrate_demo,server,1,21995424,314442,,333000,4294967295,
migrate_demo,server,1,22000717,315052,,333000,4294967295,
migrate_demo,server,1,22005938,315052,,333000,4294967295,
migrate_demo,server,1,22011194,315052,,333000,4294967295,
migrate_demo,server,1,22016427,315052,,333000,4294967295,
migrate_demo,server,1,22021655,315662,,333000,4294967295,
migrate_demo,server,1,22026879,315662,,333000,4294967295,
migrate_demo,server,1,22032091,315662,,333000,4294967295,
migrate_demo,server,1,22037277,315662,,333000,4294967295,
migrate_demo,server,1,22042487,315662,,333000,4294967295,
migrate_demo,server,1,22047728,316272,,333000,4294967295,
migrate_demo,server,1,22052928,316272,,333000,4294967295,
migrate_demo,server,1,22058120,316272,,333000,4294967295,
migrate_demo,server,1,22063359,316272,,333000,4294967295,
migrate_demo,server,1,22068626,316882,,333000,4294967295,
migrate_demo,server,1,22073818,316882,,333000,4294967295,
migrate_demo,server,1,22079058,316882,,333000,4294967295,
migrate_demo,server,1,22084347,316882,,333000,4294967295,
migrate_demo,server,1,22089634,317492,,333000,4294967295,
migrate_demo,server,1,22094811,317492,,333000,4294967295,
migrate_demo,server,1,22100044,317492,,333000,4294967295,
migrate_demo,server,1,22105294,317492,,333000,4294967295,
migrate_demo,server,1,22110498,317492,,333000,4294967295,
migrate_demo,server,1,22115871,318102,,333000,4294967295,
migrate_demo,server,1,22121110,318102,,333000,4294967295,
migrate_demo,server,1,22126313,318102,,333000,4294967295,
migrate_demo,server,1,22131613,318102,,333000,4294967295,
migrate_demo,server,1,22136854,318712,,333000,4294967295,
migrate_demo,server,1,22142099,318712,,333000,4294967295,
migrate_demo,server,1,22147323,318712,,333000,4294967295,
migrate_demo,server,1,22152556,318712,,333000,4294967295,
migrate_demo,server,1,22157764,319322,,333000,4294967295,
migrate_demo,server,1,22162956,319322,,333000,4294967295,
migrate_demo,server,1,22168192,319322,,333000,4294967295,
migrate_demo,server,1,22173450,319322,,333000,4294967295,
migrate_demo,server,1,22178701,319322,,333000,4294967295,
migrate_demo,server,1,22183939,319932,,333000,4294967295,
migrate_demo,server,1,22189117,319932,,333000,4294967295,
migrate_demo,server,1,22194317,319932,,333000,4294967295,
migrate_demo,server,1,22199509,319932,,333000,4294967295,
migrate_demo,server,1,22204761,320542,,333000,4294967295,
migrate_demo,server,1,22209992,320542,,333000,4294967295,
migrate_demo,server,1,22215249,320542,,333000,4294967295,
migrate_demo,server,1,22220463,320542,,333000,4294967295,
migrate_demo,server,1,22225756,321152,,333000,4294967295,
migrate_demo,server,1,22231005,321152,,333000,4294967295,
migrate_demo,server,1,22236221,321152,,333000,4294967295,
migrate_demo,server,1,22241468,321152,,333000,4294967295,
migrate_demo,server,1,22246722,321152,,333000,4294967295,
migrate_demo,server,1,22251989,322372,,333000,4294967295,
migrate_demo,server,1,22257225,322372,,333000,4294967295,
migrate_demo,server,1,22262492,322372,,333000,4294967295,
migrate_demo,server,1,22267736,322372,,333000,4294967295,
migrate_demo,server,1,22272966,322372,,333000,4294967295,
migrate_demo,server,1,22278201,322982,,333000,4294967295,
migrate_demo,server,1,22283444,322982,,333000,4294967295,
migrate_demo,server,1,22288683,322982,,333000,4294967295,
migrate_demo,server,1,22293902,322982,,333000,4294967295,
migrate_demo,server,1,22299206,323592,,333000,4294967295,
migrate_demo,server,1,22304459,323592,,333000,4294967295,
migrate_demo,server,1,22309684,323592,,333000,4294967295,
migrate_demo,server,1,22314824,323592,,333000,4294967295,
migrate_demo,server,1,22320040,324202,,333000,4294967295,
migrate_demo,server,1,22325222,324202,,333000,4294967295,
migrate_demo,server,1,22330470,324202,,333000,4294967295,
migrate_demo,server,1,22335691,324202,,333000,4294967295,
migrate_demo,server,1,22340960,324202,,333000,4294967295,
migrate_demo,server,1,22346150,324812,,333000,4294967295,
migrate_demo,server,1,22351426,324812,,333000,4294967295,
migrate_demo,server,1,22356705,324812,,333000,4294967295,
migrate_demo,server,1,22361926,324812,,333000,4294967295,
migrate_demo,server,1,22367206,325422,,333000,4294967295,
migrate_demo,server,1,22372393,325422,,333000,4294967295,
migrate_demo,server,1,22377633,325422,,333000,4294967295,
migrate_demo,server,1,22382833,325422,,333000,4294967295,
migrate_demo,server,1,22388244,326032,,333000,4294967295,
migrate_demo,server,1,22393428,326032,,333000,4294967295,
migrate_demo,server,1,22398645,326032,,333000,4294967295,
migrate_demo,server,1,22403850,326032,,333000,4294967295,
migrate_demo,server,1,22409150,326032,,333000,4294967295,
migrate_demo,server,1,22414333,326642,,333000,4294967295,
migrate_demo,server,1,22419547,326642,,333000,4294967295,
migrate_demo,server,1,22424792,326642,,333000,4294967295,
migrate_demo,server,1,22430007,326642,,333000,4294967295,
migrate_demo,server,1,22435252,327252,,333000,4294967295,
migrate_demo,server,1,22440464,327252,,333000,4294967295,
migrate_demo,server,1,22445659,327252,,333000,4294967295,
migrate_demo,server,1,22450895,327252,,333000,4294967295,
migrate_demo,server,1,22456152,327862,,333000,4294967295,
migrate_demo,server,1,22461384,327862,,333000,4294967295,
migrate_demo,server,1,22466630,327862,,333000,4294967295,
migrate_demo,server,1,22471832,327862,,333000,4294967295,
migrate_demo,server,1,22477012,327862,,333000,4294967295,
migrate_demo,server,1,22482295,328472,,333000,4294967295,
migrate_demo,server,1,22487488,328472,,333000,4294967295,
migrate_demo,server,1,22492691,328472,,333000,4294967295,
migrate_demo,server,1,22497882,328472,,333000,4294967295,
migrate_demo,server,1,22503132,329082,,333000,4294967295,
migrate_demo,server,1,22508391,329082,,333000,4294967295,
migrate_demo,server,1,22513607,329082,,333000,4294967295,
migrate_demo,server,1,22518765,329082,,333000,4294967295,
migrate_demo,server,1,22524258,329692,,333000,4294967295,
migrate_demo,server,1,22529473,329692,,333000,4294967295,
migrate_demo,server,1,22534726,329692,,333000,4294967295,
migrate_demo,server,1,22540009,329692,,333000,4294967295,
migrate_demo,server,1,22545260,329692,,333000,4294967295,
migrate_demo,server,1,22550507,330302,,333000,4294967295,
migrate_demo,server,1,22555740,330302,,333000,4294967295,
migrate_demo,server,1,22560982,330302,,333000,4294967295,
migrate_demo,server,1,22566200,330302,,333000,4294967295,
migrate_demo,server,1,22571372,330912,,333000,4294967295,
migrate_demo,server,1,22576656,330912,,333000,4294967295,
migrate_demo,server,1,22581835,330912,,333000,4294967295,
migrate_demo,server,1,22587031,330912,,333000,4294967295,
migrate_demo,server,1,22592302,331522,,333000,4294967295,
migrate_demo,server,1,22597528,331522,,333000,4294967295,
migrate_demo,server,1,22602695,331522,,333000,4294967295,
migrate_demo,server,1,22607899,331522,,333000,4294967295,
migrate_demo,server,1,22613175,331522,,333000,4294967295,
migrate_demo,server,1,22618499,332132,,333000,4294967295,
migrate_demo,server,1,22623698,332132,,333000,4294967295,
migrate_demo,server,1,22628916,332132,,333000,4294967295,
migrate_demo,server,1,22634129,332132,,333000,4294967295,
migrate_demo,server,1,22639342,332742,,333000,4294967295,
migrate_demo,server,1,22644627,332742,,333000,4294967295,
migrate_demo,server,1,22649888,332742,,333000,4294967295,
migrate_demo,server,1,22655133,332742,,333000,4294967295,
migrate_demo,server,1,22660501,333352,,333000,4294967295,
migrate_demo,server,1,22665710,333352,,333000,4294967295,
migrate_demo,server,1,22670993,333352,,333000,4294967295,
migrate_demo,server,1,22676290,333352,,333000,4294967295,
migrate_demo,server,1,22681559,333352,,333000,4294967295,
migrate_demo,server,1,22686818,333962,,333000,4294967295,
migrate_demo,server,1,22692089,333962,,333000,4294967295,
migrate_demo,server,1,22697302,333962,,333000,4294967295,
migrate_demo,server,1,22702600,333962,,333000,4294967295,
migrate_demo,server,1,22707941,334572,,333000,4294967295,
migrate_demo,server,1,22713201,334572,,333000,4294967295,
migrate_demo,server,1,22718474,334572,,333000,4294967295,
migrate_demo,server,1,22723692,334572,,333000,4294967295,
migrate_demo,server,1,22728944,335182,,333000,4294967295,
migrate_demo,server,1,22734245,335182,,333000,4294967295,
migrate_demo,server,1,22739482,335182,,333000,4294967295,
migrate_demo,server,1,22744770,335182,,333000,4294967295,
migrate_demo,server,1,22750017,335182,,333000,4294967295,
migrate_demo,server,1,22755296,335792,,333000,4294967295,
migrate_demo,server,1,22760555,335792,,333000,4294967295,
migrate_demo,server,1,22765781,335792,,333000,4294967295,
migrate_demo,server,1,22771003,335792,,333000,4294967295,
migrate_demo,server,1,22776268,336402,,333000,4294967295,
migrate_demo,server,1,22781505,336402,,333000,4294967295,
migrate_demo,server,1,22786726,336402,,333000,4294967295,
migrate_demo,server,1,22791980,336402,,333000,4294967295,
migrate_demo,server,1,22797249,337012,,333000,4294967295,
migrate_demo,server,1,22802519,337012,,333000,4294967295,
migrate_demo,server,1,22807770,337012,,333000,4294967295,
migrate_demo,server,1,22813044,337012,,333000,4294967295,
migrate_demo,server,1,22818312,337012,,333000,4294967295,
migrate_demo,server,1,22823570,337622,,333000,4294967295,
migrate_demo,server,1,22828796,337622,,333000,4294967295,
migrate_demo,server,1,22834005,337622,,333000,4294967295,
migrate_demo,server,1,22839194,337622,,333000,4294967295,
migrate_demo,server,1,22844406,338232,,333000,4294967295,
migrate_demo,server,1,22849621,338232,,333000,4294967295,
migrate_demo,server,1,22854883,338232,,333000,4294967295,
migrate_demo,server,1,22860214,338232,,333000,4294967295,
migrate_demo,server,1,22865427,338842,,333000,4294967295,
migrate_demo,server,1,22870639,338842,,333000,4294967295,
migrate_demo,server,1,22875867,338842,,333000,4294967295,
migrate_demo,server,1,22881115,338842,,333000,4294967295,
migrate_demo,server,1,22886244,338842,,333000,4294967295,
migrate_demo,server,1,22891549,339452,,333000,4294967295,
migrate_demo,server,1,22896749,339452,,333000,4294967295,
migrate_demo,server,1,22901923,339452,,333000,4294967295,
migrate_demo,server,1,22907130,339452,,333000,4294967295,
migrate_demo,server,1,22912407,340062,,333000,4294967295,
migrate_demo,server,1,22917592,340062,,333000,4294967295,
migrate_demo,server,1,22922842,340062,,333000,4294967295,
migrate_demo,server,1,22928100,340062,,333000,4294967295,
migrate_demo,server,1,22933362,340672,,333000,4294967295,
migrate_demo,server,1,22938584,340672,,333000,4294967295,
migrate_demo,server,1,22943902,340672,,333000,4294967295,
migrate_demo,server,1,22949127,340672,,333000,4294967295,
migrate_demo,server,1,22954375,340672,,333000,4294967295,
migrate_demo,server,1,22959611,341282,,333000,4294967295,
migrate_demo,server,1,22964952,341282,,333000,4294967295,
migrate_demo,server,1,22970170,341282,,333000,4294967295,
migrate_demo,server,1,22975395,341282,,333000,4294967295,
migrate_demo,server,1,22980721,341892,,333000,4294967295,
migrate_demo,server,1,22985947,341892,,333000,4294967295,
migrate_demo,server,1,22991233,341892,,333000,4294967295,
migrate_demo,server,1,22996466,341892,,333000,4294967295,
migrate_demo,server,1,23001634,342502,,333000,4294967295,
migrate_demo,server,1,23006910,342502,,333000,4294967295,
migrate_demo,server,1,23012149,342502,,333000,4294967295,
migrate_demo,server,1,23017455,342502,,333000,4294967295,
migrate_demo,server,1,23022701,342502,,333000,4294967295,
migrate_demo,server,1,23028028,343112,,333000,4294967295,
migrate_demo,server,1,23033233,343112,,333000,4294967295,
migrate_demo,server,1,23038505,343112,,333000,4294967295,
migrate_demo,server,1,23043748,343112,,333000,4294967295,
migrate_demo,server,1,23048996,343722,,333000,4294967295,
migrate_demo,server,1,23054250,343722,,333000,4294967295,
migrate_demo,server,1,23059550,343722,,333000,4294967295,
migrate_demo,server,1,23064815,343722,,333000,4294967295,
migrate_demo,server,1,23070055,344332,,333000,4294967295,
migrate_demo,server,1,23075283,344332,,333000,4294967295,
migrate_demo,server,1,23080564,344332,,333000,4294967295,
migrate_demo,server,1,23085867,344332,,333000,4294967295,
migrate_demo,server,1,23091130,344332,,333000,4294967295,
migrate_demo,server,1,23096386,344942,,333000,4294967295,
migrate_demo,server,1,23101608,344942,,333000,4294967295,
migrate_demo,server,1,23106882,344942,,333000,4294967295,
migrate_demo,server,1,23112132,344942,,333000,4294967295,
migrate_demo,server,1,23117356,345552,,333000,4294967295,
migrate_demo,server,1,23122540,345552,,333000,4294967295,
migrate_demo,server,1,23127760,346162,,333000,4294967295,
migrate_demo,server,1,23132986,346162,,333000,4294967295,
migrate_demo,server,1,23138270,346162,,333000,4294967295,
migrate_demo,server,1,23143474,346772,,333000,4294967295,
migrate_demo,server,1,23148682,346772,,333000,4294967295,
migrate_demo,server,1,23153915,346772,,333000,4294967295,
migrate_demo,server,1,23159141,346772,,333000,4294967295,
migrate_demo,server,1,23164397,347382,,333000,4294967295,
migrate_demo,server,1,23169609,347382,,333000,4294967295,
migrate_demo,server,1,23174878,347382,,333000,4294967295,
migrate_demo,server,1,23180078,347382,,333000,4294967295,
migrate_demo,server,1,23185324,347382,,333000,4294967295,
migrate_demo,server,1,23190542,347992,,333000,4294967295,
migrate_demo,server,1,23195709,347992,,333000,4294967295,
migrate_demo,server,1,23200922,347992,,333000,4294967295,
migrate_demo,server,1,23206231,347992,,333000,4294967295,
migrate_demo,server,1,23211492,348602,,333000,4294967295,
migrate_demo,server,1,23216789,348602,,333000,4294967295,
migrate_demo,server,1,23222002,348602,,333000,4294967295,
migrate_demo,server,1,23227230,348602,,333000,4294967295,
migrate_demo,server,1,23232456,349212,,333000,4294967295,
migrate_demo,server,1,23237729,349212,,333000,4294967295,
migrate_demo,server,1,23242968,349212,,333000,4294967295,
migrate_demo,server,1,23248262,349212,,333000,4294967295,
migrate_demo,server,1,23253500,349212,,333000,4294967295,
migrate_demo,server,1,23258746,349822,,333000,4294967295,
migrate_demo,server,1,23263974,349822,,333000,4294967295,
migrate_demo,server,1,23269304,349822,,333000,4294967295,
migrate_demo,server,1,23274552,349822,,333000,4294967295,
migrate_demo,server,1,23279826,350432,,333000,4294967295,
migrate_demo,server,1,23285073,350432,,333000,4294967295,
migrate_demo,server,1,23290317,350432,,333000,4294967295,
migrate_demo,server,1,23295536,350432,,333000,4294967295,
migrate_demo,server,1,23300705,351042,,333000,4294967295,
migrate_demo,server,1,23305908,351042,,333000,4294967295,
migrate_demo,server,1,23311225,351042,,333000,4294967295,
migrate_demo,server,1,23316474,351042,,333000,4294967295,
migrate_demo,server,1,23321729,351042,,333000,4294967295,
migrate_demo,server,1,23327002,351652,,333000,4294967295,
migrate_demo,server,1,23332237,351652,,333000,4294967295,
migrate_demo,server,1,23337479,351652,,333000,4294967295,
migrate_demo,server,1,23342715,351652,,333000,4294967295,
migrate_demo,server,1,23347928,352262,,333000,4294967295,
migrate_demo,server,1,23353176,352262,,333000,4294967295,
migrate_demo,server,1,23358416,352262,,333000,4294967295,
migrate_demo,server,1,23363635,352262,,333000,4294967295,
migrate_demo,server,1,23368961,352872,,333000,4294967295,
migrate_demo,server,1,23374188,352872,,333000,4294967295,
migrate_demo,server,1,23379474,352872,,333000,4294967295,
migrate_demo,server,1,23384929,352872,,333000,4294967295,
migrate_demo,server,1,23390244,352872,,333000,4294967295,
migrate_demo,server,1,23395624,353482,,333000,4294967295,
migrate_demo,server,1,23400832,353482,,333000,4294967295,
migrate_demo,server,1,23406053,353482,,333000,4294967295,
migrate_demo,server,1,23411433,353482,,333000,4294967295,
migrate_demo,server,1,23416612,354092,,333000,4294967295,
migrate_demo,server,1,23421989,354092,,333000,4294967295,
migrate_demo,server,1,23427251,354092,,333000,4294967295,
migrate_demo,server,1,23432632,354092,,333000,4294967295,
migrate_demo,server,1,23437892,354702,,333000,4294967295,
migrate_demo,server,1,23443213,354702,,333000,4294967295,
migrate_demo,server,1,23448422,354702,,333000,4294967295,
migrate_demo,server,1,23453611,354702,,333000,4294967295,
migrate_demo,server,1,23458951,355312,,333000,4294967295,
migrate_demo,server,1,23464160,355312,,333000,4294967295,
migrate_demo,server,1,23469484,355312,,333000,4294967295,
migrate_demo,server,1,23474741,355312,,333000,4294967295,
migrate_demo,server,1,23480006,355312,,333000,4294967295,
migrate_demo,server,1,23485234,355922,,333000,4294967295,
migrate_demo,server,1,23490478,355922,,333000,4294967295,
migrate_demo,server,1,23495744,355922,,333000,4294967295,
migrate_demo,server,1,23500971,355922,,333000,4294967295,
migrate_demo,server,1,23506193,356532,,333000,4294967295,
migrate_demo,server,1,23511432,356532,,333000,4294967295,
migrate_demo,server,1,23516686,356532,,333000,4294967295,
migrate_demo,server,1,23521920,356532,,333000,4294967295,
migrate_demo,server,1,23527284,357142,,333000,4294967295,
migrate_demo,server,1,23532537,357142,,333000,4294967295,
migrate_demo,server,1,23537776,357142,,333000,4294967295,
migrate_demo,server,1,23542979,357142,,333000,4294967295,
migrate_demo,server,1,23548195,357142,,333000,4294967295,
migrate_demo,server,1,23553434,357752,,333000,4294967295,
migrate_demo,server,1,23558670,357752,,333000,4294967295,
migrate_demo,server,1,23563907,357752,,333000,4294967295,
migrate_demo,server,1,23569186,357752,,333000,4294967295,
migrate_demo,server,1,23574384,358362,,333000,4294967295,
migrate_demo,server,1,23579618,358362,,333000,4294967295,
migrate_demo,server,1,23584827,358362,,333000,4294967295,
migrate_demo,server,1,23590066,358362,,333000,4294967295,
migrate_demo,server,1,23595659,358972,,333000,4294967295,
migrate_demo,server,1,23600933,358972,,333000,4294967295,
migrate_demo,server,1,23606100,358972,,333000,4294967295,
migrate_demo,server,1,23611295,358972,,333000,4294967295,
migrate_demo,server,1,23616584,358972,,333000,4294967295,
migrate_demo,server,1,23621854,359582,,333000,4294967295,
migrate_demo,server,1,23627119,359582,,333000,4294967295,
migrate_demo,server,1,23632310,359582,,333000,4294967295,
migrate_demo,server,1,23637478,359582,,333000,4294967295,
migrate_demo,server,1,23642721,360192,,333000,4294967295,
migrate_demo,server,1,23647939,360192,,333000,4294967295,
migrate_demo,server,1,23653133,360192,,333000,4294967295,
migrate_demo,server,1,23658490,360192,,333000,4294967295,
migrate_demo,server,1,23663753,360802,,333000,4294967295,
migrate_demo,server,1,23668968,360802,,333000,4294967295,
migrate_demo,server,1,23674234,360802,,333000,4294967295,
migrate_demo,server,1,23679472,360802,,333000,4294967295,
migrate_demo,server,1,23684674,360802,,333000,4294967295,
migrate_demo,server,1,23689971,361412,,333000,4294967295,
migrate_demo,server,1,23695206,361412,,333000,4294967295,
migrate_demo,server,1,23700498,361412,,333000,4294967295,
migrate_demo,server,1,23705743,361412,,333000,4294967295,
migrate_demo,server,1,23710953,362022,,333000,4294967295,
migrate_demo,server,1,23716170,362022,,333000,4294967295,
migrate_demo,server,1,23721390,362022,,333000,4294967295,
migrate_demo,server,1,23726659,362022,,333000,4294967295,
migrate_demo,server,1,23731849,362632,,333000,4294967295,
migrate_demo,server,1,23737088,362632,,333000,4294967295,
migrate_demo,server,1,23742316,362632,,333000,4294967295,
migrate_demo,server,1,23747506,362632,,333000,4294967295,
migrate_demo,server,1,23752730,362632,,333000,4294967295,
migrate_demo,server,1,23757925,363242,,333000,4294967295,
migrate_demo,server,1,23763169,363242,,333000,4294967295,
migrate_demo,server,1,23768409,363242,,333000,4294967295,
migrate_demo,server,1,23773714,363242,,333000,4294967295,
migrate_demo,server,1,23778884,363852,,333000,4294967295,
migrate_demo,server,1,23784257,363852,,333000,4294967295,
migrate_demo,server,1,23789447,363852,,333000,4294967295,
migrate_demo,server,1,23794677,363852,,333000,4294967295,
migrate_demo,server,1,23800164,364462,,333000,4294967295,
migrate_demo,server,1,23805358,364462,,333000,4294967295,
migrate_demo,server,1,23810483,364462,,333000,4294967295,
migrate_demo,server,1,23815752,364462,,333000,4294967295,
migrate_demo,server,1,23820963,364462,,333000,4294967295,
migrate_demo,server,1,23826212,365072,,333000,4294967295,
migrate_demo,server,1,23831686,365072,,333000,4294967295,
migrate_demo,server,1,23836902,365072,,333000,4294967295,
migrate_demo,server,1,23842099,365072,,333000,4294967295,
migrate_demo,server,1,23847289,365682,,333000,4294967295,
migrate_demo,server,1,23852574,365682,,333000,4294967295,
migrate_demo,server,1,23857815,365682,,333000,4294967295,
migrate_demo,server,1,23863037,365682,,333000,4294967295,
migrate_demo,server,1,23868217,366292,,333000,4294967295,
migrate_demo,server,1,23873448,366292,,333000,4294967295,
migrate_demo,server,1,23878681,366292,,333000,4294967295,
migrate_demo,server,1,23883879,366292,,333000,4294967295,
migrate_demo,server,1,23889157,366292,,333000,4294967295,
migrate_demo,server,1,23894474,366902,,333000,4294967295,
migrate_demo,server,1,23899687,366902,,333000,4294967295,
migrate_demo,server,1,23904950,366902,,333000,4294967295,
migrate_demo,server,1,23910242,366902,,333000,4294967295,
migrate_demo,server,1,23915499,367512,,333000,4294967295,
migrate_demo,server,1,23920764,367512,,333000,4294967295,
migrate_demo,server,1,23925995,367512,,333000,4294967295,
migrate_demo,server,1,23931247,367512,,333000,4294967295,
migrate_demo,server,1,23936403,368122,,333000,4294967295,
migrate_demo,server,1,23941604,368122,,333000,4294967295,
migrate_demo,server,1,23946902,368122,,333000,4294967295,
migrate_demo,server,1,23952166,368122,,333000,4294967295,
migrate_demo,server,1,23957419,368122,,333000,4294967295,
migrate_demo,server,1,23962733,368732,,333000,4294967295,
migrate_demo,server,1,23968037,368732,,333000,4294967295,
migrate_demo,server,1,23973299,368732,,333000,4294967295,
migrate_demo,server,1,23978537,368732,,333000,4294967295,
migrate_demo,server,1,23983746,369342,,333000,4294967295,
migrate_demo,server,1,23989012,369342,,333000,4294967295,
migrate_demo,server,1,23994247,369342,,333000,4294967295,
migrate_demo,server,1,23999445,369342,,333000,4294967295,
migrate_demo,server,1,24004770,369952,,333000,4294967295,
migrate_demo,server,1,24009998,369952,,333000,4294967295,
migrate_demo,server,1,24015298,369952,,333000,4294967295,
migrate_demo,server,1,24020609,369952,,333000,4294967295,
migrate_demo,server,1,24025871,369952,,333000,4294967295,
migrate_demo,server,1,24031110,371172,,333000,4294967295,
migrate_demo,server,1,24036333,371172,,333000,4294967295,
migrate_demo,server,1,24041535,371172,,333000,4294967295,
migrate_demo,server,1,24046733,371172,,333000,4294967295,
migrate_demo,server,1,24051984,371172,,333000,4294967295,
migrate_demo,server,1,24057222,371782,,333000,4294967295,
migrate_demo,server,1,24062424,371782,,333000,4294967295,
migrate_demo,server,1,24067637,371782,,333000,4294967295,
migrate_demo,server,1,24072941,371782,,333000,4294967295,
migrate_demo,server,1,24078219,372392,,333000,4294967295,
migrate_demo,server,1,24083408,372392,,333000,4294967295,
migrate_demo,server,1,24088718,372392,,333000,4294967295,
migrate_demo,server,1,24093967,372392,,333000,4294967295,
migrate_demo,server,1,24099208,373002,,333000,4294967295,
migrate_demo,server,1,24104414,373002,,333000,4294967295,
migrate_demo,server,1,24109600,373002,,333000,4294967295,
migrate_demo,server,1,24114838,373002,,333000,4294967295,
migrate_demo,server,1,24120020,373002,,333000,4294967295,
migrate_demo,server,1,24125254,373612,,333000,4294967295,
migrate_demo,server,1,24130541,373612,,333000,4294967295,
migrate_demo,server,1,24135748,373612,,333000,4294967295,
migrate_demo,server,1,24140960,373612,,333000,4294967295,
migrate_demo,server,1,24146266,374222,,333000,4294967295,
migrate_demo,server,1,24151569,374222,,333000,4294967295,
migrate_demo,server,1,24156839,374222,,333000,4294967295,
migrate_demo,server,1,24162077,374222,,333000,4294967295,
migrate_demo,server,1,24167434,374832,,333000,4294967295,
migrate_demo,server,1,24172642,374832,,333000,4294967295,
migrate_demo,server,1,24177863,374832,,333000,4294967295,
migrate_demo,server,1,24183061,374832,,333000,4294967295,
migrate_demo,server,1,24188256,374832,,333000,4294967295,
migrate_demo,server,1,24193493,375442,,333000,4294967295,
migrate_demo,server,1,24198727,375442,,333000,4294967295,
migrate_demo,server,1,24203983,375442,,333000,4294967295,
migrate_demo,server,1,24209288,375442,,333000,4294967295,
migrate_demo,server,1,24214590,376052,,333000,4294967295,
migrate_demo,server,1,24219919,376052,,333000,4294967295,
migrate_demo,server,1,24225147,376052,,333000,4294967295,
migrate_demo,server,1,24230420,376052,,333000,4294967295,
migrate_demo,server,1,24235685,376662,,333000,4294967295,
migrate_demo,server,1,24240846,376662,,333000,4294967295,
migrate_demo,server,1,24246125,376662,,333000,4294967295,
migrate_demo,server,1,24251370,376662,,333000,4294967295,
migrate_demo,server,1,24256623,376662,,333000,4294967295,
migrate_demo,server,1,24261842,377272,,333000,4294967295,
migrate_demo,server,1,24267119,377272,,333000,4294967295,
migrate_demo,server,1,24272361,377272,,333000,4294967295,
migrate_demo,server,1,24277617,377272,,333000,4294967295,
migrate_demo,server,1,24282875,377882,,333000,4294967295,
migrate_demo,server,1,24288151,377882,,333000,4294967295,
migrate_demo,server,1,24293353,377882,,333000,4294967295,
migrate_demo,server,1,24298616,377882,,333000,4294967295,
migrate_demo,server,1,24303889,378492,,333000,4294967295,
migrate_demo,server,1,24309141,378492,,333000,4294967295,
migrate_demo,server,1,24314363,378492,,333000,4294967295,
migrate_demo,server,1,24319578,378492,,333000,4294967295,
migrate_demo,server,1,24324908,378492,,333000,4294967295,
migrate_demo,server,1,24330140,379102,,333000,4294967295,
migrate_demo,server,1,24335342,379102,,333000,4294967295,
migrate_demo,server,1,24340552,379102,,333000,4294967295,
migrate_demo,server,1,24345789,379102,,333000,4294967295,
migrate_demo,server,1,24351117,379712,,333000,4294967295,
migrate_demo,server,1,24356335,379712,,333000,4294967295,
migrate_demo,server,1,24361580,379712,,333000,4294967295,
migrate_demo,server,1,24366826,379712,,333000,4294967295,
migrate_demo,server,1,24372043,380322,,333000,4294967295,
migrate_demo,server,1,24377277,380322,,333000,4294967295,
migrate_demo,server,1,24382568,380322,,333000,4294967295,
migrate_demo,server,1,24387807,380322,,333000,4294967295,
migrate_demo,server,1,24393076,380322,,333000,4294967295,
migrate_demo,server,1,24398349,380932,,333000,4294967295,
migrate_demo,server,1,24403573,380932,,333000,4294967295,
migrate_demo,server,1,24408849,380932,,333000,4294967295,
migrate_demo,server,1,24414074,380932,,333000,4294967295,
migrate_demo,server,1,24419285,381542,,333000,4294967295,
migrate_demo,server,1,24424488,381542,,333000,4294967295,
migrate_demo,server,1,24429729,381542,,333000,4294967295,
migrate_demo,server,1,24435011,381542,,333000,4294967295,
migrate_demo,server,1,24440266,382152,,333000,4294967295,
migrate_demo,server,1,24445515,382152,,333000,4294967295,
migrate_demo,server,1,24450781,382152,,333000,4294967295,
migrate_demo,server,1,24455990,382152,,333000,4294967295,
migrate_demo,server,1,24461237,382152,,333000,4294967295,
migrate_demo,server,1,24466438,382762,,333000,4294967295,
migrate_demo,server,1,24471676,382762,,333000,4294967295,
migrate_demo,server,1,24476912,382762,,333000,4294967295,
migrate_demo,server,1,24482100,382762,,333000,4294967295,
migrate_demo,server,1,24487305,383372,,333000,4294967295,
migrate_demo,server,1,24492563,383372,,333000,4294967295,
migrate_demo,server,1,24497798,383372,,333000,4294967295,
migrate_demo,server,1,24503029,383372,,333000,4294967295,
migrate_demo,server,1,24508227,383982,,333000,4294967295,
migrate_demo,server,1,24513429,383982,,333000,4294967295,
migrate_demo,server,1,24518614,383982,,333000,4294967295,
migrate_demo,server,1,24523835,383982,,333000,4294967295,
migrate_demo,server,1,24529069,383982,,333000,4294967295,
migrate_demo,server,1,24534309,384592,,333000,4294967295,
migrate_demo,server,1,24539498,384592,,333000,4294967295,
migrate_demo,server,1,24544719,384592,,333000,4294967295,
migrate_demo,server,1,24549974,384592,,333000,4294967295,
migrate_demo,server,1,24555221,385202,,333000,4294967295,
migrate_demo,server,1,24560405,385202,,333000,4294967295,
migrate_demo,server,1,24565626,385202,,333000,4294967295,
migrate_demo,server,1,24570875,385202,,333000,4294967295,
migrate_demo,server,1,24576109,385812,,333000,4294967295,
migrate_demo,server,1,24581382,385812,,333000,4294967295,
migrate_demo,server,1,24586620,385812,,333000,4294967295,
migrate_demo,server,1,24591860,385812,,333000,4294967295,
migrate_demo,server,1,24597023,385812,,333000,4294967295,
migrate_demo,server,1,24602278,386422,,333000,4294967295,
migrate_demo,server,1,24607557,386422,,333000,4294967295,
migrate_demo,server,1,24612788,386422,,333000,4294967295,
migrate_demo,server,1,24617986,386422,,333000,4294967295,
migrate_demo,server,1,24623180,387032,,333000,4294967295,
migrate_demo,server,1,24628289,387032,,333000,4294967295,
migrate_demo,server,1,24633561,387032,,333000,4294967295,
migrate_demo,server,1,24638780,387032,,333000,4294967295,
migrate_demo,server,1,24644012,387642,,333000,4294967295,
migrate_demo,server,1,24649216,387642,,333000,4294967295,
migrate_demo,server,1,24654458,387642,,333000,4294967295,
migrate_demo,server,1,24659726,387642,,333000,4294967295,
migrate_demo,server,1,24665005,387642,,333000,4294967295,
migrate_demo,server,1,24670280,388252,,333000,4294967295,
migrate_demo,server,1,24675525,388252,,333000,4294967295,
migrate_demo,server,1,24680760,388252,,333000,4294967295,
migrate_demo,server,1,24686094,388252,,333000,4294967295,
migrate_demo,server,1,24691353,388862,,333000,4294967295,
migrate_demo,server,1,24696593,388862,,333000,4294967295,
migrate_demo,server,1,24701799,388862,,333000,4294967295,
migrate_demo,server,1,24707067,388862,,333000,4294967295,
migrate_demo,server,1,24712326,389472,,333000,4294967295,
migrate_demo,server,1,24717606,389472,,333000,4294967295,
migrate_demo,server,1,24722818,389472,,333000,4294967295,
migrate_demo,server,1,24728028,389472,,333000,4294967295,
migrate_demo,server,1,24733274,389472,,333000,4294967295,
migrate_demo,server,1,24738591,390082,,333000,4294967295,
migrate_demo,server,1,24743837,390082,,333000,4294967295,
migrate_demo,server,1,24749133,390082,,333000,4294967295,
migrate_demo,server,1,24754414,390082,,333000,4294967295,
migrate_demo,server,1,24759651,390692,,333000,4294967295,
migrate_demo,server,1,24764866,390692,,333000,4294967295,
migrate_demo,server,1,24770099,390692,,333000,4294967295,
migrate_demo,server,1,24775389,390692,,333000,4294967295,
migrate_demo,server,1,24780615,391302,,333000,4294967295,
migrate_demo,server,1,24785857,391302,,333000,4294967295,
migrate_demo,server,1,24791112,391302,,333000,4294967295,
migrate_demo,server,1,24796343,391302,,333000,4294967295,
migrate_demo,server,1,24801573,391302,,333000,4294967295,
migrate_demo,server,1,24806899,391912,,333000,4294967295,
migrate_demo,server,1,24812133,391912,,333000,4294967295,
migrate_demo,server,1,24817390,391912,,333000,4294967295,
migrate_demo,server,1,24822637,391912,,333000,4294967295,
migrate_demo,server,1,24827845,392522,,333000,4294967295,
migrate_demo,server,1,24833046,392522,,333000,4294967295,
migrate_demo,server,1,24838299,392522,,333000,4294967295,
migrate_demo,server,1,24843532,392522,,333000,4294967295,
migrate_demo,server,1,24848816,393132,,333000,4294967295,
migrate_demo,server,1,24854289,393132,,333000,4294967295,
migrate_demo,server,1,24859578,393132,,333000,4294967295,
migrate_demo,server,1,24864868,393132,,333000,4294967295,
migrate_demo,server,1,24870114,393132,,333000,4294967295,
migrate_demo,server,1,24875362,393742,,333000,4294967295,
migrate_demo,server,1,24880650,393742,,333000,4294967295,
migrate_demo,server,1,24885960,393742,,333000,4294967295,
migrate_demo,server,1,24891236,393742,,333000,4294967295,
migrate_demo,server,1,24896472,394962,,333000,4294967295,
migrate_demo,server,1,24901825,394962,,333000,4294967295,
migrate_demo,server,1,24907174,394962,,333000,4294967295,
migrate_demo,server,1,24912443,394962,,333000,4294967295,
migrate_demo,server,1,24917714,394962,,333000,4294967295,
migrate_demo,server,1,24923064,394962,,333000,4294967295,
migrate_demo,server,1,24928461,394962,,333000,4294967295,
migrate_demo,server,1,24933753,394962,,333000,4294967295,
migrate_demo,server,1,24939110,394962,,333000,4294967295,
migrate_demo,server,1,24944299,394962,,333000,4294967295,
migrate_demo,server,1,24949560,394962,,333000,4294967295,
migrate_demo,server,1,24954824,394962,,333000,4294967295,
migrate_demo,server,1,24960073,394962,,333000,4294967295,
migrate_demo,server,1,24965308,394962,,333000,4294967295,
migrate_demo,server,1,24970561,394962,,333000,4294967295,
migrate_demo,server,1,24975831,394962,,333000,4294967295,
migrate_demo,server,1,24981100,394962,,333000,4294967295,
migrate_demo,server,1,24986352,394962,,333000,4294967295,
migrate_demo,server,1,24991603,394962,,333000,4294967295,
migrate_demo,server,1,24996879,394962,,333000,4294967295,
migrate_demo,server,1,25002126,394962,,333000,4294967295,
migrate_demo,server,1,25007405,394962,,333000,4294967295,
migrate_demo,server,1,25012674,394962,,333000,4294967295,
migrate_demo,server,1,25017963,394962,,333000,4294967295,
migrate_demo,server,1,25023252,394962,,333000,4294967295,
migrate_demo,server,1,25028632,394962,,333000,4294967295,
migrate_demo,server,1,25033916,394962,,333000,4294967295,
migrate_demo,server,1,25039197,394962,,333000,4294967295,
migrate_demo,server,1,25044493,394962,,333000,4294967295,
migrate_demo,server,1,25049797,394962,,333000,4294967295,
migrate_demo,server,1,25055067,394962,,333000,4294967295,
migrate_demo,server,1,25060321,394962,,333000,4294967295,
migrate_demo,server,1,25065607,394962,,333000,4294967295,
migrate_demo,server,1,25070863,394962,,333000,4294967295,
migrate_demo,server,1,25076146,394962,,333000,4294967295,
migrate_demo,server,1,25081429,394962,,333000,4294967295,
migrate_demo,server,1,25086721,394962,,333000,4294967295,
migrate_demo,server,1,25092017,394962,,333000,4294967295,
migrate_demo,server,1,25097262,394962,,333000,4294967295,
migrate_demo,server,1,25102520,394962,,333000,4294967295,
migrate_demo,server,1,25107813,394962,,333000,4294967295,
migrate_demo,server,1,25113041,394962,,333000,4294967295,
migrate_demo,server,1,25118294,394962,,333000,4294967295,
migrate_demo,server,1,25123572,394962,,333000,4294967295,
migrate_demo,server,1,25128877,394962,,333000,4294967295,
migrate_demo,server,1,25134179,394962,,333000,4294967295,
migrate_demo,server,1,25139428,394962,,333000,4294967295,
migrate_demo,server,1,25144766,394962,,333000,4294967295,
migrate_demo,server,1,25150085,394962,,333000,4294967295,
migrate_demo,server,1,25155356,394962,,333000,4294967295,
migrate_demo,server,1,25160662,394962,,333000,4294967295,
migrate_demo,server,1,25165956,394962,,333000,4294967295,
migrate_demo,server,1,25171242,394962,,333000,4294967295,
migrate_demo,server,1,25176509,394962,,333000,4294967295,
migrate_demo,server,1,25181963,394962,,333000,4294967295,
migrate_demo,server,1,25187246,394962,,333000,4294967295,
migrate_demo,server,1,25192517,394962,,333000,4294967295,
migrate_demo,server,1,25197801,394962,,333000,4294967295,
migrate_demo,server,1,25203069,394962,,333000,4294967295,
migrate_demo,server,1,25208310,394962,,333000,4294967295,
migrate_demo,server,1,25213772,394962,,333000,4294967295,
migrate_demo,server,1,25219074,394962,,333000,4294967295,
migrate_demo,server,1,25224358,394962,,333000,4294967295,
migrate_demo,server,1,25229660,394962,,333000,4294967295,
migrate_demo,server,1,25234971,394962,,333000,4294967295,
migrate_demo,server,1,25240294,394962,,333000,4294967295,
migrate_demo,server,1,25245613,394962,,333000,4294967295,
migrate_demo,server,1,25250906,394962,,333000,4294967295,
migrate_demo,server,1,25256198,394962,,333000,4294967295,
migrate_demo,server,1,25261461,394962,,333000,4294967295,
migrate_demo,server,1,25266693,394962,,333000,4294967295,
migrate_demo,server,1,25272034,394962,,333000,4294967295,
migrate_demo,server,1,25277298,394962,,333000,4294967295,
migrate_demo,server,1,25282577,394962,,333000,4294967295,
migrate_demo,server,1,25287840,394962,,333000,4294967295,
migrate_demo,server,1,25293157,394962,,333000,4294967295,
migrate_demo,server,1,25298428,394962,,333000,4294967295,
migrate_demo,server,1,25303699,394962,,333000,4294967295,
migrate_demo,server,1,25308974,394962,,333000,4294967295,
migrate_demo,server,1,25314245,394962,,333000,4294967295,
migrate_demo,server,1,25319543,394962,,333000,4294967295,
migrate_demo,server,1,25324834,394962,,333000,4294967295,
migrate_demo,server,1,25330184,394962,,333000,4294967295,
migrate_demo,server,1,25335473,394962,,333000,4294967295,
migrate_demo,server,1,25340774,394962,,333000,4294967295,
migrate_demo,server,1,25346139,394962,,333000,4294967295,
migrate_demo,server,1,25351476,394962,,333000,4294967295,
migrate_demo,server,1,25356796,394962,,333000,4294967295,
migrate_demo,server,1,25362086,394962,,333000,4294967295,
migrate_demo,server,1,25367379,394962,,333000,4294967295,
migrate_demo,server,1,25372701,394962,,333000,4294967295,
migrate_demo,server,1,25378008,394962,,333000,4294967295,
migrate_demo,server,1,25383297,394962,,333000,4294967295,
migrate_demo,server,1,25388686,394962,,333000,4294967295,
migrate_demo,server,1,25393984,394962,,333000,4294967295,
migrate_demo,server,1,25399230,394962,,333000,4294967295,
migrate_demo,server,1,25404570,394962,,333000,4294967295,
migrate_demo,server,1,25409883,394962,,333000,4294967295,
migrate_demo,server,1,25415264,394962,,333000,4294967295,
migrate_demo,server,1,25420606,394962,,333000,4294967295,
migrate_demo,server,1,25425907,394962,,333000,4294967295,
migrate_demo,server,1,25431176,394962,,333000,4294967295,
migrate_demo,server,1,25436488,394962,,333000,4294967295,
migrate_demo,server,1,25441805,394962,,333000,4294967295,
migrate_demo,server,1,25447085,394962,,333000,4294967295,
migrate_demo,server,1,25452361,394962,,333000,4294967295,
migrate_demo,server,1,25457623,394962,,333000,4294967295,
migrate_demo,server,1,25462922,394962,,333000,4294967295,
migrate_demo,server,1,25468237,394962,,333000,4294967295,
migrate_demo,server,1,25473535,394962,,333000,4294967295,
migrate_demo,server,1,25478857,394962,,333000,4294967295,
migrate_demo,server,1,25484145,394962,,333000,4294967295,
migrate_demo,server,1,25489440,394962,,333000,4294967295,
migrate_demo,server,1,25494797,394962,,333000,4294967295,
migrate_demo,server,1,25500098,394962,,333000,4294967295,
migrate_demo,server,1,25505487,394962,,333000,4294967295,
migrate_demo,server,1,25510835,394962,,333000,4294967295,
migrate_demo,server,1,25516180,394962,,333000,4294967295,
migrate_demo,server,1,25521517,394962,,333000,4294967295,
migrate_demo,server,1,25526879,394962,,333000,4294967295,
migrate_demo,server,1,25532198,394962,,333000,4294967295,
migrate_demo,server,1,25537480,394962,,333000,4294967295,
migrate_demo,server,1,25542809,394962,,333000,4294967295,
migrate_demo,server,1,25548055,394962,,333000,4294967295,
migrate_demo,server,1,25553320,394962,,333000,4294967295,
migrate_demo,server,1,25558616,394962,,333000,4294967295,
