arm,role,rep,time_us,cwnd,bytes_in_flight,smoothed_rtt,min_rtt,latest_rtt
migrate_demo,client,1,41161,12200,,22319,22319,
migrate_demo,client,1,46311,12200,,22319,22319,
migrate_demo,client,1,51484,12200,,22319,22319,
migrate_demo,client,1,56648,12200,,22319,22319,
migrate_demo,client,1,62028,12200,,22150,20974,
migrate_demo,client,1,67179,12200,,22150,20974,
migrate_demo,client,1,72292,12200,,22150,20974,
migrate_demo,client,1,77467,12200,,22150,20974,
migrate_demo,client,1,82548,12200,,22150,20974,
migrate_demo,client,1,87757,12200,,21418,20220,
migrate_demo,client,1,92939,12200,,21418,20220,
migrate_demo,client,1,98106,12200,,21418,20220,
migrate_demo,client,1,103310,12200,,21418,20220,
migrate_demo,client,1,108501,12200,,21146,20220,
migrate_demo,client,1,113701,12200,,21847,20220,
migrate_demo,client,1,118922,12200,,22622,20220,
migrate_demo,client,1,124094,12200,,22622,20220,
migrate_demo,client,1,129223,12200,,21964,20220,
migrate_demo,client,1,134393,12200,,22442,20220,
migrate_demo,client,1,139563,12200,,23263,20220,
migrate_demo,client,1,144750,12200,,25281,20220,
migrate_demo,client,1,149989,12200,,26797,20220,
migrate_demo,client,1,155156,12200,,29198,20220,
migrate_demo,client,1,160308,12200,,31025,20220,
migrate_demo,client,1,165508,12200,,33823,20220,
migrate_demo,client,1,170710,12200,,35492,20220,
migrate_demo,client,1,175920,12200,,37412,20220,
migrate_demo,client,1,181090,12200,,40506,20220,
migrate_demo,client,1,186328,12200,,42371,20220,
migrate_demo,client,1,191495,12200,,45387,20220,
migrate_demo,client,1,196692,12200,,47622,20220,
migrate_demo,client,1,201785,12200,,49659,20220,
migrate_demo,client,1,207019,12200,,51706,20220,
migrate_demo,client,1,212213,12200,,54894,20220,
migrate_demo,client,1,217446,12200,,57017,20220,
migrate_demo,client,1,222728,12200,,60445,20220,
migrate_demo,client,1,227891,12200,,62601,20220,
migrate_demo,client,1,233090,12200,,64655,20220,
migrate_demo,client,1,238258,12200,,68937,20220,
migrate_demo,client,1,243441,12200,,71180,20220,
migrate_demo,client,1,248665,12200,,74267,20220,
migrate_demo,client,1,253910,12200,,75419,20220,
migrate_demo,client,1,259101,12200,,77531,20220,
migrate_demo,client,1,264263,12200,,81111,20220,
migrate_demo,client,1,269435,12200,,83211,20220,
migrate_demo,client,1,274687,12200,,85637,20220,
migrate_demo,client,1,279865,12200,,87867,20220,
migrate_demo,client,1,285051,12200,,91356,20220,
migrate_demo,client,1,290253,12200,,93428,20220,
migrate_demo,client,1,295436,12200,,96685,20220,
migrate_demo,client,1,300632,12200,,97954,20220,
migrate_demo,client,1,305825,12200,,101520,20220,
migrate_demo,client,1,311014,12200,,103945,20220,
migrate_demo,client,1,316146,12200,,106397,20220,
migrate_demo,client,1,321296,12200,,108793,20220,
migrate_demo,client,1,326549,12200,,111154,20220,
migrate_demo,client,1,331725,12200,,114526,20220,
migrate_demo,client,1,336844,12200,,117840,20220,
migrate_demo,client,1,342060,12200,,119067,20220,
migrate_demo,client,1,347259,12200,,121531,20220,
migrate_demo,client,1,352425,12200,,125043,20220,
migrate_demo,client,1,357688,12200,,127203,20220,
migrate_demo,client,1,362847,12200,,130690,20220,
migrate_demo,client,1,368042,12200,,131895,20220,
migrate_demo,client,1,373205,12200,,134312,20220,
migrate_demo,client,1,378377,12200,,137697,20220,
migrate_demo,client,1,383524,12200,,139866,20220,
migrate_demo,client,1,388736,12200,,143340,20220,
migrate_demo,client,1,393906,12220,,144541,20220,
migrate_demo,client,1,399107,12370,,148163,20220,
migrate_demo,client,1,404296,12470,,150411,20220,
migrate_demo,client,1,409452,12570,,152771,20220,
migrate_demo,client,1,414685,12670,,154916,20220,
migrate_demo,client,1,419916,12770,,157344,20220,
migrate_demo,client,1,425050,12920,,160979,20220,
migrate_demo,client,1,430184,13020,,163421,20220,
migrate_demo,client,1,435387,13120,,165849,20220,
migrate_demo,client,1,440601,13220,,168185,20220,
migrate_demo,client,1,445743,13320,,170780,20220,
migrate_demo,client,1,451080,13420,,173421,20220,
migrate_demo,client,1,456279,13520,,175784,20220,
migrate_demo,client,1,461456,13620,,178299,20220,
migrate_demo,client,1,466769,13720,,180571,20220,
migrate_demo,client,1,471964,13816,,183091,20220,
migrate_demo,client,1,477190,13960,,186851,20220,
migrate_demo,client,1,482422,14056,,189093,20220,
migrate_demo,client,1,487660,14152,,191599,20220,
migrate_demo,client,1,492832,14248,,194098,20220,
migrate_demo,client,1,498050,14344,,196365,20220,
migrate_demo,client,1,503227,14440,,198884,20220,
migrate_demo,client,1,508441,14536,,201379,20220,
migrate_demo,client,1,513636,14680,,205095,20220,
migrate_demo,client,1,518883,14776,,207558,20220,
migrate_demo,client,1,524104,14872,,210009,20220,
migrate_demo,client,1,529306,14968,,212457,20220,
migrate_demo,client,1,534491,15064,,214669,20220,
migrate_demo,client,1,539758,15160,,217168,20220,
migrate_demo,client,1,544905,15304,,220874,20220,
migrate_demo,client,1,550071,15400,,223137,20220,
migrate_demo,client,1,555298,15496,,225633,20220,
migrate_demo,client,1,560484,15592,,227875,20220,
migrate_demo,client,1,565703,15688,,230389,20220,
migrate_demo,client,1,570999,15784,,232667,20220,
migrate_demo,client,1,576208,15880,,235196,20220,
migrate_demo,client,1,581360,16024,,238725,20220,
migrate_demo,client,1,586540,16120,,240997,20220,
migrate_demo,client,1,591793,16264,,244590,20220,
migrate_demo,client,1,597044,16312,,245881,20220,
migrate_demo,client,1,602412,16408,,248202,20220,
migrate_demo,client,1,607621,16504,,250768,20220,
migrate_demo,client,1,612820,16648,,254582,20220,
migrate_demo,client,1,618207,16744,,257085,20220,
migrate_demo,client,1,623409,16840,,259568,20220,
migrate_demo,client,1,628600,16936,,261804,20220,
migrate_demo,client,1,633771,17032,,264088,20220,
migrate_demo,client,1,639095,17128,,266638,20220,
migrate_demo,client,1,644276,17272,,270395,20220,
migrate_demo,client,1,649477,17368,,272642,20220,
migrate_demo,client,1,654695,17464,,275160,20220,
migrate_demo,client,1,659868,17560,,277651,20220,
migrate_demo,client,1,665020,17656,,280141,20220,
migrate_demo,client,1,670300,17752,,282394,20220,
migrate_demo,client,1,675485,17848,,284902,20220,
migrate_demo,client,1,680625,17992,,288432,20220,
migrate_demo,client,1,685776,18088,,290949,20220,
migrate_demo,client,1,690969,18184,,293445,20220,
migrate_demo,client,1,696154,18280,,295925,20220,
migrate_demo,client,1,701327,18424,,299378,20220,
migrate_demo,client,1,706577,18472,,300639,20220,
migrate_demo,client,1,711785,18568,,303138,20220,
migrate_demo,client,1,716964,18712,,306846,20220,
migrate_demo,client,1,722181,18808,,309107,20220,
migrate_demo,client,1,727396,18904,,311597,20220,
migrate_demo,client,1,732502,19048,,315085,20220,
migrate_demo,client,1,737611,19096,,316342,20220,
migrate_demo,client,1,742798,19192,,318611,20220,
migrate_demo,client,1,748084,19288,,321142,20220,
migrate_demo,client,1,753240,19432,,324896,20220,
migrate_demo,client,1,758487,19528,,327148,20220,
migrate_demo,client,1,763674,19624,,329677,20220,
migrate_demo,client,1,768904,19720,,331957,20220,
migrate_demo,client,1,774104,19816,,334483,20220,
migrate_demo,client,1,779276,19912,,336777,20220,
migrate_demo,client,1,784491,20008,,339322,20220,
migrate_demo,client,1,789698,20152,,343088,20220,
migrate_demo,client,1,794965,20248,,345384,20220,
migrate_demo,client,1,800160,20344,,347880,20220,
migrate_demo,client,1,805356,20440,,350367,20220,
migrate_demo,client,1,810490,20536,,352830,20220,
migrate_demo,client,1,815655,20632,,355292,20220,
migrate_demo,client,1,820814,20728,,357734,20220,
migrate_demo,client,1,825981,20872,,361192,20220,
migrate_demo,client,1,831162,20968,,363693,20220,
migrate_demo,client,1,836374,21064,,366168,20220,
migrate_demo,client,1,841578,21160,,368635,20220,
migrate_demo,client,1,846784,21256,,370859,20220,
migrate_demo,client,1,851968,21352,,373356,20220,
migrate_demo,client,1,857196,21448,,375843,20220,
migrate_demo,client,1,862394,21592,,379559,20220,
migrate_demo,client,1,867650,21688,,382016,20220,
migrate_demo,client,1,872928,21784,,384237,20220,
migrate_demo,client,1,878111,21880,,386740,20220,
migrate_demo,client,1,883263,21976,,388980,20220,
migrate_demo,client,1,888459,22072,,391501,20220,
migrate_demo,client,1,893617,22168,,393990,20220,
migrate_demo,client,1,898817,22312,,397477,20220,
migrate_demo,client,1,904029,22408,,399975,20220,
migrate_demo,client,1,909206,22504,,402236,20220,
migrate_demo,client,1,914409,22600,,404696,20220,
migrate_demo,client,1,919630,22696,,407217,20220,
migrate_demo,client,1,924811,22792,,409486,20220,
migrate_demo,client,1,930085,22888,,412013,20220,
migrate_demo,client,1,935365,23032,,415582,20220,
migrate_demo,client,1,940598,23176,,419114,20220,
migrate_demo,client,1,945774,23224,,420390,20220,
migrate_demo,client,1,950994,23320,,422926,20220,
migrate_demo,client,1,956147,23416,,425432,20220,
migrate_demo,client,1,961377,23512,,427921,20220,
migrate_demo,client,1,966571,23656,,431621,20220,
migrate_demo,client,1,971773,23752,,434073,20220,
migrate_demo,client,1,977059,23848,,436286,20220,
migrate_demo,client,1,982279,23944,,438792,20220,
migrate_demo,client,1,987599,24040,,441262,20220,
migrate_demo,client,1,992818,24184,,444716,20220,
migrate_demo,client,1,998003,24280,,447221,20220,
migrate_demo,client,1,1003216,24376,,449714,20220,
migrate_demo,client,1,1008407,24520,,453166,20220,
migrate_demo,client,1,1013554,24568,,454422,20220,
migrate_demo,client,1,1018754,24664,,456924,20220,
migrate_demo,client,1,1023939,24760,,459189,20220,
migrate_demo,client,1,1029100,24856,,461702,20220,
migrate_demo,client,1,1034277,25000,,465216,20220,
migrate_demo,client,1,1039411,25096,,467745,20220,
migrate_demo,client,1,1044761,25192,,470025,20220,
migrate_demo,client,1,1050010,25288,,472547,20220,
migrate_demo,client,1,1055197,25384,,475060,20220,
migrate_demo,client,1,1060385,25528,,478559,20220,
migrate_demo,client,1,1065613,25576,,479822,20220,
migrate_demo,client,1,1071001,25720,,483580,20220,
migrate_demo,client,1,1076191,25816,,485816,20220,
migrate_demo,client,1,1081397,25912,,488341,20220,
migrate_demo,client,1,1086600,26008,,490844,20220,
migrate_demo,client,1,1091801,26104,,493098,20220,
migrate_demo,client,1,1097016,26200,,495624,20220,
migrate_demo,client,1,1102246,26344,,499130,20220,
migrate_demo,client,1,1107454,26440,,501641,20220,
migrate_demo,client,1,1112639,26536,,503962,20220,
migrate_demo,client,1,1117822,26632,,506495,20220,
migrate_demo,client,1,1123041,26728,,508777,20220,
migrate_demo,client,1,1128281,26872,,512352,20220,
migrate_demo,client,1,1133467,26968,,514905,20220,
migrate_demo,client,1,1138660,27064,,517229,20220,
migrate_demo,client,1,1143861,27160,,519533,20220,
migrate_demo,client,1,1149077,27256,,522103,20220,
migrate_demo,client,1,1154324,27352,,524401,20220,
migrate_demo,client,1,1159567,27496,,528003,20220,
migrate_demo,client,1,1164731,27544,,529300,20220,
migrate_demo,client,1,1169909,27688,,532894,20220,
migrate_demo,client,1,1175130,27784,,535455,20220,
migrate_demo,client,1,1180335,27880,,537795,20220,
migrate_demo,client,1,1185537,27976,,540343,20220,
migrate_demo,client,1,1190718,28072,,542867,20220,
migrate_demo,client,1,1195886,28168,,545139,20220,
migrate_demo,client,1,1201080,28264,,547672,20220,
migrate_demo,client,1,1206251,28408,,551417,20220,
migrate_demo,client,1,1211457,28504,,553667,20220,
migrate_demo,client,1,1216683,28600,,556181,20220,
migrate_demo,client,1,1221855,28696,,558673,20220,
migrate_demo,client,1,1227061,28792,,561142,20220,
migrate_demo,client,1,1232312,28936,,564602,20220,
migrate_demo,client,1,1237479,28984,,565858,20220,
migrate_demo,client,1,1242662,29128,,569606,20220,
migrate_demo,client,1,1247925,29224,,572080,20220,
migrate_demo,client,1,1253122,29320,,574546,20220,
migrate_demo,client,1,1258336,29416,,576774,20220,
migrate_demo,client,1,1263556,29512,,579281,20220,
migrate_demo,client,1,1268775,29656,,582770,20220,
migrate_demo,client,1,1273955,29752,,585275,20220,
migrate_demo,client,1,1279174,29848,,587763,20220,
migrate_demo,client,1,1284374,29944,,590242,20220,
migrate_demo,client,1,1289538,30040,,592479,20220,
migrate_demo,client,1,1294753,30136,,594977,20220,
migrate_demo,client,1,1299968,30232,,597468,20220,
migrate_demo,client,1,1305135,30424,,599373,20220,
migrate_demo,client,1,1310359,30712,,602202,20220,
migrate_demo,client,1,1315551,30856,,602698,20220,
migrate_demo,client,1,1320761,30904,,603204,20220,
migrate_demo,client,1,1326018,31288,,603578,20220,
migrate_demo,client,1,1331260,31336,,603898,20220,
migrate_demo,client,1,1336416,31720,,604427,20220,
migrate_demo,client,1,1341577,31720,,604427,20220,
migrate_demo,client,1,1346706,31720,,604427,20220,
migrate_demo,client,1,1351913,31720,,604427,20220,
migrate_demo,client,1,1357121,32536,,604847,20220,
migrate_demo,client,1,1362370,32536,,604847,20220,
migrate_demo,client,1,1367605,32824,,605177,20220,
migrate_demo,client,1,1372747,32824,,605177,20220,
migrate_demo,client,1,1377858,32824,,605177,20220,
migrate_demo,client,1,1383116,32824,,605177,20220,
migrate_demo,client,1,1388295,32824,,605177,20220,
migrate_demo,client,1,1393468,32824,,605177,20220,
migrate_demo,client,1,1398710,34168,,605295,20220,
migrate_demo,client,1,1403897,34216,,605411,20220,
migrate_demo,client,1,1409047,34216,,605411,20220,
migrate_demo,client,1,1414305,34792,,605598,20220,
migrate_demo,client,1,1419539,34792,,605598,20220,
migrate_demo,client,1,1424691,34792,,605598,20220,
migrate_demo,client,1,1429818,35416,,605676,20220,
migrate_demo,client,1,1435070,35608,,605792,20220,
migrate_demo,client,1,1440289,35848,,605921,20220,
migrate_demo,client,1,1445462,35848,,605921,20220,
migrate_demo,client,1,1450663,36136,,605972,20220,
migrate_demo,client,1,1455844,36136,,605972,20220,
migrate_demo,client,1,1461025,36136,,605972,20220,
migrate_demo,client,1,1466219,36856,,606015,20220,
migrate_demo,client,1,1471701,37096,,606063,20220,
migrate_demo,client,1,1476954,37288,,606081,20220,
migrate_demo,client,1,1482138,37432,,606100,20220,
migrate_demo,client,1,1487321,37720,,606126,20220,
migrate_demo,client,1,1492477,37720,,606126,20220,
migrate_demo,client,1,1497646,37720,,606126,20220,
migrate_demo,client,1,1502940,38248,,606136,20220,
migrate_demo,client,1,1508196,38536,,606145,20220,
migrate_demo,client,1,1513331,38536,,606145,20220,
migrate_demo,client,1,1518748,38920,,606148,20220,
migrate_demo,client,1,1523884,39064,,606228,20220,
migrate_demo,client,1,1529161,39256,,606209,20220,
migrate_demo,client,1,1534374,39496,,606446,20220,
migrate_demo,client,1,1539547,39784,,606409,20220,
migrate_demo,client,1,1544784,39976,,606331,20220,
migrate_demo,client,1,1549926,40168,,606297,20220,
migrate_demo,client,1,1555153,40360,,606261,20220,
migrate_demo,client,1,1560382,40600,,606250,20220,
migrate_demo,client,1,1565549,40648,,606243,20220,
migrate_demo,client,1,1570722,40984,,606230,20220,
migrate_demo,client,1,1575911,41224,,606210,20220,
migrate_demo,client,1,1581067,41416,,606208,20220,
migrate_demo,client,1,1586269,41608,,606199,20220,
migrate_demo,client,1,1591434,41656,,606190,20220,
migrate_demo,client,1,1596611,42040,,606186,20220,
migrate_demo,client,1,1601751,42040,,606186,20220,
migrate_demo,client,1,1606930,42040,,606186,20220,
migrate_demo,client,1,1612120,42568,,606174,20220,
migrate_demo,client,1,1617323,42808,,606621,20220,
migrate_demo,client,1,1622561,42808,,606621,20220,
migrate_demo,client,1,1627776,42808,,606621,20220,
migrate_demo,client,1,1632921,42808,,606621,20220,
migrate_demo,client,1,1638105,42808,,606621,20220,
migrate_demo,client,1,1643269,43864,,606636,20220,
migrate_demo,client,1,1648445,44056,,606686,20220,
migrate_demo,client,1,1653714,44248,,606697,20220,
migrate_demo,client,1,1658912,44392,,606713,20220,
migrate_demo,client,1,1664140,44680,,606733,20220,
migrate_demo,client,1,1669366,44872,,606743,20220,
migrate_demo,client,1,1674537,44920,,606746,20220,
migrate_demo,client,1,1679747,45304,,606665,20220,
migrate_demo,client,1,1684892,45352,,606681,20220,
migrate_demo,client,1,1690176,45736,,606726,20220,
migrate_demo,client,1,1695411,45736,,606726,20220,
migrate_demo,client,1,1700564,46120,,606733,20220,
migrate_demo,client,1,1705730,46168,,606734,20220,
migrate_demo,client,1,1710922,46504,,606897,20220,
migrate_demo,client,1,1716084,46600,,606927,20220,
migrate_demo,client,1,1721224,46600,,606927,20220,
migrate_demo,client,1,1726400,47128,,606891,20220,
migrate_demo,client,1,1731568,47128,,606891,20220,
migrate_demo,client,1,1736741,47128,,606891,20220,
migrate_demo,client,1,1743837,47752,,606878,20220,
migrate_demo,client,1,1749069,48040,,607234,20220,
migrate_demo,client,1,1754285,48088,,607253,20220,
migrate_demo,client,1,1759471,48088,,607253,20220,
migrate_demo,client,1,1764669,48096,,607203,20220,
migrate_demo,client,1,1769812,48096,,607048,20220,
migrate_demo,client,1,1775001,48096,,607048,20220,
migrate_demo,client,1,1780207,48096,,606992,20220,
migrate_demo,client,1,1785376,48096,,606992,20220,
migrate_demo,client,1,1790748,48096,,606941,20220,
migrate_demo,client,1,1795977,48096,,606941,20220,
migrate_demo,client,1,1801125,48096,,606941,20220,
migrate_demo,client,1,1806367,48096,,606906,20220,
migrate_demo,client,1,1811517,48096,,606879,20220,
migrate_demo,client,1,1816665,48096,,606879,20220,
migrate_demo,client,1,1821829,48096,,606879,20220,
migrate_demo,client,1,1826999,48096,,606853,20220,
migrate_demo,client,1,1832186,48096,,606853,20220,
migrate_demo,client,1,1837361,48096,,606853,20220,
migrate_demo,client,1,1842721,48096,,606853,20220,
migrate_demo,client,1,1847929,48096,,606838,20220,
migrate_demo,client,1,1853120,48096,,606827,20220,
migrate_demo,client,1,1858246,48096,,606966,20220,
migrate_demo,client,1,1863434,48096,,606939,20220,
migrate_demo,client,1,1868660,48096,,606915,20220,
migrate_demo,client,1,1873800,48096,,606915,20220,
migrate_demo,client,1,1878975,48096,,606880,20220,
migrate_demo,client,1,1884217,48096,,606880,20220,
migrate_demo,client,1,1889403,48096,,606859,20220,
migrate_demo,client,1,1894592,48096,,606832,20220,
migrate_demo,client,1,1899770,48096,,606832,20220,
migrate_demo,client,1,1905010,48096,,606998,20220,
migrate_demo,client,1,1910199,48096,,606998,20220,
migrate_demo,client,1,1915349,48096,,606998,20220,
migrate_demo,client,1,1920545,48096,,606998,20220,
migrate_demo,client,1,1925742,48096,,606998,20220,
migrate_demo,client,1,1930983,48096,,606998,20220,
migrate_demo,client,1,1936208,48096,,606998,20220,
migrate_demo,client,1,1941432,48096,,606998,20220,
migrate_demo,client,1,1946600,48096,,606998,20220,
migrate_demo,client,1,1951829,48096,,606998,20220,
migrate_demo,client,1,1957033,48096,,606998,20220,
migrate_demo,client,1,1962243,48096,,606998,20220,
migrate_demo,client,1,1967544,48096,,606998,20220,
migrate_demo,client,1,1972809,48096,,606998,20220,
migrate_demo,client,1,1978024,48096,,606998,20220,
migrate_demo,client,1,1983232,48096,,606998,20220,
migrate_demo,client,1,1988449,48096,,606998,20220,
migrate_demo,client,1,1993644,48096,,606998,20220,
migrate_demo,client,1,1998775,48096,,606998,20220,
migrate_demo,client,1,2003956,48096,,606998,20220,
migrate_demo,client,1,2009176,48096,,606998,20220,
migrate_demo,client,1,2014372,48096,,606998,20220,
migrate_demo,client,1,2019546,48096,,606998,20220,
migrate_demo,client,1,2024722,48096,,606998,20220,
migrate_demo,client,1,2029938,48096,,606998,20220,
migrate_demo,client,1,2035140,48096,,606998,20220,
migrate_demo,client,1,2040365,48096,,606998,20220,
migrate_demo,client,1,2045657,48096,,606998,20220,
migrate_demo,client,1,2050910,48096,,606998,20220,
migrate_demo,client,1,2056107,48096,,606998,20220,
migrate_demo,client,1,2061369,48096,,606998,20220,
migrate_demo,client,1,2066640,48096,,606998,20220,
migrate_demo,client,1,2071859,48096,,606998,20220,
migrate_demo,client,1,2077034,48096,,606998,20220,
migrate_demo,client,1,2082213,48096,,606998,20220,
migrate_demo,client,1,2087528,48096,,606998,20220,
migrate_demo,client,1,2092703,48096,,606998,20220,
migrate_demo,client,1,2097898,48096,,606998,20220,
migrate_demo,client,1,2103196,48096,,606998,20220,
migrate_demo,client,1,2108334,48096,,606998,20220,
migrate_demo,client,1,2113511,48096,,606998,20220,
migrate_demo,client,1,2118678,48096,,606998,20220,
migrate_demo,client,1,2123861,48096,,606998,20220,
migrate_demo,client,1,2129158,48096,,606998,20220,
migrate_demo,client,1,2134376,48096,,606998,20220,
migrate_demo,client,1,2139581,48096,,606998,20220,
migrate_demo,client,1,2144800,48096,,606998,20220,
migrate_demo,client,1,2149999,48096,,606998,20220,
migrate_demo,client,1,2155181,48096,,606998,20220,
migrate_demo,client,1,2160345,48096,,606998,20220,
migrate_demo,client,1,2165563,48096,,606998,20220,
migrate_demo,client,1,2170730,48096,,606998,20220,
migrate_demo,client,1,2175893,48096,,606998,20220,
migrate_demo,client,1,2181063,48096,,606998,20220,
migrate_demo,client,1,2186279,48096,,606998,20220,
migrate_demo,client,1,2191554,48096,,606998,20220,
migrate_demo,client,1,2196765,48096,,606998,20220,
migrate_demo,client,1,2201978,48096,,606998,20220,
migrate_demo,client,1,2207222,48096,,606998,20220,
migrate_demo,client,1,2212426,48096,,606998,20220,
migrate_demo,client,1,2217642,48096,,606998,20220,
migrate_demo,client,1,2222826,48096,,606998,20220,
migrate_demo,client,1,2227983,48096,,606998,20220,
migrate_demo,client,1,2233215,48096,,606998,20220,
migrate_demo,client,1,2238457,48096,,606998,20220,
migrate_demo,client,1,2243660,48096,,606998,20220,
migrate_demo,client,1,2248912,48096,,606998,20220,
migrate_demo,client,1,2254105,48096,,606998,20220,
migrate_demo,client,1,2259217,48096,,606998,20220,
migrate_demo,client,1,2264430,48096,,606998,20220,
migrate_demo,client,1,2269672,48096,,606998,20220,
migrate_demo,client,1,2274818,48096,,606998,20220,
migrate_demo,client,1,2280007,48096,,606998,20220,
migrate_demo,client,1,2285158,48096,,606998,20220,
migrate_demo,client,1,2290374,48096,,606998,20220,
migrate_demo,client,1,2295557,48096,,606998,20220,
migrate_demo,client,1,2300661,48096,,606998,20220,
migrate_demo,client,1,2305914,48096,,606998,20220,
migrate_demo,client,1,2311088,48096,,606998,20220,
migrate_demo,client,1,2316330,48096,,606998,20220,
migrate_demo,client,1,2321524,48096,,606998,20220,
migrate_demo,client,1,2326734,48096,,606998,20220,
migrate_demo,client,1,2331968,48096,,606998,20220,
migrate_demo,client,1,2337157,48096,,606998,20220,
migrate_demo,client,1,2342343,48096,,606998,20220,
migrate_demo,client,1,2347534,48096,,606998,20220,
migrate_demo,client,1,2352675,48096,,606998,20220,
migrate_demo,client,1,2357844,48096,,606998,20220,
migrate_demo,client,1,2363046,48096,,606998,20220,
migrate_demo,client,1,2368243,48096,,606998,20220,
migrate_demo,client,1,2373407,48096,,606998,20220,
migrate_demo,client,1,2378546,48096,,606998,20220,
migrate_demo,client,1,2383905,48096,,606998,20220,
migrate_demo,client,1,2389118,48096,,606998,20220,
migrate_demo,client,1,2394391,48096,,606998,20220,
migrate_demo,client,1,2399650,48096,,606998,20220,
migrate_demo,client,1,2404845,48096,,606998,20220,
migrate_demo,client,1,2410022,48096,,606998,20220,
migrate_demo,client,1,2415232,48096,,606998,20220,
migrate_demo,client,1,2420432,48096,,606998,20220,
migrate_demo,client,1,2425642,48096,,606998,20220,
migrate_demo,client,1,2430839,48096,,606998,20220,
migrate_demo,client,1,2436114,48096,,606998,20220,
migrate_demo,client,1,2441305,48096,,606998,20220,
migrate_demo,client,1,2446502,48096,,606998,20220,
migrate_demo,client,1,2451678,48096,,606998,20220,
migrate_demo,client,1,2456845,48096,,606998,20220,
migrate_demo,client,1,2462051,48096,,606998,20220,
migrate_demo,client,1,2467238,48096,,606998,20220,
migrate_demo,client,1,2472487,48096,,606998,20220,
migrate_demo,client,1,2477703,48096,,606998,20220,
migrate_demo,client,1,2482831,48096,,606998,20220,
migrate_demo,client,1,2488030,48096,,606998,20220,
migrate_demo,client,1,2493179,48096,,606998,20220,
migrate_demo,client,1,2498407,48096,,606998,20220,
migrate_demo,client,1,2503653,48096,,606998,20220,
migrate_demo,client,1,2508906,48096,,606998,20220,
migrate_demo,client,1,2514104,48096,,606998,20220,
migrate_demo,client,1,2519320,48096,,606998,20220,
migrate_demo,client,1,2527702,96241,,442213,20220,
migrate_demo,client,1,2532920,96241,,442213,20220,
migrate_demo,client,1,2538109,96241,,442213,20220,
migrate_demo,client,1,2543354,96241,,442213,20220,
migrate_demo,client,1,2548609,96241,,442213,20220,
migrate_demo,client,1,2553738,96241,,442213,20220,
migrate_demo,client,1,2558879,96241,,442213,20220,
migrate_demo,client,1,2564042,96241,,442213,20220,
migrate_demo,client,1,2569268,96241,,442213,20220,
migrate_demo,client,1,2574421,96241,,442213,20220,
migrate_demo,client,1,2579663,96241,,442213,20220,
migrate_demo,client,1,2584986,96241,,442213,20220,
migrate_demo,client,1,2590193,96241,,442213,20220,
migrate_demo,client,1,2595495,96241,,442213,20220,
migrate_demo,client,1,2600660,96241,,442213,20220,
migrate_demo,client,1,2605892,96241,,442213,20220,
migrate_demo,client,1,2611103,96241,,442213,20220,
migrate_demo,client,1,2616392,96241,,442213,20220,
migrate_demo,client,1,2621574,96241,,442213,20220,
migrate_demo,client,1,2626806,96241,,442213,20220,
migrate_demo,client,1,2632072,96241,,442213,20220,
migrate_demo,client,1,2637233,96241,,442213,20220,
migrate_demo,client,1,2642379,96241,,442213,20220,
migrate_demo,client,1,2647594,96241,,442213,20220,
migrate_demo,client,1,2652809,96241,,442213,20220,
migrate_demo,client,1,2657978,96241,,442213,20220,
migrate_demo,client,1,2663200,96241,,442213,20220,
migrate_demo,client,1,2668349,96241,,442213,20220,
migrate_demo,client,1,2673626,96241,,442213,20220,
migrate_demo,client,1,2678855,96241,,442213,20220,
migrate_demo,client,1,2683997,96241,,442213,20220,
migrate_demo,client,1,2689197,96241,,442213,20220,
migrate_demo,client,1,2694399,96241,,442213,20220,
migrate_demo,client,1,2699595,96241,,442213,20220,
migrate_demo,client,1,2704813,96241,,442213,20220,
migrate_demo,client,1,2710038,96241,,442213,20220,
migrate_demo,client,1,2715361,96241,,442213,20220,
migrate_demo,client,1,2720561,96241,,442213,20220,
migrate_demo,client,1,2725777,96241,,442213,20220,
migrate_demo,client,1,2731073,96241,,442213,20220,
migrate_demo,client,1,2736275,96241,,442213,20220,
migrate_demo,client,1,2741658,96241,,442213,20220,
migrate_demo,client,1,2746892,96241,,442213,20220,
migrate_demo,client,1,2752075,96241,,442213,20220,
migrate_demo,client,1,2757285,96241,,442213,20220,
migrate_demo,client,1,2762480,96241,,442213,20220,
migrate_demo,client,1,2767627,96241,,442213,20220,
migrate_demo,client,1,2772883,96241,,442213,20220,
migrate_demo,client,1,2778090,96241,,442213,20220,
migrate_demo,client,1,2783271,96241,,442213,20220,
migrate_demo,client,1,2788556,96241,,442213,20220,
migrate_demo,client,1,2793748,96241,,442213,20220,
migrate_demo,client,1,2798974,96241,,442213,20220,
migrate_demo,client,1,2804160,96241,,442213,20220,
migrate_demo,client,1,2809375,96241,,442213,20220,
migrate_demo,client,1,2814697,96241,,442213,20220,
migrate_demo,client,1,2819865,96241,,442213,20220,
migrate_demo,client,1,2825058,96241,,442213,20220,
migrate_demo,client,1,2830254,96241,,442213,20220,
migrate_demo,client,1,2835421,96241,,442213,20220,
migrate_demo,client,1,2840651,96241,,442213,20220,
migrate_demo,client,1,2845828,96241,,442213,20220,
migrate_demo,client,1,2850959,96241,,442213,20220,
migrate_demo,client,1,2856180,96241,,442213,20220,
migrate_demo,client,1,2861399,96241,,442213,20220,
migrate_demo,client,1,2866571,96241,,442213,20220,
migrate_demo,client,1,2871758,96241,,442213,20220,
migrate_demo,client,1,2876953,96241,,442213,20220,
migrate_demo,client,1,2882137,96241,,442213,20220,
migrate_demo,client,1,2887319,96241,,442213,20220,
migrate_demo,client,1,2892505,96241,,442213,20220,
migrate_demo,client,1,2897749,96241,,442213,20220,
migrate_demo,client,1,2902915,96241,,442213,20220,
migrate_demo,client,1,2908082,96241,,442213,20220,
migrate_demo,client,1,2913280,96241,,442213,20220,
migrate_demo,client,1,2918467,96241,,442213,20220,
migrate_demo,client,1,2923757,96241,,442213,20220,
migrate_demo,client,1,2928913,96241,,442213,20220,
migrate_demo,client,1,2934176,96241,,442213,20220,
migrate_demo,client,1,2939411,96241,,442213,20220,
migrate_demo,client,1,2944607,96241,,442213,20220,
migrate_demo,client,1,2949757,96241,,442213,20220,
migrate_demo,client,1,2955011,96241,,442213,20220,
migrate_demo,client,1,2960173,96241,,442213,20220,
migrate_demo,client,1,2965386,96241,,442213,20220,
migrate_demo,client,1,2970621,96241,,442213,20220,
migrate_demo,client,1,2975890,96241,,442213,20220,
migrate_demo,client,1,2981069,96241,,442213,20220,
migrate_demo,client,1,2986285,96241,,442213,20220,
migrate_demo,client,1,2991501,96241,,442213,20220,
migrate_demo,client,1,2996714,96241,,442213,20220,
migrate_demo,client,1,3001959,96241,,442213,20220,
migrate_demo,client,1,3007349,96241,,442213,20220,
migrate_demo,client,1,3012532,96241,,442213,20220,
migrate_demo,client,1,3017689,96241,,442213,20220,
migrate_demo,client,1,3022881,96241,,442213,20220,
migrate_demo,client,1,3028074,96241,,442213,20220,
migrate_demo,client,1,3033274,96241,,442213,20220,
migrate_demo,client,1,3038521,96290,,451391,20220,
migrate_demo,client,1,3043732,96290,,451391,20220,
migrate_demo,client,1,3049056,96290,,451391,20220,
migrate_demo,client,1,3054341,96290,,467830,20220,
migrate_demo,client,1,3059480,96290,,467830,20220,
migrate_demo,client,1,3064639,96290,,467830,20220,
migrate_demo,client,1,3069861,96290,,482163,20220,
migrate_demo,client,1,3075013,96290,,482163,20220,
migrate_demo,client,1,3080209,96290,,494532,20220,
migrate_demo,client,1,3085440,96290,,494532,20220,
migrate_demo,client,1,3090669,96290,,500304,20220,
migrate_demo,client,1,3095864,96290,,500304,20220,
migrate_demo,client,1,3101123,96290,,500304,20220,
migrate_demo,client,1,3106330,96290,,512419,20220,
migrate_demo,client,1,3111529,96290,,517837,20220,
migrate_demo,client,1,3116772,96290,,517837,20220,
migrate_demo,client,1,3121877,96290,,517837,20220,
migrate_demo,client,1,3127205,96290,,517837,20220,
migrate_demo,client,1,3132393,96290,,517837,20220,
migrate_demo,client,1,3137555,96290,,517837,20220,
migrate_demo,client,1,3142702,96290,,517837,20220,
migrate_demo,client,1,3147861,96290,,517837,20220,
migrate_demo,client,1,3153032,96290,,517837,20220,
migrate_demo,client,1,3158217,96290,,517837,20220,
migrate_demo,client,1,3163424,96290,,517837,20220,
migrate_demo,client,1,3168708,96290,,517837,20220,
migrate_demo,client,1,3173931,96290,,517837,20220,
migrate_demo,client,1,3179111,96290,,517837,20220,
migrate_demo,client,1,3184311,96290,,517837,20220,
migrate_demo,client,1,3189535,96290,,517837,20220,
migrate_demo,client,1,3194750,96290,,517837,20220,
migrate_demo,client,1,3199933,96290,,517837,20220,
migrate_demo,client,1,3205094,96290,,517837,20220,
migrate_demo,client,1,3210319,96290,,517837,20220,
migrate_demo,client,1,3215473,96290,,517837,20220,
migrate_demo,client,1,3220642,96290,,517837,20220,
migrate_demo,client,1,3225855,96290,,517837,20220,
migrate_demo,client,1,3231077,96290,,517837,20220,
migrate_demo,client,1,3236257,96290,,517837,20220,
migrate_demo,client,1,3241438,96290,,517837,20220,
migrate_demo,client,1,3246600,96290,,517837,20220,
migrate_demo,client,1,3251757,96290,,517837,20220,
migrate_demo,client,1,3256976,96290,,517837,20220,
migrate_demo,client,1,3262181,96290,,517837,20220,
migrate_demo,client,1,3267420,96290,,517837,20220,
migrate_demo,client,1,3272596,96290,,517837,20220,
migrate_demo,client,1,3277764,96290,,517837,20220,
migrate_demo,client,1,3282989,96290,,517837,20220,
migrate_demo,client,1,3288194,96290,,517837,20220,
migrate_demo,client,1,3293328,96290,,517837,20220,
migrate_demo,client,1,3298463,96290,,517837,20220,
migrate_demo,client,1,3303703,96290,,517837,20220,
migrate_demo,client,1,3308858,96290,,517837,20220,
migrate_demo,client,1,3314058,96290,,517837,20220,
migrate_demo,client,1,3319267,96290,,517837,20220,
migrate_demo,client,1,3324436,96290,,517837,20220,
migrate_demo,client,1,3329677,96290,,517837,20220,
migrate_demo,client,1,3334860,96290,,517837,20220,
migrate_demo,client,1,3340015,96290,,517837,20220,
migrate_demo,client,1,3345204,96290,,517837,20220,
migrate_demo,client,1,3350446,96290,,517837,20220,
migrate_demo,client,1,3355676,96290,,517837,20220,
migrate_demo,client,1,3360915,96290,,517837,20220,
migrate_demo,client,1,3366086,96290,,517837,20220,
migrate_demo,client,1,3371275,96290,,517837,20220,
migrate_demo,client,1,3376446,96290,,517837,20220,
migrate_demo,client,1,3381634,96290,,517837,20220,
migrate_demo,client,1,3386842,96290,,517837,20220,
migrate_demo,client,1,3392010,96290,,517837,20220,
migrate_demo,client,1,3397184,96290,,517837,20220,
migrate_demo,client,1,3402408,96290,,517837,20220,
migrate_demo,client,1,3407576,96290,,517837,20220,
migrate_demo,client,1,3413011,96290,,517837,20220,
migrate_demo,client,1,3418243,96290,,517837,20220,
migrate_demo,client,1,3423438,96290,,517837,20220,
migrate_demo,client,1,3428657,96290,,517837,20220,
migrate_demo,client,1,3433871,96290,,517837,20220,
migrate_demo,client,1,3439138,96290,,517837,20220,
migrate_demo,client,1,3444297,96290,,517837,20220,
migrate_demo,client,1,3449468,96290,,517837,20220,
migrate_demo,client,1,3454625,96290,,517837,20220,
migrate_demo,client,1,3459836,96290,,517837,20220,
migrate_demo,client,1,3465093,96290,,517837,20220,
migrate_demo,client,1,3470307,96290,,517837,20220,
migrate_demo,client,1,3475502,96290,,517837,20220,
migrate_demo,client,1,3480694,96290,,517837,20220,
migrate_demo,client,1,3485853,96290,,517837,20220,
migrate_demo,client,1,3491017,96290,,517837,20220,
migrate_demo,client,1,3496196,96290,,517837,20220,
migrate_demo,client,1,3501427,96290,,517837,20220,
migrate_demo,client,1,3506610,96290,,517837,20220,
migrate_demo,client,1,3511757,96290,,517837,20220,
migrate_demo,client,1,3516889,96290,,517837,20220,
migrate_demo,client,1,3522154,96290,,517837,20220,
migrate_demo,client,1,3527321,96290,,517837,20220,
migrate_demo,client,1,3532523,96290,,517837,20220,
migrate_demo,client,1,3537684,96290,,517837,20220,
migrate_demo,client,1,3542904,96290,,517837,20220,
migrate_demo,client,1,3548071,96290,,517837,20220,
migrate_demo,client,1,3553246,96290,,517837,20220,
migrate_demo,client,1,3558481,96290,,517837,20220,
migrate_demo,client,1,3563655,96290,,517837,20220,
migrate_demo,client,1,3568779,96290,,517837,20220,
migrate_demo,client,1,3573909,96290,,517837,20220,
migrate_demo,client,1,3579117,96290,,517837,20220,
migrate_demo,client,1,3584279,96290,,517837,20220,
migrate_demo,client,1,3589425,96290,,517837,20220,
migrate_demo,client,1,3594630,96290,,517837,20220,
migrate_demo,client,1,3599845,96290,,517837,20220,
migrate_demo,client,1,3605026,96290,,517837,20220,
migrate_demo,client,1,3610195,96290,,517837,20220,
migrate_demo,client,1,3615400,96290,,517837,20220,
migrate_demo,client,1,3620668,96290,,517837,20220,
migrate_demo,client,1,3625932,96290,,517837,20220,
migrate_demo,client,1,3631164,96290,,517837,20220,
migrate_demo,client,1,3636359,96290,,517837,20220,
migrate_demo,client,1,3641480,96290,,517837,20220,
migrate_demo,client,1,3646648,96290,,517837,20220,
migrate_demo,client,1,3651762,96290,,517837,20220,
migrate_demo,client,1,3656915,96290,,517837,20220,
migrate_demo,client,1,3662161,96290,,517837,20220,
migrate_demo,client,1,3667370,96290,,517837,20220,
migrate_demo,client,1,3672541,96290,,517837,20220,
migrate_demo,client,1,3677765,96290,,517837,20220,
migrate_demo,client,1,3682952,96290,,517837,20220,
migrate_demo,client,1,3688177,96290,,517837,20220,
migrate_demo,client,1,3693383,96290,,517837,20220,
migrate_demo,client,1,3698593,96290,,517837,20220,
migrate_demo,client,1,3703841,96290,,517837,20220,
migrate_demo,client,1,3709066,96290,,517837,20220,
migrate_demo,client,1,3714276,96290,,517837,20220,
migrate_demo,client,1,3719530,96290,,517837,20220,
migrate_demo,client,1,3724747,96290,,517837,20220,
migrate_demo,client,1,3729996,96290,,517837,20220,
migrate_demo,client,1,3735210,96290,,517837,20220,
migrate_demo,client,1,3740414,96290,,517837,20220,
migrate_demo,client,1,3745679,96290,,517837,20220,
migrate_demo,client,1,3750873,96290,,517837,20220,
migrate_demo,client,1,3756116,96290,,517837,20220,
migrate_demo,client,1,3761292,96290,,517837,20220,
migrate_demo,client,1,3766486,96290,,517837,20220,
migrate_demo,client,1,3771689,96290,,517837,20220,
migrate_demo,client,1,3776987,96290,,517837,20220,
migrate_demo,client,1,3782183,96290,,517837,20220,
migrate_demo,client,1,3787352,96290,,517837,20220,
migrate_demo,client,1,3792512,96290,,517837,20220,
migrate_demo,client,1,3797776,96290,,517837,20220,
migrate_demo,client,1,3803047,96290,,517837,20220,
migrate_demo,client,1,3808257,96290,,517837,20220,
migrate_demo,client,1,3813445,96290,,526154,20220,
migrate_demo,client,1,3818625,96290,,526154,20220,
migrate_demo,client,1,3823785,96290,,526154,20220,
migrate_demo,client,1,3829003,96290,,526154,20220,
migrate_demo,client,1,3834243,96290,,526154,20220,
migrate_demo,client,1,3839431,96290,,526154,20220,
migrate_demo,client,1,3844671,96290,,526154,20220,
migrate_demo,client,1,3849908,96290,,526154,20220,
migrate_demo,client,1,3855113,96290,,526154,20220,
migrate_demo,client,1,3860331,96290,,526154,20220,
migrate_demo,client,1,3865567,96290,,526154,20220,
migrate_demo,client,1,3870865,96290,,526154,20220,
migrate_demo,client,1,3876049,96290,,526154,20220,
migrate_demo,client,1,3881196,96290,,526154,20220,
migrate_demo,client,1,3886409,96290,,526154,20220,
migrate_demo,client,1,3891740,96290,,526154,20220,
migrate_demo,client,1,3896952,96290,,526154,20220,
migrate_demo,client,1,3902131,96290,,526154,20220,
migrate_demo,client,1,3907340,96290,,526154,20220,
migrate_demo,client,1,3912515,96290,,526154,20220,
migrate_demo,client,1,3917712,96290,,526154,20220,
migrate_demo,client,1,3922945,96290,,526154,20220,
migrate_demo,client,1,3928128,96290,,526154,20220,
migrate_demo,client,1,3933277,96290,,526154,20220,
migrate_demo,client,1,3938465,96290,,526154,20220,
migrate_demo,client,1,3943740,96290,,526154,20220,
migrate_demo,client,1,3948943,96290,,526154,20220,
migrate_demo,client,1,3954061,96290,,526154,20220,
migrate_demo,client,1,3959198,96290,,526154,20220,
migrate_demo,client,1,3964443,96290,,526154,20220,
migrate_demo,client,1,3969742,96290,,526154,20220,
migrate_demo,client,1,3974937,96290,,526154,20220,
migrate_demo,client,1,3980110,96290,,526154,20220,
migrate_demo,client,1,3985345,96290,,526154,20220,
migrate_demo,client,1,3990537,96290,,526154,20220,
migrate_demo,client,1,3995715,96290,,526154,20220,
migrate_demo,client,1,4000933,96290,,526154,20220,
migrate_demo,client,1,4006122,96290,,526154,20220,
migrate_demo,client,1,4011264,96290,,526154,20220,
migrate_demo,client,1,4016505,96290,,526154,20220,
migrate_demo,client,1,4021806,96290,,526154,20220,
migrate_demo,client,1,4026974,96290,,526154,20220,
migrate_demo,client,1,4032117,96290,,526154,20220,
migrate_demo,client,1,4037272,96290,,526154,20220,
migrate_demo,client,1,4042485,96290,,526154,20220,
migrate_demo,client,1,4047667,96290,,526154,20220,
migrate_demo,client,1,4052911,96290,,526154,20220,
migrate_demo,client,1,4058123,96290,,526154,20220,
migrate_demo,client,1,4063274,96290,,526154,20220,
migrate_demo,client,1,4068548,96290,,526154,20220,
migrate_demo,client,1,4073731,96290,,526154,20220,
migrate_demo,client,1,4078911,96290,,526154,20220,
migrate_demo,client,1,4084124,96290,,526154,20220,
migrate_demo,client,1,4089300,96290,,526154,20220,
migrate_demo,client,1,4094501,96290,,526154,20220,
migrate_demo,client,1,4099645,96290,,526154,20220,
migrate_demo,client,1,4104814,96290,,526154,20220,
migrate_demo,client,1,4110026,96290,,526154,20220,
migrate_demo,client,1,4115281,96290,,526154,20220,
migrate_demo,client,1,4120476,96290,,526154,20220,
migrate_demo,client,1,4125623,96290,,526154,20220,
migrate_demo,client,1,4130785,96290,,526154,20220,
migrate_demo,client,1,4136025,96290,,526154,20220,
migrate_demo,client,1,4141265,96290,,526154,20220,
migrate_demo,client,1,4146473,96290,,526154,20220,
migrate_demo,client,1,4151675,96290,,526154,20220,
migrate_demo,client,1,4156847,96290,,526154,20220,
migrate_demo,client,1,4162101,96290,,526154,20220,
migrate_demo,client,1,4167325,96290,,526154,20220,
migrate_demo,client,1,4172545,96290,,526154,20220,
migrate_demo,client,1,4177688,96290,,526154,20220,
migrate_demo,client,1,4182849,96290,,526154,20220,
migrate_demo,client,1,4188122,96290,,526154,20220,
migrate_demo,client,1,4193329,96290,,526154,20220,
migrate_demo,client,1,4198523,96290,,526154,20220,
migrate_demo,client,1,4203725,96290,,526154,20220,
migrate_demo,client,1,4208908,96290,,526154,20220,
migrate_demo,client,1,4214095,96290,,526154,20220,
migrate_demo,client,1,4219225,96290,,526154,20220,
migrate_demo,client,1,4224393,96290,,526154,20220,
migrate_demo,client,1,4229570,96290,,526154,20220,
migrate_demo,client,1,4234786,96290,,526154,20220,
migrate_demo,client,1,4240037,96290,,526154,20220,
migrate_demo,client,1,4245172,96290,,526154,20220,
migrate_demo,client,1,4250359,96290,,526154,20220,
migrate_demo,client,1,4255622,96290,,526154,20220,
migrate_demo,client,1,4260802,96290,,526154,20220,
migrate_demo,client,1,4266005,96290,,526154,20220,
migrate_demo,client,1,4271167,96290,,526154,20220,
migrate_demo,client,1,4276340,96290,,526154,20220,
migrate_demo,client,1,4281531,96290,,526154,20220,
migrate_demo,client,1,4286714,96290,,526154,20220,
migrate_demo,client,1,4291873,96290,,526154,20220,
migrate_demo,client,1,4297154,96290,,526154,20220,
migrate_demo,client,1,4302310,96290,,526154,20220,
migrate_demo,client,1,4307521,96290,,526154,20220,
migrate_demo,client,1,4312734,96290,,526154,20220,
migrate_demo,client,1,4317940,96290,,526154,20220,
migrate_demo,client,1,4323125,96290,,526154,20220,
migrate_demo,client,1,4328296,96290,,526154,20220,
migrate_demo,client,1,4333527,96290,,526154,20220,
migrate_demo,client,1,4338740,96290,,526154,20220,
migrate_demo,client,1,4343924,96290,,526154,20220,
migrate_demo,client,1,4349174,96290,,526154,20220,
migrate_demo,client,1,4354408,96290,,526154,20220,
migrate_demo,client,1,4359657,96290,,526154,20220,
migrate_demo,client,1,4364846,96290,,526154,20220,
migrate_demo,client,1,4370078,96290,,526154,20220,
migrate_demo,client,1,4375296,96290,,526154,20220,
migrate_demo,client,1,4380478,96290,,526154,20220,
migrate_demo,client,1,4385659,96290,,526154,20220,
migrate_demo,client,1,4390884,96290,,526154,20220,
migrate_demo,client,1,4396060,96290,,526154,20220,
migrate_demo,client,1,4401239,96290,,526154,20220,
migrate_demo,client,1,4406412,96290,,526154,20220,
migrate_demo,client,1,4411646,96290,,526154,20220,
migrate_demo,client,1,4416851,96290,,526154,20220,
migrate_demo,client,1,4422110,96290,,526154,20220,
migrate_demo,client,1,4427382,96290,,526154,20220,
migrate_demo,client,1,4432612,96290,,526154,20220,
migrate_demo,client,1,4437827,96290,,526154,20220,
migrate_demo,client,1,4443057,96290,,526154,20220,
migrate_demo,client,1,4448306,96290,,526154,20220,
migrate_demo,client,1,4453465,96290,,526154,20220,
migrate_demo,client,1,4458635,96290,,526154,20220,
migrate_demo,client,1,4463821,96290,,526154,20220,
migrate_demo,client,1,4469024,96290,,526154,20220,
migrate_demo,client,1,4474209,96290,,526154,20220,
migrate_demo,client,1,4479439,96290,,526154,20220,
migrate_demo,client,1,4484623,96290,,526154,20220,
migrate_demo,client,1,4489851,96290,,526154,20220,
migrate_demo,client,1,4495025,96290,,526154,20220,
migrate_demo,client,1,4500211,96290,,526154,20220,
migrate_demo,client,1,4505449,96290,,526154,20220,
migrate_demo,client,1,4510662,96290,,526154,20220,
migrate_demo,client,1,4515879,96290,,526154,20220,
migrate_demo,client,1,4521113,96290,,526154,20220,
migrate_demo,client,1,4526404,96290,,526154,20220,
migrate_demo,client,1,4531702,96290,,526154,20220,
migrate_demo,client,1,4536923,96290,,526154,20220,
migrate_demo,client,1,4542138,96290,,526154,20220,
migrate_demo,client,1,4547380,96290,,526154,20220,
migrate_demo,client,1,4552532,96290,,526154,20220,
migrate_demo,client,1,4557853,96290,,526154,20220,
migrate_demo,client,1,4563128,96290,,526154,20220,
migrate_demo,client,1,4568331,96290,,526154,20220,
migrate_demo,client,1,4573516,96290,,526154,20220,
migrate_demo,client,1,4578707,96290,,526154,20220,
migrate_demo,client,1,4583937,96290,,526154,20220,
migrate_demo,client,1,4589137,96290,,526154,20220,
migrate_demo,client,1,4594359,96290,,526154,20220,
migrate_demo,client,1,4599511,96290,,526154,20220,
migrate_demo,client,1,4604701,96290,,526154,20220,
migrate_demo,client,1,4609856,96290,,526154,20220,
migrate_demo,client,1,4615164,96290,,526154,20220,
migrate_demo,client,1,4620352,96290,,526154,20220,
migrate_demo,client,1,4625551,96290,,526154,20220,
migrate_demo,client,1,4630784,96290,,526154,20220,
migrate_demo,client,1,4635975,96290,,526154,20220,
migrate_demo,client,1,4641210,96290,,526154,20220,
migrate_demo,client,1,4646399,96290,,526154,20220,
migrate_demo,client,1,4651615,96290,,526154,20220,
migrate_demo,client,1,4656885,96290,,526154,20220,
migrate_demo,client,1,4662089,96290,,526154,20220,
migrate_demo,client,1,4667288,96290,,526154,20220,
migrate_demo,client,1,4672492,96290,,526154,20220,
migrate_demo,client,1,4677703,96290,,526154,20220,
migrate_demo,client,1,4683007,96290,,526154,20220,
migrate_demo,client,1,4688266,96290,,534342,20220,
migrate_demo,client,1,4693382,96290,,534342,20220,
migrate_demo,client,1,4698559,96290,,534342,20220,
migrate_demo,client,1,4703732,96290,,542033,20220,
migrate_demo,client,1,4708982,96290,,542033,20220,
migrate_demo,client,1,4714188,96290,,542033,20220,
migrate_demo,client,1,4719350,96290,,542033,20220,
migrate_demo,client,1,4724567,96290,,542033,20220,
migrate_demo,client,1,4729794,96290,,542033,20220,
migrate_demo,client,1,4735007,96290,,542033,20220,
migrate_demo,client,1,4740179,96290,,542033,20220,
migrate_demo,client,1,4745416,96290,,542033,20220,
migrate_demo,client,1,4750673,96290,,542033,20220,
migrate_demo,client,1,4755895,96290,,542033,20220,
migrate_demo,client,1,4761059,96290,,542033,20220,
migrate_demo,client,1,4766251,96290,,542033,20220,
migrate_demo,client,1,4771509,96290,,542033,20220,
migrate_demo,client,1,4776717,96290,,542033,20220,
migrate_demo,client,1,4781970,96290,,542033,20220,
migrate_demo,client,1,4787159,96290,,542033,20220,
migrate_demo,client,1,4792374,96290,,542033,20220,
migrate_demo,client,1,4797538,96290,,542033,20220,
migrate_demo,client,1,4802761,96290,,542033,20220,
migrate_demo,client,1,4808064,96290,,542033,20220,
migrate_demo,client,1,4813240,96290,,542033,20220,
migrate_demo,client,1,4818445,96290,,542033,20220,
migrate_demo,client,1,4823740,96290,,542033,20220,
migrate_demo,client,1,4828963,96290,,542033,20220,
migrate_demo,client,1,4834200,96290,,542033,20220,
migrate_demo,client,1,4839442,96290,,542033,20220,
migrate_demo,client,1,4844746,96290,,542033,20220,
migrate_demo,client,1,4849978,96290,,542033,20220,
migrate_demo,client,1,4855173,96290,,542033,20220,
migrate_demo,client,1,4860507,96290,,542033,20220,
migrate_demo,client,1,4865727,96290,,542033,20220,
migrate_demo,client,1,4871020,96290,,542033,20220,
migrate_demo,client,1,4876170,96290,,542033,20220,
migrate_demo,client,1,4881385,96290,,542033,20220,
migrate_demo,client,1,4886615,96290,,542033,20220,
migrate_demo,client,1,4891818,96290,,542033,20220,
migrate_demo,client,1,4897069,96290,,542033,20220,
migrate_demo,client,1,4902651,96290,,542033,20220,
migrate_demo,client,1,4907825,96290,,542033,20220,
migrate_demo,client,1,4913144,96290,,542033,20220,
migrate_demo,client,1,4918337,96290,,542033,20220,
migrate_demo,client,1,4923506,96290,,542033,20220,
migrate_demo,client,1,4928736,96290,,542033,20220,
migrate_demo,client,1,4933925,96290,,542033,20220,
migrate_demo,client,1,4939163,96290,,542033,20220,
migrate_demo,client,1,4944364,96290,,542033,20220,
migrate_demo,client,1,4949556,96290,,542033,20220,
migrate_demo,client,1,4954767,96290,,542033,20220,
migrate_demo,client,1,4959935,96290,,542033,20220,
migrate_demo,client,1,4965084,96290,,542033,20220,
migrate_demo,client,1,4970277,96290,,542033,20220,
migrate_demo,client,1,4975431,96290,,542033,20220,
migrate_demo,client,1,4980631,96290,,542033,20220,
migrate_demo,client,1,4985844,96290,,542033,20220,
migrate_demo,client,1,4991008,96290,,542033,20220,
migrate_demo,client,1,4996206,96290,,542033,20220,
migrate_demo,client,1,5001352,96290,,542033,20220,
migrate_demo,client,1,5006551,96290,,542033,20220,
migrate_demo,client,1,5011940,96290,,542033,20220,
migrate_demo,client,1,5017183,96290,,542033,20220,
migrate_demo,client,1,5022381,96290,,542033,20220,
migrate_demo,client,1,5027505,96290,,542033,20220,
migrate_demo,client,1,5032738,96290,,542033,20220,
migrate_demo,client,1,5037976,96290,,542033,20220,
migrate_demo,client,1,5043186,96290,,542033,20220,
migrate_demo,client,1,5048404,96290,,542033,20220,
migrate_demo,client,1,5053623,96290,,542033,20220,
migrate_demo,client,1,5058831,96290,,542033,20220,
migrate_demo,client,1,5064044,96290,,542033,20220,
migrate_demo,client,1,5069259,96290,,542033,20220,
migrate_demo,client,1,5074447,96290,,542033,20220,
migrate_demo,client,1,5079648,96290,,542033,20220,
migrate_demo,client,1,5084959,96290,,542033,20220,
migrate_demo,client,1,5090143,96290,,542033,20220,
migrate_demo,client,1,5095347,96290,,479349,20220,
migrate_demo,client,1,5100576,96290,,479349,20220,
migrate_demo,client,1,5105780,96290,,479349,20220,
migrate_demo,client,1,5110994,96290,,424520,20220,
migrate_demo,client,1,5116225,96290,,424520,20220,
migrate_demo,client,1,5121418,96290,,424520,20220,
migrate_demo,client,1,5126650,96290,,424520,20220,
migrate_demo,client,1,5131898,96290,,424520,20220,
migrate_demo,client,1,5137130,96290,,424520,20220,
migrate_demo,client,1,5142355,96290,,424520,20220,
migrate_demo,client,1,5147745,96290,,424520,20220,
migrate_demo,client,1,5153037,96290,,376538,20220,
migrate_demo,client,1,5158244,96290,,376538,20220,
migrate_demo,client,1,5163457,96290,,376538,20220,
migrate_demo,client,1,5168672,96290,,376538,20220,
migrate_demo,client,1,5173926,96290,,376538,20220,
migrate_demo,client,1,5179238,96290,,376538,20220,
migrate_demo,client,1,5184441,96290,,376538,20220,
migrate_demo,client,1,5189624,96290,,334525,20220,
migrate_demo,client,1,5194912,96290,,334525,20220,
migrate_demo,client,1,5200129,96290,,334525,20220,
migrate_demo,client,1,5205326,96290,,334525,20220,
migrate_demo,client,1,5210592,96290,,334525,20220,
migrate_demo,client,1,5215786,96290,,334525,20220,
migrate_demo,client,1,5221073,96290,,334525,20220,
migrate_demo,client,1,5226290,96290,,334525,20220,
migrate_demo,client,1,5231467,96290,,334525,20220,
migrate_demo,client,1,5236707,96290,,334525,20220,
migrate_demo,client,1,5241937,96290,,334525,20220,
migrate_demo,client,1,5247282,96290,,334525,20220,
migrate_demo,client,1,5252520,96290,,334525,20220,
migrate_demo,client,1,5257725,96290,,297765,20220,
migrate_demo,client,1,5262952,96290,,297765,20220,
migrate_demo,client,1,5268222,96290,,297765,20220,
migrate_demo,client,1,5273472,96290,,297765,20220,
migrate_demo,client,1,5278708,96290,,297765,20220,
migrate_demo,client,1,5283994,96290,,297765,20220,
migrate_demo,client,1,5289262,96290,,297765,20220,
migrate_demo,client,1,5294491,96290,,297765,20220,
migrate_demo,client,1,5299726,96290,,297765,20220,
migrate_demo,client,1,5304914,96290,,297765,20220,
migrate_demo,client,1,5310065,96290,,297765,20220,
migrate_demo,client,1,5315254,96290,,297765,20220,
migrate_demo,client,1,5320462,96290,,297765,20220,
migrate_demo,client,1,5325701,96290,,297765,20220,
migrate_demo,client,1,5330916,96290,,297765,20220,
migrate_demo,client,1,5336198,96290,,297765,20220,
migrate_demo,client,1,5341484,96290,,297765,20220,
migrate_demo,client,1,5346693,96290,,297765,20220,
migrate_demo,client,1,5351947,96290,,297765,20220,
migrate_demo,client,1,5357195,96290,,297765,20220,
migrate_demo,client,1,5362451,96290,,297765,20220,
migrate_demo,client,1,5367694,96290,,297765,20220,
migrate_demo,client,1,5372960,96290,,297765,20220,
migrate_demo,client,1,5378168,96290,,297765,20220,
migrate_demo,client,1,5383383,96290,,297765,20220,
migrate_demo,client,1,5388636,96290,,297765,20220,
migrate_demo,client,1,5393914,96290,,297765,20220,
migrate_demo,client,1,5399151,96290,,297765,20220,
migrate_demo,client,1,5404429,96290,,297765,20220,
migrate_demo,client,1,5409664,96290,,297765,20220,
migrate_demo,client,1,5414917,96290,,297765,20220,
migrate_demo,client,1,5420181,96290,,297765,20220,
migrate_demo,client,1,5425428,96290,,297765,20220,
migrate_demo,client,1,5430687,96290,,297765,20220,
migrate_demo,client,1,5435920,96290,,297765,20220,
migrate_demo,client,1,5441172,96290,,297765,20220,
migrate_demo,client,1,5446437,96290,,297765,20220,
migrate_demo,client,1,5451673,96290,,297765,20220,
migrate_demo,client,1,5456847,96290,,297765,20220,
migrate_demo,client,1,5462135,96290,,297765,20220,
migrate_demo,client,1,5467360,96290,,297765,20220,
migrate_demo,client,1,5472557,96290,,297765,20220,
migrate_demo,client,1,5477785,96290,,297765,20220,
migrate_demo,client,1,5482972,96290,,297765,20220,
migrate_demo,client,1,5488179,96290,,297765,20220,
migrate_demo,client,1,5493441,96290,,297765,20220,
migrate_demo,client,1,5498622,96290,,297765,20220,
migrate_demo,client,1,5503822,96290,,297765,20220,
migrate_demo,client,1,5509063,96290,,297765,20220,
migrate_demo,client,1,5514259,96290,,297765,20220,
migrate_demo,client,1,5519463,96290,,297765,20220,
migrate_demo,client,1,5524706,96290,,297765,20220,
migrate_demo,client,1,5529896,96290,,297765,20220,
migrate_demo,client,1,5535107,96290,,297765,20220,
migrate_demo,client,1,5540319,96290,,297765,20220,
migrate_demo,client,1,5545539,96290,,297765,20220,
migrate_demo,client,1,5550711,96290,,297765,20220,
migrate_demo,client,1,5555970,96290,,297765,20220,
migrate_demo,client,1,5561249,96290,,297765,20220,
migrate_demo,client,1,5566432,96290,,297765,20220,
migrate_demo,client,1,5571651,96290,,297765,20220,
migrate_demo,client,1,5576851,96290,,297765,20220,
migrate_demo,client,1,5582089,96290,,297765,20220,
migrate_demo,client,1,5587318,96290,,297765,20220,
migrate_demo,client,1,5592554,96290,,297765,20220,
migrate_demo,client,1,5597773,96290,,297765,20220,
migrate_demo,client,1,5602987,96290,,297765,20220,
migrate_demo,client,1,5608217,96290,,297765,20220,
migrate_demo,client,1,5613509,96290,,297765,20220,
migrate_demo,client,1,5618755,96290,,297765,20220,
migrate_demo,client,1,5624051,96290,,297765,20220,
migrate_demo,client,1,5629324,96290,,297765,20220,
migrate_demo,client,1,5634573,96290,,297765,20220,
migrate_demo,client,1,5639854,96290,,297765,20220,
migrate_demo,client,1,5645137,96290,,297765,20220,
migrate_demo,client,1,5650430,96290,,297765,20220,
migrate_demo,client,1,5655666,96290,,297765,20220,
migrate_demo,client,1,5660957,96290,,297765,20220,
migrate_demo,client,1,5666188,96290,,297765,20220,
migrate_demo,client,1,5671465,96290,,297765,20220,
migrate_demo,client,1,5676701,96290,,297765,20220,
migrate_demo,client,1,5681888,96290,,297765,20220,
migrate_demo,client,1,5687133,96290,,297765,20220,
migrate_demo,client,1,5692424,96290,,297765,20220,
migrate_demo,client,1,5697692,96290,,297765,20220,
migrate_demo,client,1,5702956,96290,,297765,20220,
migrate_demo,client,1,5708237,96290,,297765,20220,
migrate_demo,client,1,5713522,96290,,297765,20220,
migrate_demo,client,1,5718756,96290,,297765,20220,
migrate_demo,client,1,5724018,96290,,297765,20220,
migrate_demo,client,1,5729229,96290,,297765,20220,
migrate_demo,client,1,5734479,96290,,297765,20220,
migrate_demo,client,1,5739721,96290,,297765,20220,
migrate_demo,client,1,5744978,96290,,297765,20220,
migrate_demo,client,1,5750242,96290,,297765,20220,
migrate_demo,client,1,5755474,96290,,297765,20220,
migrate_demo,client,1,5760725,96290,,297765,20220,
migrate_demo,client,1,5765969,96290,,297765,20220,
migrate_demo,client,1,5771185,96290,,297765,20220,
migrate_demo,client,1,5776428,96290,,297765,20220,
migrate_demo,client,1,5781683,96290,,297765,20220,
migrate_demo,client,1,5786928,96290,,297765,20220,
migrate_demo,client,1,5792198,96290,,297765,20220,
migrate_demo,client,1,5797444,96290,,297765,20220,
migrate_demo,client,1,5802702,96290,,297765,20220,
migrate_demo,client,1,5807928,96290,,297765,20220,
migrate_demo,client,1,5813222,96290,,297765,20220,
migrate_demo,client,1,5818481,96290,,297765,20220,
migrate_demo,client,1,5823743,96290,,297765,20220,
migrate_demo,client,1,5829025,96290,,297765,20220,
migrate_demo,client,1,5834307,96290,,297765,20220,
migrate_demo,client,1,5839544,96290,,297765,20220,
migrate_demo,client,1,5844847,96290,,297765,20220,
migrate_demo,client,1,5850060,96290,,297765,20220,
migrate_demo,client,1,5855314,96290,,297765,20220,
migrate_demo,client,1,5860553,96290,,297765,20220,
migrate_demo,client,1,5865822,96290,,297765,20220,
migrate_demo,client,1,5871063,96290,,297765,20220,
migrate_demo,client,1,5876344,96290,,297765,20220,
migrate_demo,client,1,5881577,96290,,297765,20220,
migrate_demo,client,1,5886866,96290,,297765,20220,
migrate_demo,client,1,5892134,96290,,297765,20220,
migrate_demo,client,1,5897415,96290,,297765,20220,
migrate_demo,client,1,5902642,96290,,297765,20220,
migrate_demo,client,1,5907898,96290,,297765,20220,
migrate_demo,client,1,5913145,96290,,297765,20220,
migrate_demo,client,1,5918413,96290,,297765,20220,
migrate_demo,client,1,5923650,96290,,297765,20220,
migrate_demo,client,1,5928901,96290,,297765,20220,
migrate_demo,client,1,5934153,96290,,297765,20220,
migrate_demo,client,1,5939388,96290,,297765,20220,
migrate_demo,client,1,5944666,96290,,297765,20220,
migrate_demo,client,1,5949944,96290,,297765,20220,
migrate_demo,client,1,5955186,96290,,297765,20220,
migrate_demo,client,1,5960449,96290,,297765,20220,
migrate_demo,client,1,5965671,96290,,297765,20220,
migrate_demo,client,1,5970913,96290,,297765,20220,
migrate_demo,client,1,5976164,96290,,297765,20220,
migrate_demo,client,1,5981410,96290,,297765,20220,
migrate_demo,client,1,5986676,96290,,297765,20220,
migrate_demo,client,1,5991968,96290,,297765,20220,
migrate_demo,client,1,5997213,96290,,297765,20220,
migrate_demo,client,1,6002435,96290,,297765,20220,
migrate_demo,client,1,6007792,96290,,297765,20220,
migrate_demo,client,1,6013040,96290,,297765,20220,
migrate_demo,client,1,6018245,96290,,297765,20220,
migrate_demo,client,1,6023474,96290,,297765,20220,
migrate_demo,client,1,6028718,96290,,297765,20220,
migrate_demo,client,1,6033943,96290,,297765,20220,
migrate_demo,client,1,6039201,96290,,297765,20220,
migrate_demo,client,1,6044447,96290,,297765,20220,
migrate_demo,client,1,6049701,96290,,297765,20220,
migrate_demo,client,1,6054923,96290,,297765,20220,
migrate_demo,client,1,6060145,96290,,297765,20220,
migrate_demo,client,1,6065337,96290,,297765,20220,
migrate_demo,client,1,6070603,96290,,297765,20220,
migrate_demo,client,1,6075834,96290,,297765,20220,
migrate_demo,client,1,6081098,96290,,297765,20220,
migrate_demo,client,1,6086367,96290,,297765,20220,
migrate_demo,client,1,6091620,96290,,297765,20220,
migrate_demo,client,1,6097106,96290,,297765,20220,
migrate_demo,client,1,6102325,96290,,297765,20220,
migrate_demo,client,1,6107553,96290,,297765,20220,
migrate_demo,client,1,6112795,96290,,297765,20220,
migrate_demo,client,1,6118038,96290,,297765,20220,
migrate_demo,client,1,6123302,96290,,297765,20220,
migrate_demo,client,1,6128535,96290,,297765,20220,
migrate_demo,client,1,6133740,96290,,297765,20220,
migrate_demo,client,1,6138969,96290,,297765,20220,
migrate_demo,client,1,6144182,96290,,297765,20220,
migrate_demo,client,1,6149425,96290,,297765,20220,
migrate_demo,client,1,6154681,96290,,297765,20220,
migrate_demo,client,1,6159914,96290,,297765,20220,
migrate_demo,client,1,6165146,96290,,297765,20220,
migrate_demo,client,1,6170391,96290,,297765,20220,
migrate_demo,client,1,6175649,96290,,297765,20220,
migrate_demo,client,1,6180966,96290,,297765,20220,
migrate_demo,client,1,6186179,96290,,297765,20220,
migrate_demo,client,1,6191398,96290,,297765,20220,
migrate_demo,client,1,6196617,96290,,297765,20220,
migrate_demo,client,1,6201880,96290,,297765,20220,
migrate_demo,client,1,6207123,96290,,297765,20220,
migrate_demo,client,1,6212404,96290,,297765,20220,
migrate_demo,client,1,6217624,96290,,297765,20220,
migrate_demo,client,1,6222840,96290,,297765,20220,
migrate_demo,client,1,6228100,96290,,297765,20220,
migrate_demo,client,1,6233326,96290,,297765,20220,
migrate_demo,client,1,6238592,96290,,297765,20220,
migrate_demo,client,1,6243837,96290,,297765,20220,
migrate_demo,client,1,6249048,96290,,297765,20220,
migrate_demo,client,1,6254268,96290,,297765,20220,
migrate_demo,client,1,6259517,96290,,297765,20220,
migrate_demo,client,1,6264727,96290,,297765,20220,
migrate_demo,client,1,6269953,96290,,297765,20220,
migrate_demo,client,1,6275163,96290,,297765,20220,
migrate_demo,client,1,6280423,96290,,297765,20220,
migrate_demo,client,1,6285676,96290,,297765,20220,
migrate_demo,client,1,6290943,96290,,297765,20220,
migrate_demo,client,1,6296190,96290,,297765,20220,
migrate_demo,client,1,6301432,96290,,297765,20220,
migrate_demo,client,1,6306695,96290,,297765,20220,
migrate_demo,client,1,6311979,96290,,297765,20220,
migrate_demo,client,1,6317212,96290,,297765,20220,
migrate_demo,client,1,6322468,96290,,297765,20220,
migrate_demo,client,1,6327730,96290,,297765,20220,
migrate_demo,client,1,6332980,96290,,297765,20220,
migrate_demo,client,1,6338241,96290,,297765,20220,
migrate_demo,client,1,6343618,96290,,297765,20220,
migrate_demo,client,1,6348909,96290,,297765,20220,
migrate_demo,client,1,6354145,96290,,297765,20220,
migrate_demo,client,1,6359364,96290,,297765,20220,
migrate_demo,client,1,6364664,96290,,297765,20220,
migrate_demo,client,1,6369899,96290,,297765,20220,
migrate_demo,client,1,6375155,96290,,297765,20220,
migrate_demo,client,1,6380366,96290,,297765,20220,
migrate_demo,client,1,6385558,96290,,297765,20220,
migrate_demo,client,1,6390831,96290,,297765,20220,
migrate_demo,client,1,6396052,96290,,297765,20220,
migrate_demo,client,1,6401294,96290,,297765,20220,
migrate_demo,client,1,6406532,96290,,297765,20220,
migrate_demo,client,1,6411762,96290,,297765,20220,
migrate_demo,client,1,6416997,96290,,297765,20220,
migrate_demo,client,1,6422218,96290,,297765,20220,
migrate_demo,client,1,6427445,96290,,297765,20220,
migrate_demo,client,1,6432657,96290,,297765,20220,
migrate_demo,client,1,6437940,96290,,297765,20220,
migrate_demo,client,1,6443167,96290,,297765,20220,
migrate_demo,client,1,6448418,96290,,297765,20220,
migrate_demo,client,1,6453666,96290,,297765,20220,
migrate_demo,client,1,6458926,96290,,297765,20220,
migrate_demo,client,1,6464169,96290,,297765,20220,
migrate_demo,client,1,6469427,96290,,297765,20220,
migrate_demo,client,1,6474677,96290,,297765,20220,
migrate_demo,client,1,6479887,96290,,297765,20220,
migrate_demo,client,1,6485149,96290,,297765,20220,
migrate_demo,client,1,6490378,96290,,297765,20220,
migrate_demo,client,1,6495692,96290,,297765,20220,
migrate_demo,client,1,6500910,96290,,297765,20220,
migrate_demo,client,1,6506108,96290,,297765,20220,
migrate_demo,client,1,6511347,96290,,297765,20220,
migrate_demo,client,1,6516556,96290,,297765,20220,
migrate_demo,client,1,6521968,96290,,297765,20220,
migrate_demo,client,1,6527192,96290,,297765,20220,
migrate_demo,client,1,6532430,96290,,297765,20220,
migrate_demo,client,1,6537685,96290,,297765,20220,
migrate_demo,client,1,6542869,96290,,297765,20220,
migrate_demo,client,1,6548078,96290,,297765,20220,
migrate_demo,client,1,6553301,96290,,297765,20220,
migrate_demo,client,1,6558550,96290,,297765,20220,
migrate_demo,client,1,6563772,96290,,297765,20220,
migrate_demo,client,1,6569051,96290,,297765,20220,
migrate_demo,client,1,6574307,96290,,297765,20220,
migrate_demo,client,1,6579556,96290,,297765,20220,
migrate_demo,client,1,6584803,96290,,297765,20220,
migrate_demo,client,1,6590051,96290,,297765,20220,
migrate_demo,client,1,6595300,96290,,297765,20220,
migrate_demo,client,1,6600572,96290,,297765,20220,
migrate_demo,client,1,6605820,96290,,297765,20220,
migrate_demo,client,1,6611054,96290,,297765,20220,
migrate_demo,client,1,6616320,96290,,297765,20220,
migrate_demo,client,1,6621568,96290,,297765,20220,
migrate_demo,client,1,6626773,96290,,297765,20220,
migrate_demo,client,1,6632012,96290,,297765,20220,
migrate_demo,client,1,6637258,96290,,297765,20220,
migrate_demo,client,1,6642474,96290,,297765,20220,
migrate_demo,client,1,6647698,96290,,297765,20220,
migrate_demo,client,1,6652930,96290,,297765,20220,
migrate_demo,client,1,6658186,96290,,297765,20220,
migrate_demo,client,1,6663456,96290,,297765,20220,
migrate_demo,client,1,6668642,96290,,297765,20220,
migrate_demo,client,1,6673807,96290,,297765,20220,
migrate_demo,client,1,6679068,96290,,297765,20220,
migrate_demo,client,1,6684312,96290,,297765,20220,
migrate_demo,client,1,6689583,96290,,297765,20220,
migrate_demo,client,1,6694832,96290,,297765,20220,
migrate_demo,client,1,6700096,96290,,297765,20220,
migrate_demo,client,1,6705362,96290,,297765,20220,
migrate_demo,client,1,6710640,96290,,297765,20220,
migrate_demo,client,1,6715906,96290,,297765,20220,
migrate_demo,client,1,6721142,96290,,297765,20220,
migrate_demo,client,1,6726400,96290,,297765,20220,
migrate_demo,client,1,6731667,96290,,297765,20220,
migrate_demo,client,1,6736941,96290,,297765,20220,
migrate_demo,client,1,6742185,96290,,297765,20220,
migrate_demo,client,1,6747435,96290,,297765,20220,
migrate_demo,client,1,6752698,96290,,297765,20220,
migrate_demo,client,1,6758017,96290,,297765,20220,
migrate_demo,client,1,6763297,96290,,297765,20220,
migrate_demo,client,1,6768540,96290,,297765,20220,
migrate_demo,client,1,6773814,96290,,297765,20220,
migrate_demo,client,1,6779039,96290,,297765,20220,
migrate_demo,client,1,6784330,96290,,297765,20220,
migrate_demo,client,1,6789558,96290,,297765,20220,
migrate_demo,client,1,6794826,96290,,297765,20220,
migrate_demo,client,1,6800084,96290,,297765,20220,
migrate_demo,client,1,6805321,96290,,297765,20220,
migrate_demo,client,1,6810587,96290,,297765,20220,
migrate_demo,client,1,6815844,96290,,297765,20220,
migrate_demo,client,1,6821136,96290,,297765,20220,
migrate_demo,client,1,6826403,96290,,297765,20220,
migrate_demo,client,1,6831650,96290,,297765,20220,
migrate_demo,client,1,6836956,96290,,297765,20220,
migrate_demo,client,1,6842392,96290,,297765,20220,
migrate_demo,client,1,6847655,96290,,297765,20220,
migrate_demo,client,1,6852924,96290,,297765,20220,
migrate_demo,client,1,6858165,96290,,297765,20220,
migrate_demo,client,1,6863405,96290,,297765,20220,
migrate_demo,client,1,6868635,96290,,297765,20220,
migrate_demo,client,1,6873896,96290,,297765,20220,
migrate_demo,client,1,6879184,96290,,297765,20220,
migrate_demo,client,1,6884411,96290,,297765,20220,
migrate_demo,client,1,6889603,96290,,297765,20220,
migrate_demo,client,1,6894905,96290,,297765,20220,
migrate_demo,client,1,6900203,96290,,297765,20220,
migrate_demo,client,1,6905476,96290,,297765,20220,
migrate_demo,client,1,6910685,96290,,297765,20220,
migrate_demo,client,1,6915924,96290,,297765,20220,
migrate_demo,client,1,6921111,96290,,297765,20220,
migrate_demo,client,1,6926338,96290,,297765,20220,
migrate_demo,client,1,6931587,96290,,297765,20220,
migrate_demo,client,1,6936878,96290,,297765,20220,
migrate_demo,client,1,6942123,96290,,297765,20220,
migrate_demo,client,1,6947376,96290,,297765,20220,
migrate_demo,client,1,6952656,96290,,297765,20220,
migrate_demo,client,1,6957926,96290,,297765,20220,
migrate_demo,client,1,6963167,96290,,297765,20220,
migrate_demo,client,1,6968391,96290,,297765,20220,
migrate_demo,client,1,6973622,96290,,297765,20220,
migrate_demo,client,1,6978874,96290,,297765,20220,
migrate_demo,client,1,6984106,96290,,297765,20220,
migrate_demo,client,1,6989334,96290,,297765,20220,
migrate_demo,client,1,6994578,96290,,297765,20220,
migrate_demo,client,1,6999776,96290,,297765,20220,
migrate_demo,client,1,7005056,96290,,297765,20220,
migrate_demo,client,1,7010321,96290,,297765,20220,
migrate_demo,client,1,7015704,96290,,297765,20220,
migrate_demo,client,1,7020892,96290,,297765,20220,
migrate_demo,client,1,7026127,96290,,297765,20220,
migrate_demo,client,1,7031393,96290,,297765,20220,
migrate_demo,client,1,7036716,96290,,297765,20220,
migrate_demo,client,1,7041928,96290,,297765,20220,
migrate_demo,client,1,7047201,96290,,297765,20220,
migrate_demo,client,1,7052450,96290,,297765,20220,
migrate_demo,client,1,7057695,96290,,297765,20220,
migrate_demo,client,1,7062973,96290,,297765,20220,
migrate_demo,client,1,7068258,96290,,297765,20220,
migrate_demo,client,1,7073559,96290,,297765,20220,
migrate_demo,client,1,7078822,96290,,297765,20220,
migrate_demo,client,1,7084040,96290,,297765,20220,
migrate_demo,client,1,7089276,96290,,297765,20220,
migrate_demo,client,1,7094558,96290,,297765,20220,
migrate_demo,client,1,7099891,96290,,297765,20220,
migrate_demo,client,1,7105137,96290,,297765,20220,
migrate_demo,client,1,7110431,96290,,297765,20220,
migrate_demo,client,1,7115689,96290,,297765,20220,
migrate_demo,client,1,7120984,96290,,297765,20220,
migrate_demo,client,1,7126234,96290,,297765,20220,
migrate_demo,client,1,7131495,96290,,297765,20220,
migrate_demo,client,1,7136740,96290,,297765,20220,
migrate_demo,client,1,7142008,96290,,297765,20220,
migrate_demo,client,1,7147267,96290,,297765,20220,
migrate_demo,client,1,7152494,96290,,297765,20220,
migrate_demo,client,1,7157713,96290,,297765,20220,
migrate_demo,client,1,7162933,96290,,297765,20220,
migrate_demo,client,1,7168171,96290,,297765,20220,
migrate_demo,client,1,7173420,96290,,297765,20220,
migrate_demo,client,1,7178628,96290,,297765,20220,
migrate_demo,client,1,7183835,96290,,297765,20220,
migrate_demo,client,1,7189104,96290,,297765,20220,
migrate_demo,client,1,7194366,96290,,297765,20220,
migrate_demo,client,1,7199626,96290,,297765,20220,
migrate_demo,client,1,7204846,96290,,297765,20220,
migrate_demo,client,1,7210095,96290,,297765,20220,
migrate_demo,client,1,7215347,96290,,297765,20220,
migrate_demo,client,1,7220580,96290,,297765,20220,
migrate_demo,client,1,7225831,96290,,297765,20220,
migrate_demo,client,1,7231066,96290,,297765,20220,
migrate_demo,client,1,7236290,96290,,297765,20220,
migrate_demo,client,1,7241554,96290,,297765,20220,
migrate_demo,client,1,7246793,96290,,297765,20220,
migrate_demo,client,1,7252042,96290,,297765,20220,
migrate_demo,client,1,7257271,96290,,297765,20220,
migrate_demo,client,1,7262435,96290,,297765,20220,
migrate_demo,client,1,7267710,96290,,297765,20220,
migrate_demo,client,1,7272966,96290,,297765,20220,
migrate_demo,client,1,7278242,96290,,297765,20220,
migrate_demo,client,1,7283471,96290,,297765,20220,
migrate_demo,client,1,7288776,96290,,297765,20220,
migrate_demo,client,1,7293989,96290,,297765,20220,
migrate_demo,client,1,7299230,96290,,297765,20220,
migrate_demo,client,1,7304467,96290,,297765,20220,
migrate_demo,client,1,7309708,96290,,297765,20220,
migrate_demo,client,1,7314945,96290,,297765,20220,
migrate_demo,client,1,7320183,96290,,297765,20220,
migrate_demo,client,1,7325399,96290,,297765,20220,
migrate_demo,client,1,7330624,96290,,297765,20220,
migrate_demo,client,1,7335971,96290,,297765,20220,
migrate_demo,client,1,7341265,96290,,297765,20220,
migrate_demo,client,1,7346522,96290,,297765,20220,
migrate_demo,client,1,7351861,96290,,297765,20220,
migrate_demo,client,1,7357167,96290,,297765,20220,
migrate_demo,client,1,7362448,96290,,297765,20220,
migrate_demo,client,1,7367707,96290,,297765,20220,
migrate_demo,client,1,7372979,96290,,297765,20220,
migrate_demo,client,1,7378437,96290,,297765,20220,
migrate_demo,client,1,7383632,96290,,297765,20220,
migrate_demo,client,1,7388980,96290,,297765,20220,
migrate_demo,client,1,7394212,96290,,297765,20220,
migrate_demo,client,1,7399436,96290,,297765,20220,
migrate_demo,client,1,7404656,96290,,297765,20220,
migrate_demo,client,1,7409886,96290,,297765,20220,
migrate_demo,client,1,7415064,96290,,297765,20220,
migrate_demo,client,1,7420239,96290,,297765,20220,
migrate_demo,client,1,7425413,96290,,297765,20220,
migrate_demo,client,1,7430835,96290,,297765,20220,
migrate_demo,client,1,7436121,96290,,297765,20220,
migrate_demo,client,1,7441350,96290,,297765,20220,
migrate_demo,client,1,7446576,96290,,297765,20220,
migrate_demo,client,1,7451792,96290,,297765,20220,
migrate_demo,client,1,7456978,96290,,297765,20220,
migrate_demo,client,1,7462268,96290,,297765,20220,
migrate_demo,client,1,7467508,96290,,297765,20220,
migrate_demo,client,1,7472810,96290,,297765,20220,
migrate_demo,client,1,7478080,96290,,297765,20220,
migrate_demo,client,1,7483365,96290,,297765,20220,
migrate_demo,client,1,7488598,96290,,297765,20220,
migrate_demo,client,1,7493893,96290,,297765,20220,
migrate_demo,client,1,7499163,96290,,297765,20220,
migrate_demo,client,1,7504456,96290,,297765,20220,
migrate_demo,client,1,7509745,96290,,297765,20220,
migrate_demo,client,1,7515026,96290,,297765,20220,
migrate_demo,client,1,7520315,96290,,297765,20220,
migrate_demo,client,1,7525594,96290,,297765,20220,
migrate_demo,client,1,7530873,96290,,297765,20220,
migrate_demo,client,1,7536193,96290,,297765,20220,
migrate_demo,client,1,7541468,96290,,297765,20220,
migrate_demo,client,1,7546854,96290,,297765,20220,
migrate_demo,client,1,7552147,96290,,297765,20220,
migrate_demo,client,1,7557425,96290,,297765,20220,
migrate_demo,client,1,7562737,96290,,297765,20220,
migrate_demo,client,1,7568016,96290,,297765,20220,
migrate_demo,client,1,7573288,96290,,297765,20220,
migrate_demo,client,1,7578555,96290,,297765,20220,
migrate_demo,client,1,7583813,96290,,297765,20220,
migrate_demo,client,1,7589121,96290,,297765,20220,
migrate_demo,client,1,7594388,96290,,297765,20220,
migrate_demo,client,1,7599671,96290,,297765,20220,
migrate_demo,client,1,7604934,96290,,297765,20220,
migrate_demo,client,1,7610244,96290,,297765,20220,
migrate_demo,client,1,7615545,96290,,297765,20220,
migrate_demo,client,1,7620990,96290,,297765,20220,
migrate_demo,client,1,7626257,96290,,297765,20220,
migrate_demo,client,1,7631461,96290,,297765,20220,
migrate_demo,client,1,7636936,96290,,297765,20220,
migrate_demo,client,1,7642244,96290,,297765,20220,
migrate_demo,client,1,7647546,96290,,297765,20220,
migrate_demo,client,1,7652828,96290,,297765,20220,
migrate_demo,client,1,7658143,96290,,297765,20220,
migrate_demo,client,1,7663444,96290,,297765,20220,
migrate_demo,client,1,7668724,96290,,297765,20220,
migrate_demo,client,1,7673997,96290,,297765,20220,
migrate_demo,client,1,7679301,96290,,297765,20220,
migrate_demo,client,1,7684575,96290,,297765,20220,
migrate_demo,client,1,7689857,96290,,297765,20220,
migrate_demo,client,1,7695177,96290,,297765,20220,
migrate_demo,client,1,7700457,96290,,297765,20220,
migrate_demo,client,1,7705739,96290,,297765,20220,
migrate_demo,client,1,7711035,96290,,297765,20220,
migrate_demo,client,1,7716304,96290,,297765,20220,
migrate_demo,client,1,7721582,96290,,297765,20220,
migrate_demo,client,1,7726861,96290,,297765,20220,
migrate_demo,client,1,7732147,96290,,297765,20220,
migrate_demo,client,1,7737476,96290,,297765,20220,
migrate_demo,client,1,7742740,96290,,297765,20220,
migrate_demo,client,1,7748045,96290,,297765,20220,
migrate_demo,client,1,7753385,96290,,297765,20220,
migrate_demo,client,1,7758639,96290,,297765,20220,
migrate_demo,client,1,7763983,96290,,297765,20220,
migrate_demo,client,1,7769283,96290,,297765,20220,
migrate_demo,client,1,7774587,96290,,297765,20220,
migrate_demo,client,1,7779911,96290,,297765,20220,
migrate_demo,client,1,7785177,96290,,297765,20220,
migrate_demo,client,1,7790526,96290,,297765,20220,
migrate_demo,client,1,7795863,96290,,297765,20220,
migrate_demo,client,1,7801099,96290,,297765,20220,
migrate_demo,client,1,7806408,96290,,297765,20220,
migrate_demo,client,1,7811748,96290,,297765,20220,
migrate_demo,client,1,7817077,96290,,297765,20220,
migrate_demo,client,1,7822349,96290,,297765,20220,
migrate_demo,client,1,7827653,96290,,297765,20220,
migrate_demo,client,1,7832918,96290,,297765,20220,
migrate_demo,client,1,7838208,96290,,297765,20220,
migrate_demo,client,1,7843487,96290,,297765,20220,
migrate_demo,client,1,7848779,96290,,297765,20220,
migrate_demo,client,1,7854122,96290,,297765,20220,
migrate_demo,client,1,7859450,96290,,297765,20220,
migrate_demo,client,1,7864772,96290,,297765,20220,
migrate_demo,client,1,7870032,96290,,297765,20220,
migrate_demo,client,1,7875391,96290,,297765,20220,
migrate_demo,client,1,7880650,96290,,297765,20220,
migrate_demo,client,1,7885922,96290,,297765,20220,
migrate_demo,client,1,7891175,96290,,297765,20220,
migrate_demo,client,1,7896456,96290,,297765,20220,
migrate_demo,client,1,7901733,96290,,297765,20220,
migrate_demo,client,1,7907062,96290,,297765,20220,
migrate_demo,client,1,7912390,96290,,297765,20220,
migrate_demo,client,1,7917667,96290,,297765,20220,
migrate_demo,client,1,7922956,96290,,297765,20220,
migrate_demo,client,1,7928274,96290,,297765,20220,
migrate_demo,client,1,7933530,96290,,297765,20220,
migrate_demo,client,1,7938828,96290,,297765,20220,
migrate_demo,client,1,7944112,96290,,297765,20220,
migrate_demo,client,1,7949492,96290,,297765,20220,
migrate_demo,client,1,7954730,96290,,297765,20220,
migrate_demo,client,1,7960031,96290,,297765,20220,
migrate_demo,client,1,7965277,96290,,297765,20220,
migrate_demo,client,1,7970534,96290,,297765,20220,
migrate_demo,client,1,7975914,96290,,297765,20220,
migrate_demo,client,1,7981199,96290,,297765,20220,
migrate_demo,client,1,7986476,96290,,297765,20220,
migrate_demo,client,1,7991741,96290,,297765,20220,
migrate_demo,client,1,7997006,96290,,297765,20220,
migrate_demo,client,1,8002258,96290,,297765,20220,
migrate_demo,client,1,8007514,96290,,297765,20220,
migrate_demo,client,1,8012798,96290,,297765,20220,
migrate_demo,client,1,8018146,96290,,297765,20220,
migrate_demo,client,1,8023402,96290,,297765,20220,
migrate_demo,client,1,8028679,96290,,297765,20220,
migrate_demo,client,1,8033969,96290,,297765,20220,
migrate_demo,client,1,8039189,96290,,297765,20220,
migrate_demo,client,1,8044463,96290,,297765,20220,
migrate_demo,client,1,8049750,96290,,297765,20220,
migrate_demo,client,1,8054980,96290,,297765,20220,
migrate_demo,client,1,8060261,96290,,297765,20220,
migrate_demo,client,1,8065525,96290,,297765,20220,
migrate_demo,client,1,8070780,96290,,297765,20220,
migrate_demo,client,1,8076049,96290,,297765,20220,
migrate_demo,client,1,8081343,96290,,297765,20220,
migrate_demo,client,1,8086626,96290,,297765,20220,
migrate_demo,client,1,8091933,96290,,297765,20220,
migrate_demo,client,1,8097274,96290,,297765,20220,
migrate_demo,client,1,8102593,96290,,297765,20220,
migrate_demo,client,1,8107905,96290,,297765,20220,
migrate_demo,client,1,8113222,96290,,297765,20220,
migrate_demo,client,1,8118515,96290,,297765,20220,
migrate_demo,client,1,8123794,96290,,297765,20220,
migrate_demo,client,1,8129070,96290,,297765,20220,
migrate_demo,client,1,8134317,96290,,297765,20220,
migrate_demo,client,1,8139615,96290,,297765,20220,
migrate_demo,client,1,8144990,96290,,297765,20220,
migrate_demo,client,1,8150265,96290,,297765,20220,
migrate_demo,client,1,8155553,96290,,297765,20220,
migrate_demo,client,1,8160910,96290,,297765,20220,
migrate_demo,client,1,8166175,96290,,297765,20220,
migrate_demo,client,1,8171432,96290,,297765,20220,
migrate_demo,client,1,8176702,96290,,297765,20220,
migrate_demo,client,1,8181945,96290,,297765,20220,
migrate_demo,client,1,8187205,96290,,297765,20220,
migrate_demo,client,1,8192464,96290,,297765,20220,
migrate_demo,client,1,8197721,96290,,297765,20220,
migrate_demo,client,1,8202980,96290,,297765,20220,
migrate_demo,client,1,8208269,96290,,297765,20220,
migrate_demo,client,1,8213549,96290,,297765,20220,
migrate_demo,client,1,8218841,96290,,297765,20220,
migrate_demo,client,1,8224250,96290,,297765,20220,
migrate_demo,client,1,8229503,96290,,297765,20220,
migrate_demo,client,1,8234835,96290,,297765,20220,
migrate_demo,client,1,8240150,96290,,297765,20220,
migrate_demo,client,1,8245444,96290,,297765,20220,
migrate_demo,client,1,8250730,96290,,297765,20220,
migrate_demo,client,1,8256012,96290,,297765,20220,
migrate_demo,client,1,8261332,96290,,297765,20220,
migrate_demo,client,1,8266667,96290,,297765,20220,
migrate_demo,client,1,8271877,96290,,297765,20220,
migrate_demo,client,1,8277175,96290,,297765,20220,
migrate_demo,client,1,8282404,96290,,297765,20220,
migrate_demo,client,1,8287694,96290,,297765,20220,
migrate_demo,client,1,8292992,96290,,297765,20220,
migrate_demo,client,1,8298294,96290,,297765,20220,
migrate_demo,client,1,8303770,96290,,297765,20220,
migrate_demo,client,1,8309095,96290,,297765,20220,
migrate_demo,client,1,8314419,96290,,297765,20220,
migrate_demo,client,1,8319683,96290,,297765,20220,
migrate_demo,client,1,8324995,96290,,297765,20220,
migrate_demo,client,1,8330275,96290,,297765,20220,
migrate_demo,client,1,8335559,96290,,297765,20220,
migrate_demo,client,1,8340810,96290,,297765,20220,
migrate_demo,client,1,8346039,96290,,297765,20220,
migrate_demo,client,1,8351268,96290,,297765,20220,
migrate_demo,client,1,8356529,96290,,297765,20220,
migrate_demo,client,1,8361812,96290,,297765,20220,
migrate_demo,client,1,8367047,96290,,297765,20220,
migrate_demo,client,1,8372339,96290,,297765,20220,
migrate_demo,client,1,8377655,96290,,297765,20220,
migrate_demo,client,1,8382935,96290,,297765,20220,
migrate_demo,client,1,8388235,96290,,297765,20220,
migrate_demo,client,1,8393511,96290,,297765,20220,
migrate_demo,client,1,8398786,96290,,297765,20220,
migrate_demo,client,1,8404048,96290,,297765,20220,
migrate_demo,client,1,8409307,96290,,297765,20220,
migrate_demo,client,1,8414517,96290,,297765,20220,
migrate_demo,client,1,8419800,96290,,297765,20220,
migrate_demo,client,1,8425093,96290,,297765,20220,
migrate_demo,client,1,8430387,96290,,297765,20220,
migrate_demo,client,1,8435729,96290,,297765,20220,
migrate_demo,client,1,8441061,96290,,297765,20220,
migrate_demo,client,1,8446320,96290,,297765,20220,
migrate_demo,client,1,8451561,96290,,297765,20220,
migrate_demo,client,1,8456855,96290,,297765,20220,
migrate_demo,client,1,8462242,96290,,297765,20220,
migrate_demo,client,1,8467581,96290,,297765,20220,
migrate_demo,client,1,8472850,96290,,297765,20220,
migrate_demo,client,1,8478081,96290,,297765,20220,
migrate_demo,client,1,8483355,96290,,297765,20220,
migrate_demo,client,1,8488637,96290,,297765,20220,
migrate_demo,client,1,8493955,96290,,297765,20220,
migrate_demo,client,1,8499224,96290,,297765,20220,
migrate_demo,client,1,8504542,96290,,297765,20220,
migrate_demo,client,1,8509826,96290,,297765,20220,
migrate_demo,client,1,8515149,96290,,297765,20220,
migrate_demo,client,1,8520419,96290,,297765,20220,
migrate_demo,client,1,8525707,96290,,297765,20220,
migrate_demo,client,1,8531004,96290,,297765,20220,
migrate_demo,client,1,8536297,96290,,297765,20220,
migrate_demo,client,1,8541588,96290,,297765,20220,
migrate_demo,client,1,8546842,96290,,297765,20220,
migrate_demo,client,1,8552158,96290,,297765,20220,
migrate_demo,client,1,8557409,96290,,297765,20220,
migrate_demo,client,1,8562794,96290,,297765,20220,
migrate_demo,client,1,8568035,96290,,297765,20220,
migrate_demo,client,1,8573319,96290,,297765,20220,
migrate_demo,client,1,8578640,96290,,297765,20220,
migrate_demo,client,1,8583922,96290,,297765,20220,
migrate_demo,client,1,8589221,96290,,297765,20220,
migrate_demo,client,1,8594508,96290,,297765,20220,
migrate_demo,client,1,8599818,96290,,297765,20220,
migrate_demo,client,1,8605047,96290,,297765,20220,
migrate_demo,client,1,8610311,96290,,297765,20220,
migrate_demo,client,1,8615563,96290,,297765,20220,
migrate_demo,client,1,8620841,96290,,297765,20220,
migrate_demo,client,1,8626131,96290,,297765,20220,
migrate_demo,client,1,8631389,96290,,297765,20220,
migrate_demo,client,1,8636697,96290,,297765,20220,
migrate_demo,client,1,8641960,96290,,297765,20220,
migrate_demo,client,1,8647242,96290,,297765,20220,
migrate_demo,client,1,8652523,96290,,297765,20220,
migrate_demo,client,1,8657809,96290,,297765,20220,
migrate_demo,client,1,8663146,96290,,297765,20220,
migrate_demo,client,1,8668435,96290,,297765,20220,
migrate_demo,client,1,8673720,96290,,297765,20220,
migrate_demo,client,1,8679022,96290,,297765,20220,
migrate_demo,client,1,8684318,96290,,297765,20220,
migrate_demo,client,1,8689607,96290,,297765,20220,
migrate_demo,client,1,8694910,96290,,297765,20220,
migrate_demo,client,1,8700185,96290,,297765,20220,
migrate_demo,client,1,8705457,96290,,297765,20220,
migrate_demo,client,1,8710741,96290,,297765,20220,
migrate_demo,client,1,8716034,96290,,297765,20220,
migrate_demo,client,1,8721346,96290,,297765,20220,
migrate_demo,client,1,8726632,96290,,297765,20220,
migrate_demo,client,1,8731906,96290,,297765,20220,
migrate_demo,client,1,8737184,96290,,297765,20220,
migrate_demo,client,1,8742498,96290,,297765,20220,
migrate_demo,client,1,8747799,96290,,297765,20220,
migrate_demo,client,1,8753189,96290,,297765,20220,
migrate_demo,client,1,8758586,96290,,297765,20220,
migrate_demo,client,1,8763933,96290,,297765,20220,
migrate_demo,client,1,8769292,96290,,297765,20220,
migrate_demo,client,1,8774623,96290,,297765,20220,
migrate_demo,client,1,8779991,96290,,297765,20220,
migrate_demo,client,1,8785340,96290,,297765,20220,
migrate_demo,client,1,8790687,96290,,297765,20220,
migrate_demo,client,1,8796142,96290,,297765,20220,
migrate_demo,client,1,8801468,96290,,297765,20220,
migrate_demo,client,1,8806715,96290,,297765,20220,
migrate_demo,client,1,8812050,96290,,297765,20220,
migrate_demo,client,1,8817251,96290,,297765,20220,
migrate_demo,client,1,8822515,96290,,297765,20220,
migrate_demo,client,1,8827787,96290,,297765,20220,
migrate_demo,client,1,8833012,96290,,297765,20220,
migrate_demo,client,1,8838328,96290,,297765,20220,
migrate_demo,client,1,8843600,96290,,297765,20220,
migrate_demo,client,1,8848899,96290,,297765,20220,
migrate_demo,client,1,8854148,96290,,297765,20220,
migrate_demo,client,1,8859440,96290,,297765,20220,
migrate_demo,client,1,8864772,96290,,297765,20220,
migrate_demo,client,1,8870073,96290,,297765,20220,
migrate_demo,client,1,8875287,96290,,297765,20220,
migrate_demo,client,1,8880569,96290,,297765,20220,
migrate_demo,client,1,8885726,96290,,297765,20220,
migrate_demo,client,1,8891010,96290,,297765,20220,
migrate_demo,client,1,8896267,96290,,297765,20220,
migrate_demo,client,1,8901553,96290,,297765,20220,
migrate_demo,client,1,8906885,96290,,297765,20220,
migrate_demo,client,1,8912261,96290,,297765,20220,
migrate_demo,client,1,8917571,96290,,297765,20220,
migrate_demo,client,1,8922863,96290,,297765,20220,
migrate_demo,client,1,8928167,96290,,297765,20220,
migrate_demo,client,1,8933451,96290,,297765,20220,
migrate_demo,client,1,8938742,96290,,297765,20220,
migrate_demo,client,1,8943989,96290,,297765,20220,
migrate_demo,client,1,8949292,96290,,297765,20220,
migrate_demo,client,1,8954513,96290,,297765,20220,
migrate_demo,client,1,8959767,96290,,297765,20220,
migrate_demo,client,1,8965057,96290,,297765,20220,
migrate_demo,client,1,8970327,96290,,297765,20220,
migrate_demo,client,1,8975605,96290,,297765,20220,
migrate_demo,client,1,8980909,96290,,297765,20220,
migrate_demo,client,1,8986202,96290,,297765,20220,
migrate_demo,client,1,8991590,96290,,297765,20220,
migrate_demo,client,1,8996854,96290,,297765,20220,
migrate_demo,client,1,9002187,96290,,297765,20220,
migrate_demo,client,1,9007427,96290,,297765,20220,
migrate_demo,client,1,9012703,96290,,297765,20220,
migrate_demo,client,1,9017985,96290,,297765,20220,
migrate_demo,client,1,9023326,96290,,297765,20220,
migrate_demo,client,1,9028580,96290,,297765,20220,
migrate_demo,client,1,9033912,96290,,297765,20220,
migrate_demo,client,1,9039099,96290,,297765,20220,
migrate_demo,client,1,9044382,96290,,297765,20220,
migrate_demo,client,1,9049686,96290,,297765,20220,
migrate_demo,client,1,9054946,96290,,297765,20220,
migrate_demo,client,1,9060225,96290,,297765,20220,
migrate_demo,client,1,9065520,96290,,297765,20220,
migrate_demo,client,1,9070814,96290,,297765,20220,
migrate_demo,client,1,9076151,96290,,297765,20220,
migrate_demo,client,1,9081457,96290,,297765,20220,
migrate_demo,client,1,9086755,96290,,297765,20220,
migrate_demo,client,1,9092037,96290,,297765,20220,
migrate_demo,client,1,9097318,96290,,297765,20220,
migrate_demo,client,1,9102680,96290,,297765,20220,
migrate_demo,client,1,9107908,96290,,297765,20220,
migrate_demo,client,1,9113148,96290,,297765,20220,
migrate_demo,client,1,9118422,96290,,297765,20220,
migrate_demo,client,1,9123729,96290,,297765,20220,
migrate_demo,client,1,9129047,96290,,297765,20220,
migrate_demo,client,1,9134385,96290,,297765,20220,
migrate_demo,client,1,9139681,96290,,297765,20220,
migrate_demo,client,1,9144966,96290,,297765,20220,
migrate_demo,client,1,9150258,96290,,297765,20220,
migrate_demo,client,1,9155550,96290,,297765,20220,
migrate_demo,client,1,9160835,96290,,297765,20220,
migrate_demo,client,1,9166136,96290,,297765,20220,
migrate_demo,client,1,9171381,96290,,297765,20220,
migrate_demo,client,1,9176651,96290,,297765,20220,
migrate_demo,client,1,9181924,96290,,297765,20220,
migrate_demo,client,1,9187195,96290,,297765,20220,
migrate_demo,client,1,9192479,96290,,297765,20220,
migrate_demo,client,1,9197786,96290,,297765,20220,
migrate_demo,client,1,9203120,96290,,297765,20220,
migrate_demo,client,1,9208366,96290,,297765,20220,
migrate_demo,client,1,9213644,96290,,297765,20220,
migrate_demo,client,1,9218874,96290,,297765,20220,
migrate_demo,client,1,9224101,96290,,297765,20220,
migrate_demo,client,1,9229340,96290,,297765,20220,
migrate_demo,client,1,9234643,96290,,297765,20220,
migrate_demo,client,1,9239918,96290,,297765,20220,
migrate_demo,client,1,9245211,96290,,297765,20220,
migrate_demo,client,1,9250493,96290,,297765,20220,
migrate_demo,client,1,9255826,96290,,297765,20220,
migrate_demo,client,1,9261121,96290,,297765,20220,
migrate_demo,client,1,9266370,96290,,297765,20220,
migrate_demo,client,1,9271688,96290,,297765,20220,
migrate_demo,client,1,9276926,96290,,297765,20220,
migrate_demo,client,1,9282135,96290,,297765,20220,
migrate_demo,client,1,9287353,96290,,297765,20220,
migrate_demo,client,1,9292569,96290,,297765,20220,
migrate_demo,client,1,9297804,96290,,297765,20220,
migrate_demo,client,1,9303073,96290,,297765,20220,
migrate_demo,client,1,9308295,96290,,297765,20220,
migrate_demo,client,1,9313532,96290,,297765,20220,
migrate_demo,client,1,9318784,96290,,297765,20220,
migrate_demo,client,1,9324109,96290,,297765,20220,
migrate_demo,client,1,9329428,96290,,297765,20220,
migrate_demo,client,1,9334732,96290,,297765,20220,
migrate_demo,client,1,9340027,96290,,297765,20220,
migrate_demo,client,1,9345336,96290,,297765,20220,
migrate_demo,client,1,9350554,96290,,297765,20220,
migrate_demo,client,1,9355845,96290,,297765,20220,
migrate_demo,client,1,9361101,96290,,297765,20220,
migrate_demo,client,1,9366506,96290,,297765,20220,
migrate_demo,client,1,9371796,96290,,297765,20220,
migrate_demo,client,1,9377084,96290,,297765,20220,
migrate_demo,client,1,9382343,96290,,297765,20220,
migrate_demo,client,1,9387588,96290,,297765,20220,
migrate_demo,client,1,9392983,96290,,297765,20220,
migrate_demo,client,1,9398268,96290,,297765,20220,
migrate_demo,client,1,9403483,96290,,297765,20220,
migrate_demo,client,1,9408763,96290,,297765,20220,
migrate_demo,client,1,9414150,96290,,297765,20220,
migrate_demo,client,1,9419411,96290,,297765,20220,
migrate_demo,client,1,9424618,96290,,297765,20220,
migrate_demo,client,1,9429856,96290,,297765,20220,
migrate_demo,client,1,9435103,96290,,297765,20220,
migrate_demo,client,1,9440459,96290,,297765,20220,
migrate_demo,client,1,9445712,96290,,297765,20220,
migrate_demo,client,1,9450980,96290,,297765,20220,
migrate_demo,client,1,9456312,96290,,297765,20220,
migrate_demo,client,1,9461600,96290,,297765,20220,
migrate_demo,client,1,9466861,96290,,297765,20220,
migrate_demo,client,1,9472150,96290,,297765,20220,
migrate_demo,client,1,9477656,96290,,297765,20220,
migrate_demo,client,1,9483011,96290,,297765,20220,
migrate_demo,client,1,9488249,96290,,297765,20220,
migrate_demo,client,1,9493517,96290,,297765,20220,
migrate_demo,client,1,9498856,96290,,297765,20220,
migrate_demo,client,1,9504080,96290,,297765,20220,
migrate_demo,client,1,9509357,96290,,297765,20220,
migrate_demo,client,1,9514626,96290,,297765,20220,
migrate_demo,client,1,9519913,96290,,297765,20220,
migrate_demo,client,1,9525222,96290,,297765,20220,
migrate_demo,client,1,9530496,96290,,297765,20220,
migrate_demo,client,1,9535771,96290,,297765,20220,
migrate_demo,client,1,9540989,96290,,297765,20220,
migrate_demo,client,1,9546222,96290,,297765,20220,
migrate_demo,client,1,9551474,96290,,297765,20220,
migrate_demo,client,1,9556803,96290,,297765,20220,
migrate_demo,client,1,9562004,96290,,297765,20220,
migrate_demo,client,1,9567278,96290,,297765,20220,
migrate_demo,client,1,9572532,96290,,297765,20220,
migrate_demo,client,1,9577775,96290,,297765,20220,
migrate_demo,client,1,9583078,96290,,297765,20220,
migrate_demo,client,1,9588351,96290,,297765,20220,
migrate_demo,client,1,9593642,96290,,297765,20220,
migrate_demo,client,1,9598927,96290,,297765,20220,
migrate_demo,client,1,9604219,96290,,297765,20220,
migrate_demo,client,1,9609502,96290,,297765,20220,
migrate_demo,client,1,9614779,96290,,297765,20220,
migrate_demo,client,1,9620023,96290,,297765,20220,
migrate_demo,client,1,9625249,96290,,297765,20220,
migrate_demo,client,1,9630506,96290,,297765,20220,
migrate_demo,client,1,9635743,96290,,297765,20220,
migrate_demo,client,1,9641040,96290,,297765,20220,
migrate_demo,client,1,9646291,96290,,297765,20220,
migrate_demo,client,1,9651675,96290,,297765,20220,
migrate_demo,client,1,9656990,96290,,297765,20220,
migrate_demo,client,1,9662229,96290,,297765,20220,
migrate_demo,client,1,9667506,96290,,297765,20220,
migrate_demo,client,1,9672791,96290,,297765,20220,
migrate_demo,client,1,9678061,96290,,297765,20220,
migrate_demo,client,1,9683336,96290,,297765,20220,
migrate_demo,client,1,9688619,96290,,297765,20220,
migrate_demo,client,1,9693878,96290,,297765,20220,
migrate_demo,client,1,9699112,96290,,297765,20220,
migrate_demo,client,1,9704387,96290,,297765,20220,
migrate_demo,client,1,9709640,96290,,297765,20220,
migrate_demo,client,1,9714934,96290,,297765,20220,
migrate_demo,client,1,9720203,96290,,297765,20220,
migrate_demo,client,1,9725485,96290,,297765,20220,
migrate_demo,client,1,9730781,96290,,297765,20220,
migrate_demo,client,1,9736085,96290,,297765,20220,
migrate_demo,client,1,9741384,96290,,297765,20220,
migrate_demo,client,1,9746674,96290,,297765,20220,
migrate_demo,client,1,9752023,96290,,297765,20220,
migrate_demo,client,1,9757271,96290,,297765,20220,
migrate_demo,client,1,9762569,96290,,297765,20220,
migrate_demo,client,1,9767749,96290,,297765,20220,
migrate_demo,client,1,9773016,96290,,297765,20220,
migrate_demo,client,1,9778374,96290,,297765,20220,
migrate_demo,client,1,9783651,96290,,297765,20220,
migrate_demo,client,1,9788931,96290,,297765,20220,
migrate_demo,client,1,9794203,96290,,297765,20220,
migrate_demo,client,1,9799547,96290,,297765,20220,
migrate_demo,client,1,9804900,96290,,297765,20220,
migrate_demo,client,1,9810209,96290,,297765,20220,
migrate_demo,client,1,9815512,96290,,297765,20220,
migrate_demo,client,1,9820842,96290,,297765,20220,
migrate_demo,client,1,9826180,96290,,297765,20220,
migrate_demo,client,1,9831556,96290,,297765,20220,
migrate_demo,client,1,9836791,96290,,297765,20220,
migrate_demo,client,1,9842048,96290,,297765,20220,
migrate_demo,client,1,9847321,96290,,297765,20220,
migrate_demo,client,1,9852762,96290,,297765,20220,
migrate_demo,client,1,9858058,96290,,297765,20220,
migrate_demo,client,1,9863325,96290,,297765,20220,
migrate_demo,client,1,9868840,96290,,297765,20220,
migrate_demo,client,1,9874162,96290,,297765,20220,
migrate_demo,client,1,9879506,96290,,297765,20220,
migrate_demo,client,1,9884776,96290,,297765,20220,
migrate_demo,client,1,9890061,96290,,297765,20220,
migrate_demo,client,1,9895299,96290,,297765,20220,
migrate_demo,client,1,9900598,96290,,297765,20220,
migrate_demo,client,1,9905917,96290,,297765,20220,
migrate_demo,client,1,9911225,96290,,297765,20220,
migrate_demo,client,1,9916545,96290,,297765,20220,
migrate_demo,client,1,9921940,96290,,297765,20220,
migrate_demo,client,1,9927324,96290,,297765,20220,
migrate_demo,client,1,9932713,96290,,297765,20220,
migrate_demo,client,1,9938082,96290,,297765,20220,
migrate_demo,client,1,9943435,96290,,297765,20220,
migrate_demo,client,1,9948746,96290,,297765,20220,
migrate_demo,client,1,9954071,96290,,297765,20220,
migrate_demo,client,1,9959369,96290,,297765,20220,
migrate_demo,client,1,9964703,96290,,297765,20220,
migrate_demo,client,1,9970013,96290,,297765,20220,
migrate_demo,client,1,9975241,96290,,297765,20220,
migrate_demo,client,1,9980520,96290,,297765,20220,
migrate_demo,client,1,9985810,96290,,297765,20220,
migrate_demo,client,1,9991128,96290,,297765,20220,
migrate_demo,client,1,9996423,96290,,297765,20220,
migrate_demo,client,1,10001727,96290,,297765,20220,
migrate_demo,client,1,10007025,96290,,297765,20220,
migrate_demo,client,1,10012368,96290,,297765,20220,
migrate_demo,client,1,10017692,96290,,297765,20220,
migrate_demo,client,1,10023056,96290,,297765,20220,
migrate_demo,client,1,10028343,96290,,297765,20220,
migrate_demo,client,1,10033661,96290,,297765,20220,
migrate_demo,client,1,10038876,96290,,297765,20220,
migrate_demo,client,1,10044091,96290,,297765,20220,
migrate_demo,client,1,10049399,96290,,297765,20220,
migrate_demo,client,1,10054745,96290,,297765,20220,
migrate_demo,client,1,10059997,96290,,297765,20220,
migrate_demo,client,1,10065289,96290,,297765,20220,
migrate_demo,client,1,10070630,96290,,297765,20220,
migrate_demo,client,1,10075973,96290,,297765,20220,
migrate_demo,client,1,10081268,96290,,297765,20220,
migrate_demo,client,1,10086574,96290,,297765,20220,
migrate_demo,client,1,10091820,96290,,297765,20220,
migrate_demo,client,1,10097055,96290,,297765,20220,
migrate_demo,client,1,10102257,96290,,297765,20220,
migrate_demo,client,1,10107494,96290,,297765,20220,
migrate_demo,client,1,10112679,96290,,297765,20220,
migrate_demo,client,1,10117976,96290,,297765,20220,
migrate_demo,client,1,10123232,96290,,297765,20220,
migrate_demo,client,1,10128469,96290,,297765,20220,
migrate_demo,client,1,10133755,96290,,297765,20220,
migrate_demo,client,1,10138981,96290,,297765,20220,
migrate_demo,client,1,10144292,96290,,297765,20220,
migrate_demo,client,1,10149535,96290,,297765,20220,
migrate_demo,client,1,10154815,96290,,297765,20220,
migrate_demo,client,1,10160097,96290,,297765,20220,
migrate_demo,client,1,10165550,96290,,297765,20220,
migrate_demo,client,1,10170785,96290,,297765,20220,
migrate_demo,client,1,10176041,96290,,297765,20220,
migrate_demo,client,1,10181393,96290,,297765,20220,
migrate_demo,client,1,10186665,96290,,297765,20220,
migrate_demo,client,1,10191950,96290,,297765,20220,
migrate_demo,client,1,10197236,96290,,297765,20220,
migrate_demo,client,1,10202556,96290,,297765,20220,
migrate_demo,client,1,10207906,96290,,297765,20220,
migrate_demo,client,1,10213217,96290,,297765,20220,
migrate_demo,client,1,10218486,96290,,297765,20220,
migrate_demo,client,1,10223911,96290,,265673,20220,
migrate_demo,client,1,10229199,96290,,265673,20220,
migrate_demo,client,1,10234429,96290,,265673,20220,
migrate_demo,client,1,10239683,96290,,265673,20220,
migrate_demo,client,1,10244943,96290,,265673,20220,
migrate_demo,client,1,10250234,96290,,265673,20220,
migrate_demo,client,1,10255682,96290,,265673,20220,
migrate_demo,client,1,10260944,96290,,265673,20220,
migrate_demo,client,1,10266231,96290,,265673,20220,
migrate_demo,client,1,10271524,96290,,265673,20220,
migrate_demo,client,1,10276845,96290,,265673,20220,
migrate_demo,client,1,10282221,96290,,265673,20220,
migrate_demo,client,1,10287600,96290,,237612,20220,
migrate_demo,client,1,10292914,96290,,237612,20220,
migrate_demo,client,1,10298159,96290,,237612,20220,
migrate_demo,client,1,10303443,96290,,237612,20220,
migrate_demo,client,1,10308864,96290,,237612,20220,
migrate_demo,client,1,10314512,96290,,237612,20220,
migrate_demo,client,1,10319814,96290,,237612,20220,
migrate_demo,client,1,10325142,96290,,237612,20220,
migrate_demo,client,1,10330434,96290,,237612,20220,
migrate_demo,client,1,10335864,96290,,237612,20220,
migrate_demo,client,1,10341159,96290,,237612,20220,
migrate_demo,client,1,10346520,96290,,237612,20220,
migrate_demo,client,1,10351794,96290,,213072,20220,
migrate_demo,client,1,10357093,96290,,213072,20220,
migrate_demo,client,1,10362248,96290,,213072,20220,
migrate_demo,client,1,10367581,96290,,213072,20220,
migrate_demo,client,1,10372895,96290,,213072,20220,
migrate_demo,client,1,10378227,96290,,213072,20220,
migrate_demo,client,1,10383528,96290,,213072,20220,
migrate_demo,client,1,10388951,96290,,213072,20220,
migrate_demo,client,1,10394307,96290,,213072,20220,
migrate_demo,client,1,10399614,96290,,213072,20220,
migrate_demo,client,1,10404944,96290,,213072,20220,
migrate_demo,client,1,10410279,96290,,191604,20220,
migrate_demo,client,1,10415582,96290,,191604,20220,
migrate_demo,client,1,10420993,96290,,191604,20220,
migrate_demo,client,1,10426320,96290,,191604,20220,
migrate_demo,client,1,10431528,96290,,191604,20220,
migrate_demo,client,1,10436788,96290,,191604,20220,
migrate_demo,client,1,10442060,96290,,191604,20220,
migrate_demo,client,1,10447428,96290,,191604,20220,
migrate_demo,client,1,10452790,96290,,191604,20220,
migrate_demo,client,1,10458288,96290,,191604,20220,
migrate_demo,client,1,10463589,96290,,191604,20220,
migrate_demo,client,1,10468880,96290,,191604,20220,
migrate_demo,client,1,10474281,96290,,172872,20220,
migrate_demo,client,1,10479526,96290,,172872,20220,
migrate_demo,client,1,10484745,96290,,172872,20220,
migrate_demo,client,1,10489962,96290,,172872,20220,
migrate_demo,client,1,10495280,96290,,172872,20220,
migrate_demo,client,1,10500598,96290,,172872,20220,
migrate_demo,client,1,10505889,96290,,172872,20220,
migrate_demo,client,1,10511131,96290,,172872,20220,
migrate_demo,client,1,10516382,96290,,172872,20220,
migrate_demo,client,1,10521815,96290,,172872,20220,
migrate_demo,client,1,10527096,96290,,172872,20220,
migrate_demo,client,1,10532365,96290,,172872,20220,
migrate_demo,client,1,10537645,96290,,156365,20220,
migrate_demo,client,1,10542897,96290,,156365,20220,
migrate_demo,client,1,10548111,96290,,156365,20220,
migrate_demo,client,1,10553382,96290,,156365,20220,
migrate_demo,client,1,10558616,96290,,156365,20220,
migrate_demo,client,1,10563812,96290,,156365,20220,
migrate_demo,client,1,10569110,96290,,156365,20220,
migrate_demo,client,1,10574377,96290,,156365,20220,
migrate_demo,client,1,10579654,96290,,156365,20220,
migrate_demo,client,1,10585031,96290,,156365,20220,
migrate_demo,client,1,10590362,96290,,156365,20220,
migrate_demo,client,1,10595636,96290,,156365,20220,
migrate_demo,client,1,10601003,96290,,141930,20220,
migrate_demo,client,1,10606234,96290,,141930,20220,
migrate_demo,client,1,10611505,96290,,141930,20220,
migrate_demo,client,1,10616749,96290,,141930,20220,
migrate_demo,client,1,10621990,96290,,141930,20220,
migrate_demo,client,1,10627208,96290,,141930,20220,
migrate_demo,client,1,10632423,96290,,141930,20220,
migrate_demo,client,1,10637731,96290,,141930,20220,
migrate_demo,client,1,10642994,96290,,141930,20220,
migrate_demo,client,1,10648270,96290,,141930,20220,
migrate_demo,client,1,10653525,96290,,141930,20220,
migrate_demo,client,1,10658914,96290,,141930,20220,
migrate_demo,client,1,10664148,96290,,129301,20220,
migrate_demo,client,1,10669385,96290,,129301,20220,
migrate_demo,client,1,10674605,96290,,129301,20220,
migrate_demo,client,1,10679818,96290,,129301,20220,
migrate_demo,client,1,10685071,96290,,129301,20220,
migrate_demo,client,1,10690281,96290,,129301,20220,
migrate_demo,client,1,10695502,96290,,129301,20220,
migrate_demo,client,1,10700806,96290,,129301,20220,
migrate_demo,client,1,10706122,96290,,129301,20220,
migrate_demo,client,1,10711361,96290,,129301,20220,
migrate_demo,client,1,10716696,96290,,129301,20220,
migrate_demo,client,1,10722110,96290,,129301,20220,
migrate_demo,client,1,10727370,96290,,118226,20220,
migrate_demo,client,1,10732648,96290,,118226,20220,
migrate_demo,client,1,10737963,96290,,118226,20220,
migrate_demo,client,1,10743282,96290,,118226,20220,
migrate_demo,client,1,10748622,96290,,118226,20220,
migrate_demo,client,1,10753987,96290,,118226,20220,
migrate_demo,client,1,10759338,96290,,118226,20220,
migrate_demo,client,1,10764708,96290,,118226,20220,
migrate_demo,client,1,10770089,96290,,118226,20220,
migrate_demo,client,1,10775420,96290,,118226,20220,
migrate_demo,client,1,10780853,96290,,118226,20220,
migrate_demo,client,1,10786200,96290,,108583,20220,
migrate_demo,client,1,10791521,96290,,108583,20220,
migrate_demo,client,1,10796737,96290,,108583,20220,
migrate_demo,client,1,10802110,96290,,108583,20220,
migrate_demo,client,1,10807383,96290,,108583,20220,
migrate_demo,client,1,10812629,96290,,108583,20220,
migrate_demo,client,1,10817824,96290,,108583,20220,
migrate_demo,client,1,10823163,96290,,108583,20220,
migrate_demo,client,1,10828442,96290,,108583,20220,
migrate_demo,client,1,10833781,96290,,108583,20220,
migrate_demo,client,1,10839091,96290,,108583,20220,
migrate_demo,client,1,10844334,96290,,108583,20220,
migrate_demo,client,1,10849595,96290,,100158,20220,
migrate_demo,client,1,10854880,96290,,100158,20220,
migrate_demo,client,1,10860183,96290,,100158,20220,
migrate_demo,client,1,10865453,96290,,100158,20220,
migrate_demo,client,1,10870667,96290,,100158,20220,
migrate_demo,client,1,10875896,96290,,94496,20220,
migrate_demo,client,1,10881203,96290,,94496,20220,
migrate_demo,client,1,10886464,96290,,94496,20220,
migrate_demo,client,1,10891775,96290,,94496,20220,
migrate_demo,client,1,10897034,96290,,94496,20220,
migrate_demo,client,1,10902267,96290,,87770,20220,
migrate_demo,client,1,10907464,96290,,87770,20220,
migrate_demo,client,1,10912696,96290,,87770,20220,
migrate_demo,client,1,10918021,96290,,87770,20220,
migrate_demo,client,1,10923377,96290,,87770,20220,
migrate_demo,client,1,10928636,96290,,87770,20220,
migrate_demo,client,1,10933922,96290,,87770,20220,
migrate_demo,client,1,10939130,96290,,87770,20220,
migrate_demo,client,1,10944360,96290,,87770,20220,
migrate_demo,client,1,10949603,96290,,87770,20220,
migrate_demo,client,1,10954880,96290,,87770,20220,
migrate_demo,client,1,10960145,96290,,87770,20220,
migrate_demo,client,1,10965426,96290,,87770,20220,
migrate_demo,client,1,10970680,96290,,87770,20220,
migrate_demo,client,1,10975946,96290,,87770,20220,
migrate_demo,client,1,10981211,96290,,87770,20220,
migrate_demo,client,1,10986482,96290,,87770,20220,
migrate_demo,client,1,10991760,96290,,87770,20220,
migrate_demo,client,1,10996977,96290,,87770,20220,
migrate_demo,client,1,11002195,96290,,87770,20220,
migrate_demo,client,1,11007342,96290,,87770,20220,
migrate_demo,client,1,11012587,96290,,87770,20220,
migrate_demo,client,1,11017856,96290,,87770,20220,
migrate_demo,client,1,11023153,96290,,87770,20220,
migrate_demo,client,1,11028410,96290,,87770,20220,
migrate_demo,client,1,11033809,96290,,87770,20220,
migrate_demo,client,1,11039059,96290,,87770,20220,
migrate_demo,client,1,11044345,96290,,87770,20220,
migrate_demo,client,1,11049564,96290,,87770,20220,
migrate_demo,client,1,11054862,96290,,87770,20220,
migrate_demo,client,1,11060236,96290,,87770,20220,
migrate_demo,client,1,11065514,96290,,87770,20220,
migrate_demo,client,1,11070735,96290,,87770,20220,
migrate_demo,client,1,11075964,96290,,87770,20220,
migrate_demo,client,1,11081204,96290,,87770,20220,
migrate_demo,client,1,11086535,96290,,87770,20220,
migrate_demo,client,1,11091746,96290,,87770,20220,
migrate_demo,client,1,11097028,96290,,87770,20220,
migrate_demo,client,1,11102317,96290,,87770,20220,
migrate_demo,client,1,11107503,96290,,87770,20220,
migrate_demo,client,1,11112713,96290,,87770,20220,
migrate_demo,client,1,11117924,96290,,87770,20220,
migrate_demo,client,1,11123205,96290,,87770,20220,
migrate_demo,client,1,11128611,96290,,87770,20220,
migrate_demo,client,1,11133849,96290,,87770,20220,
migrate_demo,client,1,11138999,96290,,87770,20220,
migrate_demo,client,1,11144287,96290,,87770,20220,
migrate_demo,client,1,11149535,96290,,87770,20220,
migrate_demo,client,1,11154770,96290,,87770,20220,
migrate_demo,client,1,11160063,96290,,87770,20220,
migrate_demo,client,1,11165370,96290,,87770,20220,
migrate_demo,client,1,11170664,96290,,87770,20220,
migrate_demo,client,1,11175963,96290,,87770,20220,
migrate_demo,client,1,11181182,96290,,87770,20220,
migrate_demo,client,1,11186419,96290,,87770,20220,
migrate_demo,client,1,11191666,96290,,87770,20220,
migrate_demo,client,1,11196944,96290,,87770,20220,
migrate_demo,client,1,11202212,96290,,87770,20220,
migrate_demo,client,1,11207495,96290,,87770,20220,
migrate_demo,client,1,11212706,96290,,87770,20220,
migrate_demo,client,1,11218019,96290,,87770,20220,
migrate_demo,client,1,11223276,96290,,87770,20220,
migrate_demo,client,1,11228594,96290,,87770,20220,
migrate_demo,client,1,11233895,96290,,87770,20220,
migrate_demo,client,1,11239150,96290,,87770,20220,
migrate_demo,client,1,11244369,96290,,87770,20220,
migrate_demo,client,1,11249593,96290,,87770,20220,
migrate_demo,client,1,11254863,96290,,87770,20220,
migrate_demo,client,1,11260143,96290,,87770,20220,
migrate_demo,client,1,11265511,96290,,87770,20220,
migrate_demo,client,1,11270706,96290,,87770,20220,
migrate_demo,client,1,11275914,96290,,87770,20220,
migrate_demo,client,1,11281102,96290,,87770,20220,
migrate_demo,client,1,11286325,96290,,87770,20220,
migrate_demo,client,1,11291628,96290,,87770,20220,
migrate_demo,client,1,11296944,96290,,87770,20220,
migrate_demo,client,1,11302206,96290,,87770,20220,
migrate_demo,client,1,11307458,96290,,87770,20220,
migrate_demo,client,1,11312649,96290,,87770,20220,
migrate_demo,client,1,11317946,96290,,87770,20220,
migrate_demo,client,1,11323312,96290,,87770,20220,
migrate_demo,client,1,11328593,96290,,87770,20220,
migrate_demo,client,1,11333837,96290,,87770,20220,
migrate_demo,client,1,11339136,96290,,87770,20220,
migrate_demo,client,1,11344406,96290,,87770,20220,
migrate_demo,client,1,11349605,96290,,87770,20220,
migrate_demo,client,1,11354849,96290,,87770,20220,
migrate_demo,client,1,11360141,96290,,87770,20220,
migrate_demo,client,1,11365355,96290,,87770,20220,
migrate_demo,client,1,11370702,96290,,87770,20220,
migrate_demo,client,1,11375917,96290,,87770,20220,
migrate_demo,client,1,11381175,96290,,87770,20220,
migrate_demo,client,1,11386409,96290,,87770,20220,
migrate_demo,client,1,11391731,96290,,87770,20220,
migrate_demo,client,1,11397040,96290,,87770,20220,
migrate_demo,client,1,11402280,96290,,87770,20220,
migrate_demo,client,1,11407570,96290,,87770,20220,
migrate_demo,client,1,11412900,96290,,87770,20220,
migrate_demo,client,1,11418069,96290,,87770,20220,
migrate_demo,client,1,11423306,96290,,87770,20220,
migrate_demo,client,1,11428514,96290,,87770,20220,
migrate_demo,client,1,11433784,96290,,87770,20220,
migrate_demo,client,1,11439100,96290,,87770,20220,
migrate_demo,client,1,11444365,96290,,87770,20220,
migrate_demo,client,1,11449623,96290,,87770,20220,
migrate_demo,client,1,11454853,96290,,87770,20220,
migrate_demo,client,1,11460148,96290,,87770,20220,
migrate_demo,client,1,11465493,96290,,87770,20220,
migrate_demo,client,1,11470718,96290,,87770,20220,
migrate_demo,client,1,11475964,96290,,87770,20220,
migrate_demo,client,1,11481193,96290,,87770,20220,
migrate_demo,client,1,11486441,96290,,87770,20220,
migrate_demo,client,1,11491688,96290,,87770,20220,
migrate_demo,client,1,11496940,96290,,87770,20220,
migrate_demo,client,1,11502165,96290,,87770,20220,
migrate_demo,client,1,11507439,96290,,87770,20220,
migrate_demo,client,1,11512706,96290,,87770,20220,
migrate_demo,client,1,11517920,96290,,87770,20220,
migrate_demo,client,1,11523131,96290,,87770,20220,
migrate_demo,client,1,11528435,96290,,87770,20220,
migrate_demo,client,1,11533693,96290,,87770,20220,
migrate_demo,client,1,11538997,96290,,87770,20220,
migrate_demo,client,1,11544285,96290,,87770,20220,
migrate_demo,client,1,11549513,96290,,87770,20220,
migrate_demo,client,1,11554836,96290,,87770,20220,
migrate_demo,client,1,11560094,96290,,87770,20220,
migrate_demo,client,1,11565410,96290,,87770,20220,
migrate_demo,client,1,11570741,96290,,87770,20220,
migrate_demo,client,1,11576044,96290,,87770,20220,
migrate_demo,client,1,11581361,96290,,87770,20220,
migrate_demo,client,1,11586604,96290,,87770,20220,
migrate_demo,client,1,11591875,96290,,87770,20220,
migrate_demo,client,1,11597231,96290,,87770,20220,
migrate_demo,client,1,11602480,96290,,87770,20220,
migrate_demo,client,1,11607747,96290,,87770,20220,
migrate_demo,client,1,11613003,96290,,87770,20220,
migrate_demo,client,1,11618244,96290,,87770,20220,
migrate_demo,client,1,11623503,96290,,87770,20220,
migrate_demo,client,1,11628895,96290,,87770,20220,
migrate_demo,client,1,11634145,96290,,87770,20220,
migrate_demo,client,1,11639418,96290,,87770,20220,
migrate_demo,client,1,11644880,96290,,87770,20220,
migrate_demo,client,1,11650080,96290,,87770,20220,
migrate_demo,client,1,11655343,96290,,87770,20220,
migrate_demo,client,1,11660570,96290,,87770,20220,
migrate_demo,client,1,11665807,96290,,87770,20220,
migrate_demo,client,1,11671172,96290,,87770,20220,
migrate_demo,client,1,11676443,96290,,87770,20220,
migrate_demo,client,1,11681638,96290,,87770,20220,
migrate_demo,client,1,11686903,96290,,87770,20220,
migrate_demo,client,1,11692147,96290,,87770,20220,
migrate_demo,client,1,11697421,96290,,87770,20220,
migrate_demo,client,1,11702764,96290,,87770,20220,
migrate_demo,client,1,11708081,96290,,87770,20220,
migrate_demo,client,1,11713419,96290,,87770,20220,
migrate_demo,client,1,11718690,96290,,87770,20220,
migrate_demo,client,1,11723913,96290,,87770,20220,
migrate_demo,client,1,11729196,96290,,87770,20220,
migrate_demo,client,1,11734448,96290,,87770,20220,
migrate_demo,client,1,11739706,96290,,87770,20220,
migrate_demo,client,1,11744978,96290,,87770,20220,
migrate_demo,client,1,11750251,96290,,87770,20220,
migrate_demo,client,1,11755514,96290,,87770,20220,
migrate_demo,client,1,11760771,96290,,87770,20220,
migrate_demo,client,1,11766007,96290,,87770,20220,
migrate_demo,client,1,11771317,96290,,87770,20220,
migrate_demo,client,1,11776723,96290,,87770,20220,
migrate_demo,client,1,11781995,96290,,87770,20220,
migrate_demo,client,1,11787300,96290,,87770,20220,
migrate_demo,client,1,11792616,96290,,87770,20220,
migrate_demo,client,1,11797933,96290,,87770,20220,
migrate_demo,client,1,11803360,96290,,87770,20220,
migrate_demo,client,1,11808601,96290,,87770,20220,
migrate_demo,client,1,11813913,96290,,87770,20220,
migrate_demo,client,1,11819213,96290,,87770,20220,
migrate_demo,client,1,11824461,96290,,87770,20220,
migrate_demo,client,1,11829765,96290,,87770,20220,
migrate_demo,client,1,11835267,96290,,87770,20220,
migrate_demo,client,1,11840596,96290,,87770,20220,
migrate_demo,client,1,11845843,96290,,87770,20220,
migrate_demo,client,1,11851152,96290,,87770,20220,
migrate_demo,client,1,11856363,96290,,87770,20220,
migrate_demo,client,1,11861817,96290,,87770,20220,
migrate_demo,client,1,11867332,96290,,87770,20220,
migrate_demo,client,1,11872593,96290,,81922,20220,
migrate_demo,client,1,11877859,96290,,81922,20220,
migrate_demo,client,1,11883342,96290,,81922,20220,
migrate_demo,client,1,11888911,96290,,81922,20220,
migrate_demo,client,1,11894358,96290,,81922,20220,
migrate_demo,client,1,11899768,96290,,81922,20220,
migrate_demo,client,1,11905195,96290,,81922,20220,
migrate_demo,client,1,11910604,96290,,81922,20220,
migrate_demo,client,1,11915834,96290,,81922,20220,
migrate_demo,client,1,11921095,96290,,81922,20220,
migrate_demo,client,1,11926303,96290,,81922,20220,
migrate_demo,client,1,11931698,96290,,81922,20220,
migrate_demo,client,1,11937198,96290,,81922,20220,
migrate_demo,client,1,11942427,96290,,81922,20220,
migrate_demo,client,1,11947855,96290,,81922,20220,
migrate_demo,client,1,11953149,96290,,81922,20220,
migrate_demo,client,1,11958459,96290,,81922,20220,
migrate_demo,client,1,11963902,96290,,81922,20220,
migrate_demo,client,1,11969287,96290,,81922,20220,
migrate_demo,client,1,11974712,96290,,81922,20220,
migrate_demo,client,1,11980117,96290,,81922,20220,
migrate_demo,client,1,11985356,96290,,81922,20220,
migrate_demo,client,1,11990582,96290,,81922,20220,
migrate_demo,client,1,11995802,96290,,81922,20220,
migrate_demo,client,1,12001216,96290,,81922,20220,
migrate_demo,client,1,12006718,96290,,81922,20220,
migrate_demo,client,1,12011963,96290,,81922,20220,
migrate_demo,client,1,12017184,96290,,81922,20220,
migrate_demo,client,1,12022469,96290,,81922,20220,
migrate_demo,client,1,12027775,96290,,81922,20220,
migrate_demo,client,1,12033258,96290,,81922,20220,
migrate_demo,client,1,12038630,96290,,81922,20220,
migrate_demo,client,1,12044068,96290,,81922,20220,
migrate_demo,client,1,12049390,96290,,81922,20220,
migrate_demo,client,1,12054663,96290,,81922,20220,
migrate_demo,client,1,12060159,96290,,81922,20220,
migrate_demo,client,1,12065471,96290,,81922,20220,
migrate_demo,client,1,12070812,96290,,81922,20220,
migrate_demo,client,1,12076298,96290,,81922,20220,
migrate_demo,client,1,12081652,96290,,81922,20220,
migrate_demo,client,1,12086992,96290,,81922,20220,
migrate_demo,client,1,12092745,96290,,81922,20220,
migrate_demo,client,1,12098180,96290,,81922,20220,
migrate_demo,client,1,12103561,96290,,81922,20220,
migrate_demo,client,1,12109097,96290,,81922,20220,
migrate_demo,client,1,12114606,96290,,81922,20220,
migrate_demo,client,1,12120169,96290,,81922,20220,
migrate_demo,client,1,12125490,96290,,81922,20220,
migrate_demo,client,1,12131019,96290,,81922,20220,
migrate_demo,client,1,12136444,96290,,81922,20220,
migrate_demo,client,1,12142068,96290,,81922,20220,
migrate_demo,client,1,12147351,96290,,81922,20220,
migrate_demo,client,1,12152789,96290,,81922,20220,
migrate_demo,client,1,12158126,96290,,81922,20220,
migrate_demo,client,1,12163571,96290,,81922,20220,
migrate_demo,client,1,12169219,96290,,81922,20220,
migrate_demo,client,1,12174652,96290,,81922,20220,
migrate_demo,client,1,12180160,96290,,81922,20220,
migrate_demo,client,1,12185598,96290,,81922,20220,
migrate_demo,client,1,12191092,96290,,81922,20220,
migrate_demo,client,1,12196525,96290,,81922,20220,
migrate_demo,client,1,12202151,96290,,81922,20220,
migrate_demo,client,1,12207600,96290,,81922,20220,
migrate_demo,client,1,12212945,96290,,81922,20220,
migrate_demo,client,1,12218353,96290,,81922,20220,
migrate_demo,client,1,12223838,96290,,81922,20220,
migrate_demo,client,1,12229238,96290,,81922,20220,
migrate_demo,client,1,12234608,96290,,81922,20220,
migrate_demo,client,1,12240051,96290,,81922,20220,
migrate_demo,client,1,12245558,96290,,81922,20220,
migrate_demo,client,1,12251094,96290,,81922,20220,
migrate_demo,client,1,12256619,96290,,81922,20220,
migrate_demo,client,1,12261891,96290,,81922,20220,
migrate_demo,client,1,12267260,96290,,81922,20220,
migrate_demo,client,1,12272724,96290,,81922,20220,
migrate_demo,client,1,12278023,96290,,76788,20220,
migrate_demo,client,1,12283442,96290,,76788,20220,
migrate_demo,client,1,12288973,96290,,76788,20220,
migrate_demo,client,1,12294554,96290,,76788,20220,
migrate_demo,client,1,12300142,96290,,76788,20220,
migrate_demo,client,1,12305664,96290,,76788,20220,
migrate_demo,client,1,12311177,96290,,76788,20220,
migrate_demo,client,1,12316738,96290,,76788,20220,
migrate_demo,client,1,12322170,96290,,72344,20220,
migrate_demo,client,1,12327707,96290,,72344,20220,
migrate_demo,client,1,12333151,96290,,72344,20220,
migrate_demo,client,1,12338430,96290,,72344,20220,
migrate_demo,client,1,12343838,96290,,72344,20220,
migrate_demo,client,1,12349040,96290,,72344,20220,
migrate_demo,client,1,12354328,96290,,72344,20220,
migrate_demo,client,1,12359516,96290,,72344,20220,
migrate_demo,client,1,12364818,96290,,72344,20220,
migrate_demo,client,1,12370223,96290,,72344,20220,
migrate_demo,client,1,12375496,96290,,72344,20220,
migrate_demo,client,1,12380723,96290,,68434,20220,
migrate_demo,client,1,12386020,96290,,68434,20220,
migrate_demo,client,1,12391182,96290,,68434,20220,
migrate_demo,client,1,12396559,96290,,68434,20220,
migrate_demo,client,1,12401877,96290,,68434,20220,
migrate_demo,client,1,12407467,96290,,68434,20220,
migrate_demo,client,1,12412772,96290,,68434,20220,
migrate_demo,client,1,12418224,96290,,68434,20220,
migrate_demo,client,1,12423545,96290,,68434,20220,
migrate_demo,client,1,12429026,96290,,68434,20220,
migrate_demo,client,1,12434475,96290,,68434,20220,
migrate_demo,client,1,12439918,96290,,68434,20220,
migrate_demo,client,1,12445185,96290,,64985,20220,
migrate_demo,client,1,12450594,96290,,64985,20220,
migrate_demo,client,1,12455777,96290,,64985,20220,
migrate_demo,client,1,12461148,96290,,64985,20220,
migrate_demo,client,1,12466602,96290,,64985,20220,
migrate_demo,client,1,12472098,96290,,64985,20220,
migrate_demo,client,1,12477568,96290,,64985,20220,
migrate_demo,client,1,12482924,96290,,64985,20220,
migrate_demo,client,1,12488188,96290,,64985,20220,
migrate_demo,client,1,12493490,96290,,64985,20220,
migrate_demo,client,1,12498721,96290,,64985,20220,
migrate_demo,client,1,12503972,96290,,62777,20220,
migrate_demo,client,1,12509227,96290,,62777,20220,
migrate_demo,client,1,12514666,96290,,62777,20220,
migrate_demo,client,1,12520088,96290,,62777,20220,
migrate_demo,client,1,12525404,96290,,62777,20220,
migrate_demo,client,1,12530663,96290,,62777,20220,
migrate_demo,client,1,12536110,96290,,62777,20220,
migrate_demo,client,1,12541513,96290,,62777,20220,
migrate_demo,client,1,12546801,96290,,60100,20220,
migrate_demo,client,1,12552042,96290,,60100,20220,
migrate_demo,client,1,12557313,96290,,60100,20220,
migrate_demo,client,1,12562539,96290,,60100,20220,
migrate_demo,client,1,12568105,96290,,60100,20220,
migrate_demo,client,1,12573378,96290,,60100,20220,
migrate_demo,client,1,12578782,96290,,60100,20220,
migrate_demo,client,1,12584123,96290,,60100,20220,
migrate_demo,client,1,12589581,96290,,60100,20220,
migrate_demo,client,1,12595024,96290,,60100,20220,
migrate_demo,client,1,12600482,96290,,60100,20220,
migrate_demo,client,1,12606021,96290,,60100,20220,
migrate_demo,client,1,12611487,96290,,60100,20220,
migrate_demo,client,1,12616907,96290,,60100,20220,
migrate_demo,client,1,12622251,96290,,57803,20220,
migrate_demo,client,1,12627705,96290,,57803,20220,
migrate_demo,client,1,12633094,96290,,57803,20220,
migrate_demo,client,1,12638593,96290,,57803,20220,
migrate_demo,client,1,12644051,96290,,57803,20220,
migrate_demo,client,1,12649526,96290,,57803,20220,
migrate_demo,client,1,12655057,96290,,57803,20220,
migrate_demo,client,1,12660681,96290,,57803,20220,
migrate_demo,client,1,12666172,96290,,57803,20220,
migrate_demo,client,1,12671718,96290,,57803,20220,
migrate_demo,client,1,12677029,96290,,57803,20220,
migrate_demo,client,1,12682505,96290,,57803,20220,
migrate_demo,client,1,12687830,96290,,57803,20220,
migrate_demo,client,1,12693083,96290,,57803,20220,
migrate_demo,client,1,12698530,96290,,55702,20220,
migrate_demo,client,1,12703993,96290,,55702,20220,
migrate_demo,client,1,12709491,96290,,55702,20220,
migrate_demo,client,1,12714824,96290,,55702,20220,
migrate_demo,client,1,12720237,96290,,55702,20220,
migrate_demo,client,1,12725658,96290,,55702,20220,
migrate_demo,client,1,12731131,96290,,55702,20220,
migrate_demo,client,1,12736590,96290,,55702,20220,
migrate_demo,client,1,12741871,96290,,55702,20220,
migrate_demo,client,1,12747128,96290,,55702,20220,
migrate_demo,client,1,12752388,96290,,55702,20220,
migrate_demo,client,1,12757753,96290,,55702,20220,
migrate_demo,client,1,12763248,96290,,55702,20220,
migrate_demo,client,1,12768547,96290,,55702,20220,
migrate_demo,client,1,12773968,96290,,55702,20220,
migrate_demo,client,1,12779394,96290,,55702,20220,
migrate_demo,client,1,12784814,96290,,55702,20220,
migrate_demo,client,1,12789999,96290,,55702,20220,
migrate_demo,client,1,12795322,96290,,55702,20220,
migrate_demo,client,1,12800679,96290,,55702,20220,
migrate_demo,client,1,12805896,96290,,55702,20220,
migrate_demo,client,1,12811160,96290,,55702,20220,
migrate_demo,client,1,12816519,96290,,55702,20220,
migrate_demo,client,1,12821969,96290,,55702,20220,
migrate_demo,client,1,12827493,96290,,55702,20220,
migrate_demo,client,1,12832904,96290,,55702,20220,
migrate_demo,client,1,12838315,96290,,55702,20220,
migrate_demo,client,1,12843802,96290,,55702,20220,
migrate_demo,client,1,12849093,96290,,55702,20220,
migrate_demo,client,1,12854422,96290,,55702,20220,
migrate_demo,client,1,12859765,96290,,53880,20220,
migrate_demo,client,1,12864983,96290,,53880,20220,
migrate_demo,client,1,12870252,96290,,53880,20220,
migrate_demo,client,1,12875524,96290,,53880,20220,
migrate_demo,client,1,12880945,96290,,53880,20220,
migrate_demo,client,1,12886252,96290,,53880,20220,
migrate_demo,client,1,12891565,96290,,53880,20220,
migrate_demo,client,1,12896809,96290,,53880,20220,
migrate_demo,client,1,12902098,96290,,53880,20220,
migrate_demo,client,1,12907377,96290,,53880,20220,
migrate_demo,client,1,12912664,96290,,53880,20220,
migrate_demo,client,1,12917913,96290,,53880,20220,
migrate_demo,client,1,12923104,96290,,53880,20220,
migrate_demo,client,1,12928302,96290,,53880,20220,
migrate_demo,client,1,12933544,96290,,53880,20220,
migrate_demo,client,1,12938784,96290,,52254,20220,
migrate_demo,client,1,12944043,96290,,52254,20220,
migrate_demo,client,1,12949242,96290,,52254,20220,
migrate_demo,client,1,12954405,96290,,52254,20220,
migrate_demo,client,1,12959734,96290,,52254,20220,
migrate_demo,client,1,12964993,96290,,52254,20220,
migrate_demo,client,1,12970290,96290,,52254,20220,
migrate_demo,client,1,12975533,96290,,52254,20220,
migrate_demo,client,1,12980815,96290,,52254,20220,
migrate_demo,client,1,12986180,96290,,52254,20220,
migrate_demo,client,1,12991488,96290,,52254,20220,
migrate_demo,client,1,12996772,96290,,52254,20220,
migrate_demo,client,1,13001995,96290,,52254,20220,
migrate_demo,client,1,13007281,96290,,52254,20220,
migrate_demo,client,1,13012567,96290,,52254,20220,
migrate_demo,client,1,13017810,96290,,50837,20220,
migrate_demo,client,1,13023065,96290,,50837,20220,
migrate_demo,client,1,13028295,96290,,50837,20220,
migrate_demo,client,1,13033564,96290,,50837,20220,
migrate_demo,client,1,13038841,96290,,50837,20220,
migrate_demo,client,1,13044088,96290,,50837,20220,
migrate_demo,client,1,13049348,96290,,50837,20220,
migrate_demo,client,1,13054590,96290,,50837,20220,
migrate_demo,client,1,13059876,96290,,50837,20220,
migrate_demo,client,1,13065192,96290,,50837,20220,
migrate_demo,client,1,13070428,96290,,50837,20220,
migrate_demo,client,1,13075622,96290,,50837,20220,
migrate_demo,client,1,13080849,96290,,50837,20220,
migrate_demo,client,1,13086177,96290,,50837,20220,
migrate_demo,client,1,13091430,96290,,50837,20220,
migrate_demo,client,1,13096726,96290,,50837,20220,
migrate_demo,client,1,13101932,96290,,50837,20220,
migrate_demo,client,1,13107138,96290,,50837,20220,
migrate_demo,client,1,13112382,96290,,50837,20220,
migrate_demo,client,1,13117693,96290,,50837,20220,
migrate_demo,client,1,13123006,96290,,50837,20220,
migrate_demo,client,1,13128153,96290,,50837,20220,
migrate_demo,client,1,13133395,96290,,50837,20220,
migrate_demo,client,1,13138698,96290,,50837,20220,
migrate_demo,client,1,13143911,96290,,50837,20220,
migrate_demo,client,1,13149158,96290,,50837,20220,
migrate_demo,client,1,13154516,96290,,50837,20220,
migrate_demo,client,1,13159802,96290,,50837,20220,
migrate_demo,client,1,13165064,96290,,50837,20220,
migrate_demo,client,1,13170328,96290,,50837,20220,
migrate_demo,client,1,13175583,96290,,49574,20220,
migrate_demo,client,1,13180725,96290,,49574,20220,
migrate_demo,client,1,13185876,96290,,49574,20220,
migrate_demo,client,1,13191141,96290,,49574,20220,
migrate_demo,client,1,13196341,96290,,49574,20220,
migrate_demo,client,1,13201560,96290,,49574,20220,
migrate_demo,client,1,13206838,96290,,49574,20220,
migrate_demo,client,1,13212077,96290,,49574,20220,
migrate_demo,client,1,13217383,96290,,49574,20220,
migrate_demo,client,1,13222803,96290,,49574,20220,
migrate_demo,client,1,13228029,96290,,49574,20220,
migrate_demo,client,1,13233206,96290,,49574,20220,
migrate_demo,client,1,13238408,96290,,49574,20220,
migrate_demo,client,1,13243634,96290,,49574,20220,
migrate_demo,client,1,13248940,96290,,49574,20220,
migrate_demo,client,1,13254187,96290,,48476,20220,
migrate_demo,client,1,13259415,96290,,48476,20220,
migrate_demo,client,1,13264620,96290,,48476,20220,
migrate_demo,client,1,13269878,96290,,48476,20220,
migrate_demo,client,1,13275110,96290,,48476,20220,
migrate_demo,client,1,13280339,96290,,48476,20220,
migrate_demo,client,1,13285587,96290,,48476,20220,
migrate_demo,client,1,13290931,96290,,48476,20220,
migrate_demo,client,1,13296349,96290,,48476,20220,
migrate_demo,client,1,13301690,96290,,48476,20220,
migrate_demo,client,1,13306949,96290,,47555,20220,
migrate_demo,client,1,13312227,96290,,47555,20220,
migrate_demo,client,1,13317557,96290,,47555,20220,
migrate_demo,client,1,13322864,96290,,47555,20220,
migrate_demo,client,1,13328129,96290,,47555,20220,
migrate_demo,client,1,13333489,96290,,47555,20220,
migrate_demo,client,1,13338788,96290,,47555,20220,
migrate_demo,client,1,13344041,96290,,47555,20220,
migrate_demo,client,1,13349283,96290,,47555,20220,
migrate_demo,client,1,13354550,96290,,47555,20220,
migrate_demo,client,1,13359764,96290,,47555,20220,
migrate_demo,client,1,13365021,96290,,47555,20220,
migrate_demo,client,1,13370267,96290,,47555,20220,
migrate_demo,client,1,13375544,96290,,47555,20220,
migrate_demo,client,1,13380845,96290,,47555,20220,
migrate_demo,client,1,13386085,96290,,46718,20220,
migrate_demo,client,1,13391301,96290,,46718,20220,
migrate_demo,client,1,13396579,96290,,46718,20220,
migrate_demo,client,1,13401811,96290,,46718,20220,
migrate_demo,client,1,13407157,96290,,46718,20220,
migrate_demo,client,1,13412386,96290,,46718,20220,
migrate_demo,client,1,13418383,96290,,46718,20220,
migrate_demo,client,1,13423632,96290,,46718,20220,
migrate_demo,client,1,13428919,96290,,46718,20220,
migrate_demo,client,1,13434249,96290,,46718,20220,
migrate_demo,client,1,13439564,96290,,46718,20220,
migrate_demo,client,1,13444839,96290,,46718,20220,
migrate_demo,client,1,13450278,96290,,46718,20220,
migrate_demo,client,1,13455664,96290,,46718,20220,
migrate_demo,client,1,13461082,96290,,46718,20220,
migrate_demo,client,1,13466409,96290,,46718,20220,
migrate_demo,client,1,13471903,96290,,46718,20220,
migrate_demo,client,1,13477252,96290,,46718,20220,
migrate_demo,client,1,13482780,96290,,46718,20220,
migrate_demo,client,1,13488047,96290,,46718,20220,
migrate_demo,client,1,13493312,96290,,46718,20220,
migrate_demo,client,1,13498519,96290,,46718,20220,
migrate_demo,client,1,13503797,96290,,46718,20220,
migrate_demo,client,1,13509039,96290,,46718,20220,
migrate_demo,client,1,13514313,96290,,46718,20220,
migrate_demo,client,1,13519530,96290,,46718,20220,
migrate_demo,client,1,13524807,96290,,46718,20220,
migrate_demo,client,1,13530075,96290,,46718,20220,
migrate_demo,client,1,13535300,96290,,46718,20220,
migrate_demo,client,1,13540493,96290,,45971,20220,
migrate_demo,client,1,13545750,96290,,45971,20220,
migrate_demo,client,1,13551017,96290,,45971,20220,
migrate_demo,client,1,13556268,96290,,45971,20220,
migrate_demo,client,1,13561545,96290,,45971,20220,
migrate_demo,client,1,13566828,96290,,45971,20220,
migrate_demo,client,1,13572086,96290,,45971,20220,
migrate_demo,client,1,13577314,96290,,45971,20220,
migrate_demo,client,1,13582523,96290,,45971,20220,
migrate_demo,client,1,13587792,96290,,45971,20220,
migrate_demo,client,1,13593088,96290,,45971,20220,
migrate_demo,client,1,13598327,96290,,45971,20220,
migrate_demo,client,1,13603536,96290,,45971,20220,
migrate_demo,client,1,13608846,96290,,45971,20220,
migrate_demo,client,1,13614080,96290,,45971,20220,
migrate_demo,client,1,13619347,96290,,45971,20220,
migrate_demo,client,1,13624643,96290,,45971,20220,
migrate_demo,client,1,13629874,96290,,45971,20220,
migrate_demo,client,1,13635164,96290,,45971,20220,
migrate_demo,client,1,13640329,96290,,45971,20220,
migrate_demo,client,1,13645610,96290,,45381,20220,
migrate_demo,client,1,13651094,96290,,45381,20220,
migrate_demo,client,1,13656484,96290,,45381,20220,
migrate_demo,client,1,13661802,96290,,45381,20220,
migrate_demo,client,1,13667040,96290,,44808,20220,
migrate_demo,client,1,13672314,96290,,44808,20220,
migrate_demo,client,1,13677555,96290,,44808,20220,
migrate_demo,client,1,13682815,96290,,44808,20220,
migrate_demo,client,1,13688080,96290,,44356,20220,
migrate_demo,client,1,13693269,96290,,44356,20220,
migrate_demo,client,1,13698507,96290,,44356,20220,
migrate_demo,client,1,13703716,96290,,44356,20220,
migrate_demo,client,1,13708956,96290,,44356,20220,
migrate_demo,client,1,13714185,96290,,43932,20220,
migrate_demo,client,1,13719575,96290,,43932,20220,
migrate_demo,client,1,13724833,96290,,43932,20220,
migrate_demo,client,1,13730079,96290,,43932,20220,
migrate_demo,client,1,13735325,96290,,43932,20220,
migrate_demo,client,1,13740599,96290,,43932,20220,
migrate_demo,client,1,13745846,96290,,43932,20220,
migrate_demo,client,1,13751047,96290,,43932,20220,
migrate_demo,client,1,13756366,96290,,43932,20220,
migrate_demo,client,1,13761765,96290,,43629,20220,
migrate_demo,client,1,13767069,96290,,43629,20220,
migrate_demo,client,1,13772290,96290,,43629,20220,
migrate_demo,client,1,13777620,96290,,43629,20220,
migrate_demo,client,1,13782858,96290,,43629,20220,
migrate_demo,client,1,13788086,96290,,43322,20220,
migrate_demo,client,1,13793447,96290,,43322,20220,
migrate_demo,client,1,13798664,96290,,43322,20220,
migrate_demo,client,1,13803915,96290,,43322,20220,
migrate_demo,client,1,13809229,96290,,43322,20220,
migrate_demo,client,1,13814473,96290,,43322,20220,
migrate_demo,client,1,13819736,96290,,43322,20220,
migrate_demo,client,1,13824921,96290,,43322,20220,
migrate_demo,client,1,13830290,96290,,43322,20220,
migrate_demo,client,1,13835626,96290,,43322,20220,
migrate_demo,client,1,13840887,96290,,43023,20220,
migrate_demo,client,1,13846297,96290,,43023,20220,
migrate_demo,client,1,13851569,96290,,43023,20220,
migrate_demo,client,1,13856982,96290,,43023,20220,
migrate_demo,client,1,13862277,96290,,43023,20220,
migrate_demo,client,1,13867621,96290,,42783,20220,
migrate_demo,client,1,13873005,96290,,42783,20220,
migrate_demo,client,1,13878296,96290,,42783,20220,
migrate_demo,client,1,13883565,96290,,42783,20220,
migrate_demo,client,1,13888805,96290,,42783,20220,
migrate_demo,client,1,13894046,96290,,42783,20220,
migrate_demo,client,1,13899262,96290,,42783,20220,
migrate_demo,client,1,13904440,96290,,42783,20220,
migrate_demo,client,1,13909646,96290,,42783,20220,
migrate_demo,client,1,13914912,96290,,42783,20220,
migrate_demo,client,1,13920197,96290,,42572,20220,
migrate_demo,client,1,13925466,96290,,42572,20220,
migrate_demo,client,1,13930677,96290,,42572,20220,
migrate_demo,client,1,13935986,96290,,42572,20220,
migrate_demo,client,1,13941312,96290,,42572,20220,
migrate_demo,client,1,13946558,96290,,42352,20220,
migrate_demo,client,1,13951806,96290,,42352,20220,
migrate_demo,client,1,13957034,96290,,42352,20220,
migrate_demo,client,1,13962290,96290,,42352,20220,
migrate_demo,client,1,13967576,96290,,42352,20220,
migrate_demo,client,1,13972808,96290,,42352,20220,
migrate_demo,client,1,13978032,96290,,42352,20220,
migrate_demo,client,1,13983341,96290,,42352,20220,
migrate_demo,client,1,13988639,96290,,42352,20220,
migrate_demo,client,1,13993900,96290,,42352,20220,
migrate_demo,client,1,13999205,96290,,42217,20220,
migrate_demo,client,1,14004506,96290,,42217,20220,
migrate_demo,client,1,14009710,96290,,42217,20220,
migrate_demo,client,1,14014876,96290,,42217,20220,
migrate_demo,client,1,14020219,96290,,42217,20220,
migrate_demo,client,1,14025466,96290,,42046,20220,
migrate_demo,client,1,14030699,96290,,42046,20220,
migrate_demo,client,1,14035958,96290,,42046,20220,
migrate_demo,client,1,14041228,96290,,42046,20220,
migrate_demo,client,1,14046463,96290,,42046,20220,
migrate_demo,client,1,14051688,96290,,42046,20220,
migrate_demo,client,1,14056943,96290,,42046,20220,
migrate_demo,client,1,14062140,96290,,42046,20220,
migrate_demo,client,1,14067415,96290,,42046,20220,
migrate_demo,client,1,14072676,96290,,42046,20220,
migrate_demo,client,1,14077944,96290,,41974,20220,
migrate_demo,client,1,14083194,96290,,41974,20220,
migrate_demo,client,1,14088455,96290,,41974,20220,
migrate_demo,client,1,14093991,96290,,41974,20220,
migrate_demo,client,1,14099243,96290,,41974,20220,
migrate_demo,client,1,14104433,96290,,41974,20220,
migrate_demo,client,1,14109647,96290,,41974,20220,
migrate_demo,client,1,14114895,96290,,41974,20220,
migrate_demo,client,1,14120196,96290,,41974,20220,
migrate_demo,client,1,14125510,96290,,41974,20220,
migrate_demo,client,1,14130716,96290,,41913,20220,
migrate_demo,client,1,14135965,96290,,41913,20220,
migrate_demo,client,1,14141187,96290,,41913,20220,
migrate_demo,client,1,14146463,96290,,41913,20220,
migrate_demo,client,1,14151722,96290,,41791,20220,
migrate_demo,client,1,14157010,96290,,41791,20220,
migrate_demo,client,1,14162261,96290,,41791,20220,
migrate_demo,client,1,14167551,96290,,41791,20220,
migrate_demo,client,1,14172809,96290,,41791,20220,
migrate_demo,client,1,14178056,96290,,41687,20220,
migrate_demo,client,1,14183297,96290,,41687,20220,
migrate_demo,client,1,14188490,96290,,41687,20220,
migrate_demo,client,1,14193760,96290,,41687,20220,
migrate_demo,client,1,14199039,96290,,41687,20220,
migrate_demo,client,1,14204299,96290,,41573,20220,
migrate_demo,client,1,14209523,96290,,41573,20220,
migrate_demo,client,1,14214758,96290,,41573,20220,
migrate_demo,client,1,14219894,96290,,41573,20220,
migrate_demo,client,1,14225102,96290,,41573,20220,
migrate_demo,client,1,14230348,96290,,41570,20220,
migrate_demo,client,1,14235557,96290,,41570,20220,
migrate_demo,client,1,14240815,96290,,41570,20220,
migrate_demo,client,1,14246121,96290,,41570,20220,
migrate_demo,client,1,14251403,96290,,41570,20220,
migrate_demo,client,1,14256649,96290,,41487,20220,
migrate_demo,client,1,14261862,96290,,41487,20220,
migrate_demo,client,1,14267164,96290,,41487,20220,
migrate_demo,client,1,14272458,96290,,41487,20220,
migrate_demo,client,1,14277675,96290,,41487,20220,
migrate_demo,client,1,14282887,96290,,41396,20220,
migrate_demo,client,1,14288135,96290,,41396,20220,
migrate_demo,client,1,14293413,96290,,41396,20220,
migrate_demo,client,1,14298636,96290,,41396,20220,
migrate_demo,client,1,14303918,96290,,41396,20220,
migrate_demo,client,1,14309193,96290,,41322,20220,
migrate_demo,client,1,14314614,96290,,41322,20220,
migrate_demo,client,1,14319841,96290,,41322,20220,
migrate_demo,client,1,14325020,96290,,41322,20220,
migrate_demo,client,1,14330339,96290,,41322,20220,
migrate_demo,client,1,14335677,96290,,41299,20220,
migrate_demo,client,1,14341025,96290,,41299,20220,
migrate_demo,client,1,14346248,96290,,41299,20220,
migrate_demo,client,1,14351518,96290,,41299,20220,
migrate_demo,client,1,14356689,96290,,41276,20220,
migrate_demo,client,1,14361924,96290,,41276,20220,
migrate_demo,client,1,14367166,96290,,41276,20220,
migrate_demo,client,1,14372421,96290,,41276,20220,
migrate_demo,client,1,14377636,96290,,41276,20220,
migrate_demo,client,1,14382878,96290,,41220,20220,
migrate_demo,client,1,14388078,96290,,41220,20220,
migrate_demo,client,1,14393306,96290,,41220,20220,
migrate_demo,client,1,14398534,96290,,41220,20220,
migrate_demo,client,1,14403747,96290,,41220,20220,
migrate_demo,client,1,14408988,96290,,41160,20220,
migrate_demo,client,1,14414278,96290,,41160,20220,
migrate_demo,client,1,14419511,96290,,41160,20220,
migrate_demo,client,1,14424770,96290,,41160,20220,
migrate_demo,client,1,14430006,96290,,41160,20220,
migrate_demo,client,1,14435222,96290,,41127,20220,
migrate_demo,client,1,14440487,96290,,41127,20220,
migrate_demo,client,1,14445671,96290,,41127,20220,
migrate_demo,client,1,14450908,96290,,41127,20220,
migrate_demo,client,1,14456144,96290,,41132,20220,
migrate_demo,client,1,14461498,96290,,41132,20220,
migrate_demo,client,1,14466765,96290,,41132,20220,
migrate_demo,client,1,14471980,96290,,41132,20220,
migrate_demo,client,1,14477280,96290,,41132,20220,
migrate_demo,client,1,14482474,96290,,41107,20220,
migrate_demo,client,1,14487767,96290,,41107,20220,
migrate_demo,client,1,14493021,96290,,41107,20220,
migrate_demo,client,1,14498235,96290,,41107,20220,
migrate_demo,client,1,14503479,96290,,41107,20220,
migrate_demo,client,1,14508941,96290,,41074,20220,
migrate_demo,client,1,14514229,96290,,41074,20220,
migrate_demo,client,1,14519472,96290,,41074,20220,
migrate_demo,client,1,14524714,96290,,41074,20220,
migrate_demo,client,1,14530112,96290,,41060,20220,
migrate_demo,client,1,14535391,96290,,41060,20220,
migrate_demo,client,1,14540516,96290,,41060,20220,
migrate_demo,client,1,14545735,96290,,41060,20220,
migrate_demo,client,1,14550991,96290,,41060,20220,
migrate_demo,client,1,14556320,96290,,41014,20220,
migrate_demo,client,1,14561613,96290,,41014,20220,
migrate_demo,client,1,14566726,96290,,41014,20220,
migrate_demo,client,1,14571939,96290,,41014,20220,
migrate_demo,client,1,14577206,96290,,40975,20220,
migrate_demo,client,1,14582475,96290,,40975,20220,
migrate_demo,client,1,14587759,96290,,40975,20220,
migrate_demo,client,1,14593075,96290,,40975,20220,
migrate_demo,client,1,14598356,96290,,40975,20220,
migrate_demo,client,1,14603561,96290,,40978,20220,
migrate_demo,client,1,14608806,96290,,40978,20220,
migrate_demo,client,1,14613993,96290,,40978,20220,
migrate_demo,client,1,14619274,96290,,40978,20220,
migrate_demo,client,1,14624486,96290,,40978,20220,
migrate_demo,client,1,14629842,96290,,40997,20220,
migrate_demo,client,1,14635059,96290,,40997,20220,
migrate_demo,client,1,14640270,96290,,40997,20220,
migrate_demo,client,1,14645565,96290,,40997,20220,
migrate_demo,client,1,14650752,96290,,40972,20220,
migrate_demo,client,1,14656019,96290,,40972,20220,
migrate_demo,client,1,14661211,96290,,40972,20220,
migrate_demo,client,1,14666491,96290,,40972,20220,
migrate_demo,client,1,14671713,96290,,41500,20220,
migrate_demo,client,1,14676993,96290,,41500,20220,
migrate_demo,client,1,14682198,96290,,41500,20220,
migrate_demo,client,1,14687422,96290,,41500,20220,
migrate_demo,client,1,14692675,96290,,41465,20220,
migrate_demo,client,1,14697941,96290,,41465,20220,
migrate_demo,client,1,14703164,96290,,41465,20220,
migrate_demo,client,1,14708421,96290,,41465,20220,
migrate_demo,client,1,14713708,96290,,41390,20220,
migrate_demo,client,1,14719046,96290,,41390,20220,
migrate_demo,client,1,14724281,96290,,41390,20220,
migrate_demo,client,1,14729577,96290,,41390,20220,
migrate_demo,client,1,14734808,96290,,41390,20220,
migrate_demo,client,1,14739988,96290,,41323,20220,
migrate_demo,client,1,14745283,96290,,41323,20220,
migrate_demo,client,1,14750507,96290,,41323,20220,
migrate_demo,client,1,14755754,96290,,41323,20220,
migrate_demo,client,1,14761037,96290,,41311,20220,
migrate_demo,client,1,14766239,96290,,41311,20220,
migrate_demo,client,1,14771427,96290,,41311,20220,
migrate_demo,client,1,14776661,96290,,41311,20220,
migrate_demo,client,1,14781870,96290,,41311,20220,
migrate_demo,client,1,14787063,96290,,41233,20220,
migrate_demo,client,1,14792300,96290,,41233,20220,
migrate_demo,client,1,14797558,96290,,41233,20220,
migrate_demo,client,1,14802769,96290,,41233,20220,
migrate_demo,client,1,14808126,96290,,41179,20220,
migrate_demo,client,1,14813359,96290,,41179,20220,
migrate_demo,client,1,14818661,96290,,41179,20220,
migrate_demo,client,1,14823945,96290,,41179,20220,
migrate_demo,client,1,14829198,96290,,41179,20220,
migrate_demo,client,1,14834461,96290,,41127,20220,
migrate_demo,client,1,14839763,96290,,41127,20220,
migrate_demo,client,1,14845100,96290,,41127,20220,
migrate_demo,client,1,14850387,96290,,41127,20220,
migrate_demo,client,1,14855566,96290,,41101,20220,
migrate_demo,client,1,14860816,96290,,41101,20220,
migrate_demo,client,1,14866039,96290,,41101,20220,
migrate_demo,client,1,14871217,96290,,41101,20220,
migrate_demo,client,1,14876562,96290,,41075,20220,
migrate_demo,client,1,14881813,96290,,41075,20220,
migrate_demo,client,1,14887111,96290,,41075,20220,
migrate_demo,client,1,14892314,96290,,41075,20220,
migrate_demo,client,1,14897566,96290,,41075,20220,
migrate_demo,client,1,14902858,96290,,41035,20220,
migrate_demo,client,1,14908109,96290,,41035,20220,
migrate_demo,client,1,14913333,96290,,41035,20220,
migrate_demo,client,1,14918615,96290,,41035,20220,
migrate_demo,client,1,14923851,96290,,41018,20220,
migrate_demo,client,1,14929102,96290,,41018,20220,
migrate_demo,client,1,14934418,96290,,41018,20220,
migrate_demo,client,1,14939796,96290,,41018,20220,
migrate_demo,client,1,14945049,96290,,40982,20220,
migrate_demo,client,1,14950252,96290,,40982,20220,
migrate_demo,client,1,14955587,96290,,40982,20220,
migrate_demo,client,1,14960840,96290,,40982,20220,
migrate_demo,client,1,14966112,96290,,40982,20220,
migrate_demo,client,1,14971339,96290,,41020,20220,
migrate_demo,client,1,14976609,96290,,41020,20220,
migrate_demo,client,1,14981844,96290,,41020,20220,
migrate_demo,client,1,14987106,96290,,41020,20220,
migrate_demo,client,1,14992283,96290,,41024,20220,
migrate_demo,client,1,14997563,96290,,41024,20220,
migrate_demo,client,1,15002910,96290,,41024,20220,
migrate_demo,client,1,15008138,96290,,41024,20220,
migrate_demo,client,1,15013305,96290,,41014,20220,
migrate_demo,client,1,15018562,96290,,41014,20220,
migrate_demo,client,1,15023801,96290,,41014,20220,
migrate_demo,client,1,15029042,96290,,41014,20220,
migrate_demo,client,1,15034273,96290,,41014,20220,
migrate_demo,client,1,15039547,96290,,40988,20220,
migrate_demo,client,1,15044766,96290,,40988,20220,
migrate_demo,client,1,15049965,96290,,40988,20220,
migrate_demo,client,1,15055236,96290,,40988,20220,
migrate_demo,client,1,15060424,96290,,40978,20220,
migrate_demo,client,1,15065662,96290,,40978,20220,
migrate_demo,client,1,15070880,96290,,40978,20220,
migrate_demo,client,1,15076092,96290,,40978,20220,
migrate_demo,client,1,15081324,96290,,40961,20220,
migrate_demo,client,1,15086569,96290,,40961,20220,
migrate_demo,client,1,15091853,96290,,40961,20220,
migrate_demo,client,1,15097098,96290,,40961,20220,
migrate_demo,client,1,15102390,96290,,40961,20220,
migrate_demo,client,1,15107578,96290,,40944,20220,
migrate_demo,client,1,15112810,96290,,40944,20220,
migrate_demo,client,1,15118107,96290,,40944,20220,
migrate_demo,client,1,15123341,96290,,40944,20220,
migrate_demo,client,1,15128517,96290,,40931,20220,
migrate_demo,client,1,15133751,96290,,40931,20220,
migrate_demo,client,1,15139016,96290,,40931,20220,
migrate_demo,client,1,15144238,96290,,40931,20220,
migrate_demo,client,1,15149455,96290,,40931,20220,
migrate_demo,client,1,15154742,96290,,40948,20220,
migrate_demo,client,1,15159988,96290,,40948,20220,
migrate_demo,client,1,15165236,96290,,40948,20220,
migrate_demo,client,1,15170460,96290,,40948,20220,
migrate_demo,client,1,15175658,96290,,40938,20220,
migrate_demo,client,1,15180966,96290,,40938,20220,
migrate_demo,client,1,15186225,96290,,40938,20220,
migrate_demo,client,1,15191515,96290,,40938,20220,
migrate_demo,client,1,15196768,96290,,40926,20220,
migrate_demo,client,1,15201993,96290,,40926,20220,
migrate_demo,client,1,15207199,96290,,40926,20220,
migrate_demo,client,1,15212410,96290,,40926,20220,
migrate_demo,client,1,15217630,96290,,40920,20220,
migrate_demo,client,1,15222924,96290,,40920,20220,
migrate_demo,client,1,15228166,96290,,40920,20220,
migrate_demo,client,1,15233419,96290,,40920,20220,
migrate_demo,client,1,15238784,96290,,40920,20220,
migrate_demo,client,1,15244025,96290,,40918,20220,
migrate_demo,client,1,15249303,96290,,40918,20220,
migrate_demo,client,1,15254592,96290,,40918,20220,
migrate_demo,client,1,15259818,96290,,40918,20220,
migrate_demo,client,1,15265067,96290,,40903,20220,
migrate_demo,client,1,15270256,96290,,40903,20220,
migrate_demo,client,1,15275512,96290,,40903,20220,
migrate_demo,client,1,15280732,96290,,40903,20220,
migrate_demo,client,1,15285975,96290,,40903,20220,
migrate_demo,client,1,15291176,96290,,40964,20220,
migrate_demo,client,1,15296418,96290,,40964,20220,
migrate_demo,client,1,15301622,96290,,40964,20220,
migrate_demo,client,1,15306888,96290,,40964,20220,
migrate_demo,client,1,15312089,96290,,40976,20220,
migrate_demo,client,1,15317357,96290,,40976,20220,
migrate_demo,client,1,15322539,96290,,40976,20220,
migrate_demo,client,1,15327796,96290,,40976,20220,
migrate_demo,client,1,15333009,96290,,41030,20220,
migrate_demo,client,1,15338262,96290,,41030,20220,
migrate_demo,client,1,15343483,96290,,41030,20220,
migrate_demo,client,1,15348780,96290,,41030,20220,
migrate_demo,client,1,15354080,96290,,41030,20220,
migrate_demo,client,1,15359301,96290,,41077,20220,
migrate_demo,client,1,15364570,96290,,41077,20220,
migrate_demo,client,1,15369813,96290,,41077,20220,
migrate_demo,client,1,15375025,96290,,41077,20220,
migrate_demo,client,1,15380297,96290,,41113,20220,
migrate_demo,client,1,15385599,96290,,41113,20220,
migrate_demo,client,1,15390813,96290,,41113,20220,
migrate_demo,client,1,15396006,96290,,41113,20220,
migrate_demo,client,1,15401252,96290,,41135,20220,
migrate_demo,client,1,15406566,96290,,41135,20220,
migrate_demo,client,1,15411983,96290,,41135,20220,
migrate_demo,client,1,15417223,96290,,41135,20220,
migrate_demo,client,1,15422514,96290,,41135,20220,
migrate_demo,client,1,15427846,96290,,41227,20220,
migrate_demo,client,1,15433120,96290,,41227,20220,
migrate_demo,client,1,15438387,96290,,41227,20220,
migrate_demo,client,1,15443628,96290,,41227,20220,
migrate_demo,client,1,15448887,96290,,41309,20220,
migrate_demo,client,1,15454091,96290,,41309,20220,
migrate_demo,client,1,15459263,96290,,41309,20220,
migrate_demo,client,1,15464484,96290,,41309,20220,
migrate_demo,client,1,15469690,96290,,41376,20220,
migrate_demo,client,1,15474959,96290,,41376,20220,
migrate_demo,client,1,15480221,96290,,41376,20220,
migrate_demo,client,1,15485549,96290,,41376,20220,
migrate_demo,client,1,15490855,96290,,41376,20220,
migrate_demo,client,1,15496101,96290,,41431,20220,
migrate_demo,client,1,15501361,96290,,41431,20220,
migrate_demo,client,1,15506596,96290,,41431,20220,
migrate_demo,client,1,15511895,96290,,41431,20220,
migrate_demo,client,1,15517126,96290,,41486,20220,
migrate_demo,client,1,15522434,96290,,41486,20220,
migrate_demo,client,1,15527687,96290,,41486,20220,
migrate_demo,client,1,15533006,96290,,41486,20220,
migrate_demo,client,1,15538253,96290,,41558,20220,
migrate_demo,client,1,15543582,96290,,41558,20220,
migrate_demo,client,1,15548848,96290,,41558,20220,
migrate_demo,client,1,15554161,96290,,41558,20220,
migrate_demo,client,1,15559435,96290,,41558,20220,
migrate_demo,client,1,15564666,96290,,43107,20220,
migrate_demo,client,1,15569950,96290,,43107,20220,
migrate_demo,client,1,15575179,96290,,43951,20220,
migrate_demo,client,1,15580453,96290,,43951,20220,
migrate_demo,client,1,15585649,96290,,43951,20220,
migrate_demo,client,1,15590849,96290,,43738,20220,
migrate_demo,client,1,15596100,96290,,43738,20220,
migrate_demo,client,1,15601315,96290,,43738,20220,
migrate_demo,client,1,15606585,96290,,43738,20220,
migrate_demo,client,1,15611816,96290,,43605,20220,
migrate_demo,client,1,15617057,96290,,43605,20220,
migrate_demo,client,1,15622443,96290,,43605,20220,
migrate_demo,client,1,15627674,96290,,43605,20220,
migrate_demo,client,1,15632922,96290,,43504,20220,
migrate_demo,client,1,15638179,96290,,43504,20220,
migrate_demo,client,1,15643426,96290,,43504,20220,
migrate_demo,client,1,15648597,96290,,43504,20220,
migrate_demo,client,1,15653831,96290,,43504,20220,
migrate_demo,client,1,15659002,96290,,43428,20220,
migrate_demo,client,1,15664235,96290,,43428,20220,
migrate_demo,client,1,15669468,96290,,43428,20220,
migrate_demo,client,1,15674722,96290,,43428,20220,
migrate_demo,client,1,15679966,96290,,43321,20220,
migrate_demo,client,1,15685251,96290,,43321,20220,
migrate_demo,client,1,15690514,96290,,43321,20220,
migrate_demo,client,1,15695782,96290,,43321,20220,
migrate_demo,client,1,15700958,96290,,43280,20220,
migrate_demo,client,1,15706151,96290,,43280,20220,
migrate_demo,client,1,15711368,96290,,43280,20220,
migrate_demo,client,1,15716589,96290,,43280,20220,
migrate_demo,client,1,15721793,96290,,43280,20220,
migrate_demo,client,1,15727062,96290,,43301,20220,
migrate_demo,client,1,15732300,96290,,43301,20220,
migrate_demo,client,1,15737538,96290,,43301,20220,
migrate_demo,client,1,15742799,96290,,43301,20220,
migrate_demo,client,1,15747972,96290,,43280,20220,
migrate_demo,client,1,15753224,96290,,43280,20220,
migrate_demo,client,1,15758462,96290,,43280,20220,
migrate_demo,client,1,15763733,96290,,43280,20220,
migrate_demo,client,1,15768965,96290,,43280,20220,
migrate_demo,client,1,15774144,96290,,43345,20220,
migrate_demo,client,1,15779425,96290,,43345,20220,
migrate_demo,client,1,15784696,96290,,43345,20220,
migrate_demo,client,1,15789972,96290,,43345,20220,
migrate_demo,client,1,15795216,96290,,43404,20220,
migrate_demo,client,1,15800568,96290,,43404,20220,
migrate_demo,client,1,15805817,96290,,43404,20220,
migrate_demo,client,1,15811164,96290,,43404,20220,
migrate_demo,client,1,15816477,96290,,43465,20220,
migrate_demo,client,1,15821758,96290,,43465,20220,
migrate_demo,client,1,15826993,96290,,43465,20220,
migrate_demo,client,1,15832253,96290,,43465,20220,
migrate_demo,client,1,15837489,96290,,43465,20220,
migrate_demo,client,1,15842751,96290,,43584,20220,
migrate_demo,client,1,15848011,96290,,43584,20220,
migrate_demo,client,1,15853232,96290,,43584,20220,
migrate_demo,client,1,15858492,96290,,43584,20220,
migrate_demo,client,1,15863703,96290,,43637,20220,
migrate_demo,client,1,15868947,96290,,43637,20220,
migrate_demo,client,1,15874173,96290,,43637,20220,
migrate_demo,client,1,15879347,96290,,43637,20220,
migrate_demo,client,1,15884568,96290,,43716,20220,
migrate_demo,client,1,15889927,96290,,43716,20220,
migrate_demo,client,1,15895316,96290,,43716,20220,
migrate_demo,client,1,15900506,96290,,43716,20220,
migrate_demo,client,1,15905760,96290,,43716,20220,
migrate_demo,client,1,15911147,96290,,43867,20220,
migrate_demo,client,1,15916385,96290,,43867,20220,
migrate_demo,client,1,15921715,96290,,43867,20220,
migrate_demo,client,1,15926988,96290,,43867,20220,
migrate_demo,client,1,15932253,96290,,43997,20220,
migrate_demo,client,1,15937649,96290,,43997,20220,
migrate_demo,client,1,15942923,96290,,43997,20220,
migrate_demo,client,1,15948199,96290,,43997,20220,
migrate_demo,client,1,15953440,96290,,44164,20220,
migrate_demo,client,1,15958774,96290,,44164,20220,
migrate_demo,client,1,15963939,96290,,44164,20220,
migrate_demo,client,1,15969185,96290,,44164,20220,
migrate_demo,client,1,15974419,96290,,44164,20220,
migrate_demo,client,1,15979590,96290,,44318,20220,
migrate_demo,client,1,15984923,96290,,44318,20220,
migrate_demo,client,1,15990161,96290,,44318,20220,
migrate_demo,client,1,15995445,96290,,44318,20220,
migrate_demo,client,1,16000766,96290,,44457,20220,
migrate_demo,client,1,16006082,96290,,44457,20220,
migrate_demo,client,1,16011378,96290,,44457,20220,
migrate_demo,client,1,16016722,96290,,44457,20220,
migrate_demo,client,1,16021918,96290,,44635,20220,
migrate_demo,client,1,16027244,96290,,44635,20220,
migrate_demo,client,1,16032549,96290,,44635,20220,
migrate_demo,client,1,16037826,96290,,44635,20220,
migrate_demo,client,1,16043087,96290,,44635,20220,
migrate_demo,client,1,16048245,96290,,44794,20220,
migrate_demo,client,1,16053461,96290,,44794,20220,
migrate_demo,client,1,16058671,96290,,44794,20220,
migrate_demo,client,1,16063897,96290,,44794,20220,
migrate_demo,client,1,16069051,96290,,45006,20220,
migrate_demo,client,1,16074261,96290,,45006,20220,
migrate_demo,client,1,16079543,96290,,45006,20220,
migrate_demo,client,1,16084846,96290,,45006,20220,
migrate_demo,client,1,16090113,96290,,45181,20220,
migrate_demo,client,1,16095361,96290,,45181,20220,
migrate_demo,client,1,16100586,96290,,45181,20220,
migrate_demo,client,1,16105899,96290,,45181,20220,
migrate_demo,client,1,16111217,96290,,45181,20220,
migrate_demo,client,1,16116427,96290,,45332,20220,
migrate_demo,client,1,16121726,96290,,45332,20220,
migrate_demo,client,1,16126985,96290,,45332,20220,
migrate_demo,client,1,16132249,96290,,45332,20220,
migrate_demo,client,1,16137454,96290,,45554,20220,
migrate_demo,client,1,16142676,96290,,45554,20220,
migrate_demo,client,1,16147881,96290,,45554,20220,
migrate_demo,client,1,16153033,96290,,45554,20220,
migrate_demo,client,1,16158279,96290,,45554,20220,
migrate_demo,client,1,16163510,96290,,45723,20220,
migrate_demo,client,1,16168727,96290,,45723,20220,
migrate_demo,client,1,16173961,96290,,45723,20220,
migrate_demo,client,1,16179235,96290,,45723,20220,
migrate_demo,client,1,16184582,96290,,45936,20220,
migrate_demo,client,1,16189851,96290,,45936,20220,
migrate_demo,client,1,16195138,96290,,45936,20220,
migrate_demo,client,1,16200361,96290,,45936,20220,
migrate_demo,client,1,16205625,96290,,46100,20220,
migrate_demo,client,1,16210976,96290,,46100,20220,
migrate_demo,client,1,16216295,96290,,46100,20220,
migrate_demo,client,1,16221480,96290,,46100,20220,
migrate_demo,client,1,16226793,96290,,46100,20220,
migrate_demo,client,1,16232038,96290,,46327,20220,
migrate_demo,client,1,16237299,96290,,46327,20220,
migrate_demo,client,1,16242574,96290,,46327,20220,
migrate_demo,client,1,16247898,96290,,46327,20220,
migrate_demo,client,1,16253093,96290,,46525,20220,
migrate_demo,client,1,16258356,96290,,46525,20220,
migrate_demo,client,1,16263604,96290,,46525,20220,
migrate_demo,client,1,16268840,96290,,46525,20220,
migrate_demo,client,1,16274018,96290,,46763,20220,
migrate_demo,client,1,16279309,96290,,46763,20220,
migrate_demo,client,1,16284535,96290,,46763,20220,
migrate_demo,client,1,16289723,96290,,46763,20220,
migrate_demo,client,1,16295017,96290,,46763,20220,
migrate_demo,client,1,16300251,96290,,46978,20220,
migrate_demo,client,1,16305507,96290,,46978,20220,
migrate_demo,client,1,16310752,96290,,46978,20220,
migrate_demo,client,1,16316032,96290,,46978,20220,
migrate_demo,client,1,16321265,96290,,47226,20220,
migrate_demo,client,1,16326563,96290,,47226,20220,
migrate_demo,client,1,16331788,96290,,47226,20220,
migrate_demo,client,1,16337160,96290,,47226,20220,
migrate_demo,client,1,16342406,96290,,47401,20220,
migrate_demo,client,1,16347651,96290,,47401,20220,
migrate_demo,client,1,16352843,96290,,47401,20220,
migrate_demo,client,1,16358049,96290,,47401,20220,
migrate_demo,client,1,16363242,96290,,47401,20220,
migrate_demo,client,1,16368470,96290,,47623,20220,
migrate_demo,client,1,16373729,96290,,47623,20220,
migrate_demo,client,1,16379063,96290,,47623,20220,
migrate_demo,client,1,16384311,96290,,47623,20220,
migrate_demo,client,1,16389587,96290,,47849,20220,
migrate_demo,client,1,16394793,96290,,47849,20220,
migrate_demo,client,1,16400085,96290,,47849,20220,
migrate_demo,client,1,16405388,96290,,47849,20220,
migrate_demo,client,1,16410562,96290,,47849,20220,
migrate_demo,client,1,16415796,96290,,48106,20220,
migrate_demo,client,1,16420961,96290,,48106,20220,
migrate_demo,client,1,16426258,96290,,48106,20220,
migrate_demo,client,1,16431461,96290,,48106,20220,
migrate_demo,client,1,16436660,96290,,48294,20220,
migrate_demo,client,1,16441869,96290,,48294,20220,
migrate_demo,client,1,16447066,96290,,48294,20220,
migrate_demo,client,1,16452191,96290,,48294,20220,
migrate_demo,client,1,16457379,96290,,48526,20220,
migrate_demo,client,1,16462621,96290,,48526,20220,
migrate_demo,client,1,16467864,96290,,48526,20220,
migrate_demo,client,1,16473093,96290,,48526,20220,
migrate_demo,client,1,16478354,96290,,48526,20220,
migrate_demo,client,1,16483636,96290,,51162,20220,
migrate_demo,client,1,16488830,96290,,51138,20220,
migrate_demo,client,1,16494150,96290,,51138,20220,
migrate_demo,client,1,16499409,96290,,51138,20220,
migrate_demo,client,1,16504673,96290,,51138,20220,
migrate_demo,client,1,16509960,96290,,51106,20220,
migrate_demo,client,1,16515171,96290,,51106,20220,
migrate_demo,client,1,16520303,96290,,51106,20220,
migrate_demo,client,1,16525493,96290,,51106,20220,
migrate_demo,client,1,16530738,96290,,51146,20220,
migrate_demo,client,1,16536032,96290,,51146,20220,
migrate_demo,client,1,16541290,96290,,51146,20220,
migrate_demo,client,1,16546538,96290,,51146,20220,
migrate_demo,client,1,16551681,96290,,51146,20220,
migrate_demo,client,1,16556861,96290,,51189,20220,
migrate_demo,client,1,16562137,96290,,51189,20220,
migrate_demo,client,1,16567318,96290,,51189,20220,
migrate_demo,client,1,16572591,96290,,51189,20220,
migrate_demo,client,1,16577773,96290,,51287,20220,
migrate_demo,client,1,16582956,96290,,51287,20220,
migrate_demo,client,1,16588204,96290,,51287,20220,
migrate_demo,client,1,16593431,96290,,51287,20220,
migrate_demo,client,1,16598648,96290,,51287,20220,
migrate_demo,client,1,16603889,96290,,51376,20220,
migrate_demo,client,1,16609124,96290,,51376,20220,
migrate_demo,client,1,16614422,96290,,51376,20220,
migrate_demo,client,1,16619750,96290,,51376,20220,
migrate_demo,client,1,16624972,96290,,51513,20220,
migrate_demo,client,1,16630242,96290,,51513,20220,
migrate_demo,client,1,16635518,96290,,51513,20220,
migrate_demo,client,1,16640756,96290,,51513,20220,
migrate_demo,client,1,16645936,96290,,51593,20220,
migrate_demo,client,1,16651139,96290,,51593,20220,
migrate_demo,client,1,16656419,96290,,51593,20220,
migrate_demo,client,1,16661598,96290,,51593,20220,
migrate_demo,client,1,16666783,96290,,51593,20220,
migrate_demo,client,1,16671968,96290,,51763,20220,
migrate_demo,client,1,16677187,96290,,51763,20220,
migrate_demo,client,1,16682410,96290,,51763,20220,
migrate_demo,client,1,16687683,96290,,51763,20220,
migrate_demo,client,1,16692905,96290,,51915,20220,
migrate_demo,client,1,16698136,96290,,51915,20220,
migrate_demo,client,1,16703384,96290,,51915,20220,
migrate_demo,client,1,16708637,96290,,51915,20220,
migrate_demo,client,1,16713856,96290,,52112,20220,
migrate_demo,client,1,16719059,96290,,52112,20220,
migrate_demo,client,1,16724316,96290,,52112,20220,
migrate_demo,client,1,16729524,96290,,52112,20220,
migrate_demo,client,1,16734874,96290,,52112,20220,
migrate_demo,client,1,16740238,96290,,52281,20220,
migrate_demo,client,1,16745505,96290,,52281,20220,
migrate_demo,client,1,16750760,96290,,52281,20220,
migrate_demo,client,1,16755994,96290,,52281,20220,
migrate_demo,client,1,16761327,96290,,52494,20220,
migrate_demo,client,1,16766592,96290,,52494,20220,
migrate_demo,client,1,16771777,96290,,52494,20220,
migrate_demo,client,1,16777140,96290,,52494,20220,
migrate_demo,client,1,16782369,96290,,52677,20220,
migrate_demo,client,1,16787596,96290,,52677,20220,
migrate_demo,client,1,16792936,96290,,52677,20220,
migrate_demo,client,1,16798190,96290,,52677,20220,
migrate_demo,client,1,16803389,96290,,52677,20220,
migrate_demo,client,1,16808608,96290,,52896,20220,
migrate_demo,client,1,16813863,96290,,52896,20220,
migrate_demo,client,1,16819100,96290,,52896,20220,
migrate_demo,client,1,16824375,96290,,52896,20220,
migrate_demo,client,1,16829617,96290,,53086,20220,
migrate_demo,client,1,16834840,96290,,53086,20220,
migrate_demo,client,1,16840078,96290,,53086,20220,
migrate_demo,client,1,16845377,96290,,53086,20220,
migrate_demo,client,1,16850659,96290,,53086,20220,
migrate_demo,client,1,16855878,96290,,53331,20220,
migrate_demo,client,1,16861118,96290,,53331,20220,
migrate_demo,client,1,16866350,96290,,53331,20220,
migrate_demo,client,1,16871596,96290,,53331,20220,
migrate_demo,client,1,16876720,96290,,53539,20220,
migrate_demo,client,1,16881932,96290,,53539,20220,
migrate_demo,client,1,16887129,96290,,53539,20220,
migrate_demo,client,1,16892392,96290,,53539,20220,
migrate_demo,client,1,16897625,96290,,53791,20220,
migrate_demo,client,1,16902930,96290,,53791,20220,
migrate_demo,client,1,16908115,96290,,53791,20220,
migrate_demo,client,1,16913373,96290,,53791,20220,
migrate_demo,client,1,16918616,96290,,53791,20220,
migrate_demo,client,1,16923839,96290,,53997,20220,
migrate_demo,client,1,16934140,96290,,53997,20220,
migrate_demo,client,1,16939454,96290,,53997,20220,
migrate_demo,client,1,16944664,96290,,54244,20220,
migrate_demo,client,1,16949930,96290,,54244,20220,
migrate_demo,client,1,16955142,96290,,54244,20220,
migrate_demo,client,1,16960366,96290,,54244,20220,
migrate_demo,client,1,16965604,96290,,54244,20220,
migrate_demo,client,1,16970797,96290,,54462,20220,
migrate_demo,client,1,16976117,96290,,54462,20220,
migrate_demo,client,1,16981327,96290,,54462,20220,
migrate_demo,client,1,16986602,96290,,54462,20220,
migrate_demo,client,1,16991836,96290,,54280,20220,
migrate_demo,client,1,16997062,96290,,54280,20220,
migrate_demo,client,1,17002335,96290,,54280,20220,
migrate_demo,client,1,17007528,96290,,54280,20220,
migrate_demo,client,1,17012841,96290,,54280,20220,
migrate_demo,client,1,17018084,96290,,54556,20220,
migrate_demo,client,1,17023343,96290,,54556,20220,
migrate_demo,client,1,17028564,96290,,54556,20220,
migrate_demo,client,1,17033834,96290,,54556,20220,
migrate_demo,client,1,17039046,96290,,54824,20220,
migrate_demo,client,1,17044306,96290,,54824,20220,
migrate_demo,client,1,17049513,96290,,54824,20220,
migrate_demo,client,1,17054789,96290,,54824,20220,
migrate_demo,client,1,17060023,96290,,54824,20220,
migrate_demo,client,1,17065257,96290,,55079,20220,
migrate_demo,client,1,17070462,96290,,55079,20220,
migrate_demo,client,1,17075686,96290,,55079,20220,
migrate_demo,client,1,17080940,96290,,55079,20220,
migrate_demo,client,1,17086128,96290,,55382,20220,
migrate_demo,client,1,17091409,96290,,55382,20220,
migrate_demo,client,1,17096655,96290,,55382,20220,
migrate_demo,client,1,17101883,96290,,55382,20220,
migrate_demo,client,1,17107140,96290,,55618,20220,
migrate_demo,client,1,17112396,96290,,55618,20220,
migrate_demo,client,1,17117638,96290,,55618,20220,
migrate_demo,client,1,17122894,96290,,55618,20220,
migrate_demo,client,1,17128163,96290,,55618,20220,
migrate_demo,client,1,17133371,96290,,55919,20220,
migrate_demo,client,1,17138625,96290,,55919,20220,
migrate_demo,client,1,17143845,96290,,55919,20220,
migrate_demo,client,1,17149108,96290,,55919,20220,
migrate_demo,client,1,17154376,96290,,56177,20220,
migrate_demo,client,1,17159617,96290,,56177,20220,
migrate_demo,client,1,17164935,96290,,56177,20220,
migrate_demo,client,1,17170250,96290,,56177,20220,
migrate_demo,client,1,17175523,96290,,56177,20220,
migrate_demo,client,1,17180715,96290,,56444,20220,
migrate_demo,client,1,17185869,96290,,56444,20220,
migrate_demo,client,1,17191108,96290,,56444,20220,
migrate_demo,client,1,17196289,96290,,56444,20220,
migrate_demo,client,1,17201486,96290,,56704,20220,
migrate_demo,client,1,17206703,96290,,56704,20220,
migrate_demo,client,1,17211925,96290,,56704,20220,
migrate_demo,client,1,17217182,96290,,56704,20220,
migrate_demo,client,1,17222404,96290,,56995,20220,
migrate_demo,client,1,17227624,96290,,56995,20220,
migrate_demo,client,1,17232832,96290,,56995,20220,
migrate_demo,client,1,17238039,96290,,56995,20220,
migrate_demo,client,1,17243235,96290,,56995,20220,
migrate_demo,client,1,17248415,96290,,57234,20220,
migrate_demo,client,1,17253618,96290,,57234,20220,
migrate_demo,client,1,17258882,96290,,57234,20220,
migrate_demo,client,1,17264137,96290,,57234,20220,
migrate_demo,client,1,17269320,96290,,57521,20220,
migrate_demo,client,1,17274503,96290,,57521,20220,
migrate_demo,client,1,17279666,96290,,57521,20220,
migrate_demo,client,1,17284882,96290,,57521,20220,
migrate_demo,client,1,17290144,96290,,57521,20220,
migrate_demo,client,1,17295353,96290,,57733,20220,
migrate_demo,client,1,17300615,96290,,57733,20220,
migrate_demo,client,1,17305867,96290,,57733,20220,
migrate_demo,client,1,17311079,96290,,57733,20220,
migrate_demo,client,1,17316271,96290,,58025,20220,
migrate_demo,client,1,17321528,96290,,58025,20220,
migrate_demo,client,1,17326829,96290,,58025,20220,
migrate_demo,client,1,17332087,96290,,58025,20220,
migrate_demo,client,1,17337311,96290,,58276,20220,
migrate_demo,client,1,17342584,96290,,58276,20220,
migrate_demo,client,1,17347842,96290,,58276,20220,
migrate_demo,client,1,17353077,96290,,58276,20220,
migrate_demo,client,1,17358321,96290,,58276,20220,
migrate_demo,client,1,17363522,96290,,60455,20220,
migrate_demo,client,1,17368732,96290,,61348,20220,
migrate_demo,client,1,17374030,96290,,61348,20220,
migrate_demo,client,1,17379274,96290,,61348,20220,
migrate_demo,client,1,17384445,96290,,61311,20220,
migrate_demo,client,1,17389688,96290,,61311,20220,
migrate_demo,client,1,17394903,96290,,61311,20220,
migrate_demo,client,1,17400205,96290,,61311,20220,
migrate_demo,client,1,17405369,96290,,61311,20220,
migrate_demo,client,1,17410561,96290,,61276,20220,
migrate_demo,client,1,17415766,96290,,61276,20220,
migrate_demo,client,1,17420964,96290,,61276,20220,
migrate_demo,client,1,17426256,96290,,61276,20220,
migrate_demo,client,1,17431517,96290,,61309,20220,
migrate_demo,client,1,17436789,96290,,61309,20220,
migrate_demo,client,1,17442068,96290,,61309,20220,
migrate_demo,client,1,17447320,96290,,61309,20220,
migrate_demo,client,1,17452615,96290,,61344,20220,
migrate_demo,client,1,17457868,96290,,61344,20220,
migrate_demo,client,1,17463145,96290,,61344,20220,
migrate_demo,client,1,17468441,96290,,61344,20220,
migrate_demo,client,1,17473677,96290,,61344,20220,
migrate_demo,client,1,17478911,96290,,61426,20220,
migrate_demo,client,1,17484172,96290,,61426,20220,
migrate_demo,client,1,17489485,96290,,61426,20220,
migrate_demo,client,1,17494774,96290,,61426,20220,
migrate_demo,client,1,17499991,96290,,61499,20220,
migrate_demo,client,1,17505229,96290,,61499,20220,
migrate_demo,client,1,17510506,96290,,61499,20220,
migrate_demo,client,1,17515726,96290,,61499,20220,
migrate_demo,client,1,17520986,96290,,61499,20220,
migrate_demo,client,1,17526246,96290,,61632,20220,
migrate_demo,client,1,17531466,96290,,61632,20220,
migrate_demo,client,1,17536766,96290,,61632,20220,
migrate_demo,client,1,17541956,96290,,61632,20220,
migrate_demo,client,1,17547196,96290,,61742,20220,
migrate_demo,client,1,17552471,96290,,61742,20220,
migrate_demo,client,1,17557713,96290,,61742,20220,
migrate_demo,client,1,17562943,96290,,61742,20220,
migrate_demo,client,1,17568196,96290,,61897,20220,
migrate_demo,client,1,17573502,96290,,61897,20220,
migrate_demo,client,1,17578732,96290,,61897,20220,
migrate_demo,client,1,17583965,96290,,61897,20220,
migrate_demo,client,1,17589280,96290,,61897,20220,
migrate_demo,client,1,17594489,96290,,62051,20220,
migrate_demo,client,1,17599719,96290,,62051,20220,
migrate_demo,client,1,17604951,96290,,62051,20220,
migrate_demo,client,1,17610178,96290,,62051,20220,
migrate_demo,client,1,17615759,96290,,62198,20220,
migrate_demo,client,1,17620994,96290,,62198,20220,
migrate_demo,client,1,17626279,96290,,62198,20220,
migrate_demo,client,1,17631446,96290,,62198,20220,
migrate_demo,client,1,17636672,96290,,62367,20220,
migrate_demo,client,1,17641969,96290,,62367,20220,
migrate_demo,client,1,17647227,96290,,62367,20220,
migrate_demo,client,1,17652454,96290,,62367,20220,
migrate_demo,client,1,17657701,96290,,62367,20220,
migrate_demo,client,1,17662952,96290,,62583,20220,
migrate_demo,client,1,17668185,96290,,62583,20220,
migrate_demo,client,1,17673368,96290,,62583,20220,
migrate_demo,client,1,17678662,96290,,62583,20220,
migrate_demo,client,1,17683915,96290,,62770,20220,
migrate_demo,client,1,17689145,96290,,62770,20220,
migrate_demo,client,1,17694401,96290,,62770,20220,
migrate_demo,client,1,17699640,96290,,62770,20220,
migrate_demo,client,1,17704954,96290,,62770,20220,
migrate_demo,client,1,17710171,96290,,62992,20220,
migrate_demo,client,1,17715375,96290,,62992,20220,
migrate_demo,client,1,17720604,96290,,62992,20220,
migrate_demo,client,1,17725848,96290,,62992,20220,
migrate_demo,client,1,17731062,96290,,63188,20220,
migrate_demo,client,1,17736352,96290,,63188,20220,
migrate_demo,client,1,17741600,96290,,63188,20220,
migrate_demo,client,1,17746918,96290,,63188,20220,
migrate_demo,client,1,17752090,96290,,63422,20220,
migrate_demo,client,1,17757311,96290,,63422,20220,
migrate_demo,client,1,17762588,96290,,63422,20220,
migrate_demo,client,1,17767734,96290,,63422,20220,
migrate_demo,client,1,17772982,96290,,63422,20220,
migrate_demo,client,1,17778200,96290,,63634,20220,
migrate_demo,client,1,17783450,96290,,63634,20220,
migrate_demo,client,1,17788912,96290,,63634,20220,
migrate_demo,client,1,17794208,96290,,63634,20220,
migrate_demo,client,1,17799536,96290,,63883,20220,
migrate_demo,client,1,17804747,96290,,63883,20220,
migrate_demo,client,1,17810038,96290,,63883,20220,
migrate_demo,client,1,17815255,96290,,63883,20220,
migrate_demo,client,1,17820505,96290,,64088,20220,
migrate_demo,client,1,17825748,96290,,64088,20220,
migrate_demo,client,1,17831051,96290,,64088,20220,
migrate_demo,client,1,17836335,96290,,64088,20220,
migrate_demo,client,1,17841517,96290,,64088,20220,
migrate_demo,client,1,17846731,96290,,64337,20220,
migrate_demo,client,1,17852075,96290,,64337,20220,
migrate_demo,client,1,17857326,96290,,64337,20220,
migrate_demo,client,1,17862597,96290,,64337,20220,
migrate_demo,client,1,17867857,96290,,64559,20220,
migrate_demo,client,1,17873101,96290,,64559,20220,
migrate_demo,client,1,17878346,96290,,64559,20220,
migrate_demo,client,1,17883557,96290,,64559,20220,
migrate_demo,client,1,17888786,96290,,64559,20220,
migrate_demo,client,1,17893978,96290,,64814,20220,
migrate_demo,client,1,17899214,96290,,64814,20220,
migrate_demo,client,1,17904418,96290,,64814,20220,
migrate_demo,client,1,17909620,96290,,64814,20220,
migrate_demo,client,1,17914813,96290,,65034,20220,
migrate_demo,client,1,17920023,96290,,65034,20220,
migrate_demo,client,1,17925281,96290,,65034,20220,
migrate_demo,client,1,17930569,96290,,65034,20220,
migrate_demo,client,1,17935815,96290,,65267,20220,
migrate_demo,client,1,17941049,96290,,65267,20220,
migrate_demo,client,1,17946291,96290,,65267,20220,
migrate_demo,client,1,17951545,96290,,65267,20220,
migrate_demo,client,1,17956775,96290,,65267,20220,
migrate_demo,client,1,17961951,96290,,65500,20220,
migrate_demo,client,1,17967182,96290,,65500,20220,
migrate_demo,client,1,17972428,96290,,65500,20220,
migrate_demo,client,1,17977746,96290,,65500,20220,
migrate_demo,client,1,17982964,96290,,65758,20220,
migrate_demo,client,1,17988221,96290,,65758,20220,
migrate_demo,client,1,17993409,96290,,65758,20220,
migrate_demo,client,1,17998642,96290,,65758,20220,
migrate_demo,client,1,18003831,96290,,65992,20220,
migrate_demo,client,1,18009044,96290,,65992,20220,
migrate_demo,client,1,18014292,96290,,65992,20220,
migrate_demo,client,1,18019626,96290,,65992,20220,
migrate_demo,client,1,18024881,96290,,65992,20220,
migrate_demo,client,1,18030110,96290,,66253,20220,
migrate_demo,client,1,18035339,96290,,66253,20220,
migrate_demo,client,1,18040595,96290,,66253,20220,
migrate_demo,client,1,18045901,96290,,66253,20220,
migrate_demo,client,1,18051098,96290,,66461,20220,
migrate_demo,client,1,18056331,96290,,66461,20220,
migrate_demo,client,1,18061524,96290,,66461,20220,
migrate_demo,client,1,18066725,96290,,66461,20220,
migrate_demo,client,1,18071939,96290,,66461,20220,
migrate_demo,client,1,18077135,96290,,66729,20220,
migrate_demo,client,1,18082339,96290,,66729,20220,
migrate_demo,client,1,18087591,96290,,66729,20220,
migrate_demo,client,1,18092850,96290,,66729,20220,
migrate_demo,client,1,18098129,96290,,66955,20220,
migrate_demo,client,1,18103338,96290,,66955,20220,
migrate_demo,client,1,18108529,96290,,66955,20220,
migrate_demo,client,1,18113867,96290,,66955,20220,
migrate_demo,client,1,18119031,96290,,67212,20220,
migrate_demo,client,1,18124255,96290,,67212,20220,
migrate_demo,client,1,18129421,96290,,67212,20220,
migrate_demo,client,1,18134700,96290,,67212,20220,
migrate_demo,client,1,18139922,96290,,67212,20220,
migrate_demo,client,1,18145175,96290,,67450,20220,
migrate_demo,client,1,18150589,96290,,67450,20220,
migrate_demo,client,1,18155847,96290,,67450,20220,
migrate_demo,client,1,18160945,96290,,67450,20220,
migrate_demo,client,1,18166183,96290,,67701,20220,
migrate_demo,client,1,18171482,96290,,67701,20220,
migrate_demo,client,1,18176664,96290,,67701,20220,
migrate_demo,client,1,18181935,96290,,67701,20220,
migrate_demo,client,1,18187278,96290,,67701,20220,
migrate_demo,client,1,18192553,96290,,67917,20220,
migrate_demo,client,1,18197773,96290,,67917,20220,
migrate_demo,client,1,18203015,96290,,67917,20220,
migrate_demo,client,1,18208427,96290,,67917,20220,
migrate_demo,client,1,18213715,96290,,68211,20220,
migrate_demo,client,1,18219026,96290,,68211,20220,
migrate_demo,client,1,18224287,96290,,68211,20220,
migrate_demo,client,1,18229611,96290,,68211,20220,
migrate_demo,client,1,18234784,96290,,68449,20220,
migrate_demo,client,1,18239956,96290,,68449,20220,
migrate_demo,client,1,18245202,96290,,68449,20220,
migrate_demo,client,1,18250436,96290,,68449,20220,
migrate_demo,client,1,18255683,96290,,68449,20220,
migrate_demo,client,1,18261228,96290,,68721,20220,
migrate_demo,client,1,18266492,96290,,68721,20220,
migrate_demo,client,1,18271893,96290,,68721,20220,
migrate_demo,client,1,18277185,96290,,68721,20220,
migrate_demo,client,1,18282456,96290,,71345,20220,
migrate_demo,client,1,18287751,96290,,71217,20220,
migrate_demo,client,1,18292990,96290,,71217,20220,
migrate_demo,client,1,18298220,96290,,71217,20220,
migrate_demo,client,1,18303403,96290,,71217,20220,
migrate_demo,client,1,18308587,96290,,71195,20220,
migrate_demo,client,1,18313753,96290,,71195,20220,
migrate_demo,client,1,18318927,96290,,71195,20220,
migrate_demo,client,1,18324153,96290,,71195,20220,
migrate_demo,client,1,18329394,96290,,71252,20220,
migrate_demo,client,1,18334609,96290,,71252,20220,
migrate_demo,client,1,18339847,96290,,71252,20220,
migrate_demo,client,1,18345039,96290,,71252,20220,
migrate_demo,client,1,18350264,96290,,71252,20220,
migrate_demo,client,1,18355537,96290,,71307,20220,
migrate_demo,client,1,18360755,96290,,71307,20220,
migrate_demo,client,1,18366020,96290,,71307,20220,
migrate_demo,client,1,18371193,96290,,71307,20220,
migrate_demo,client,1,18376447,96290,,71391,20220,
migrate_demo,client,1,18381644,96290,,71391,20220,
migrate_demo,client,1,18386961,96290,,71391,20220,
migrate_demo,client,1,18392165,96290,,71391,20220,
migrate_demo,client,1,18397406,96290,,71391,20220,
migrate_demo,client,1,18402604,96290,,71481,20220,
migrate_demo,client,1,18407820,96290,,71481,20220,
migrate_demo,client,1,18413083,96290,,71481,20220,
migrate_demo,client,1,18418314,96290,,71481,20220,
migrate_demo,client,1,18423548,96290,,71641,20220,
migrate_demo,client,1,18428807,96290,,71641,20220,
migrate_demo,client,1,18434104,96290,,71641,20220,
migrate_demo,client,1,18439374,96290,,71641,20220,
migrate_demo,client,1,18444599,96290,,71733,20220,
migrate_demo,client,1,18449863,96290,,71733,20220,
migrate_demo,client,1,18455085,96290,,71733,20220,
migrate_demo,client,1,18460377,96290,,71733,20220,
migrate_demo,client,1,18465594,96290,,71733,20220,
migrate_demo,client,1,18470819,96290,,71915,20220,
migrate_demo,client,1,18476084,96290,,71915,20220,
migrate_demo,client,1,18481350,96290,,71915,20220,
migrate_demo,client,1,18486575,96290,,71915,20220,
migrate_demo,client,1,18491769,96290,,72066,20220,
migrate_demo,client,1,18497033,96290,,72066,20220,
migrate_demo,client,1,18502321,96290,,72066,20220,
migrate_demo,client,1,18507558,96290,,72066,20220,
migrate_demo,client,1,18512804,96290,,72066,20220,
migrate_demo,client,1,18518091,96290,,72268,20220,
migrate_demo,client,1,18523457,96290,,72268,20220,
migrate_demo,client,1,18528686,96290,,72268,20220,
migrate_demo,client,1,18533893,96290,,72268,20220,
migrate_demo,client,1,18539115,96290,,72407,20220,
migrate_demo,client,1,18544420,96290,,72407,20220,
migrate_demo,client,1,18549618,96290,,72407,20220,
migrate_demo,client,1,18554853,96290,,72407,20220,
migrate_demo,client,1,18560087,96290,,72613,20220,
migrate_demo,client,1,18565386,96290,,72613,20220,
migrate_demo,client,1,18570601,96290,,72613,20220,
migrate_demo,client,1,18575921,96290,,72613,20220,
migrate_demo,client,1,18581170,96290,,72613,20220,
migrate_demo,client,1,18586368,96290,,72789,20220,
migrate_demo,client,1,18591639,96290,,72789,20220,
migrate_demo,client,1,18596910,96290,,72789,20220,
migrate_demo,client,1,18602165,96290,,72789,20220,
migrate_demo,client,1,18607416,96290,,73032,20220,
migrate_demo,client,1,18612677,96290,,73032,20220,
migrate_demo,client,1,18617871,96290,,73032,20220,
migrate_demo,client,1,18623178,96290,,73032,20220,
migrate_demo,client,1,18628421,96290,,73206,20220,
migrate_demo,client,1,18633708,96290,,73206,20220,
migrate_demo,client,1,18638963,96290,,73206,20220,
migrate_demo,client,1,18644286,96290,,73206,20220,
migrate_demo,client,1,18649491,96290,,73206,20220,
migrate_demo,client,1,18654653,96290,,73420,20220,
migrate_demo,client,1,18659910,96290,,73420,20220,
migrate_demo,client,1,18665123,96290,,73420,20220,
migrate_demo,client,1,18670322,96290,,73420,20220,
migrate_demo,client,1,18675560,96290,,73641,20220,
migrate_demo,client,1,18680859,96290,,73641,20220,
migrate_demo,client,1,18686084,96290,,73641,20220,
migrate_demo,client,1,18691354,96290,,73641,20220,
migrate_demo,client,1,18696588,96290,,73641,20220,
migrate_demo,client,1,18701763,96290,,73898,20220,
migrate_demo,client,1,18707021,96290,,73898,20220,
migrate_demo,client,1,18712325,96290,,73898,20220,
migrate_demo,client,1,18717635,96290,,73898,20220,
migrate_demo,client,1,18722748,96290,,74113,20220,
migrate_demo,client,1,18727968,96290,,74113,20220,
migrate_demo,client,1,18733226,96290,,74113,20220,
migrate_demo,client,1,18738483,96290,,74113,20220,
migrate_demo,client,1,18743709,96290,,74371,20220,
migrate_demo,client,1,18749005,96290,,74371,20220,
migrate_demo,client,1,18754261,96290,,74371,20220,
migrate_demo,client,1,18759591,96290,,74371,20220,
migrate_demo,client,1,18764852,96290,,74371,20220,
migrate_demo,client,1,18770051,96290,,74595,20220,
migrate_demo,client,1,18775252,96290,,74595,20220,
migrate_demo,client,1,18780568,96290,,74595,20220,
migrate_demo,client,1,18785824,96290,,74595,20220,
migrate_demo,client,1,18791059,96290,,74856,20220,
migrate_demo,client,1,18796308,96290,,74856,20220,
migrate_demo,client,1,18801583,96290,,74856,20220,
migrate_demo,client,1,18806823,96290,,74856,20220,
migrate_demo,client,1,18812054,96290,,75083,20220,
migrate_demo,client,1,18817342,96290,,75083,20220,
migrate_demo,client,1,18822572,96290,,75083,20220,
migrate_demo,client,1,18827829,96290,,75083,20220,
migrate_demo,client,1,18833111,96290,,75083,20220,
migrate_demo,client,1,18838336,96290,,75346,20220,
migrate_demo,client,1,18843563,96290,,75346,20220,
migrate_demo,client,1,18848859,96290,,75346,20220,
migrate_demo,client,1,18854140,96290,,75346,20220,
migrate_demo,client,1,18859418,96290,,75572,20220,
migrate_demo,client,1,18864697,96290,,75572,20220,
migrate_demo,client,1,18870009,96290,,75572,20220,
migrate_demo,client,1,18875340,96290,,75572,20220,
migrate_demo,client,1,18880545,96290,,75838,20220,
migrate_demo,client,1,18885737,96290,,75838,20220,
migrate_demo,client,1,18891019,96290,,75838,20220,
migrate_demo,client,1,18896269,96290,,75838,20220,
migrate_demo,client,1,18901534,96290,,75838,20220,
migrate_demo,client,1,18906757,96290,,76067,20220,
migrate_demo,client,1,18912003,96290,,76067,20220,
migrate_demo,client,1,18917159,96290,,76067,20220,
migrate_demo,client,1,18922407,96290,,76067,20220,
migrate_demo,client,1,18927637,96290,,76328,20220,
migrate_demo,client,1,18932881,96290,,76328,20220,
migrate_demo,client,1,18938120,96290,,76328,20220,
migrate_demo,client,1,18943379,96290,,76328,20220,
migrate_demo,client,1,18948587,96290,,76328,20220,
migrate_demo,client,1,18953820,96290,,76557,20220,
migrate_demo,client,1,18959054,96290,,76557,20220,
migrate_demo,client,1,18964284,96290,,76557,20220,
migrate_demo,client,1,18969640,96290,,76557,20220,
migrate_demo,client,1,18974841,96290,,76792,20220,
migrate_demo,client,1,18980077,96290,,76792,20220,
migrate_demo,client,1,18985443,96290,,76792,20220,
migrate_demo,client,1,18990683,96290,,76792,20220,
migrate_demo,client,1,18995944,96290,,77034,20220,
migrate_demo,client,1,19001183,96290,,77034,20220,
migrate_demo,client,1,19006535,96290,,77034,20220,
migrate_demo,client,1,19011847,96290,,77034,20220,
migrate_demo,client,1,19017161,96290,,77034,20220,
migrate_demo,client,1,19022369,96290,,77306,20220,
migrate_demo,client,1,19027609,96290,,77306,20220,
migrate_demo,client,1,19032855,96290,,77306,20220,
migrate_demo,client,1,19038117,96290,,77306,20220,
migrate_demo,client,1,19043430,96290,,77551,20220,
migrate_demo,client,1,19048702,96290,,77551,20220,
migrate_demo,client,1,19054038,96290,,77551,20220,
migrate_demo,client,1,19059340,96290,,77551,20220,
migrate_demo,client,1,19064656,96290,,77835,20220,
migrate_demo,client,1,19070028,96290,,77835,20220,
migrate_demo,client,1,19075339,96290,,77835,20220,
migrate_demo,client,1,19080639,96290,,77835,20220,
migrate_demo,client,1,19085902,96290,,77835,20220,
migrate_demo,client,1,19091353,96290,,78045,20220,
migrate_demo,client,1,19096611,96290,,78045,20220,
migrate_demo,client,1,19101915,96290,,78045,20220,
migrate_demo,client,1,19107161,96290,,78045,20220,
migrate_demo,client,1,19112460,96290,,78323,20220,
migrate_demo,client,1,19117703,96290,,78323,20220,
migrate_demo,client,1,19122956,96290,,78323,20220,
migrate_demo,client,1,19128221,96290,,78323,20220,
migrate_demo,client,1,19133527,96290,,78522,20220,
migrate_demo,client,1,19138783,96290,,78522,20220,
migrate_demo,client,1,19144083,96290,,78522,20220,
migrate_demo,client,1,19149398,96290,,78522,20220,
migrate_demo,client,1,19154766,96290,,78522,20220,
migrate_demo,client,1,19160017,96290,,80387,20220,
migrate_demo,client,1,19165352,96290,,80387,20220,
migrate_demo,client,1,19170588,96290,,81249,20220,
migrate_demo,client,1,19175926,96290,,81249,20220,
migrate_demo,client,1,19181265,96290,,81249,20220,
migrate_demo,client,1,19186538,96290,,81243,20220,
migrate_demo,client,1,19191861,96290,,81243,20220,
migrate_demo,client,1,19197205,96290,,81243,20220,
migrate_demo,client,1,19202461,96290,,81243,20220,
migrate_demo,client,1,19207841,96290,,81233,20220,
migrate_demo,client,1,19212996,96290,,81233,20220,
migrate_demo,client,1,19218320,96290,,81233,20220,
migrate_demo,client,1,19223553,96290,,81233,20220,
migrate_demo,client,1,19228791,96290,,81301,20220,
migrate_demo,client,1,19234162,96290,,81301,20220,
migrate_demo,client,1,19239461,96290,,81301,20220,
migrate_demo,client,1,19244783,96290,,81301,20220,
migrate_demo,client,1,19250107,96290,,81301,20220,
migrate_demo,client,1,19255331,96290,,81328,20220,
migrate_demo,client,1,19260614,96290,,81328,20220,
migrate_demo,client,1,19265898,96290,,81328,20220,
migrate_demo,client,1,19271120,96290,,81328,20220,
migrate_demo,client,1,19276385,96290,,81443,20220,
migrate_demo,client,1,19281744,96290,,81443,20220,
migrate_demo,client,1,19287135,96290,,81443,20220,
migrate_demo,client,1,19292383,96290,,81443,20220,
migrate_demo,client,1,19297607,96290,,81553,20220,
migrate_demo,client,1,19302819,96290,,81553,20220,
migrate_demo,client,1,19308055,96290,,81553,20220,
migrate_demo,client,1,19313407,96290,,81553,20220,
migrate_demo,client,1,19318628,96290,,81553,20220,
migrate_demo,client,1,19323913,96290,,81706,20220,
migrate_demo,client,1,19329247,96290,,81706,20220,
migrate_demo,client,1,19334527,96290,,81706,20220,
migrate_demo,client,1,19339744,96290,,81706,20220,
migrate_demo,client,1,19344983,96290,,81803,20220,
migrate_demo,client,1,19350209,96290,,81803,20220,
migrate_demo,client,1,19355489,96290,,81803,20220,
migrate_demo,client,1,19360727,96290,,81803,20220,
migrate_demo,client,1,19365912,96290,,81803,20220,
migrate_demo,client,1,19371170,96290,,81976,20220,
migrate_demo,client,1,19376385,96290,,81976,20220,
migrate_demo,client,1,19381640,96290,,81976,20220,
migrate_demo,client,1,19386891,96290,,81976,20220,
migrate_demo,client,1,19392076,96290,,82131,20220,
migrate_demo,client,1,19397306,96290,,82131,20220,
migrate_demo,client,1,19402547,96290,,82131,20220,
migrate_demo,client,1,19407789,96290,,82131,20220,
migrate_demo,client,1,19413047,96290,,82319,20220,
migrate_demo,client,1,19418355,96290,,82319,20220,
migrate_demo,client,1,19423701,96290,,82319,20220,
migrate_demo,client,1,19428914,96290,,82319,20220,
migrate_demo,client,1,19434093,96290,,82319,20220,
migrate_demo,client,1,19439283,96290,,82502,20220,
migrate_demo,client,1,19444539,96290,,82502,20220,
migrate_demo,client,1,19449836,96290,,82502,20220,
migrate_demo,client,1,19455035,96290,,82502,20220,
migrate_demo,client,1,19460200,96290,,82727,20220,
migrate_demo,client,1,19465348,96290,,82727,20220,
migrate_demo,client,1,19470532,96290,,82727,20220,
migrate_demo,client,1,19475760,96290,,82727,20220,
migrate_demo,client,1,19481081,96290,,82727,20220,
migrate_demo,client,1,19486335,96290,,82920,20220,
migrate_demo,client,1,19491575,96290,,82920,20220,
migrate_demo,client,1,19496835,96290,,82920,20220,
migrate_demo,client,1,19502125,96290,,82920,20220,
migrate_demo,client,1,19507321,96290,,83150,20220,
migrate_demo,client,1,19512561,96290,,83150,20220,
migrate_demo,client,1,19517890,96290,,83150,20220,
migrate_demo,client,1,19523147,96290,,83150,20220,
migrate_demo,client,1,19528454,96290,,83341,20220,
migrate_demo,client,1,19533707,96290,,83341,20220,
migrate_demo,client,1,19539161,96290,,83341,20220,
migrate_demo,client,1,19544495,96290,,83341,20220,
migrate_demo,client,1,19549816,96290,,83341,20220,
migrate_demo,client,1,19555061,96290,,83586,20220,
migrate_demo,client,1,19560390,96290,,83586,20220,
migrate_demo,client,1,19565644,96290,,83586,20220,
migrate_demo,client,1,19570853,96290,,83586,20220,
migrate_demo,client,1,19576079,96290,,83797,20220,
migrate_demo,client,1,19581332,96290,,83797,20220,
migrate_demo,client,1,19586604,96290,,83797,20220,
migrate_demo,client,1,19591845,96290,,83797,20220,
migrate_demo,client,1,19597071,96290,,84041,20220,
migrate_demo,client,1,19602302,96290,,84041,20220,
migrate_demo,client,1,19607550,96290,,84041,20220,
migrate_demo,client,1,19612807,96290,,84041,20220,
migrate_demo,client,1,19618064,96290,,84041,20220,
migrate_demo,client,1,19623274,96290,,84251,20220,
migrate_demo,client,1,19628510,96290,,84251,20220,
migrate_demo,client,1,19633776,96290,,84251,20220,
migrate_demo,client,1,19638988,96290,,84251,20220,
migrate_demo,client,1,19644333,96290,,84496,20220,
migrate_demo,client,1,19649607,96290,,84496,20220,
migrate_demo,client,1,19654825,96290,,84496,20220,
migrate_demo,client,1,19660019,96290,,84496,20220,
migrate_demo,client,1,19665311,96290,,84728,20220,
migrate_demo,client,1,19670572,96290,,84728,20220,
migrate_demo,client,1,19675844,96290,,84728,20220,
migrate_demo,client,1,19681100,96290,,84728,20220,
migrate_demo,client,1,19686296,96290,,84728,20220,
migrate_demo,client,1,19691496,96290,,84981,20220,
migrate_demo,client,1,19696666,96290,,84981,20220,
migrate_demo,client,1,19701887,96290,,84981,20220,
migrate_demo,client,1,19707151,96290,,84981,20220,
migrate_demo,client,1,19712380,96290,,85217,20220,
migrate_demo,client,1,19717643,96290,,85217,20220,
migrate_demo,client,1,19722895,96290,,85217,20220,
migrate_demo,client,1,19728148,96290,,85217,20220,
migrate_demo,client,1,19733386,96290,,85217,20220,
migrate_demo,client,1,19738577,96290,,85480,20220,
migrate_demo,client,1,19743791,96290,,85480,20220,
migrate_demo,client,1,19749045,96290,,85480,20220,
migrate_demo,client,1,19754292,96290,,85480,20220,
migrate_demo,client,1,19759497,96290,,85702,20220,
migrate_demo,client,1,19764744,96290,,85702,20220,
migrate_demo,client,1,19770033,96290,,85702,20220,
migrate_demo,client,1,19775353,96290,,85702,20220,
migrate_demo,client,1,19780563,96290,,85956,20220,
migrate_demo,client,1,19785854,96290,,85956,20220,
migrate_demo,client,1,19791035,96290,,85956,20220,
migrate_demo,client,1,19796277,96290,,85956,20220,
migrate_demo,client,1,19801493,96290,,85956,20220,
migrate_demo,client,1,19806740,96290,,86198,20220,
migrate_demo,client,1,19811968,96290,,86198,20220,
migrate_demo,client,1,19817236,96290,,86198,20220,
migrate_demo,client,1,19822453,96290,,86198,20220,
migrate_demo,client,1,19827639,96290,,86465,20220,
migrate_demo,client,1,19832970,96290,,86465,20220,
migrate_demo,client,1,19838234,96290,,86465,20220,
migrate_demo,client,1,19843507,96290,,86465,20220,
migrate_demo,client,1,19848735,96290,,86689,20220,
migrate_demo,client,1,19853945,96290,,86689,20220,
migrate_demo,client,1,19859146,96290,,86689,20220,
migrate_demo,client,1,19864374,96290,,86689,20220,
migrate_demo,client,1,19869563,96290,,86689,20220,
migrate_demo,client,1,19874707,96290,,86943,20220,
migrate_demo,client,1,19880046,96290,,86943,20220,
migrate_demo,client,1,19885257,96290,,86943,20220,
migrate_demo,client,1,19890483,96290,,86943,20220,
migrate_demo,client,1,19895660,96290,,87168,20220,
migrate_demo,client,1,19900917,96290,,87168,20220,
migrate_demo,client,1,19906220,96290,,87168,20220,
migrate_demo,client,1,19911492,96290,,87168,20220,
migrate_demo,client,1,19916705,96290,,87168,20220,
migrate_demo,client,1,19921967,96290,,87439,20220,
migrate_demo,client,1,19927194,96290,,87439,20220,
migrate_demo,client,1,19932421,96290,,87439,20220,
migrate_demo,client,1,19937640,96290,,87439,20220,
migrate_demo,client,1,19942805,96290,,87645,20220,
migrate_demo,client,1,19948096,96290,,87645,20220,
migrate_demo,client,1,19953328,96290,,87645,20220,
migrate_demo,client,1,19958630,96290,,87645,20220,
migrate_demo,client,1,19963837,96290,,87915,20220,
migrate_demo,client,1,19969014,96290,,87915,20220,
migrate_demo,client,1,19974274,96290,,87915,20220,
migrate_demo,client,1,19979520,96290,,87915,20220,
migrate_demo,client,1,19984740,96290,,87915,20220,
migrate_demo,client,1,19990047,96290,,88158,20220,
migrate_demo,client,1,19995338,96290,,88158,20220,
migrate_demo,client,1,20000649,96290,,88158,20220,
migrate_demo,client,1,20005897,96290,,88158,20220,
migrate_demo,client,1,20011172,96290,,88424,20220,
migrate_demo,client,1,20016422,96290,,88424,20220,
migrate_demo,client,1,20021698,96290,,88424,20220,
migrate_demo,client,1,20026929,96290,,88424,20220,
migrate_demo,client,1,20032207,96290,,88424,20220,
migrate_demo,client,1,20037440,96290,,88631,20220,
migrate_demo,client,1,20042679,96290,,88631,20220,
migrate_demo,client,1,20047903,96290,,88631,20220,
migrate_demo,client,1,20053075,96290,,88631,20220,
migrate_demo,client,1,20058261,96290,,88903,20220,
migrate_demo,client,1,20063492,96290,,88903,20220,
migrate_demo,client,1,20068826,96290,,88903,20220,
migrate_demo,client,1,20074052,96290,,88903,20220,
migrate_demo,client,1,20079278,96290,,91541,20220,
migrate_demo,client,1,20084487,96290,,91517,20220,
migrate_demo,client,1,20089840,96290,,91517,20220,
migrate_demo,client,1,20095174,96290,,91517,20220,
migrate_demo,client,1,20100424,96290,,91517,20220,
migrate_demo,client,1,20105596,96290,,91503,20220,
migrate_demo,client,1,20110839,96290,,91503,20220,
migrate_demo,client,1,20116128,96290,,91503,20220,
migrate_demo,client,1,20121378,96290,,91503,20220,
migrate_demo,client,1,20126639,96290,,91503,20220,
migrate_demo,client,1,20131882,96290,,91546,20220,
migrate_demo,client,1,20137160,96290,,91546,20220,
migrate_demo,client,1,20142424,96290,,91546,20220,
migrate_demo,client,1,20147690,96290,,91546,20220,
migrate_demo,client,1,20152932,96290,,91584,20220,
migrate_demo,client,1,20158178,96290,,91584,20220,
migrate_demo,client,1,20163515,96290,,91584,20220,
migrate_demo,client,1,20168761,96290,,91584,20220,
migrate_demo,client,1,20174036,96290,,91584,20220,
migrate_demo,client,1,20179259,96290,,91672,20220,
migrate_demo,client,1,20184514,96290,,91672,20220,
migrate_demo,client,1,20189730,96290,,91672,20220,
migrate_demo,client,1,20194979,96290,,91672,20220,
migrate_demo,client,1,20200183,96290,,91750,20220,
migrate_demo,client,1,20205454,96290,,91750,20220,
migrate_demo,client,1,20210654,96290,,91750,20220,
migrate_demo,client,1,20216090,96290,,91750,20220,
migrate_demo,client,1,20221334,96290,,91886,20220,
migrate_demo,client,1,20226663,96290,,91886,20220,
migrate_demo,client,1,20231898,96290,,91886,20220,
migrate_demo,client,1,20237176,96290,,91886,20220,
migrate_demo,client,1,20242455,96290,,91886,20220,
migrate_demo,client,1,20247816,96290,,91982,20220,
migrate_demo,client,1,20253073,96290,,91982,20220,
migrate_demo,client,1,20258359,96290,,91982,20220,
migrate_demo,client,1,20263575,96290,,91982,20220,
migrate_demo,client,1,20268921,96290,,92145,20220,
migrate_demo,client,1,20274121,96290,,92145,20220,
migrate_demo,client,1,20279382,96290,,92145,20220,
migrate_demo,client,1,20284668,96290,,92145,20220,
migrate_demo,client,1,20289865,96290,,92290,20220,
migrate_demo,client,1,20295119,96290,,92290,20220,
migrate_demo,client,1,20300349,96290,,92290,20220,
migrate_demo,client,1,20305630,96290,,92290,20220,
migrate_demo,client,1,20310875,96290,,92290,20220,
migrate_demo,client,1,20316124,96290,,92448,20220,
migrate_demo,client,1,20321383,96290,,92448,20220,
migrate_demo,client,1,20326645,96290,,92448,20220,
migrate_demo,client,1,20331853,96290,,92448,20220,
migrate_demo,client,1,20337081,96290,,92591,20220,
migrate_demo,client,1,20342410,96290,,92591,20220,
migrate_demo,client,1,20347657,96290,,92591,20220,
migrate_demo,client,1,20352836,96290,,92591,20220,
migrate_demo,client,1,20358104,96290,,92778,20220,
migrate_demo,client,1,20363370,96290,,92778,20220,
migrate_demo,client,1,20368600,96290,,92778,20220,
migrate_demo,client,1,20373825,96290,,92778,20220,
migrate_demo,client,1,20379093,96290,,92778,20220,
migrate_demo,client,1,20384367,96290,,92980,20220,
migrate_demo,client,1,20389580,96290,,92980,20220,
migrate_demo,client,1,20394794,96290,,92980,20220,
migrate_demo,client,1,20400056,96290,,92980,20220,
migrate_demo,client,1,20405295,96290,,93207,20220,
migrate_demo,client,1,20410517,96290,,93207,20220,
migrate_demo,client,1,20415751,96290,,93207,20220,
migrate_demo,client,1,20421026,96290,,93207,20220,
migrate_demo,client,1,20426307,96290,,93207,20220,
migrate_demo,client,1,20431560,96290,,93408,20220,
migrate_demo,client,1,20436782,96290,,93408,20220,
migrate_demo,client,1,20442019,96290,,93408,20220,
migrate_demo,client,1,20447220,96290,,93408,20220,
migrate_demo,client,1,20452440,96290,,93608,20220,
migrate_demo,client,1,20457739,96290,,93608,20220,
migrate_demo,client,1,20462911,96290,,93608,20220,
migrate_demo,client,1,20468158,96290,,93608,20220,
migrate_demo,client,1,20473490,96290,,93823,20220,
migrate_demo,client,1,20478686,96290,,93823,20220,
migrate_demo,client,1,20483874,96290,,93823,20220,
migrate_demo,client,1,20489148,96290,,93823,20220,
migrate_demo,client,1,20494358,96290,,93823,20220,
migrate_demo,client,1,20499571,96290,,94069,20220,
migrate_demo,client,1,20504783,96290,,94069,20220,
migrate_demo,client,1,20509982,96290,,94069,20220,
migrate_demo,client,1,20515215,96290,,94069,20220,
migrate_demo,client,1,20520399,96290,,94301,20220,
migrate_demo,client,1,20525630,96290,,94301,20220,
migrate_demo,client,1,20530831,96290,,94301,20220,
migrate_demo,client,1,20536056,96290,,94301,20220,
migrate_demo,client,1,20541327,96290,,94301,20220,
migrate_demo,client,1,20546524,96290,,94555,20220,
migrate_demo,client,1,20551772,96290,,94555,20220,
migrate_demo,client,1,20557001,96290,,94555,20220,
migrate_demo,client,1,20562178,96290,,94555,20220,
migrate_demo,client,1,20567363,96290,,94778,20220,
migrate_demo,client,1,20572590,96290,,94778,20220,
migrate_demo,client,1,20577782,96290,,94778,20220,
migrate_demo,client,1,20583001,96290,,94778,20220,
migrate_demo,client,1,20588203,96290,,95035,20220,
migrate_demo,client,1,20593421,96290,,95035,20220,
migrate_demo,client,1,20598758,96290,,95035,20220,
migrate_demo,client,1,20604007,96290,,95035,20220,
migrate_demo,client,1,20609266,96290,,95035,20220,
migrate_demo,client,1,20614466,96290,,95265,20220,
migrate_demo,client,1,20619678,96290,,95265,20220,
migrate_demo,client,1,20625008,96290,,95265,20220,
migrate_demo,client,1,20630194,96290,,95265,20220,
migrate_demo,client,1,20635427,96290,,95518,20220,
migrate_demo,client,1,20640607,96290,,95518,20220,
migrate_demo,client,1,20645821,96290,,95518,20220,
migrate_demo,client,1,20651011,96290,,95518,20220,
migrate_demo,client,1,20656228,96290,,95518,20220,
migrate_demo,client,1,20661426,96290,,95764,20220,
migrate_demo,client,1,20666679,96290,,95764,20220,
migrate_demo,client,1,20671863,96290,,95764,20220,
migrate_demo,client,1,20677213,96290,,95764,20220,
migrate_demo,client,1,20682441,96290,,96030,20220,
migrate_demo,client,1,20687689,96290,,96030,20220,
migrate_demo,client,1,20692959,96290,,96030,20220,
migrate_demo,client,1,20698207,96290,,96030,20220,
migrate_demo,client,1,20703453,96290,,96267,20220,
migrate_demo,client,1,20708787,96290,,96267,20220,
migrate_demo,client,1,20714051,96290,,96267,20220,
migrate_demo,client,1,20719324,96290,,96267,20220,
migrate_demo,client,1,20724552,96290,,96267,20220,
migrate_demo,client,1,20729807,96290,,96527,20220,
migrate_demo,client,1,20735042,96290,,96527,20220,
migrate_demo,client,1,20740257,96290,,96527,20220,
migrate_demo,client,1,20745447,96290,,96527,20220,
migrate_demo,client,1,20750714,96290,,96717,20220,
migrate_demo,client,1,20755932,96290,,96717,20220,
migrate_demo,client,1,20761170,96290,,96717,20220,
migrate_demo,client,1,20766430,96290,,96717,20220,
migrate_demo,client,1,20771658,96290,,96950,20220,
migrate_demo,client,1,20776823,96290,,96950,20220,
migrate_demo,client,1,20782003,96290,,96950,20220,
migrate_demo,client,1,20787298,96290,,96950,20220,
migrate_demo,client,1,20792507,96290,,96950,20220,
migrate_demo,client,1,20797777,96290,,97196,20220,
migrate_demo,client,1,20803027,96290,,97196,20220,
migrate_demo,client,1,20808330,96290,,97196,20220,
migrate_demo,client,1,20813594,96290,,97196,20220,
migrate_demo,client,1,20818826,96290,,97475,20220,
migrate_demo,client,1,20824109,96290,,97475,20220,
migrate_demo,client,1,20829394,96290,,97475,20220,
migrate_demo,client,1,20834663,96290,,97475,20220,
migrate_demo,client,1,20839990,96290,,97475,20220,
migrate_demo,client,1,20845188,96290,,97726,20220,
migrate_demo,client,1,20850416,96290,,97726,20220,
migrate_demo,client,1,20855572,96290,,97726,20220,
migrate_demo,client,1,20860801,96290,,97726,20220,
migrate_demo,client,1,20865977,96290,,98001,20220,
migrate_demo,client,1,20871400,96290,,98001,20220,
migrate_demo,client,1,20876649,96290,,98001,20220,
migrate_demo,client,1,20881795,96290,,98001,20220,
migrate_demo,client,1,20887069,96290,,98245,20220,
migrate_demo,client,1,20892318,96290,,98245,20220,
migrate_demo,client,1,20897637,96290,,98245,20220,
migrate_demo,client,1,20902886,96290,,98245,20220,
migrate_demo,client,1,20908116,96290,,98245,20220,
migrate_demo,client,1,20913323,96290,,98489,20220,
migrate_demo,client,1,20918571,96290,,98489,20220,
migrate_demo,client,1,20923822,96290,,98489,20220,
migrate_demo,client,1,20929060,96290,,98489,20220,
migrate_demo,client,1,20934285,96290,,98729,20220,
migrate_demo,client,1,20939549,96290,,98729,20220,
migrate_demo,client,1,20944763,96290,,98729,20220,
migrate_demo,client,1,20950038,96290,,98729,20220,
migrate_demo,client,1,20955293,96290,,100637,20220,
migrate_demo,client,1,20960584,96290,,100637,20220,
migrate_demo,client,1,20965831,96290,,101425,20220,
migrate_demo,client,1,20971095,96290,,101425,20220,
migrate_demo,client,1,20976325,96290,,101425,20220,
migrate_demo,client,1,20981597,96290,,101425,20220,
migrate_demo,client,1,20986814,96290,,101425,20220,
migrate_demo,client,1,20992109,96290,,101425,20220,
migrate_demo,client,1,20997439,96290,,101425,20220,
migrate_demo,client,1,21002670,96290,,101425,20220,
migrate_demo,client,1,21007914,96290,,101420,20220,
migrate_demo,client,1,21013195,96290,,101420,20220,
migrate_demo,client,1,21018494,96290,,101420,20220,
migrate_demo,client,1,21023723,96290,,101420,20220,
migrate_demo,client,1,21029014,96290,,101478,20220,
migrate_demo,client,1,21034332,96290,,101478,20220,
migrate_demo,client,1,21039655,96290,,101478,20220,
migrate_demo,client,1,21045065,96290,,101478,20220,
migrate_demo,client,1,21050331,96290,,101478,20220,
migrate_demo,client,1,21055502,96290,,101503,20220,
migrate_demo,client,1,21060739,96290,,101503,20220,
migrate_demo,client,1,21065986,96290,,101503,20220,
migrate_demo,client,1,21071220,96290,,101503,20220,
migrate_demo,client,1,21076455,96290,,101612,20220,
migrate_demo,client,1,21081756,96290,,101612,20220,
migrate_demo,client,1,21087045,96290,,101612,20220,
migrate_demo,client,1,21092303,96290,,101612,20220,
migrate_demo,client,1,21097533,96290,,101710,20220,
migrate_demo,client,1,21102797,96290,,101710,20220,
migrate_demo,client,1,21108050,96290,,101710,20220,
migrate_demo,client,1,21113291,96290,,101710,20220,
migrate_demo,client,1,21118559,96290,,101710,20220,
migrate_demo,client,1,21123777,96290,,101861,20220,
migrate_demo,client,1,21129033,96290,,101861,20220,
migrate_demo,client,1,21134270,96290,,101861,20220,
migrate_demo,client,1,21139519,96290,,101861,20220,
migrate_demo,client,1,21144754,96290,,101969,20220,
migrate_demo,client,1,21149939,96290,,101969,20220,
migrate_demo,client,1,21155209,96290,,101969,20220,
migrate_demo,client,1,21160512,96290,,101969,20220,
migrate_demo,client,1,21165748,96290,,102126,20220,
migrate_demo,client,1,21171087,96290,,102126,20220,
migrate_demo,client,1,21176337,96290,,102126,20220,
migrate_demo,client,1,21181572,96290,,102126,20220,
migrate_demo,client,1,21186794,96290,,102126,20220,
migrate_demo,client,1,21192042,96290,,102279,20220,
migrate_demo,client,1,21197499,96290,,102279,20220,
migrate_demo,client,1,21202752,96290,,102279,20220,
migrate_demo,client,1,21208001,96290,,102279,20220,
migrate_demo,client,1,21213198,96290,,102484,20220,
migrate_demo,client,1,21218519,96290,,102484,20220,
migrate_demo,client,1,21223779,96290,,102484,20220,
migrate_demo,client,1,21229020,96290,,102484,20220,
migrate_demo,client,1,21234324,96290,,102664,20220,
migrate_demo,client,1,21239610,96290,,102664,20220,
migrate_demo,client,1,21244798,96290,,102664,20220,
migrate_demo,client,1,21250144,96290,,102664,20220,
migrate_demo,client,1,21255416,96290,,102664,20220,
migrate_demo,client,1,21260630,96290,,102881,20220,
migrate_demo,client,1,21265900,96290,,102881,20220,
migrate_demo,client,1,21271127,96290,,102881,20220,
migrate_demo,client,1,21276366,96290,,102881,20220,
migrate_demo,client,1,21281606,96290,,103086,20220,
migrate_demo,client,1,21286833,96290,,103086,20220,
migrate_demo,client,1,21292073,96290,,103086,20220,
migrate_demo,client,1,21297401,96290,,103086,20220,
migrate_demo,client,1,21302653,96290,,103086,20220,
migrate_demo,client,1,21307910,96290,,103313,20220,
migrate_demo,client,1,21313176,96290,,103313,20220,
migrate_demo,client,1,21318397,96290,,103313,20220,
migrate_demo,client,1,21323779,96290,,103313,20220,
migrate_demo,client,1,21328982,96290,,103509,20220,
migrate_demo,client,1,21334179,96290,,103509,20220,
migrate_demo,client,1,21339395,96290,,103509,20220,
migrate_demo,client,1,21344769,96290,,103509,20220,
migrate_demo,client,1,21350049,96290,,103753,20220,
migrate_demo,client,1,21355306,96290,,103753,20220,
migrate_demo,client,1,21360524,96290,,103753,20220,
migrate_demo,client,1,21365766,96290,,103753,20220,
migrate_demo,client,1,21371014,96290,,103753,20220,
migrate_demo,client,1,21376254,96290,,103925,20220,
migrate_demo,client,1,21381508,96290,,103925,20220,
migrate_demo,client,1,21386752,96290,,103925,20220,
migrate_demo,client,1,21392011,96290,,103925,20220,
migrate_demo,client,1,21397259,96290,,104177,20220,
migrate_demo,client,1,21402519,96290,,104177,20220,
migrate_demo,client,1,21407746,96290,,104177,20220,
migrate_demo,client,1,21413070,96290,,104177,20220,
migrate_demo,client,1,21418315,96290,,104402,20220,
migrate_demo,client,1,21423602,96290,,104402,20220,
migrate_demo,client,1,21428821,96290,,104402,20220,
migrate_demo,client,1,21434066,96290,,104402,20220,
migrate_demo,client,1,21439315,96290,,104402,20220,
migrate_demo,client,1,21444544,96290,,104669,20220,
migrate_demo,client,1,21449737,96290,,104669,20220,
migrate_demo,client,1,21454998,96290,,104669,20220,
migrate_demo,client,1,21460322,96290,,104669,20220,
migrate_demo,client,1,21465592,96290,,104882,20220,
migrate_demo,client,1,21470819,96290,,104882,20220,
migrate_demo,client,1,21476011,96290,,104882,20220,
migrate_demo,client,1,21481269,96290,,104882,20220,
migrate_demo,client,1,21486538,96290,,104882,20220,
migrate_demo,client,1,21491716,96290,,105149,20220,
migrate_demo,client,1,21496949,96290,,105149,20220,
migrate_demo,client,1,21502133,96290,,105149,20220,
migrate_demo,client,1,21507282,96290,,105149,20220,
migrate_demo,client,1,21512491,96290,,105390,20220,
migrate_demo,client,1,21517774,96290,,105390,20220,
migrate_demo,client,1,21522964,96290,,105390,20220,
migrate_demo,client,1,21528208,96290,,105390,20220,
migrate_demo,client,1,21533433,96290,,105654,20220,
migrate_demo,client,1,21538651,96290,,105654,20220,
migrate_demo,client,1,21543859,96290,,105654,20220,
migrate_demo,client,1,21549114,96290,,105654,20220,
migrate_demo,client,1,21554284,96290,,105654,20220,
migrate_demo,client,1,21559508,96290,,105825,20220,
migrate_demo,client,1,21564791,96290,,105825,20220,
migrate_demo,client,1,21570027,96290,,105825,20220,
migrate_demo,client,1,21575250,96290,,105825,20220,
migrate_demo,client,1,21580495,96290,,106093,20220,
migrate_demo,client,1,21585762,96290,,106093,20220,
migrate_demo,client,1,21591041,96290,,106093,20220,
migrate_demo,client,1,21596302,96290,,106093,20220,
migrate_demo,client,1,21601504,96290,,106093,20220,
migrate_demo,client,1,21606702,96290,,106329,20220,
migrate_demo,client,1,21611956,96290,,106329,20220,
migrate_demo,client,1,21617229,96290,,106329,20220,
migrate_demo,client,1,21622371,96290,,106329,20220,
migrate_demo,client,1,21627623,96290,,106593,20220,
migrate_demo,client,1,21632851,96290,,106593,20220,
migrate_demo,client,1,21638040,96290,,106593,20220,
migrate_demo,client,1,21643308,96290,,106593,20220,
migrate_demo,client,1,21648540,96290,,106827,20220,
migrate_demo,client,1,21653758,96290,,106827,20220,
migrate_demo,client,1,21658989,96290,,106827,20220,
migrate_demo,client,1,21664255,96290,,106827,20220,
migrate_demo,client,1,21669456,96290,,106827,20220,
migrate_demo,client,1,21674745,96290,,107099,20220,
migrate_demo,client,1,21679933,96290,,107099,20220,
migrate_demo,client,1,21685204,96290,,107099,20220,
migrate_demo,client,1,21690438,96290,,107099,20220,
migrate_demo,client,1,21695663,96290,,107344,20220,
migrate_demo,client,1,21700914,96290,,107344,20220,
migrate_demo,client,1,21706124,96290,,107344,20220,
migrate_demo,client,1,21711517,96290,,107344,20220,
migrate_demo,client,1,21716764,96290,,107344,20220,
migrate_demo,client,1,21721977,96290,,107615,20220,
migrate_demo,client,1,21727244,96290,,107615,20220,
migrate_demo,client,1,21732453,96290,,107615,20220,
migrate_demo,client,1,21737769,96290,,107615,20220,
migrate_demo,client,1,21742990,96290,,107851,20220,
migrate_demo,client,1,21748237,96290,,107851,20220,
migrate_demo,client,1,21753490,96290,,107851,20220,
migrate_demo,client,1,21758806,96290,,107851,20220,
migrate_demo,client,1,21764058,96290,,108125,20220,
migrate_demo,client,1,21769258,96290,,108125,20220,
migrate_demo,client,1,21774444,96290,,108125,20220,
migrate_demo,client,1,21779670,96290,,108125,20220,
migrate_demo,client,1,21784961,96290,,108125,20220,
migrate_demo,client,1,21790135,96290,,108359,20220,
migrate_demo,client,1,21795355,96290,,108359,20220,
migrate_demo,client,1,21800650,96290,,108359,20220,
migrate_demo,client,1,21805853,96290,,108359,20220,
migrate_demo,client,1,21811053,96290,,108633,20220,
migrate_demo,client,1,21816201,96290,,108633,20220,
migrate_demo,client,1,21821428,96290,,108633,20220,
migrate_demo,client,1,21826713,96290,,108633,20220,
migrate_demo,client,1,21831859,96290,,108878,20220,
migrate_demo,client,1,21837091,96290,,108878,20220,
migrate_demo,client,1,21842565,96290,,108878,20220,
migrate_demo,client,1,21847859,96290,,108878,20220,
migrate_demo,client,1,21853109,96290,,108878,20220,
migrate_demo,client,1,21858345,96290,,109155,20220,
migrate_demo,client,1,21863586,96290,,109155,20220,
migrate_demo,client,1,21868768,96290,,109155,20220,
migrate_demo,client,1,21873995,96290,,109155,20220,
migrate_demo,client,1,21879181,96290,,111795,20220,
migrate_demo,client,1,21884391,96290,,111753,20220,
migrate_demo,client,1,21889570,96290,,111753,20220,
migrate_demo,client,1,21894801,96290,,111753,20220,
migrate_demo,client,1,21900028,96290,,111753,20220,
migrate_demo,client,1,21905258,96290,,111725,20220,
migrate_demo,client,1,21910512,96290,,111725,20220,
migrate_demo,client,1,21915785,96290,,111725,20220,
migrate_demo,client,1,21921057,96290,,111725,20220,
migrate_demo,client,1,21926263,96290,,111725,20220,
migrate_demo,client,1,21931457,96290,,111763,20220,
migrate_demo,client,1,21936679,96290,,111763,20220,
migrate_demo,client,1,21941959,96290,,111763,20220,
migrate_demo,client,1,21947264,96290,,111763,20220,
migrate_demo,client,1,21952478,96290,,111788,20220,
migrate_demo,client,1,21957705,96290,,111788,20220,
migrate_demo,client,1,21962943,96290,,111788,20220,
migrate_demo,client,1,21968269,96290,,111788,20220,
migrate_demo,client,1,21973503,96290,,111883,20220,
migrate_demo,client,1,21978744,96290,,111883,20220,
migrate_demo,client,1,21984029,96290,,111883,20220,
migrate_demo,client,1,21989241,96290,,111883,20220,
migrate_demo,client,1,21994360,96290,,111883,20220,
migrate_demo,client,1,21999561,96290,,111935,20220,
migrate_demo,client,1,22004851,96290,,111935,20220,
migrate_demo,client,1,22010100,96290,,111935,20220,
migrate_demo,client,1,22015407,96290,,111935,20220,
migrate_demo,client,1,22020640,96290,,112070,20220,
migrate_demo,client,1,22025873,96290,,112070,20220,
migrate_demo,client,1,22031145,96290,,112070,20220,
migrate_demo,client,1,22036389,96290,,112070,20220,
migrate_demo,client,1,22041612,96290,,112070,20220,
migrate_demo,client,1,22046856,96290,,112193,20220,
migrate_demo,client,1,22052120,96290,,112193,20220,
migrate_demo,client,1,22057295,96290,,112193,20220,
migrate_demo,client,1,22062487,96290,,112193,20220,
migrate_demo,client,1,22067763,96290,,112372,20220,
migrate_demo,client,1,22073055,96290,,112372,20220,
migrate_demo,client,1,22078192,96290,,112372,20220,
migrate_demo,client,1,22083409,96290,,112372,20220,
migrate_demo,client,1,22088640,96290,,112517,20220,
migrate_demo,client,1,22093947,96290,,112517,20220,
migrate_demo,client,1,22099200,96290,,112517,20220,
migrate_demo,client,1,22104398,96290,,112517,20220,
migrate_demo,client,1,22109628,96290,,112517,20220,
migrate_demo,client,1,22114857,96290,,112698,20220,
migrate_demo,client,1,22120241,96290,,112698,20220,
migrate_demo,client,1,22125467,96290,,112698,20220,
migrate_demo,client,1,22130722,96290,,112698,20220,
migrate_demo,client,1,22135943,96290,,112892,20220,
migrate_demo,client,1,22141229,96290,,112892,20220,
migrate_demo,client,1,22146421,96290,,112892,20220,
migrate_demo,client,1,22151682,96290,,112892,20220,
migrate_demo,client,1,22156893,96290,,112892,20220,
migrate_demo,client,1,22162137,96290,,113108,20220,
migrate_demo,client,1,22167476,96290,,113108,20220,
migrate_demo,client,1,22172628,96290,,113108,20220,
migrate_demo,client,1,22177853,96290,,113108,20220,
migrate_demo,client,1,22183143,96290,,113277,20220,
migrate_demo,client,1,22188347,96290,,113277,20220,
migrate_demo,client,1,22193682,96290,,113277,20220,
migrate_demo,client,1,22199031,96290,,113277,20220,
migrate_demo,client,1,22204300,96290,,113488,20220,
migrate_demo,client,1,22209472,96290,,113488,20220,
migrate_demo,client,1,22214759,96290,,113488,20220,
migrate_demo,client,1,22220026,96290,,113488,20220,
migrate_demo,client,1,22225264,96290,,113488,20220,
migrate_demo,client,1,22230583,96290,,113687,20220,
migrate_demo,client,1,22235928,96290,,113687,20220,
migrate_demo,client,1,22241265,96290,,113687,20220,
migrate_demo,client,1,22246513,96290,,113687,20220,
migrate_demo,client,1,22251754,96290,,113923,20220,
migrate_demo,client,1,22257002,96290,,113923,20220,
migrate_demo,client,1,22262256,96290,,113923,20220,
migrate_demo,client,1,22267572,96290,,113923,20220,
migrate_demo,client,1,22272852,96290,,114136,20220,
migrate_demo,client,1,22278187,96290,,114136,20220,
migrate_demo,client,1,22283458,96290,,114136,20220,
migrate_demo,client,1,22288725,96290,,114136,20220,
migrate_demo,client,1,22293970,96290,,114136,20220,
migrate_demo,client,1,22299224,96290,,114348,20220,
migrate_demo,client,1,22304448,96290,,114348,20220,
migrate_demo,client,1,22309688,96290,,114348,20220,
migrate_demo,client,1,22314969,96290,,114348,20220,
migrate_demo,client,1,22320172,96290,,114560,20220,
migrate_demo,client,1,22325454,96290,,114560,20220,
migrate_demo,client,1,22330725,96290,,114560,20220,
migrate_demo,client,1,22335952,96290,,114560,20220,
migrate_demo,client,1,22341176,96290,,114808,20220,
migrate_demo,client,1,22346433,96290,,114808,20220,
migrate_demo,client,1,22351698,96290,,114808,20220,
migrate_demo,client,1,22356933,96290,,114808,20220,
migrate_demo,client,1,22362142,96290,,114808,20220,
migrate_demo,client,1,22367348,96290,,115031,20220,
migrate_demo,client,1,22372557,96290,,115031,20220,
migrate_demo,client,1,22377789,96290,,115031,20220,
migrate_demo,client,1,22383038,96290,,115031,20220,
migrate_demo,client,1,22388192,96290,,115297,20220,
migrate_demo,client,1,22393419,96290,,115297,20220,
migrate_demo,client,1,22398659,96290,,115297,20220,
migrate_demo,client,1,22403834,96290,,115297,20220,
migrate_demo,client,1,22409147,96290,,115297,20220,
migrate_demo,client,1,22414416,96290,,115514,20220,
migrate_demo,client,1,22419709,96290,,115514,20220,
migrate_demo,client,1,22424972,96290,,115514,20220,
migrate_demo,client,1,22430185,96290,,115514,20220,
migrate_demo,client,1,22435415,96290,,115760,20220,
migrate_demo,client,1,22440735,96290,,115760,20220,
migrate_demo,client,1,22445942,96290,,115760,20220,
migrate_demo,client,1,22451181,96290,,115760,20220,
migrate_demo,client,1,22456404,96290,,115984,20220,
migrate_demo,client,1,22461644,96290,,115984,20220,
migrate_demo,client,1,22467041,96290,,115984,20220,
migrate_demo,client,1,22472272,96290,,115984,20220,
migrate_demo,client,1,22477565,96290,,115984,20220,
migrate_demo,client,1,22482798,96290,,116245,20220,
migrate_demo,client,1,22487989,96290,,116245,20220,
migrate_demo,client,1,22493181,96290,,116245,20220,
migrate_demo,client,1,22498439,96290,,116245,20220,
migrate_demo,client,1,22503655,96290,,116472,20220,
migrate_demo,client,1,22508863,96290,,116472,20220,
migrate_demo,client,1,22514171,96290,,116472,20220,
migrate_demo,client,1,22519432,96290,,116472,20220,
migrate_demo,client,1,22524593,96290,,116736,20220,
migrate_demo,client,1,22529829,96290,,116736,20220,
migrate_demo,client,1,22535112,96290,,116736,20220,
migrate_demo,client,1,22540349,96290,,116736,20220,
migrate_demo,client,1,22545615,96290,,116736,20220,
migrate_demo,client,1,22550876,96290,,116965,20220,
migrate_demo,client,1,22556119,96290,,116965,20220,
migrate_demo,client,1,22561365,96290,,116965,20220,
migrate_demo,client,1,22566624,96290,,116965,20220,
migrate_demo,client,1,22571814,96290,,117221,20220,
migrate_demo,client,1,22576978,96290,,117221,20220,
migrate_demo,client,1,22582278,96290,,117221,20220,
migrate_demo,client,1,22587620,96290,,117221,20220,
migrate_demo,client,1,22592932,96290,,117221,20220,
migrate_demo,client,1,22598243,96290,,117454,20220,
migrate_demo,client,1,22603523,96290,,117454,20220,
migrate_demo,client,1,22608753,96290,,117454,20220,
migrate_demo,client,1,22613946,96290,,117454,20220,
migrate_demo,client,1,22619201,96290,,117729,20220,
migrate_demo,client,1,22624469,96290,,117729,20220,
migrate_demo,client,1,22629714,96290,,117729,20220,
migrate_demo,client,1,22634975,96290,,117729,20220,
migrate_demo,client,1,22640221,96290,,117946,20220,
migrate_demo,client,1,22645499,96290,,117946,20220,
migrate_demo,client,1,22650685,96290,,117946,20220,
migrate_demo,client,1,22655907,96290,,117946,20220,
migrate_demo,client,1,22661327,96290,,117946,20220,
migrate_demo,client,1,22666605,96290,,118207,20220,
migrate_demo,client,1,22671835,96290,,118207,20220,
migrate_demo,client,1,22677056,96290,,118207,20220,
migrate_demo,client,1,22682339,96290,,118207,20220,
migrate_demo,client,1,22687482,96290,,118431,20220,
migrate_demo,client,1,22692745,96290,,118431,20220,
migrate_demo,client,1,22697940,96290,,118431,20220,
migrate_demo,client,1,22703196,96290,,118431,20220,
migrate_demo,client,1,22708436,96290,,118687,20220,
migrate_demo,client,1,22713762,96290,,118687,20220,
migrate_demo,client,1,22718939,96290,,118687,20220,
migrate_demo,client,1,22724220,96290,,118687,20220,
migrate_demo,client,1,22729452,96290,,118687,20220,
migrate_demo,client,1,22734666,96290,,118926,20220,
migrate_demo,client,1,22739899,96290,,118926,20220,
migrate_demo,client,1,22745125,96290,,118926,20220,
migrate_demo,client,1,22750360,96290,,118926,20220,
migrate_demo,client,1,22755596,96290,,120906,20220,
migrate_demo,client,1,22760856,96290,,120906,20220,
migrate_demo,client,1,22766087,96290,,121629,20220,
migrate_demo,client,1,22771340,96290,,121629,20220,
migrate_demo,client,1,22776632,96290,,121629,20220,
migrate_demo,client,1,22781850,96290,,121629,20220,
migrate_demo,client,1,22787101,96290,,121629,20220,
migrate_demo,client,1,22792318,96290,,121629,20220,
migrate_demo,client,1,22797553,96290,,121629,20220,
migrate_demo,client,1,22802873,96290,,121629,20220,
migrate_demo,client,1,22808082,96290,,121596,20220,
migrate_demo,client,1,22813349,96290,,121596,20220,
migrate_demo,client,1,22818670,96290,,121596,20220,
migrate_demo,client,1,22823955,96290,,121596,20220,
migrate_demo,client,1,22829230,96290,,121660,20220,
migrate_demo,client,1,22834427,96290,,121660,20220,
migrate_demo,client,1,22839653,96290,,121660,20220,
migrate_demo,client,1,22844906,96290,,121660,20220,
migrate_demo,client,1,22850206,96290,,121726,20220,
migrate_demo,client,1,22855479,96290,,121726,20220,
migrate_demo,client,1,22860659,96290,,121726,20220,
migrate_demo,client,1,22865806,96290,,121726,20220,
migrate_demo,client,1,22871027,96290,,121726,20220,
migrate_demo,client,1,22876217,96290,,121833,20220,
migrate_demo,client,1,22881502,96290,,121833,20220,
migrate_demo,client,1,22886681,96290,,121833,20220,
migrate_demo,client,1,22892028,96290,,121833,20220,
migrate_demo,client,1,22897326,96290,,121936,20220,
migrate_demo,client,1,22902591,96290,,121936,20220,
migrate_demo,client,1,22907859,96290,,121936,20220,
migrate_demo,client,1,22913159,96290,,121936,20220,
migrate_demo,client,1,22918470,96290,,121936,20220,
migrate_demo,client,1,22923729,96290,,122085,20220,
migrate_demo,client,1,22929070,96290,,122085,20220,
migrate_demo,client,1,22934384,96290,,122085,20220,
migrate_demo,client,1,22939622,96290,,122085,20220,
migrate_demo,client,1,22944836,96290,,122206,20220,
migrate_demo,client,1,22950157,96290,,122206,20220,
migrate_demo,client,1,22955431,96290,,122206,20220,
migrate_demo,client,1,22960600,96290,,122206,20220,
migrate_demo,client,1,22965834,96290,,122386,20220,
migrate_demo,client,1,22971095,96290,,122386,20220,
migrate_demo,client,1,22976269,96290,,122386,20220,
migrate_demo,client,1,22981602,96290,,122386,20220,
migrate_demo,client,1,22986808,96290,,122386,20220,
migrate_demo,client,1,22992055,96290,,122534,20220,
migrate_demo,client,1,22997317,96290,,122534,20220,
migrate_demo,client,1,23002654,96290,,122534,20220,
migrate_demo,client,1,23007931,96290,,122534,20220,
migrate_demo,client,1,23013130,96290,,122724,20220,
migrate_demo,client,1,23018389,96290,,122724,20220,
migrate_demo,client,1,23023786,96290,,122724,20220,
migrate_demo,client,1,23029022,96290,,122724,20220,
migrate_demo,client,1,23034240,96290,,122899,20220,
migrate_demo,client,1,23039424,96290,,122899,20220,
migrate_demo,client,1,23044653,96290,,122899,20220,
migrate_demo,client,1,23049958,96290,,122899,20220,
migrate_demo,client,1,23055260,96290,,122899,20220,
migrate_demo,client,1,23060525,96290,,123091,20220,
migrate_demo,client,1,23065757,96290,,123091,20220,
migrate_demo,client,1,23071190,96290,,123091,20220,
migrate_demo,client,1,23076412,96290,,123091,20220,
migrate_demo,client,1,23081580,96290,,123286,20220,
migrate_demo,client,1,23086803,96290,,123286,20220,
migrate_demo,client,1,23092059,96290,,123286,20220,
migrate_demo,client,1,23097311,96290,,123286,20220,
migrate_demo,client,1,23102454,96290,,123524,20220,
migrate_demo,client,1,23107662,96290,,123524,20220,
migrate_demo,client,1,23112887,96290,,123524,20220,
migrate_demo,client,1,23118188,96290,,123524,20220,
migrate_demo,client,1,23123398,96290,,123524,20220,
migrate_demo,client,1,23128596,96290,,123723,20220,
migrate_demo,client,1,23133819,96290,,123723,20220,
migrate_demo,client,1,23139016,96290,,123723,20220,
migrate_demo,client,1,23144272,96290,,123723,20220,
migrate_demo,client,1,23149428,96290,,123962,20220,
migrate_demo,client,1,23154743,96290,,123962,20220,
migrate_demo,client,1,23159993,96290,,123962,20220,
migrate_demo,client,1,23165199,96290,,123962,20220,
migrate_demo,client,1,23170415,96290,,123962,20220,
migrate_demo,client,1,23175631,96290,,124178,20220,
migrate_demo,client,1,23180856,96290,,124178,20220,
migrate_demo,client,1,23186086,96290,,124178,20220,
migrate_demo,client,1,23191327,96290,,124178,20220,
migrate_demo,client,1,23196540,96290,,124430,20220,
migrate_demo,client,1,23201782,96290,,124430,20220,
migrate_demo,client,1,23206990,96290,,124430,20220,
migrate_demo,client,1,23212296,96290,,124430,20220,
migrate_demo,client,1,23217554,96290,,124653,20220,
migrate_demo,client,1,23222817,96290,,124653,20220,
migrate_demo,client,1,23228054,96290,,124653,20220,
migrate_demo,client,1,23233324,96290,,124653,20220,
migrate_demo,client,1,23238608,96290,,124653,20220,
migrate_demo,client,1,23243764,96290,,124902,20220,
migrate_demo,client,1,23249045,96290,,124902,20220,
migrate_demo,client,1,23254264,96290,,124902,20220,
migrate_demo,client,1,23259603,96290,,124902,20220,
migrate_demo,client,1,23264822,96290,,125124,20220,
migrate_demo,client,1,23270096,96290,,125124,20220,
migrate_demo,client,1,23275313,96290,,125124,20220,
migrate_demo,client,1,23280734,96290,,125124,20220,
migrate_demo,client,1,23285967,96290,,125124,20220,
migrate_demo,client,1,23291210,96290,,125377,20220,
migrate_demo,client,1,23296478,96290,,125377,20220,
migrate_demo,client,1,23301701,96290,,125377,20220,
migrate_demo,client,1,23306858,96290,,125377,20220,
migrate_demo,client,1,23312129,96290,,125599,20220,
migrate_demo,client,1,23317413,96290,,125599,20220,
migrate_demo,client,1,23322618,96290,,125599,20220,
migrate_demo,client,1,23327947,96290,,125599,20220,
migrate_demo,client,1,23333141,96290,,125855,20220,
migrate_demo,client,1,23338367,96290,,125855,20220,
migrate_demo,client,1,23343593,96290,,125855,20220,
migrate_demo,client,1,23348810,96290,,125855,20220,
migrate_demo,client,1,23354036,96290,,125855,20220,
migrate_demo,client,1,23359217,96290,,126043,20220,
migrate_demo,client,1,23364523,96290,,126043,20220,
migrate_demo,client,1,23369842,96290,,126043,20220,
migrate_demo,client,1,23374997,96290,,126043,20220,
migrate_demo,client,1,23380310,96290,,126302,20220,
migrate_demo,client,1,23385658,96290,,126302,20220,
migrate_demo,client,1,23390896,96290,,126302,20220,
migrate_demo,client,1,23396116,96290,,126302,20220,
migrate_demo,client,1,23401288,96290,,126501,20220,
migrate_demo,client,1,23406545,96290,,126501,20220,
migrate_demo,client,1,23411856,96290,,126501,20220,
migrate_demo,client,1,23417097,96290,,126501,20220,
migrate_demo,client,1,23422349,96290,,126501,20220,
migrate_demo,client,1,23427543,96290,,126739,20220,
migrate_demo,client,1,23432768,96290,,126739,20220,
migrate_demo,client,1,23438084,96290,,126739,20220,
migrate_demo,client,1,23443296,96290,,126739,20220,
migrate_demo,client,1,23448522,96290,,126990,20220,
migrate_demo,client,1,23453832,96290,,126990,20220,
migrate_demo,client,1,23459039,96290,,126990,20220,
migrate_demo,client,1,23464292,96290,,126990,20220,
migrate_demo,client,1,23469625,96290,,126990,20220,
migrate_demo,client,1,23474858,96290,,127226,20220,
migrate_demo,client,1,23480163,96290,,127226,20220,
migrate_demo,client,1,23485414,96290,,127226,20220,
migrate_demo,client,1,23490619,96290,,127226,20220,
migrate_demo,client,1,23495830,96290,,127476,20220,
migrate_demo,client,1,23501022,96290,,127476,20220,
migrate_demo,client,1,23506301,96290,,127476,20220,
migrate_demo,client,1,23511533,96290,,127476,20220,
migrate_demo,client,1,23516714,96290,,127746,20220,
migrate_demo,client,1,23521967,96290,,127746,20220,
migrate_demo,client,1,23527134,96290,,127746,20220,
migrate_demo,client,1,23532367,96290,,127746,20220,
migrate_demo,client,1,23537599,96290,,127746,20220,
migrate_demo,client,1,23542817,96290,,127983,20220,
migrate_demo,client,1,23548152,96290,,127983,20220,
migrate_demo,client,1,23553373,96290,,127983,20220,
migrate_demo,client,1,23558575,96290,,127983,20220,
migrate_demo,client,1,23563797,96290,,128257,20220,
migrate_demo,client,1,23569052,96290,,128257,20220,
migrate_demo,client,1,23574340,96290,,128257,20220,
migrate_demo,client,1,23579588,96290,,128257,20220,
migrate_demo,client,1,23584818,96290,,128507,20220,
migrate_demo,client,1,23590121,96290,,128507,20220,
migrate_demo,client,1,23595402,96290,,128507,20220,
migrate_demo,client,1,23600676,96290,,128507,20220,
migrate_demo,client,1,23605838,96290,,128507,20220,
migrate_demo,client,1,23611062,96290,,128781,20220,
migrate_demo,client,1,23616366,96290,,128781,20220,
migrate_demo,client,1,23621613,96290,,128781,20220,
migrate_demo,client,1,23626896,96290,,128781,20220,
migrate_demo,client,1,23632132,96290,,129019,20220,
migrate_demo,client,1,23637457,96290,,129019,20220,
migrate_demo,client,1,23642722,96290,,129019,20220,
migrate_demo,client,1,23648041,96290,,129019,20220,
migrate_demo,client,1,23653229,96290,,129019,20220,
migrate_demo,client,1,23658492,96290,,129230,20220,
migrate_demo,client,1,23663765,96290,,129230,20220,
migrate_demo,client,1,23669048,96290,,129230,20220,
migrate_demo,client,1,23674321,96290,,129230,20220,
migrate_demo,client,1,23679594,96290,,131878,20220,
migrate_demo,client,1,23684793,96290,,131823,20220,
migrate_demo,client,1,23690017,96290,,131823,20220,
migrate_demo,client,1,23695297,96290,,131823,20220,
migrate_demo,client,1,23700627,96290,,131823,20220,
migrate_demo,client,1,23705876,96290,,131806,20220,
migrate_demo,client,1,23711092,96290,,131806,20220,
migrate_demo,client,1,23716306,96290,,131806,20220,
migrate_demo,client,1,23721557,96290,,131806,20220,
migrate_demo,client,1,23726770,96290,,131820,20220,
migrate_demo,client,1,23731925,96290,,131820,20220,
migrate_demo,client,1,23737138,96290,,131820,20220,
migrate_demo,client,1,23742397,96290,,131820,20220,
migrate_demo,client,1,23747685,96290,,131820,20220,
migrate_demo,client,1,23752909,96290,,131858,20220,
migrate_demo,client,1,23758232,96290,,131858,20220,
migrate_demo,client,1,23763495,96290,,131858,20220,
migrate_demo,client,1,23768731,96290,,131858,20220,
migrate_demo,client,1,23773948,96290,,131963,20220,
migrate_demo,client,1,23779215,96290,,131963,20220,
migrate_demo,client,1,23784489,96290,,131963,20220,
migrate_demo,client,1,23789729,96290,,131963,20220,
migrate_demo,client,1,23794942,96290,,131963,20220,
migrate_demo,client,1,23800068,96290,,132016,20220,
migrate_demo,client,1,23805347,96290,,132016,20220,
migrate_demo,client,1,23810608,96290,,132016,20220,
migrate_demo,client,1,23815802,96290,,132016,20220,
migrate_demo,client,1,23820999,96290,,132181,20220,
migrate_demo,client,1,23826230,96290,,132181,20220,
migrate_demo,client,1,23831352,96290,,132181,20220,
migrate_demo,client,1,23836531,96290,,132181,20220,
migrate_demo,client,1,23841757,96290,,132318,20220,
migrate_demo,client,1,23847018,96290,,132318,20220,
migrate_demo,client,1,23852212,96290,,132318,20220,
migrate_demo,client,1,23857415,96290,,132318,20220,
migrate_demo,client,1,23862694,96290,,132318,20220,
migrate_demo,client,1,23867911,96290,,132496,20220,
migrate_demo,client,1,23873165,96290,,132496,20220,
migrate_demo,client,1,23878335,96290,,132496,20220,
migrate_demo,client,1,23883549,96290,,132496,20220,
migrate_demo,client,1,23888748,96290,,132651,20220,
migrate_demo,client,1,23893996,96290,,132651,20220,
migrate_demo,client,1,23899205,96290,,132651,20220,
migrate_demo,client,1,23904450,96290,,132651,20220,
migrate_demo,client,1,23909641,96290,,132651,20220,
migrate_demo,client,1,23914809,96290,,132850,20220,
migrate_demo,client,1,23920047,96290,,132850,20220,
migrate_demo,client,1,23925262,96290,,132850,20220,
migrate_demo,client,1,23930481,96290,,132850,20220,
migrate_demo,client,1,23935766,96290,,133025,20220,
migrate_demo,client,1,23940996,96290,,133025,20220,
migrate_demo,client,1,23946299,96290,,133025,20220,
migrate_demo,client,1,23951544,96290,,133025,20220,
migrate_demo,client,1,23956752,96290,,133238,20220,
migrate_demo,client,1,23962022,96290,,133238,20220,
migrate_demo,client,1,23967310,96290,,133238,20220,
migrate_demo,client,1,23972535,96290,,133238,20220,
migrate_demo,client,1,23977762,96290,,133238,20220,
migrate_demo,client,1,23982970,96290,,133426,20220,
migrate_demo,client,1,23988280,96290,,133426,20220,
migrate_demo,client,1,23993558,96290,,133426,20220,
migrate_demo,client,1,23998871,96290,,133426,20220,
migrate_demo,client,1,24004057,96290,,133652,20220,
migrate_demo,client,1,24009258,96290,,133652,20220,
migrate_demo,client,1,24014461,96290,,133652,20220,
migrate_demo,client,1,24019711,96290,,133652,20220,
migrate_demo,client,1,24024945,96290,,133847,20220,
migrate_demo,client,1,24030210,96290,,133847,20220,
migrate_demo,client,1,24035443,96290,,133847,20220,
migrate_demo,client,1,24040672,96290,,133847,20220,
migrate_demo,client,1,24045915,96290,,133847,20220,
migrate_demo,client,1,24051148,96290,,134080,20220,
migrate_demo,client,1,24056417,96290,,134080,20220,
migrate_demo,client,1,24061631,96290,,134080,20220,
migrate_demo,client,1,24066851,96290,,134080,20220,
migrate_demo,client,1,24072062,96290,,134278,20220,
migrate_demo,client,1,24077478,96290,,134278,20220,
migrate_demo,client,1,24082788,96290,,134278,20220,
migrate_demo,client,1,24088062,96290,,134278,20220,
migrate_demo,client,1,24093342,96290,,134278,20220,
migrate_demo,client,1,24098617,96290,,134515,20220,
migrate_demo,client,1,24103899,96290,,134515,20220,
migrate_demo,client,1,24109104,96290,,134515,20220,
migrate_demo,client,1,24114474,96290,,134515,20220,
migrate_demo,client,1,24119908,96290,,134696,20220,
migrate_demo,client,1,24125172,96290,,134696,20220,
migrate_demo,client,1,24130423,96290,,134696,20220,
migrate_demo,client,1,24135624,96290,,134696,20220,
migrate_demo,client,1,24140806,96290,,134952,20220,
migrate_demo,client,1,24146056,96290,,134952,20220,
migrate_demo,client,1,24151357,96290,,134952,20220,
migrate_demo,client,1,24156651,96290,,134952,20220,
migrate_demo,client,1,24161905,96290,,134952,20220,
migrate_demo,client,1,24167073,96290,,135182,20220,
migrate_demo,client,1,24172392,96290,,135182,20220,
migrate_demo,client,1,24177630,96290,,135182,20220,
migrate_demo,client,1,24182834,96290,,135182,20220,
migrate_demo,client,1,24188061,96290,,135443,20220,
migrate_demo,client,1,24193351,96290,,135443,20220,
migrate_demo,client,1,24198573,96290,,135443,20220,
migrate_demo,client,1,24203844,96290,,135443,20220,
migrate_demo,client,1,24209050,96290,,135679,20220,
migrate_demo,client,1,24214313,96290,,135679,20220,
migrate_demo,client,1,24219521,96290,,135679,20220,
migrate_demo,client,1,24224695,96290,,135679,20220,
migrate_demo,client,1,24229957,96290,,135679,20220,
migrate_demo,client,1,24235164,96290,,135930,20220,
migrate_demo,client,1,24240447,96290,,135930,20220,
migrate_demo,client,1,24245825,96290,,135930,20220,
migrate_demo,client,1,24251149,96290,,135930,20220,
migrate_demo,client,1,24256358,96290,,136157,20220,
migrate_demo,client,1,24261554,96290,,136157,20220,
migrate_demo,client,1,24266794,96290,,136157,20220,
migrate_demo,client,1,24272037,96290,,136157,20220,
migrate_demo,client,1,24277193,96290,,136157,20220,
migrate_demo,client,1,24282419,96290,,136418,20220,
migrate_demo,client,1,24287749,96290,,136418,20220,
migrate_demo,client,1,24293015,96290,,136418,20220,
migrate_demo,client,1,24298299,96290,,136418,20220,
migrate_demo,client,1,24303617,96290,,136642,20220,
migrate_demo,client,1,24308902,96290,,136642,20220,
migrate_demo,client,1,24314227,96290,,136642,20220,
migrate_demo,client,1,24319495,96290,,136642,20220,
migrate_demo,client,1,24324671,96290,,136907,20220,
migrate_demo,client,1,24329883,96290,,136907,20220,
migrate_demo,client,1,24335122,96290,,136907,20220,
migrate_demo,client,1,24340359,96290,,136907,20220,
migrate_demo,client,1,24345614,96290,,136907,20220,
migrate_demo,client,1,24350811,96290,,137137,20220,
migrate_demo,client,1,24356044,96290,,137137,20220,
migrate_demo,client,1,24361302,96290,,137137,20220,
migrate_demo,client,1,24366577,96290,,137137,20220,
migrate_demo,client,1,24371764,96290,,137403,20220,
migrate_demo,client,1,24377069,96290,,137403,20220,
migrate_demo,client,1,24382339,96290,,137403,20220,
migrate_demo,client,1,24387651,96290,,137403,20220,
migrate_demo,client,1,24392879,96290,,126582,20220,
migrate_demo,client,1,24398195,96290,,126582,20220,
migrate_demo,client,1,24403551,96290,,126582,20220,
migrate_demo,client,1,24408761,96290,,115843,20220,
migrate_demo,client,1,24414080,96290,,115843,20220,
migrate_demo,client,1,24419430,96290,,115843,20220,
migrate_demo,client,1,24424791,96290,,115843,20220,
migrate_demo,client,1,24430095,96290,,115843,20220,
