arm,role,rep,time_us,cwnd,bytes_in_flight,smoothed_rtt,min_rtt,latest_rtt
migrate_demo,server,2,534604,12200,,20943,20880,
migrate_demo,server,2,539839,12200,,20943,20880,
migrate_demo,server,2,545273,12200,,20943,20880,
migrate_demo,server,2,550511,12200,,20943,20880,
migrate_demo,server,2,555840,18300,,21086,20880,
migrate_demo,server,2,561084,23180,,21645,20880,
migrate_demo,server,2,566305,23180,,21645,20880,
migrate_demo,server,2,571554,23180,,21645,20880,
migrate_demo,server,2,576786,29312,,21249,20422,
migrate_demo,server,2,582014,41512,,20882,20304,
migrate_demo,server,2,587236,46392,,20869,20304,
migrate_demo,server,2,592488,46392,,20869,20304,
migrate_demo,server,2,597698,52732,,20831,20304,
migrate_demo,server,2,602952,65252,,21380,20304,
migrate_demo,server,2,608214,77772,,22770,20304,
migrate_demo,server,2,613472,89040,,24786,20304,
migrate_demo,server,2,618707,98204,,23719,20304,
migrate_demo,server,2,623902,111524,,23134,20304,
migrate_demo,server,2,629183,124844,,24521,20304,
migrate_demo,server,2,634372,135500,,26203,20304,
migrate_demo,server,2,639580,148820,,28545,20304,
migrate_demo,server,2,644810,162140,,31141,20304,
migrate_demo,server,2,650122,172796,,33268,20304,
migrate_demo,server,2,655339,186336,,35606,20304,
migrate_demo,server,2,660633,200456,,37596,20304,
migrate_demo,server,2,665854,211752,,39325,20304,
migrate_demo,server,2,671298,225872,,41996,20304,
migrate_demo,server,2,676603,237168,,43972,20304,
migrate_demo,server,2,682175,252700,,46954,20304,
migrate_demo,server,2,687437,263996,,49408,20304,
migrate_demo,server,2,692645,276704,,51701,20304,
migrate_demo,server,2,697825,290824,,54759,20304,
migrate_demo,server,2,703024,302120,,57202,20304,
migrate_demo,server,2,708221,316240,,60155,20304,
migrate_demo,server,2,713445,327536,,62573,20304,
migrate_demo,server,2,718688,341656,,65418,20304,
migrate_demo,server,2,723873,352952,,67763,20304,
migrate_demo,server,2,729131,364248,,70228,20304,
migrate_demo,server,2,734428,378848,,72894,20304,
migrate_demo,server,2,739600,390624,,75169,20304,
migrate_demo,server,2,744840,405344,,78279,20304,
migrate_demo,server,2,750030,417120,,80790,20304,
migrate_demo,server,2,755227,428896,,83193,20304,
migrate_demo,server,2,760599,440672,,85541,20304,
migrate_demo,server,2,765920,455392,,88417,20304,
migrate_demo,server,2,771185,467168,,91012,20304,
migrate_demo,server,2,776399,480416,,93431,20304,
migrate_demo,server,2,781772,492192,,96024,20304,
migrate_demo,server,2,787011,506912,,98918,20304,
migrate_demo,server,2,792230,518688,,101489,20304,
migrate_demo,server,2,797502,530464,,103917,20304,
migrate_demo,server,2,802751,545184,,106952,20304,
migrate_demo,server,2,807989,556960,,109357,20304,
migrate_demo,server,2,813253,571680,,112569,20304,
migrate_demo,server,2,818506,581984,,114336,20304,
migrate_demo,server,2,823927,596704,,117299,20304,
migrate_demo,server,2,829147,609952,,120048,20304,
migrate_demo,server,2,834392,621728,,122426,20304,
migrate_demo,server,2,839640,633504,,125094,20304,
migrate_demo,server,2,844859,646752,,127418,20304,
migrate_demo,server,2,850174,658528,,129980,20304,
migrate_demo,server,2,855458,673248,,133134,20304,
migrate_demo,server,2,860758,685024,,135695,20304,
migrate_demo,server,2,866082,699744,,138683,20304,
migrate_demo,server,2,871288,711520,,141261,20304,
migrate_demo,server,2,876535,723296,,143564,20304,
migrate_demo,server,2,881778,738016,,146709,20304,
migrate_demo,server,2,886960,749792,,149031,20304,
migrate_demo,server,2,892287,761568,,151560,20304,
migrate_demo,server,2,897522,776288,,154676,20304,
migrate_demo,server,2,902732,788064,,156890,20304,
migrate_demo,server,2,907988,799840,,159178,20304,
migrate_demo,server,2,913233,814560,,162280,20304,
migrate_demo,server,2,918462,826336,,164722,20304,
migrate_demo,server,2,923657,838112,,167159,20304,
migrate_demo,server,2,929030,852832,,170103,20304,
migrate_demo,server,2,934288,864608,,172727,20304,
migrate_demo,server,2,939494,876384,,175048,20304,
migrate_demo,server,2,944717,891104,,178014,20304,
migrate_demo,server,2,949910,902880,,180447,20304,
migrate_demo,server,2,955143,914656,,182776,20304,
migrate_demo,server,2,960594,929376,,185970,20304,
migrate_demo,server,2,965869,941152,,188258,20304,
migrate_demo,server,2,971103,952928,,190509,20304,
migrate_demo,server,2,976284,967648,,193587,20304,
migrate_demo,server,2,981535,979424,,196007,20304,
migrate_demo,server,2,986769,991200,,198465,20304,
migrate_demo,server,2,991962,1005920,,201452,20304,
migrate_demo,server,2,997278,1017696,,203852,20304,
migrate_demo,server,2,1002733,1029472,,206278,20304,
migrate_demo,server,2,1007951,1044192,,209338,20304,
migrate_demo,server,2,1013152,1055968,,211694,20304,
migrate_demo,server,2,1018534,1067744,,214320,20304,
migrate_demo,server,2,1023783,1082464,,217395,20304,
migrate_demo,server,2,1029048,1094240,,219906,20304,
migrate_demo,server,2,1034434,1108960,,222799,20304,
migrate_demo,server,2,1039689,1120736,,225367,20304,
migrate_demo,server,2,1044891,1132512,,227658,20304,
migrate_demo,server,2,1050083,1147232,,230488,20304,
migrate_demo,server,2,1055304,1157536,,232846,20304,
migrate_demo,server,2,1060560,1172256,,235917,20304,
migrate_demo,server,2,1065780,1184032,,238325,20304,
migrate_demo,server,2,1070996,1195808,,240729,20304,
migrate_demo,server,2,1076227,1210528,,243777,20304,
migrate_demo,server,2,1081450,1222304,,246089,20304,
migrate_demo,server,2,1086634,1234080,,248536,20304,
migrate_demo,server,2,1091893,1248800,,251696,20304,
migrate_demo,server,2,1097101,1260576,,254076,20304,
migrate_demo,server,2,1102309,1272352,,256612,20304,
migrate_demo,server,2,1107576,1284128,,258866,20304,
migrate_demo,server,2,1112800,1298848,,261880,20304,
migrate_demo,server,2,1117993,1310624,,264428,20304,
migrate_demo,server,2,1123412,1322400,,266772,20304,
migrate_demo,server,2,1128658,1337120,,269909,20304,
migrate_demo,server,2,1133836,1348896,,272285,20304,
migrate_demo,server,2,1139055,1363616,,275210,20304,
migrate_demo,server,2,1144276,1375392,,277769,20304,
migrate_demo,server,2,1149472,1387168,,280154,20304,
migrate_demo,server,2,1154893,1401888,,283162,20304,
migrate_demo,server,2,1160128,1413664,,285655,20304,
migrate_demo,server,2,1165348,1425440,,288072,20304,
migrate_demo,server,2,1170682,1440160,,291005,20304,
migrate_demo,server,2,1175890,1451936,,293426,20304,
migrate_demo,server,2,1181090,1463712,,295960,20304,
migrate_demo,server,2,1186382,1478432,,298960,20304,
migrate_demo,server,2,1191606,1490208,,301464,20304,
migrate_demo,server,2,1196824,1501984,,303810,20304,
migrate_demo,server,2,1202124,1516704,,306756,20304,
migrate_demo,server,2,1207348,1528480,,309117,20304,
migrate_demo,server,2,1212535,1540256,,311708,20304,
migrate_demo,server,2,1217837,1552032,,314082,20304,
migrate_demo,server,2,1223051,1566752,,317089,20304,
migrate_demo,server,2,1228270,1578528,,319584,20304,
migrate_demo,server,2,1233704,1593248,,322585,20304,
migrate_demo,server,2,1238905,1605024,,324968,20304,
migrate_demo,server,2,1244143,1616800,,327343,20304,
migrate_demo,server,2,1249373,1631520,,330377,20304,
migrate_demo,server,2,1254637,1643296,,332920,20304,
migrate_demo,server,2,1259877,1655072,,335276,20304,
migrate_demo,server,2,1265211,1669792,,338222,20304,
migrate_demo,server,2,1270501,1681568,,340624,20304,
migrate_demo,server,2,1275710,1693344,,343145,20304,
migrate_demo,server,2,1280907,1708064,,346138,20304,
migrate_demo,server,2,1286121,1719840,,348631,20304,
migrate_demo,server,2,1291312,1731616,,351070,20304,
migrate_demo,server,2,1296609,1746336,,354077,20304,
migrate_demo,server,2,1301849,1758112,,356571,20304,
migrate_demo,server,2,1307110,1769888,,358930,20304,
migrate_demo,server,2,1312301,1784608,,361907,20304,
migrate_demo,server,2,1317505,1796384,,364306,20304,
migrate_demo,server,2,1322729,1808160,,366693,20304,
migrate_demo,server,2,1328024,1822880,,369650,20304,
migrate_demo,server,2,1333233,1834656,,372069,20304,
migrate_demo,server,2,1338445,1846432,,374643,20304,
migrate_demo,server,2,1343857,1858208,,377143,20304,
migrate_demo,server,2,1349055,1872928,,380136,20304,
migrate_demo,server,2,1354240,1884704,,382504,20304,
migrate_demo,server,2,1359612,1899424,,385481,20304,
migrate_demo,server,2,1364827,1911200,,387887,20304,
migrate_demo,server,2,1370075,1922976,,390286,20304,
migrate_demo,server,2,1375319,1937696,,393485,20304,
migrate_demo,server,2,1380543,1949472,,395832,20304,
migrate_demo,server,2,1385747,1961248,,398254,20304,
migrate_demo,server,2,1391148,1975968,,401339,20304,
migrate_demo,server,2,1396385,1987744,,403700,20304,
migrate_demo,server,2,1401600,1999520,,406094,20304,
migrate_demo,server,2,1406992,2014240,,409150,20304,
migrate_demo,server,2,1412180,2026016,,411654,20304,
migrate_demo,server,2,1417378,2037792,,413978,20304,
migrate_demo,server,2,1422561,2052512,,417045,20304,
migrate_demo,server,2,1427743,2064288,,419529,20304,
migrate_demo,server,2,1432945,2076064,,421890,20304,
migrate_demo,server,2,1438282,2090784,,424880,20304,
migrate_demo,server,2,1443498,2102560,,427438,20304,
migrate_demo,server,2,1448700,2114336,,429792,20304,
migrate_demo,server,2,1454092,2129056,,432724,20304,
migrate_demo,server,2,1459297,2140832,,435230,20304,
migrate_demo,server,2,1464492,2152608,,437754,20304,
migrate_demo,server,2,1469893,2167328,,440737,20304,
migrate_demo,server,2,1475095,2179104,,443099,20304,
migrate_demo,server,2,1480352,2190880,,445496,20304,
migrate_demo,server,2,1485559,2205600,,448456,20304,
migrate_demo,server,2,1490888,2217376,,450968,20304,
migrate_demo,server,2,1496121,2229152,,453374,20304,
migrate_demo,server,2,1501397,2243872,,456405,20304,
migrate_demo,server,2,1506630,2255648,,458829,20304,
migrate_demo,server,2,1511898,2267424,,461194,20304,
migrate_demo,server,2,1517108,2282144,,464183,20304,
migrate_demo,server,2,1522398,2293920,,466684,20304,
migrate_demo,server,2,1527600,2305696,,469234,20304,
migrate_demo,server,2,1532863,2320416,,472267,20304,
migrate_demo,server,2,1538088,2332192,,474546,20304,
migrate_demo,server,2,1543323,2343968,,477050,20304,
migrate_demo,server,2,1548554,2358688,,480151,20304,
migrate_demo,server,2,1553760,2370464,,482515,20304,
migrate_demo,server,2,1559082,2382240,,485050,20304,
migrate_demo,server,2,1564404,2396960,,487928,20304,
migrate_demo,server,2,1569613,2408736,,490297,20304,
migrate_demo,server,2,1574856,2420512,,492668,20304,
migrate_demo,server,2,1580055,2435232,,495705,20304,
migrate_demo,server,2,1585278,2447008,,498120,20304,
migrate_demo,server,2,1590525,2458784,,500676,20304,
migrate_demo,server,2,1595736,2473504,,503607,20304,
migrate_demo,server,2,1600964,2485280,,505963,20304,
migrate_demo,server,2,1606156,2497056,,508378,20304,
migrate_demo,server,2,1611466,2511776,,511415,20304,
migrate_demo,server,2,1616634,2523552,,513855,20304,
migrate_demo,server,2,1621832,2535328,,516287,20304,
migrate_demo,server,2,1627134,2547104,,518703,20304,
migrate_demo,server,2,1632318,2561824,,521821,20304,
migrate_demo,server,2,1637548,2573600,,524171,20304,
migrate_demo,server,2,1642964,2585376,,526685,20304,
migrate_demo,server,2,1648260,2600096,,529676,20304,
migrate_demo,server,2,1653466,2611872,,532050,20304,
migrate_demo,server,2,1658729,2626592,,535144,20304,
migrate_demo,server,2,1663957,2638368,,537521,20304,
migrate_demo,server,2,1669190,2650144,,539904,20304,
migrate_demo,server,2,1674473,2664864,,543048,20304,
migrate_demo,server,2,1679726,2676640,,545430,20304,
migrate_demo,server,2,1685092,2688416,,547816,20304,
migrate_demo,server,2,1690330,2703136,,550877,20304,
migrate_demo,server,2,1695573,2714912,,553357,20304,
migrate_demo,server,2,1700763,2726688,,555769,20304,
migrate_demo,server,2,1706018,2741408,,558753,20304,
migrate_demo,server,2,1711213,2753184,,561148,20304,
migrate_demo,server,2,1716439,2764960,,563558,20304,
migrate_demo,server,2,1721818,2779680,,566680,20304,
migrate_demo,server,2,1727067,2791456,,569067,20304,
migrate_demo,server,2,1732344,2803232,,571554,20304,
migrate_demo,server,2,1737574,2817952,,574529,20304,
migrate_demo,server,2,1742813,2829728,,577034,20304,
migrate_demo,server,2,1748042,2841504,,579379,20304,
migrate_demo,server,2,1753235,2856224,,582428,20304,
migrate_demo,server,2,1758457,2868000,,584795,20304,
migrate_demo,server,2,1763705,2879776,,587169,20304,
migrate_demo,server,2,1768970,2894496,,590208,20304,
migrate_demo,server,2,1774193,2906272,,592632,20304,
migrate_demo,server,2,1779446,2918048,,595073,20304,
migrate_demo,server,2,1784720,2932768,,598038,20304,
migrate_demo,server,2,1789939,2944544,,600633,20304,
migrate_demo,server,2,1795174,2065302,,602678,20304,
migrate_demo,server,2,1800402,2065302,,604152,20304,
migrate_demo,server,2,1805572,2065302,,604752,20304,
migrate_demo,server,2,1810785,2065302,,605148,20304,
migrate_demo,server,2,1816006,2065302,,605344,20304,
migrate_demo,server,2,1821333,2065302,,605480,20304,
migrate_demo,server,2,1826523,2065302,,605523,20304,
migrate_demo,server,2,1831697,2065302,,605553,20304,
migrate_demo,server,2,1836893,2065302,,605604,20304,
migrate_demo,server,2,1842078,2065302,,605610,20304,
migrate_demo,server,2,1847304,2065302,,605624,20304,
migrate_demo,server,2,1852543,2065302,,605636,20304,
migrate_demo,server,2,1857748,2065302,,605644,20304,
migrate_demo,server,2,1862931,2065302,,605674,20304,
migrate_demo,server,2,1868228,2065302,,605676,20304,
migrate_demo,server,2,1873452,2065302,,605674,20304,
migrate_demo,server,2,1878718,2065302,,605640,20304,
migrate_demo,server,2,1884015,2065302,,605657,20304,
migrate_demo,server,2,1889253,2065302,,605823,20304,
migrate_demo,server,2,1894452,2065302,,605761,20304,
migrate_demo,server,2,1899864,2065302,,605716,20304,
migrate_demo,server,2,1905062,2065302,,605740,20304,
migrate_demo,server,2,1910359,2065302,,605694,20304,
migrate_demo,server,2,1915475,2065302,,605675,20304,
migrate_demo,server,2,1920682,2065302,,605670,20304,
migrate_demo,server,2,1925985,2065302,,605680,20304,
migrate_demo,server,2,1931238,2065302,,605651,20304,
migrate_demo,server,2,1936435,2065302,,605698,20304,
migrate_demo,server,2,1941643,2065302,,605697,20304,
migrate_demo,server,2,1946866,2065302,,605668,20304,
migrate_demo,server,2,1952035,2065302,,605653,20304,
migrate_demo,server,2,1957253,2065302,,605677,20304,
migrate_demo,server,2,1962498,2065302,,605677,20304,
migrate_demo,server,2,1967685,2065302,,605756,20304,
migrate_demo,server,2,1972883,2065302,,605721,20304,
migrate_demo,server,2,1978093,2065302,,605714,20304,
migrate_demo,server,2,1983624,2065302,,605714,20304,
migrate_demo,server,2,1988908,2065302,,605690,20304,
migrate_demo,server,2,1994240,2065302,,605650,20304,
migrate_demo,server,2,1999495,2065302,,605650,20304,
migrate_demo,server,2,2004751,2065302,,605635,20304,
migrate_demo,server,2,2010207,2065302,,605629,20304,
migrate_demo,server,2,2016155,2065302,,605689,20304,
migrate_demo,server,2,2021816,2065302,,605814,20304,
migrate_demo,server,2,2027519,2065302,,605772,20304,
migrate_demo,server,2,2032748,2065302,,605715,20304,
migrate_demo,server,2,2038374,2065302,,605699,20304,
migrate_demo,server,2,2044378,2065302,,605776,20304,
migrate_demo,server,2,2049630,2065302,,605780,20304,
migrate_demo,server,2,2055164,2065302,,605751,20304,
migrate_demo,server,2,2060774,2065302,,605718,20304,
migrate_demo,server,2,2067069,2065302,,605691,20304,
migrate_demo,server,2,2072307,2065302,,605739,20304,
migrate_demo,server,2,2077741,2065302,,605726,20304,
migrate_demo,server,2,2083144,2065302,,605687,20304,
migrate_demo,server,2,2088797,2065302,,605692,20304,
migrate_demo,server,2,2094069,2065302,,605673,20304,
migrate_demo,server,2,2099245,2065302,,605674,20304,
migrate_demo,server,2,2105113,2065302,,605636,20304,
migrate_demo,server,2,2110436,2065302,,605685,20304,
migrate_demo,server,2,2116119,2065302,,605672,20304,
migrate_demo,server,2,2122298,2065302,,605678,20304,
migrate_demo,server,2,2127791,2065302,,605770,20304,
migrate_demo,server,2,2132977,2065302,,605720,20304,
migrate_demo,server,2,2138267,2065302,,605734,20304,
migrate_demo,server,2,2143877,2065302,,605732,20304,
migrate_demo,server,2,2149093,2065302,,605722,20304,
migrate_demo,server,2,2154569,2065302,,605678,20304,
migrate_demo,server,2,2160407,2065302,,605666,20304,
migrate_demo,server,2,2165667,2065302,,605805,20304,
migrate_demo,server,2,2170880,2065302,,605736,20304,
migrate_demo,server,2,2176318,2065302,,605677,20304,
migrate_demo,server,2,2181541,2065302,,605684,20304,
migrate_demo,server,2,2187044,2065302,,605656,20304,
migrate_demo,server,2,2192308,2065302,,605631,20304,
migrate_demo,server,2,2197633,2065302,,605649,20304,
migrate_demo,server,2,2202962,2065302,,605672,20304,
migrate_demo,server,2,2208246,2065302,,605668,20304,
migrate_demo,server,2,2214472,2065302,,605679,20304,
migrate_demo,server,2,2219761,2065302,,605706,20304,
migrate_demo,server,2,2224978,2065302,,605688,20304,
migrate_demo,server,2,2230376,2065302,,605725,20304,
migrate_demo,server,2,2236794,2065302,,605878,20304,
migrate_demo,server,2,2241943,2065302,,605822,20304,
migrate_demo,server,2,2247261,2065302,,605778,20304,
migrate_demo,server,2,2252964,2065302,,605792,20304,
migrate_demo,server,2,2258250,2065302,,605796,20304,
migrate_demo,server,2,2263858,2065302,,605779,20304,
migrate_demo,server,2,2269223,2065302,,605729,20304,
migrate_demo,server,2,2274651,2065302,,605738,20304,
migrate_demo,server,2,2279969,2065302,,605713,20304,
migrate_demo,server,2,2285313,2065302,,605709,20304,
migrate_demo,server,2,2290649,2065302,,605740,20304,
migrate_demo,server,2,2296172,2065302,,605704,20304,
migrate_demo,server,2,2301574,2065302,,605685,20304,
migrate_demo,server,2,2307358,2065302,,605666,20304,
migrate_demo,server,2,2312699,2065302,,605700,20304,
migrate_demo,server,2,2318113,2065302,,605767,20304,
migrate_demo,server,2,2323370,2065302,,605728,20304,
migrate_demo,server,2,2329158,2065302,,605769,20304,
migrate_demo,server,2,2334439,2065302,,605827,20304,
migrate_demo,server,2,2339931,2065302,,605732,20304,
migrate_demo,server,2,2345310,2065302,,605667,20304,
migrate_demo,server,2,2350740,2065302,,605666,20304,
migrate_demo,server,2,2356081,2065302,,605670,20304,
migrate_demo,server,2,2361960,2065302,,605775,20304,
migrate_demo,server,2,2367822,2065302,,605713,20304,
migrate_demo,server,2,2373221,2065302,,605690,20304,
migrate_demo,server,2,2378542,2065302,,605668,20304,
migrate_demo,server,2,2383873,2065302,,605658,20304,
migrate_demo,server,2,2389542,2065302,,605684,20304,
migrate_demo,server,2,2394773,2065302,,605667,20304,
migrate_demo,server,2,2400722,2065439,,562955,20304,
migrate_demo,server,2,2406672,2065968,,505737,20304,
migrate_demo,server,2,2411965,2066476,,473074,20304,
migrate_demo,server,2,2417252,2067095,,451845,20304,
migrate_demo,server,2,2422498,2067584,,443734,20304,
migrate_demo,server,2,2427901,2068072,,439964,20304,
migrate_demo,server,2,2433141,2068682,,438717,20304,
migrate_demo,server,2,2438458,2069170,,439302,20304,
migrate_demo,server,2,2443923,2069785,,441037,20304,
migrate_demo,server,2,2449135,2070278,,442932,20304,
migrate_demo,server,2,2454434,2070774,,445031,20304,
migrate_demo,server,2,2459927,2071398,,447847,20304,
migrate_demo,server,2,2465130,2071899,,450156,20304,
migrate_demo,server,2,2470989,2072529,,453138,20304,
migrate_demo,server,2,2476254,2073037,,455403,20304,
migrate_demo,server,2,2481419,2073673,,458469,20304,
migrate_demo,server,2,2486668,2074185,,460829,20304,
migrate_demo,server,2,2491936,2074700,,463215,20304,
migrate_demo,server,2,2497466,2075346,,466287,20304,
migrate_demo,server,2,2502882,2075866,,468587,20304,
migrate_demo,server,2,2508167,2076520,,471628,20304,
migrate_demo,server,2,2513374,2077044,,474038,20304,
migrate_demo,server,2,2518703,2077572,,476451,20304,
migrate_demo,server,2,2524319,2078234,,479540,20304,
migrate_demo,server,2,2529829,2078766,,481984,20304,
migrate_demo,server,2,2535012,2079436,,484996,20304,
migrate_demo,server,2,2540263,2079975,,487698,20304,
migrate_demo,server,2,2545456,2080515,,490182,20304,
migrate_demo,server,2,2550642,2081058,,492609,20304,
migrate_demo,server,2,2555964,2081739,,495662,20304,
migrate_demo,server,2,2561178,2082287,,498020,20304,
migrate_demo,server,2,2566373,2082837,,500402,20304,
migrate_demo,server,2,2571722,2083527,,503558,20304,
migrate_demo,server,2,2576916,2084082,,505985,20304,
migrate_demo,server,2,2582491,2084638,,508440,20304,
migrate_demo,server,2,2587724,2085338,,511663,20304,
migrate_demo,server,2,2592950,2085899,,514357,20304,
migrate_demo,server,2,2598664,2086604,,517384,20304,
migrate_demo,server,2,2603920,2087171,,519847,20304,
migrate_demo,server,2,2609391,2087882,,522850,20304,
migrate_demo,server,2,2614573,2088454,,525319,20304,
migrate_demo,server,2,2620012,2089170,,528243,20304,
migrate_demo,server,2,2625227,2089746,,530698,20304,
migrate_demo,server,2,2630485,2090323,,533211,20304,
migrate_demo,server,2,2635858,2091048,,536179,20304,
migrate_demo,server,2,2641109,2091630,,538507,20304,
migrate_demo,server,2,2646368,2092214,,540829,20304,
migrate_demo,server,2,2651530,2092947,,543699,20304,
migrate_demo,server,2,2656711,2093535,,546001,20304,
migrate_demo,server,2,2661949,2094125,,548504,20304,
migrate_demo,server,2,2667362,2094865,,551584,20304,
migrate_demo,server,2,2672572,2095460,,554190,20304,
migrate_demo,server,2,2677866,2096056,,556511,20304,
migrate_demo,server,2,2683492,2096804,,559545,20304,
migrate_demo,server,2,2688901,2097404,,561865,20304,
migrate_demo,server,2,2694112,2098158,,564926,20304,
migrate_demo,server,2,2699333,2098762,,567356,20304,
migrate_demo,server,2,2704740,2099521,,570366,20304,
migrate_demo,server,2,2709988,2100129,,572803,20304,
migrate_demo,server,2,2715164,2100741,,575228,20304,
migrate_demo,server,2,2720658,2101506,,578419,20304,
migrate_demo,server,2,2725835,2102122,,580906,20304,
migrate_demo,server,2,2731065,2102738,,583394,20304,
migrate_demo,server,2,2736281,2103512,,586566,20304,
migrate_demo,server,2,2741475,2104132,,588941,20304,
migrate_demo,server,2,2746682,2104755,,591429,20304,
migrate_demo,server,2,2751956,2105535,,594515,20304,
migrate_demo,server,2,2757188,2106162,,596976,20304,
migrate_demo,server,2,2762424,2106790,,599462,20304,
migrate_demo,server,2,2767880,2107577,,602355,20304,
migrate_demo,server,2,2773061,2108209,,604468,20304,
migrate_demo,server,2,2780965,1475856,,606341,20304,
migrate_demo,server,2,2787337,1475856,,608190,20304,
migrate_demo,server,2,2794307,1475856,,608596,20304,
migrate_demo,server,2,2799535,1475856,,608334,20304,
migrate_demo,server,2,2805212,1475856,,607972,20304,
migrate_demo,server,2,2810695,1475856,,607924,20304,
migrate_demo,server,2,2815947,1475856,,607887,20304,
migrate_demo,server,2,2821166,1475856,,607814,20304,
migrate_demo,server,2,2826558,1475856,,608041,20304,
migrate_demo,server,2,2831804,1475856,,608143,20304,
migrate_demo,server,2,2837021,1475856,,608172,20304,
migrate_demo,server,2,2842219,1475856,,608407,20304,
migrate_demo,server,2,2847410,1475856,,608492,20304,
migrate_demo,server,2,2852725,1475856,,609089,20304,
migrate_demo,server,2,2858017,1475856,,609328,20304,
migrate_demo,server,2,2863180,1475856,,609485,20304,
migrate_demo,server,2,2868737,1475856,,609649,20304,
migrate_demo,server,2,2874064,1475856,,609708,20304,
migrate_demo,server,2,2879283,1475856,,609510,20304,
migrate_demo,server,2,2884774,1475856,,609711,20304,
migrate_demo,server,2,2890290,1475856,,609689,20304,
migrate_demo,server,2,2895479,1475856,,609551,20304,
migrate_demo,server,2,2900675,1475856,,609656,20304,
migrate_demo,server,2,2905995,1475856,,609604,20304,
migrate_demo,server,2,2911217,1475856,,609486,20304,
migrate_demo,server,2,2916573,1475856,,609528,20304,
migrate_demo,server,2,2921979,1475856,,609664,20304,
migrate_demo,server,2,2927222,1475856,,609734,20304,
migrate_demo,server,2,2932574,1475856,,609745,20304,
migrate_demo,server,2,2937799,1475856,,609626,20304,
migrate_demo,server,2,2943195,1475856,,609657,20304,
migrate_demo,server,2,2948457,1475856,,609612,20304,
migrate_demo,server,2,2953665,1475856,,609620,20304,
migrate_demo,server,2,2958917,1475856,,609621,20304,
migrate_demo,server,2,2964112,1475856,,609669,20304,
migrate_demo,server,2,2969363,1475856,,609754,20304,
migrate_demo,server,2,2974890,1475856,,609780,20304,
migrate_demo,server,2,2980213,1475856,,609717,20304,
migrate_demo,server,2,2985864,1475856,,609769,20304,
migrate_demo,server,2,2991529,1475856,,609825,20304,
migrate_demo,server,2,2996839,1475856,,609762,20304,
migrate_demo,server,2,3002090,1475856,,609613,20304,
migrate_demo,server,2,3007694,1475856,,609546,20304,
migrate_demo,server,2,3012937,1475856,,609873,20304,
migrate_demo,server,2,3018371,1475856,,523481,20304,
migrate_demo,server,2,3023578,1475856,,387678,20304,
migrate_demo,server,2,3029304,1475856,,330527,20304,
migrate_demo,server,2,3034772,1475856,,293690,20304,
migrate_demo,server,2,3040656,1475856,,279566,20304,
migrate_demo,server,2,3045973,1475856,,275755,20304,
migrate_demo,server,2,3051238,1475856,,275755,20304,
migrate_demo,server,2,3056493,1475856,,275755,20304,
migrate_demo,server,2,3061735,1475856,,275755,20304,
migrate_demo,server,2,3066940,1475856,,275755,20304,
migrate_demo,server,2,3072347,1475856,,277057,20304,
migrate_demo,server,2,3078009,1475856,,277057,20304,
migrate_demo,server,2,3083219,1475856,,277057,20304,
migrate_demo,server,2,3088424,1475856,,277057,20304,
migrate_demo,server,2,3093689,1475856,,277057,20304,
migrate_demo,server,2,3098952,1475856,,281166,20304,
migrate_demo,server,2,3104205,1475856,,281166,20304,
migrate_demo,server,2,3109493,1475856,,281166,20304,
migrate_demo,server,2,3114774,1475856,,281166,20304,
migrate_demo,server,2,3119979,1475856,,281166,20304,
migrate_demo,server,2,3125309,1475856,,287738,20304,
migrate_demo,server,2,3130856,1475856,,287738,20304,
migrate_demo,server,2,3136106,1475856,,287738,20304,
migrate_demo,server,2,3141316,1475856,,287738,20304,
migrate_demo,server,2,3146506,1475856,,287738,20304,
migrate_demo,server,2,3151711,1475856,,296451,20304,
migrate_demo,server,2,3156932,1475856,,296451,20304,
migrate_demo,server,2,3162176,1475856,,296451,20304,
migrate_demo,server,2,3167374,1475856,,296451,20304,
migrate_demo,server,2,3172609,1475856,,296451,20304,
migrate_demo,server,2,3178006,1475856,,307055,20304,
migrate_demo,server,2,3183222,1475856,,307055,20304,
migrate_demo,server,2,3188473,1475856,,307055,20304,
migrate_demo,server,2,3193677,1475856,,307055,20304,
migrate_demo,server,2,3198873,1475856,,307055,20304,
migrate_demo,server,2,3204060,1475856,,318843,20304,
migrate_demo,server,2,3209335,1475856,,318843,20304,
migrate_demo,server,2,3214594,1475856,,318843,20304,
migrate_demo,server,2,3219802,1475856,,318843,20304,
migrate_demo,server,2,3225022,1475856,,318843,20304,
migrate_demo,server,2,3230227,1475856,,330285,20304,
migrate_demo,server,2,3235631,1475856,,330285,20304,
migrate_demo,server,2,3240885,1475856,,330285,20304,
migrate_demo,server,2,3246125,1475856,,330285,20304,
migrate_demo,server,2,3251341,1475856,,330285,20304,
migrate_demo,server,2,3256606,1475856,,341422,20304,
migrate_demo,server,2,3261879,1475856,,341422,20304,
migrate_demo,server,2,3267110,1475856,,341422,20304,
migrate_demo,server,2,3272371,1475856,,341422,20304,
migrate_demo,server,2,3277575,1475856,,341422,20304,
migrate_demo,server,2,3283006,1475856,,352274,20304,
migrate_demo,server,2,3288344,1475856,,352274,20304,
migrate_demo,server,2,3293732,1475856,,352274,20304,
migrate_demo,server,2,3298975,1475856,,352274,20304,
migrate_demo,server,2,3304181,1475856,,352274,20304,
migrate_demo,server,2,3309446,1475856,,363023,20304,
migrate_demo,server,2,3314837,1475856,,363023,20304,
migrate_demo,server,2,3320006,1475856,,363023,20304,
migrate_demo,server,2,3325197,1475856,,363023,20304,
migrate_demo,server,2,3330443,1475856,,363023,20304,
migrate_demo,server,2,3335767,1475856,,373572,20304,
migrate_demo,server,2,3341392,1475856,,373572,20304,
migrate_demo,server,2,3346799,1475856,,373572,20304,
migrate_demo,server,2,3352008,1475856,,373572,20304,
migrate_demo,server,2,3357192,1475856,,373572,20304,
migrate_demo,server,2,3362412,1475856,,383877,20304,
migrate_demo,server,2,3367955,1475856,,383877,20304,
migrate_demo,server,2,3373366,1475856,,383877,20304,
migrate_demo,server,2,3378588,1475856,,383877,20304,
migrate_demo,server,2,3383827,1475856,,383877,20304,
migrate_demo,server,2,3389047,1475856,,394123,20304,
migrate_demo,server,2,3394419,1475856,,394123,20304,
migrate_demo,server,2,3400133,1475856,,394123,20304,
migrate_demo,server,2,3405338,1475856,,394123,20304,
migrate_demo,server,2,3410542,1475856,,394123,20304,
migrate_demo,server,2,3415830,1475856,,404249,20304,
migrate_demo,server,2,3421269,1475856,,404249,20304,
migrate_demo,server,2,3426547,1475856,,404249,20304,
migrate_demo,server,2,3431750,1475856,,404249,20304,
migrate_demo,server,2,3437020,1475856,,404249,20304,
migrate_demo,server,2,3442406,1475856,,414304,20304,
migrate_demo,server,2,3447643,1475856,,414304,20304,
migrate_demo,server,2,3452933,1475856,,414304,20304,
migrate_demo,server,2,3458121,1475856,,414304,20304,
migrate_demo,server,2,3463347,1475856,,414304,20304,
migrate_demo,server,2,3468603,1475856,,424359,20304,
migrate_demo,server,2,3473845,1475856,,424359,20304,
migrate_demo,server,2,3479033,1475856,,424359,20304,
migrate_demo,server,2,3484243,1475856,,424359,20304,
migrate_demo,server,2,3489454,1475856,,424359,20304,
migrate_demo,server,2,3494649,1475856,,434350,20304,
migrate_demo,server,2,3499844,1475856,,434350,20304,
migrate_demo,server,2,3505072,1475856,,434350,20304,
migrate_demo,server,2,3510286,1475856,,434350,20304,
migrate_demo,server,2,3515506,1475856,,434350,20304,
migrate_demo,server,2,3520724,1475856,,444282,20304,
migrate_demo,server,2,3526122,1475856,,444282,20304,
migrate_demo,server,2,3531326,1475856,,444282,20304,
migrate_demo,server,2,3536582,1475856,,444282,20304,
migrate_demo,server,2,3541862,1475856,,444282,20304,
migrate_demo,server,2,3547101,1475856,,454172,20304,
migrate_demo,server,2,3552267,1475856,,454172,20304,
migrate_demo,server,2,3557538,1475856,,454172,20304,
migrate_demo,server,2,3562774,1475856,,454172,20304,
migrate_demo,server,2,3567988,1475856,,454172,20304,
migrate_demo,server,2,3573281,1475856,,464612,20304,
migrate_demo,server,2,3578636,1475856,,464612,20304,
migrate_demo,server,2,3583868,1475856,,464612,20304,
migrate_demo,server,2,3589061,1475856,,464612,20304,
migrate_demo,server,2,3594230,1475856,,464612,20304,
migrate_demo,server,2,3599540,1475856,,476053,20304,
migrate_demo,server,2,3604812,1475856,,476053,20304,
migrate_demo,server,2,3610002,1475856,,476053,20304,
migrate_demo,server,2,3615209,1475856,,476053,20304,
migrate_demo,server,2,3620536,1475856,,476053,20304,
migrate_demo,server,2,3626241,1475856,,488117,20304,
migrate_demo,server,2,3631464,1475856,,488117,20304,
migrate_demo,server,2,3636713,1475856,,488117,20304,
migrate_demo,server,2,3641950,1475856,,488117,20304,
migrate_demo,server,2,3647186,1475856,,488117,20304,
migrate_demo,server,2,3652775,1475856,,499723,20304,
migrate_demo,server,2,3658055,1475856,,499723,20304,
migrate_demo,server,2,3663253,1475856,,499723,20304,
migrate_demo,server,2,3668471,1475856,,499723,20304,
migrate_demo,server,2,3673656,1475856,,499723,20304,
migrate_demo,server,2,3678830,1475856,,509804,20304,
migrate_demo,server,2,3684062,1475856,,509804,20304,
migrate_demo,server,2,3689317,1475856,,509804,20304,
migrate_demo,server,2,3694553,1475856,,509804,20304,
migrate_demo,server,2,3699855,1475856,,509804,20304,
migrate_demo,server,2,3705165,1475856,,518720,20304,
migrate_demo,server,2,3710403,1475856,,518720,20304,
migrate_demo,server,2,3715617,1475856,,518720,20304,
migrate_demo,server,2,3720838,1475856,,518720,20304,
migrate_demo,server,2,3726118,1475856,,518720,20304,
migrate_demo,server,2,3731381,1475856,,526402,20304,
migrate_demo,server,2,3736622,1475856,,526402,20304,
migrate_demo,server,2,3741829,1475856,,526402,20304,
migrate_demo,server,2,3747177,1475856,,526402,20304,
migrate_demo,server,2,3752390,1475856,,526402,20304,
migrate_demo,server,2,3757578,1475856,,532958,20304,
migrate_demo,server,2,3762819,1475856,,532958,20304,
migrate_demo,server,2,3768027,1475856,,532958,20304,
migrate_demo,server,2,3773285,1475856,,532958,20304,
migrate_demo,server,2,3778495,1475856,,532958,20304,
migrate_demo,server,2,3783738,1475856,,538800,20304,
migrate_demo,server,2,3788997,1475856,,538800,20304,
migrate_demo,server,2,3794194,1475856,,538800,20304,
migrate_demo,server,2,3799415,1475856,,538800,20304,
migrate_demo,server,2,3804648,1475856,,538800,20304,
migrate_demo,server,2,3810091,1475860,,543681,20304,
migrate_demo,server,2,3815283,1475860,,543681,20304,
migrate_demo,server,2,3820512,1475860,,543681,20304,
migrate_demo,server,2,3825737,1475860,,543681,20304,
migrate_demo,server,2,3830927,1475860,,543681,20304,
migrate_demo,server,2,3836166,1475860,,543681,20304,
migrate_demo,server,2,3841396,1475867,,548183,20304,
migrate_demo,server,2,3846626,1475867,,548183,20304,
migrate_demo,server,2,3851888,1475867,,548183,20304,
migrate_demo,server,2,3857110,1475867,,548183,20304,
migrate_demo,server,2,3862365,1475867,,548183,20304,
migrate_demo,server,2,3867641,1475878,,552099,20304,
migrate_demo,server,2,3872852,1475878,,552099,20304,
migrate_demo,server,2,3878034,1475878,,552099,20304,
migrate_demo,server,2,3883233,1475878,,552099,20304,
migrate_demo,server,2,3888444,1475878,,552099,20304,
migrate_demo,server,2,3893639,1475892,,555487,20304,
migrate_demo,server,2,3898868,1475892,,555487,20304,
migrate_demo,server,2,3904104,1475892,,555487,20304,
migrate_demo,server,2,3909320,1475892,,555487,20304,
migrate_demo,server,2,3914514,1475892,,555487,20304,
migrate_demo,server,2,3919753,1475909,,558298,20304,
migrate_demo,server,2,3925023,1475909,,558298,20304,
migrate_demo,server,2,3930233,1475909,,558298,20304,
migrate_demo,server,2,3935477,1475909,,558298,20304,
migrate_demo,server,2,3940717,1475909,,558298,20304,
migrate_demo,server,2,3945938,1475929,,560879,20304,
migrate_demo,server,2,3951204,1475929,,560879,20304,
migrate_demo,server,2,3956409,1475929,,560879,20304,
migrate_demo,server,2,3961658,1475929,,560879,20304,
migrate_demo,server,2,3966940,1475929,,560879,20304,
migrate_demo,server,2,3972187,1475953,,563039,20304,
migrate_demo,server,2,3977380,1475953,,563039,20304,
migrate_demo,server,2,3982607,1475953,,563039,20304,
migrate_demo,server,2,3987791,1475953,,563039,20304,
migrate_demo,server,2,3993015,1475953,,563039,20304,
migrate_demo,server,2,3998295,1475980,,565092,20304,
migrate_demo,server,2,4003627,1475980,,565092,20304,
migrate_demo,server,2,4008808,1475980,,565092,20304,
migrate_demo,server,2,4014014,1475980,,565092,20304,
migrate_demo,server,2,4019203,1475980,,565092,20304,
migrate_demo,server,2,4024436,1476010,,566917,20304,
migrate_demo,server,2,4029647,1476010,,566917,20304,
migrate_demo,server,2,4034860,1476010,,566917,20304,
migrate_demo,server,2,4040060,1476010,,566917,20304,
migrate_demo,server,2,4045285,1476010,,566917,20304,
migrate_demo,server,2,4050553,1476042,,568302,20304,
migrate_demo,server,2,4055795,1476042,,568302,20304,
migrate_demo,server,2,4061265,1476042,,568302,20304,
migrate_demo,server,2,4066480,1476042,,568302,20304,
migrate_demo,server,2,4071730,1476042,,568302,20304,
migrate_demo,server,2,4076916,1476077,,569597,20304,
migrate_demo,server,2,4082122,1476077,,569597,20304,
migrate_demo,server,2,4087410,1476077,,569597,20304,
migrate_demo,server,2,4092642,1476077,,569597,20304,
migrate_demo,server,2,4097852,1476077,,569597,20304,
migrate_demo,server,2,4103109,1476115,,570898,20304,
migrate_demo,server,2,4108355,1476115,,570898,20304,
migrate_demo,server,2,4113577,1476115,,570898,20304,
migrate_demo,server,2,4118806,1476115,,570898,20304,
migrate_demo,server,2,4124016,1476115,,570898,20304,
migrate_demo,server,2,4129233,1476156,,572084,20304,
migrate_demo,server,2,4134462,1476156,,572084,20304,
migrate_demo,server,2,4139702,1476156,,572084,20304,
migrate_demo,server,2,4144889,1476156,,572084,20304,
migrate_demo,server,2,4150111,1476156,,572084,20304,
migrate_demo,server,2,4155384,1476200,,574566,20304,
migrate_demo,server,2,4160578,1476200,,574566,20304,
migrate_demo,server,2,4165769,1476200,,574566,20304,
migrate_demo,server,2,4170987,1476200,,574566,20304,
migrate_demo,server,2,4176227,1476200,,574566,20304,
migrate_demo,server,2,4181447,1476247,,575270,20304,
migrate_demo,server,2,4186683,1476247,,575270,20304,
migrate_demo,server,2,4191924,1476247,,575270,20304,
migrate_demo,server,2,4197177,1476247,,575270,20304,
migrate_demo,server,2,4202495,1476247,,575270,20304,
migrate_demo,server,2,4207714,1476297,,577419,20304,
migrate_demo,server,2,4212976,1476297,,577419,20304,
migrate_demo,server,2,4218257,1476297,,577419,20304,
migrate_demo,server,2,4223476,1476297,,577419,20304,
migrate_demo,server,2,4228705,1476297,,577419,20304,
migrate_demo,server,2,4233961,1476349,,579265,20304,
migrate_demo,server,2,4239183,1476349,,579265,20304,
migrate_demo,server,2,4244469,1476349,,579265,20304,
migrate_demo,server,2,4249677,1476349,,579265,20304,
migrate_demo,server,2,4254872,1476349,,579265,20304,
migrate_demo,server,2,4260021,1476404,,580548,20304,
migrate_demo,server,2,4265252,1476404,,580548,20304,
migrate_demo,server,2,4270492,1476404,,580548,20304,
migrate_demo,server,2,4275702,1476404,,580548,20304,
migrate_demo,server,2,4280919,1476404,,580548,20304,
migrate_demo,server,2,4286107,1476404,,580548,20304,
migrate_demo,server,2,4291312,1476462,,581750,20304,
migrate_demo,server,2,4296602,1476462,,581750,20304,
migrate_demo,server,2,4301853,1476462,,581750,20304,
migrate_demo,server,2,4307093,1476462,,581750,20304,
migrate_demo,server,2,4312327,1476462,,581750,20304,
migrate_demo,server,2,4317565,1476522,,582838,20304,
migrate_demo,server,2,4322760,1476522,,582838,20304,
migrate_demo,server,2,4327971,1476522,,582838,20304,
migrate_demo,server,2,4333321,1476522,,582838,20304,
migrate_demo,server,2,4338563,1476522,,582838,20304,
migrate_demo,server,2,4343848,1476585,,582533,20304,
migrate_demo,server,2,4349103,1476585,,582533,20304,
migrate_demo,server,2,4354314,1476585,,582533,20304,
migrate_demo,server,2,4359591,1476585,,582533,20304,
migrate_demo,server,2,4364875,1476585,,582533,20304,
migrate_demo,server,2,4370113,1476650,,582309,20304,
migrate_demo,server,2,4375313,1476650,,582309,20304,
migrate_demo,server,2,4380534,1476650,,582309,20304,
migrate_demo,server,2,4385791,1476650,,582309,20304,
migrate_demo,server,2,4391059,1476650,,582309,20304,
migrate_demo,server,2,4396319,1476718,,582160,20304,
migrate_demo,server,2,4401544,1476718,,582160,20304,
migrate_demo,server,2,4406767,1476718,,582160,20304,
migrate_demo,server,2,4412029,1476718,,582160,20304,
migrate_demo,server,2,4417261,1476718,,582160,20304,
migrate_demo,server,2,4422528,1476788,,582040,20304,
migrate_demo,server,2,4427762,1476788,,582040,20304,
migrate_demo,server,2,4432987,1476788,,582040,20304,
migrate_demo,server,2,4438229,1476788,,582040,20304,
migrate_demo,server,2,4443436,1476788,,582040,20304,
migrate_demo,server,2,4448690,1476861,,581986,20304,
migrate_demo,server,2,4453919,1476861,,581986,20304,
migrate_demo,server,2,4459116,1476861,,581986,20304,
migrate_demo,server,2,4464306,1476861,,581986,20304,
migrate_demo,server,2,4469557,1476861,,581986,20304,
migrate_demo,server,2,4474808,1476936,,581949,20304,
migrate_demo,server,2,4479983,1476936,,581949,20304,
migrate_demo,server,2,4485168,1476936,,581949,20304,
migrate_demo,server,2,4490358,1476936,,581949,20304,
migrate_demo,server,2,4495603,1476936,,581949,20304,
migrate_demo,server,2,4500864,1477014,,581870,20304,
migrate_demo,server,2,4506077,1477014,,581870,20304,
migrate_demo,server,2,4511327,1477014,,581870,20304,
migrate_demo,server,2,4516571,1477014,,581870,20304,
migrate_demo,server,2,4521815,1477014,,581870,20304,
migrate_demo,server,2,4527115,1477094,,581800,20304,
migrate_demo,server,2,4532338,1477094,,581800,20304,
migrate_demo,server,2,4537556,1477094,,581800,20304,
migrate_demo,server,2,4542873,1477094,,581800,20304,
migrate_demo,server,2,4548069,1477094,,581800,20304,
migrate_demo,server,2,4553296,1477176,,581631,20304,
migrate_demo,server,2,4558480,1477176,,581631,20304,
migrate_demo,server,2,4563662,1477176,,581631,20304,
migrate_demo,server,2,4568894,1477176,,581631,20304,
migrate_demo,server,2,4574137,1477176,,581631,20304,
migrate_demo,server,2,4579513,1477261,,581513,20304,
migrate_demo,server,2,4584761,1477346,,581487,20304,
migrate_demo,server,2,4590010,1477346,,581487,20304,
migrate_demo,server,2,4595199,1477346,,581487,20304,
migrate_demo,server,2,4600360,1477346,,581487,20304,
migrate_demo,server,2,4605566,1477346,,581487,20304,
migrate_demo,server,2,4610915,1477433,,581495,20304,
migrate_demo,server,2,4616139,1477521,,581661,20304,
migrate_demo,server,2,4621346,1477521,,581661,20304,
migrate_demo,server,2,4626578,1477521,,581661,20304,
migrate_demo,server,2,4631775,1477521,,581661,20304,
migrate_demo,server,2,4637010,1477521,,581661,20304,
migrate_demo,server,2,4642253,1477611,,581951,20304,
migrate_demo,server,2,4647518,1477611,,581951,20304,
migrate_demo,server,2,4652759,1477611,,581951,20304,
migrate_demo,server,2,4657961,1477611,,581951,20304,
migrate_demo,server,2,4663171,1477611,,581951,20304,
migrate_demo,server,2,4668420,1477703,,582102,20304,
migrate_demo,server,2,4673641,1477703,,582102,20304,
migrate_demo,server,2,4678822,1477703,,582102,20304,
migrate_demo,server,2,4684233,1477703,,582102,20304,
migrate_demo,server,2,4689501,1477703,,582102,20304,
migrate_demo,server,2,4694859,1477797,,582297,20304,
migrate_demo,server,2,4700075,1477797,,582297,20304,
migrate_demo,server,2,4705335,1477797,,582297,20304,
migrate_demo,server,2,4710563,1477797,,582297,20304,
migrate_demo,server,2,4715804,1477797,,582297,20304,
migrate_demo,server,2,4721075,1477894,,582518,20304,
migrate_demo,server,2,4726357,1477894,,582518,20304,
migrate_demo,server,2,4731545,1477894,,582518,20304,
migrate_demo,server,2,4736767,1477894,,582518,20304,
migrate_demo,server,2,4741962,1477894,,582518,20304,
migrate_demo,server,2,4747164,1477993,,582607,20304,
migrate_demo,server,2,4752359,1477993,,582607,20304,
migrate_demo,server,2,4757549,1477993,,582607,20304,
migrate_demo,server,2,4762790,1477993,,582607,20304,
migrate_demo,server,2,4768001,1477993,,582607,20304,
migrate_demo,server,2,4773360,1478094,,582588,20304,
migrate_demo,server,2,4778542,1478094,,582588,20304,
migrate_demo,server,2,4783748,1478094,,582588,20304,
migrate_demo,server,2,4788966,1478094,,582588,20304,
migrate_demo,server,2,4794191,1478094,,582588,20304,
migrate_demo,server,2,4799393,1478197,,582626,20304,
migrate_demo,server,2,4804616,1478197,,582626,20304,
migrate_demo,server,2,4809824,1478197,,582626,20304,
migrate_demo,server,2,4815016,1478197,,582626,20304,
migrate_demo,server,2,4820240,1478197,,582626,20304,
migrate_demo,server,2,4825500,1478302,,582617,20304,
migrate_demo,server,2,4830728,1478302,,582617,20304,
migrate_demo,server,2,4836051,1478302,,582617,20304,
migrate_demo,server,2,4841298,1478302,,582617,20304,
migrate_demo,server,2,4846508,1478302,,582617,20304,
migrate_demo,server,2,4851727,1478410,,582683,20304,
migrate_demo,server,2,4856952,1478410,,582683,20304,
migrate_demo,server,2,4862161,1478410,,582683,20304,
migrate_demo,server,2,4867362,1478410,,582683,20304,
migrate_demo,server,2,4872556,1478410,,582683,20304,
migrate_demo,server,2,4877788,1478520,,582734,20304,
migrate_demo,server,2,4882990,1478520,,582734,20304,
migrate_demo,server,2,4888223,1478520,,582734,20304,
migrate_demo,server,2,4893488,1478520,,582734,20304,
migrate_demo,server,2,4898710,1478520,,582734,20304,
migrate_demo,server,2,4903978,1478632,,582834,20304,
migrate_demo,server,2,4909224,1478632,,582834,20304,
migrate_demo,server,2,4914437,1478632,,582834,20304,
migrate_demo,server,2,4919651,1478632,,582834,20304,
migrate_demo,server,2,4924865,1478632,,582834,20304,
migrate_demo,server,2,4930156,1478746,,582881,20304,
migrate_demo,server,2,4935367,1478746,,582881,20304,
migrate_demo,server,2,4940573,1478746,,582881,20304,
migrate_demo,server,2,4945859,1478746,,582881,20304,
migrate_demo,server,2,4951105,1478746,,582881,20304,
migrate_demo,server,2,4956316,1478862,,582985,20304,
migrate_demo,server,2,4961561,1478862,,582985,20304,
migrate_demo,server,2,4966803,1478862,,582985,20304,
migrate_demo,server,2,4972003,1478862,,582985,20304,
migrate_demo,server,2,4977257,1478862,,582985,20304,
migrate_demo,server,2,4982509,1478980,,582980,20304,
migrate_demo,server,2,4987710,1478980,,582980,20304,
migrate_demo,server,2,4992997,1478980,,582980,20304,
migrate_demo,server,2,4998256,1478980,,582980,20304,
migrate_demo,server,2,5003447,1478980,,582980,20304,
migrate_demo,server,2,5008731,1478980,,582980,20304,
migrate_demo,server,2,5014201,1479100,,583025,20304,
migrate_demo,server,2,5019451,1479100,,583025,20304,
migrate_demo,server,2,5024721,1479100,,583025,20304,
migrate_demo,server,2,5029920,1479100,,583025,20304,
migrate_demo,server,2,5035189,1479100,,583025,20304,
migrate_demo,server,2,5040410,1479222,,583129,20304,
migrate_demo,server,2,5045628,1479222,,583129,20304,
migrate_demo,server,2,5050819,1479222,,583129,20304,
migrate_demo,server,2,5056029,1479222,,583129,20304,
migrate_demo,server,2,5061227,1479222,,583129,20304,
migrate_demo,server,2,5066499,1479346,,583219,20304,
migrate_demo,server,2,5071717,1479346,,583219,20304,
migrate_demo,server,2,5076968,1479346,,583219,20304,
migrate_demo,server,2,5082182,1479346,,583219,20304,
migrate_demo,server,2,5087478,1479346,,583219,20304,
migrate_demo,server,2,5092742,1479472,,583362,20304,
migrate_demo,server,2,5097975,1479472,,583362,20304,
migrate_demo,server,2,5103178,1479472,,583362,20304,
migrate_demo,server,2,5108452,1479472,,583362,20304,
migrate_demo,server,2,5113701,1479472,,583362,20304,
migrate_demo,server,2,5118918,1479600,,583395,20304,
migrate_demo,server,2,5124229,1479600,,583395,20304,
migrate_demo,server,2,5129428,1479600,,583395,20304,
migrate_demo,server,2,5134665,1479600,,583395,20304,
migrate_demo,server,2,5139881,1479600,,583395,20304,
migrate_demo,server,2,5145074,1479730,,583483,20304,
migrate_demo,server,2,5150294,1479730,,583483,20304,
migrate_demo,server,2,5155496,1479730,,583483,20304,
migrate_demo,server,2,5160696,1479730,,583483,20304,
migrate_demo,server,2,5165889,1479730,,583483,20304,
migrate_demo,server,2,5171227,1479862,,583524,20304,
migrate_demo,server,2,5176448,1479862,,583524,20304,
migrate_demo,server,2,5181653,1479862,,583524,20304,
migrate_demo,server,2,5186900,1479862,,583524,20304,
migrate_demo,server,2,5192111,1479862,,583524,20304,
migrate_demo,server,2,5197430,1479996,,583496,20304,
migrate_demo,server,2,5202620,1479996,,583496,20304,
migrate_demo,server,2,5207847,1479996,,583496,20304,
migrate_demo,server,2,5213069,1479996,,583496,20304,
migrate_demo,server,2,5218309,1479996,,583496,20304,
migrate_demo,server,2,5223593,1480132,,583282,20304,
migrate_demo,server,2,5228810,1480132,,583282,20304,
migrate_demo,server,2,5234107,1480132,,583282,20304,
migrate_demo,server,2,5239424,1480132,,583282,20304,
migrate_demo,server,2,5244666,1480132,,583282,20304,
migrate_demo,server,2,5249866,1480270,,583033,20304,
migrate_demo,server,2,5255093,1480270,,583033,20304,
migrate_demo,server,2,5260310,1480270,,583033,20304,
migrate_demo,server,2,5265537,1480270,,583033,20304,
migrate_demo,server,2,5270775,1480270,,583033,20304,
migrate_demo,server,2,5276172,1480410,,582785,20304,
migrate_demo,server,2,5281431,1480410,,582785,20304,
migrate_demo,server,2,5286639,1480410,,582785,20304,
migrate_demo,server,2,5291855,1480410,,582785,20304,
migrate_demo,server,2,5297066,1480410,,582785,20304,
migrate_demo,server,2,5302327,1480551,,582513,20304,
migrate_demo,server,2,5307603,1480551,,582513,20304,
migrate_demo,server,2,5312850,1480551,,582513,20304,
migrate_demo,server,2,5318032,1480551,,582513,20304,
migrate_demo,server,2,5323228,1480551,,582513,20304,
migrate_demo,server,2,5328432,1480694,,582444,20304,
migrate_demo,server,2,5333666,1480694,,582444,20304,
migrate_demo,server,2,5338865,1480694,,582444,20304,
migrate_demo,server,2,5344063,1480694,,582444,20304,
migrate_demo,server,2,5349308,1480694,,582444,20304,
migrate_demo,server,2,5354607,1480839,,582373,20304,
migrate_demo,server,2,5359864,1480839,,582373,20304,
migrate_demo,server,2,5365097,1480839,,582373,20304,
migrate_demo,server,2,5370309,1480839,,582373,20304,
migrate_demo,server,2,5375552,1480839,,582373,20304,
migrate_demo,server,2,5380729,1480986,,582342,20304,
migrate_demo,server,2,5385998,1480986,,582342,20304,
migrate_demo,server,2,5391199,1480986,,582342,20304,
migrate_demo,server,2,5396384,1480986,,582342,20304,
migrate_demo,server,2,5401613,1480986,,582342,20304,
migrate_demo,server,2,5406811,1481134,,582377,20304,
migrate_demo,server,2,5412047,1481134,,582377,20304,
migrate_demo,server,2,5417278,1481283,,582699,20304,
migrate_demo,server,2,5422524,1481283,,582699,20304,
migrate_demo,server,2,5427747,1481283,,582699,20304,
migrate_demo,server,2,5432950,1481283,,582699,20304,
migrate_demo,server,2,5438159,1481283,,582699,20304,
migrate_demo,server,2,5443410,1481434,,582938,20304,
migrate_demo,server,2,5448598,1481434,,582938,20304,
migrate_demo,server,2,5453792,1481434,,582938,20304,
migrate_demo,server,2,5458992,1481434,,582938,20304,
migrate_demo,server,2,5464235,1481434,,582938,20304,
migrate_demo,server,2,5469429,1481586,,583232,20304,
migrate_demo,server,2,5474650,1481586,,583232,20304,
migrate_demo,server,2,5479851,1481586,,583232,20304,
migrate_demo,server,2,5485061,1481586,,583232,20304,
migrate_demo,server,2,5490295,1481586,,583232,20304,
migrate_demo,server,2,5495487,1481740,,583325,20304,
migrate_demo,server,2,5500681,1481740,,583325,20304,
migrate_demo,server,2,5505877,1481740,,583325,20304,
migrate_demo,server,2,5511088,1481740,,583325,20304,
migrate_demo,server,2,5516273,1481740,,583325,20304,
migrate_demo,server,2,5521508,12200,,333000,4294967295,
migrate_demo,server,2,5526770,12200,,333000,4294967295,
migrate_demo,server,2,5532032,12200,,333000,4294967295,
migrate_demo,server,2,5537272,12200,,333000,4294967295,
migrate_demo,server,2,5542522,12200,,333000,4294967295,
migrate_demo,server,2,5547747,12200,,333000,4294967295,
migrate_demo,server,2,5552955,12200,,333000,4294967295,
migrate_demo,server,2,5558159,12200,,333000,4294967295,
migrate_demo,server,2,5563403,8540,,333000,4294967295,
migrate_demo,server,2,5568642,8540,,333000,4294967295,
migrate_demo,server,2,5573831,8540,,333000,4294967295,
migrate_demo,server,2,5579059,8540,,333000,4294967295,
migrate_demo,server,2,5584308,8540,,333000,4294967295,
migrate_demo,server,2,5589527,8540,,333000,4294967295,
migrate_demo,server,2,5594790,8540,,333000,4294967295,
migrate_demo,server,2,5600041,8540,,333000,4294967295,
migrate_demo,server,2,5605236,8540,,333000,4294967295,
migrate_demo,server,2,5610499,8540,,333000,4294967295,
migrate_demo,server,2,5615717,8540,,333000,4294967295,
migrate_demo,server,2,5620992,8540,,333000,4294967295,
migrate_demo,server,2,5626216,8540,,333000,4294967295,
migrate_demo,server,2,5631438,9760,,333000,4294967295,
migrate_demo,server,2,5636675,9760,,333000,4294967295,
migrate_demo,server,2,5641948,9760,,333000,4294967295,
migrate_demo,server,2,5647228,9760,,333000,4294967295,
migrate_demo,server,2,5652514,9760,,333000,4294967295,
migrate_demo,server,2,5657780,9760,,333000,4294967295,
migrate_demo,server,2,5663110,9760,,333000,4294967295,
migrate_demo,server,2,5668401,9760,,333000,4294967295,
migrate_demo,server,2,5673687,12200,,333000,4294967295,
migrate_demo,server,2,5678933,12200,,333000,4294967295,
migrate_demo,server,2,5684207,12200,,333000,4294967295,
migrate_demo,server,2,5689488,12200,,333000,4294967295,
migrate_demo,server,2,5694754,12200,,333000,4294967295,
migrate_demo,server,2,5700142,8540,,333000,4294967295,
migrate_demo,server,2,5705436,8540,,333000,4294967295,
migrate_demo,server,2,5710671,8540,,333000,4294967295,
migrate_demo,server,2,5715901,8540,,333000,4294967295,
migrate_demo,server,2,5721251,8540,,333000,4294967295,
migrate_demo,server,2,5726535,8540,,333000,4294967295,
migrate_demo,server,2,5731827,8540,,333000,4294967295,
migrate_demo,server,2,5737104,8540,,333000,4294967295,
migrate_demo,server,2,5742336,8540,,333000,4294967295,
migrate_demo,server,2,5747732,8540,,333000,4294967295,
migrate_demo,server,2,5753043,8540,,333000,4294967295,
migrate_demo,server,2,5758347,8540,,333000,4294967295,
migrate_demo,server,2,5763675,8540,,333000,4294967295,
migrate_demo,server,2,5769021,8540,,333000,4294967295,
migrate_demo,server,2,5774402,8540,,333000,4294967295,
migrate_demo,server,2,5779630,8540,,333000,4294967295,
migrate_demo,server,2,5784933,8540,,333000,4294967295,
migrate_demo,server,2,5790255,8540,,333000,4294967295,
migrate_demo,server,2,5795564,8540,,333000,4294967295,
migrate_demo,server,2,5800867,8540,,333000,4294967295,
migrate_demo,server,2,5806180,5978,,333000,4294967295,
migrate_demo,server,2,5811476,5978,,333000,4294967295,
migrate_demo,server,2,5816767,5978,,333000,4294967295,
migrate_demo,server,2,5822043,5978,,333000,4294967295,
migrate_demo,server,2,5827333,5978,,333000,4294967295,
migrate_demo,server,2,5832567,5978,,333000,4294967295,
migrate_demo,server,2,5837901,5978,,333000,4294967295,
migrate_demo,server,2,5843223,5978,,333000,4294967295,
migrate_demo,server,2,5848494,5978,,333000,4294967295,
migrate_demo,server,2,5853764,5978,,333000,4294967295,
migrate_demo,server,2,5859032,5978,,333000,4294967295,
migrate_demo,server,2,5864287,5978,,333000,4294967295,
migrate_demo,server,2,5869532,5978,,333000,4294967295,
migrate_demo,server,2,5874794,4184,,333000,4294967295,
migrate_demo,server,2,5880055,4184,,333000,4294967295,
migrate_demo,server,2,5885307,4184,,333000,4294967295,
migrate_demo,server,2,5890547,4184,,333000,4294967295,
migrate_demo,server,2,5895810,4184,,333000,4294967295,
migrate_demo,server,2,5901066,4184,,333000,4294967295,
migrate_demo,server,2,5906327,4184,,333000,4294967295,
migrate_demo,server,2,5911659,4184,,333000,4294967295,
migrate_demo,server,2,5917020,4184,,333000,4294967295,
migrate_demo,server,2,5922281,4184,,333000,4294967295,
migrate_demo,server,2,5927533,4184,,333000,4294967295,
migrate_demo,server,2,5932733,4184,,333000,4294967295,
migrate_demo,server,2,5938019,4184,,333000,4294967295,
migrate_demo,server,2,5943295,2928,,333000,4294967295,
migrate_demo,server,2,5948580,2928,,333000,4294967295,
migrate_demo,server,2,5953830,2928,,333000,4294967295,
migrate_demo,server,2,5959067,2928,,333000,4294967295,
migrate_demo,server,2,5964290,2928,,333000,4294967295,
migrate_demo,server,2,5969552,2928,,333000,4294967295,
migrate_demo,server,2,5974761,2928,,333000,4294967295,
migrate_demo,server,2,5980006,2928,,333000,4294967295,
migrate_demo,server,2,5985290,2928,,333000,4294967295,
migrate_demo,server,2,5990491,2928,,333000,4294967295,
migrate_demo,server,2,5995748,2928,,333000,4294967295,
migrate_demo,server,2,6001022,2928,,333000,4294967295,
migrate_demo,server,2,6006337,2928,,333000,4294967295,
migrate_demo,server,2,6011618,2928,,333000,4294967295,
migrate_demo,server,2,6016847,2928,,333000,4294967295,
migrate_demo,server,2,6022173,2928,,333000,4294967295,
migrate_demo,server,2,6027418,2928,,333000,4294967295,
migrate_demo,server,2,6032644,2928,,333000,4294967295,
migrate_demo,server,2,6037896,2928,,333000,4294967295,
migrate_demo,server,2,6043153,2928,,333000,4294967295,
migrate_demo,server,2,6048419,2928,,333000,4294967295,
migrate_demo,server,2,6053663,2928,,333000,4294967295,
migrate_demo,server,2,6058932,2928,,333000,4294967295,
migrate_demo,server,2,6064194,2928,,333000,4294967295,
migrate_demo,server,2,6069488,2928,,333000,4294967295,
migrate_demo,server,2,6074692,2440,,333000,4294967295,
migrate_demo,server,2,6079955,2440,,333000,4294967295,
migrate_demo,server,2,6085216,2440,,333000,4294967295,
migrate_demo,server,2,6090503,2440,,333000,4294967295,
migrate_demo,server,2,6095785,2440,,333000,4294967295,
migrate_demo,server,2,6101136,2440,,333000,4294967295,
migrate_demo,server,2,6106445,2440,,333000,4294967295,
migrate_demo,server,2,6111762,2440,,333000,4294967295,
migrate_demo,server,2,6117045,2440,,333000,4294967295,
migrate_demo,server,2,6122456,2440,,333000,4294967295,
migrate_demo,server,2,6127770,2440,,333000,4294967295,
migrate_demo,server,2,6133071,2440,,333000,4294967295,
migrate_demo,server,2,6138363,2440,,333000,4294967295,
migrate_demo,server,2,6143578,2440,,333000,4294967295,
migrate_demo,server,2,6148849,2440,,333000,4294967295,
migrate_demo,server,2,6154179,2440,,333000,4294967295,
migrate_demo,server,2,6159470,2440,,333000,4294967295,
migrate_demo,server,2,6164704,2440,,333000,4294967295,
migrate_demo,server,2,6170029,2440,,333000,4294967295,
migrate_demo,server,2,6175367,2440,,333000,4294967295,
migrate_demo,server,2,6180636,2440,,333000,4294967295,
migrate_demo,server,2,6185928,2440,,333000,4294967295,
migrate_demo,server,2,6191203,2440,,333000,4294967295,
migrate_demo,server,2,6196539,2440,,333000,4294967295,
migrate_demo,server,2,6201837,2440,,333000,4294967295,
migrate_demo,server,2,6207087,2440,,333000,4294967295,
migrate_demo,server,2,6212367,2440,,333000,4294967295,
migrate_demo,server,2,6217654,2440,,333000,4294967295,
migrate_demo,server,2,6222942,2440,,333000,4294967295,
migrate_demo,server,2,6228204,2440,,333000,4294967295,
migrate_demo,server,2,6233481,2440,,333000,4294967295,
migrate_demo,server,2,6238720,2440,,333000,4294967295,
migrate_demo,server,2,6243977,2440,,333000,4294967295,
migrate_demo,server,2,6249247,2440,,333000,4294967295,
migrate_demo,server,2,6254530,2440,,333000,4294967295,
migrate_demo,server,2,6259825,2440,,333000,4294967295,
migrate_demo,server,2,6265130,2440,,333000,4294967295,
migrate_demo,server,2,6270418,2440,,333000,4294967295,
migrate_demo,server,2,6275656,2440,,333000,4294967295,
migrate_demo,server,2,6280998,2440,,333000,4294967295,
migrate_demo,server,2,6286387,2440,,333000,4294967295,
migrate_demo,server,2,6291671,2440,,333000,4294967295,
migrate_demo,server,2,6296953,2440,,333000,4294967295,
migrate_demo,server,2,6302217,2440,,333000,4294967295,
migrate_demo,server,2,6307501,2440,,333000,4294967295,
migrate_demo,server,2,6312794,2440,,333000,4294967295,
migrate_demo,server,2,6318103,2440,,333000,4294967295,
migrate_demo,server,2,6323475,2440,,333000,4294967295,
migrate_demo,server,2,6328743,2440,,333000,4294967295,
migrate_demo,server,2,6334056,2440,,333000,4294967295,
migrate_demo,server,2,6339364,2440,,333000,4294967295,
migrate_demo,server,2,6344701,2440,,333000,4294967295,
migrate_demo,server,2,6350052,2440,,333000,4294967295,
migrate_demo,server,2,6355394,2440,,333000,4294967295,
migrate_demo,server,2,6360726,2440,,333000,4294967295,
migrate_demo,server,2,6365995,2440,,333000,4294967295,
migrate_demo,server,2,6371273,2440,,333000,4294967295,
migrate_demo,server,2,6376545,2440,,333000,4294967295,
migrate_demo,server,2,6381840,2440,,333000,4294967295,
migrate_demo,server,2,6387137,2440,,333000,4294967295,
migrate_demo,server,2,6392426,2440,,333000,4294967295,
migrate_demo,server,2,6397744,2440,,333000,4294967295,
migrate_demo,server,2,6403047,2440,,333000,4294967295,
migrate_demo,server,2,6408386,2440,,333000,4294967295,
migrate_demo,server,2,6413710,2440,,333000,4294967295,
migrate_demo,server,2,6419008,2440,,333000,4294967295,
migrate_demo,server,2,6424337,2440,,333000,4294967295,
migrate_demo,server,2,6429645,2440,,333000,4294967295,
migrate_demo,server,2,6434944,2440,,333000,4294967295,
migrate_demo,server,2,6440243,2440,,333000,4294967295,
migrate_demo,server,2,6445556,2440,,333000,4294967295,
migrate_demo,server,2,6450869,2440,,333000,4294967295,
migrate_demo,server,2,6456142,2440,,333000,4294967295,
migrate_demo,server,2,6461379,2440,,333000,4294967295,
migrate_demo,server,2,6466638,2440,,333000,4294967295,
migrate_demo,server,2,6471923,2440,,333000,4294967295,
migrate_demo,server,2,6477195,2440,,333000,4294967295,
migrate_demo,server,2,6482488,2440,,333000,4294967295,
migrate_demo,server,2,6487762,2440,,333000,4294967295,
migrate_demo,server,2,6493057,2440,,333000,4294967295,
migrate_demo,server,2,6498337,2440,,333000,4294967295,
migrate_demo,server,2,6503666,2440,,333000,4294967295,
migrate_demo,server,2,6508986,2440,,333000,4294967295,
migrate_demo,server,2,6514322,2440,,333000,4294967295,
migrate_demo,server,2,6519587,2440,,333000,4294967295,
migrate_demo,server,2,6524839,2440,,333000,4294967295,
migrate_demo,server,2,6530104,2440,,333000,4294967295,
migrate_demo,server,2,6535367,2440,,333000,4294967295,
migrate_demo,server,2,6540645,2440,,333000,4294967295,
migrate_demo,server,2,6545896,2440,,333000,4294967295,
migrate_demo,server,2,6551171,2440,,333000,4294967295,
migrate_demo,server,2,6556451,2440,,333000,4294967295,
migrate_demo,server,2,6561737,2440,,333000,4294967295,
migrate_demo,server,2,6566978,2440,,333000,4294967295,
migrate_demo,server,2,6572265,2440,,333000,4294967295,
migrate_demo,server,2,6577530,2440,,333000,4294967295,
migrate_demo,server,2,6582798,2440,,333000,4294967295,
migrate_demo,server,2,6588026,2440,,333000,4294967295,
migrate_demo,server,2,6593282,2440,,333000,4294967295,
migrate_demo,server,2,6598549,2440,,333000,4294967295,
migrate_demo,server,2,6603818,2440,,333000,4294967295,
migrate_demo,server,2,6609060,2440,,333000,4294967295,
migrate_demo,server,2,6614415,2440,,333000,4294967295,
migrate_demo,server,2,6619747,2440,,333000,4294967295,
migrate_demo,server,2,6625074,2440,,333000,4294967295,
migrate_demo,server,2,6630451,2440,,333000,4294967295,
migrate_demo,server,2,6635755,2440,,333000,4294967295,
migrate_demo,server,2,6641084,2440,,333000,4294967295,
migrate_demo,server,2,6646429,2440,,333000,4294967295,
migrate_demo,server,2,6651658,2440,,333000,4294967295,
migrate_demo,server,2,6656949,2440,,333000,4294967295,
migrate_demo,server,2,6662228,2440,,333000,4294967295,
migrate_demo,server,2,6667536,2440,,333000,4294967295,
migrate_demo,server,2,6672814,2440,,333000,4294967295,
migrate_demo,server,2,6678119,2440,,333000,4294967295,
migrate_demo,server,2,6683408,2440,,333000,4294967295,
migrate_demo,server,2,6688702,2440,,333000,4294967295,
migrate_demo,server,2,6694046,2440,,333000,4294967295,
migrate_demo,server,2,6699314,2440,,333000,4294967295,
migrate_demo,server,2,6704602,2440,,333000,4294967295,
migrate_demo,server,2,6709916,2440,,333000,4294967295,
migrate_demo,server,2,6715194,2440,,333000,4294967295,
migrate_demo,server,2,6720463,2440,,333000,4294967295,
migrate_demo,server,2,6725767,2440,,333000,4294967295,
migrate_demo,server,2,6731053,2440,,333000,4294967295,
migrate_demo,server,2,6736327,2440,,333000,4294967295,
migrate_demo,server,2,6741616,2440,,333000,4294967295,
migrate_demo,server,2,6746936,2440,,333000,4294967295,
migrate_demo,server,2,6752224,2440,,333000,4294967295,
migrate_demo,server,2,6757502,2440,,333000,4294967295,
migrate_demo,server,2,6762729,2440,,333000,4294967295,
migrate_demo,server,2,6768022,2440,,333000,4294967295,
migrate_demo,server,2,6773270,2440,,333000,4294967295,
migrate_demo,server,2,6778581,2440,,333000,4294967295,
migrate_demo,server,2,6783854,2440,,333000,4294967295,
migrate_demo,server,2,6789093,2440,,333000,4294967295,
migrate_demo,server,2,6794310,2440,,333000,4294967295,
migrate_demo,server,2,6799638,2440,,333000,4294967295,
migrate_demo,server,2,6804895,2440,,333000,4294967295,
migrate_demo,server,2,6810131,2440,,333000,4294967295,
migrate_demo,server,2,6815468,2440,,333000,4294967295,
migrate_demo,server,2,6820840,2440,,333000,4294967295,
migrate_demo,server,2,6826152,2440,,333000,4294967295,
migrate_demo,server,2,6831464,2440,,333000,4294967295,
migrate_demo,server,2,6836768,2440,,333000,4294967295,
migrate_demo,server,2,6842050,2440,,333000,4294967295,
migrate_demo,server,2,6847322,2440,,333000,4294967295,
migrate_demo,server,2,6852580,2440,,333000,4294967295,
migrate_demo,server,2,6857869,2440,,333000,4294967295,
migrate_demo,server,2,6863185,2440,,333000,4294967295,
migrate_demo,server,2,6868488,2440,,333000,4294967295,
migrate_demo,server,2,6873794,2440,,333000,4294967295,
migrate_demo,server,2,6879131,2440,,333000,4294967295,
migrate_demo,server,2,6884396,2440,,333000,4294967295,
migrate_demo,server,2,6889691,2440,,333000,4294967295,
migrate_demo,server,2,6894983,2440,,333000,4294967295,
migrate_demo,server,2,6900236,2440,,333000,4294967295,
migrate_demo,server,2,6905510,2440,,333000,4294967295,
migrate_demo,server,2,6910840,2440,,333000,4294967295,
migrate_demo,server,2,6916129,2440,,333000,4294967295,
migrate_demo,server,2,6921358,2440,,333000,4294967295,
migrate_demo,server,2,6926611,2440,,333000,4294967295,
migrate_demo,server,2,6931886,2440,,333000,4294967295,
migrate_demo,server,2,6937149,2440,,333000,4294967295,
migrate_demo,server,2,6942426,2440,,333000,4294967295,
migrate_demo,server,2,6947689,2440,,333000,4294967295,
migrate_demo,server,2,6952966,2440,,333000,4294967295,
migrate_demo,server,2,6958233,2440,,333000,4294967295,
migrate_demo,server,2,6963504,2440,,333000,4294967295,
migrate_demo,server,2,6968783,2440,,333000,4294967295,
migrate_demo,server,2,6974084,2440,,333000,4294967295,
migrate_demo,server,2,6979373,2440,,333000,4294967295,
migrate_demo,server,2,6984662,2440,,333000,4294967295,
migrate_demo,server,2,6989910,2440,,333000,4294967295,
migrate_demo,server,2,6995229,2440,,333000,4294967295,
migrate_demo,server,2,7000541,2440,,333000,4294967295,
migrate_demo,server,2,7005830,2440,,333000,4294967295,
migrate_demo,server,2,7011130,2440,,333000,4294967295,
migrate_demo,server,2,7016384,2440,,333000,4294967295,
migrate_demo,server,2,7021656,2440,,333000,4294967295,
migrate_demo,server,2,7026891,2440,,333000,4294967295,
migrate_demo,server,2,7032203,2440,,333000,4294967295,
migrate_demo,server,2,7037515,2440,,333000,4294967295,
migrate_demo,server,2,7042796,2440,,333000,4294967295,
migrate_demo,server,2,7048116,2440,,333000,4294967295,
migrate_demo,server,2,7053397,2440,,333000,4294967295,
migrate_demo,server,2,7058878,2440,,333000,4294967295,
migrate_demo,server,2,7064151,2440,,333000,4294967295,
migrate_demo,server,2,7069436,2440,,333000,4294967295,
migrate_demo,server,2,7074741,2440,,333000,4294967295,
migrate_demo,server,2,7080029,2440,,333000,4294967295,
migrate_demo,server,2,7085313,2440,,333000,4294967295,
migrate_demo,server,2,7090591,2440,,333000,4294967295,
migrate_demo,server,2,7095877,2440,,333000,4294967295,
migrate_demo,server,2,7101117,2440,,333000,4294967295,
migrate_demo,server,2,7106448,2440,,333000,4294967295,
migrate_demo,server,2,7111732,2440,,333000,4294967295,
migrate_demo,server,2,7117006,2440,,333000,4294967295,
migrate_demo,server,2,7122280,2440,,333000,4294967295,
migrate_demo,server,2,7127559,2440,,333000,4294967295,
migrate_demo,server,2,7132833,2440,,333000,4294967295,
migrate_demo,server,2,7138136,2440,,333000,4294967295,
migrate_demo,server,2,7143430,2440,,333000,4294967295,
migrate_demo,server,2,7148715,2440,,333000,4294967295,
migrate_demo,server,2,7154019,2440,,333000,4294967295,
migrate_demo,server,2,7159299,2440,,333000,4294967295,
migrate_demo,server,2,7164611,2440,,333000,4294967295,
migrate_demo,server,2,7169919,2440,,333000,4294967295,
migrate_demo,server,2,7175193,2440,,333000,4294967295,
migrate_demo,server,2,7180466,2440,,333000,4294967295,
migrate_demo,server,2,7185827,2440,,333000,4294967295,
migrate_demo,server,2,7191149,2440,,333000,4294967295,
migrate_demo,server,2,7196460,2440,,333000,4294967295,
migrate_demo,server,2,7201747,2440,,333000,4294967295,
migrate_demo,server,2,7207051,2440,,333000,4294967295,
migrate_demo,server,2,7212346,2440,,333000,4294967295,
migrate_demo,server,2,7217687,2440,,333000,4294967295,
migrate_demo,server,2,7222991,2440,,333000,4294967295,
migrate_demo,server,2,7228268,2440,,333000,4294967295,
migrate_demo,server,2,7233592,2440,,333000,4294967295,
migrate_demo,server,2,7238889,2440,,333000,4294967295,
migrate_demo,server,2,7244172,2440,,333000,4294967295,
migrate_demo,server,2,7249464,2440,,333000,4294967295,
migrate_demo,server,2,7254706,2440,,333000,4294967295,
migrate_demo,server,2,7259968,2440,,333000,4294967295,
migrate_demo,server,2,7265271,2440,,333000,4294967295,
migrate_demo,server,2,7270556,2440,,333000,4294967295,
migrate_demo,server,2,7275768,2440,,333000,4294967295,
migrate_demo,server,2,7281034,2440,,333000,4294967295,
migrate_demo,server,2,7286303,2440,,333000,4294967295,
migrate_demo,server,2,7291574,2440,,333000,4294967295,
migrate_demo,server,2,7296842,2440,,333000,4294967295,
migrate_demo,server,2,7302125,2440,,333000,4294967295,
migrate_demo,server,2,7307421,2440,,333000,4294967295,
migrate_demo,server,2,7312746,2440,,333000,4294967295,
migrate_demo,server,2,7318017,2440,,333000,4294967295,
migrate_demo,server,2,7323298,2440,,333000,4294967295,
migrate_demo,server,2,7328546,2440,,333000,4294967295,
migrate_demo,server,2,7333810,2440,,333000,4294967295,
migrate_demo,server,2,7339108,2440,,333000,4294967295,
migrate_demo,server,2,7344380,2440,,333000,4294967295,
migrate_demo,server,2,7349664,2440,,333000,4294967295,
migrate_demo,server,2,7354963,2440,,333000,4294967295,
migrate_demo,server,2,7360225,2440,,333000,4294967295,
migrate_demo,server,2,7365483,2440,,333000,4294967295,
migrate_demo,server,2,7370753,2440,,333000,4294967295,
migrate_demo,server,2,7376038,2440,,333000,4294967295,
migrate_demo,server,2,7381321,2440,,333000,4294967295,
migrate_demo,server,2,7386619,2440,,333000,4294967295,
migrate_demo,server,2,7392053,2440,,333000,4294967295,
migrate_demo,server,2,7397233,2440,,333000,4294967295,
migrate_demo,server,2,7402518,2440,,333000,4294967295,
migrate_demo,server,2,7407779,2440,,333000,4294967295,
migrate_demo,server,2,7413040,2440,,333000,4294967295,
migrate_demo,server,2,7418320,2440,,333000,4294967295,
migrate_demo,server,2,7423587,2440,,333000,4294967295,
migrate_demo,server,2,7428847,2440,,333000,4294967295,
migrate_demo,server,2,7434143,2440,,333000,4294967295,
migrate_demo,server,2,7439415,2440,,333000,4294967295,
migrate_demo,server,2,7444697,2440,,333000,4294967295,
migrate_demo,server,2,7449959,2440,,333000,4294967295,
migrate_demo,server,2,7455201,2440,,333000,4294967295,
migrate_demo,server,2,7460416,2440,,333000,4294967295,
migrate_demo,server,2,7465668,2440,,333000,4294967295,
migrate_demo,server,2,7470913,2440,,333000,4294967295,
migrate_demo,server,2,7476235,2440,,333000,4294967295,
migrate_demo,server,2,7481519,2440,,333000,4294967295,
migrate_demo,server,2,7486884,2440,,333000,4294967295,
migrate_demo,server,2,7492205,2440,,333000,4294967295,
migrate_demo,server,2,7497471,2440,,333000,4294967295,
migrate_demo,server,2,7502810,2440,,333000,4294967295,
migrate_demo,server,2,7508100,2440,,333000,4294967295,
migrate_demo,server,2,7513423,2440,,333000,4294967295,
migrate_demo,server,2,7518704,2440,,333000,4294967295,
migrate_demo,server,2,7523948,2440,,333000,4294967295,
migrate_demo,server,2,7529226,2440,,333000,4294967295,
migrate_demo,server,2,7534549,2440,,333000,4294967295,
migrate_demo,server,2,7539825,2440,,333000,4294967295,
migrate_demo,server,2,7545125,2440,,333000,4294967295,
migrate_demo,server,2,7550397,2440,,333000,4294967295,
migrate_demo,server,2,7555675,2440,,333000,4294967295,
migrate_demo,server,2,7560927,2440,,333000,4294967295,
migrate_demo,server,2,7566236,2440,,333000,4294967295,
migrate_demo,server,2,7571526,2440,,333000,4294967295,
migrate_demo,server,2,7576847,2440,,333000,4294967295,
migrate_demo,server,2,7582124,2440,,333000,4294967295,
migrate_demo,server,2,7587400,2440,,333000,4294967295,
migrate_demo,server,2,7592718,2440,,333000,4294967295,
migrate_demo,server,2,7598026,2440,,333000,4294967295,
migrate_demo,server,2,7603295,2440,,333000,4294967295,
migrate_demo,server,2,7608606,2440,,333000,4294967295,
migrate_demo,server,2,7613830,2440,,333000,4294967295,
migrate_demo,server,2,7619146,2440,,333000,4294967295,
migrate_demo,server,2,7624424,2440,,333000,4294967295,
migrate_demo,server,2,7629674,2440,,333000,4294967295,
migrate_demo,server,2,7634940,2440,,333000,4294967295,
migrate_demo,server,2,7640272,2440,,333000,4294967295,
migrate_demo,server,2,7645548,2440,,333000,4294967295,
migrate_demo,server,2,7650846,2440,,333000,4294967295,
migrate_demo,server,2,7656169,2440,,333000,4294967295,
migrate_demo,server,2,7661476,2440,,333000,4294967295,
migrate_demo,server,2,7666729,2440,,333000,4294967295,
migrate_demo,server,2,7672023,2440,,333000,4294967295,
migrate_demo,server,2,7677285,2440,,333000,4294967295,
migrate_demo,server,2,7682594,2440,,333000,4294967295,
migrate_demo,server,2,7687898,2440,,333000,4294967295,
migrate_demo,server,2,7693194,3660,,333000,4294967295,
migrate_demo,server,2,7698422,3660,,333000,4294967295,
migrate_demo,server,2,7703685,3660,,333000,4294967295,
migrate_demo,server,2,7708965,3660,,333000,4294967295,
migrate_demo,server,2,7714317,3660,,333000,4294967295,
migrate_demo,server,2,7719663,3660,,333000,4294967295,
migrate_demo,server,2,7724941,3660,,333000,4294967295,
migrate_demo,server,2,7730192,3660,,333000,4294967295,
migrate_demo,server,2,7735512,3660,,333000,4294967295,
migrate_demo,server,2,7740829,3660,,333000,4294967295,
migrate_demo,server,2,7746139,3660,,333000,4294967295,
migrate_demo,server,2,7751447,3660,,333000,4294967295,
migrate_demo,server,2,7756667,4880,,333000,4294967295,
migrate_demo,server,2,7761973,4880,,333000,4294967295,
migrate_demo,server,2,7767228,4880,,333000,4294967295,
migrate_demo,server,2,7772555,4880,,333000,4294967295,
migrate_demo,server,2,7777844,4880,,333000,4294967295,
migrate_demo,server,2,7783129,4880,,333000,4294967295,
migrate_demo,server,2,7788411,4880,,333000,4294967295,
migrate_demo,server,2,7793697,4880,,333000,4294967295,
migrate_demo,server,2,7798996,4880,,333000,4294967295,
migrate_demo,server,2,7804350,4880,,333000,4294967295,
migrate_demo,server,2,7809633,4880,,333000,4294967295,
migrate_demo,server,2,7814893,4880,,333000,4294967295,
migrate_demo,server,2,7820221,4880,,333000,4294967295,
migrate_demo,server,2,7825624,6100,,333000,4294967295,
migrate_demo,server,2,7830899,6100,,333000,4294967295,
migrate_demo,server,2,7836212,6100,,333000,4294967295,
migrate_demo,server,2,7841497,6100,,333000,4294967295,
migrate_demo,server,2,7846774,6100,,333000,4294967295,
migrate_demo,server,2,7852102,6100,,333000,4294967295,
migrate_demo,server,2,7857398,6100,,333000,4294967295,
migrate_demo,server,2,7862672,6100,,333000,4294967295,
migrate_demo,server,2,7867964,6100,,333000,4294967295,
migrate_demo,server,2,7873229,6100,,333000,4294967295,
migrate_demo,server,2,7878533,6100,,333000,4294967295,
migrate_demo,server,2,7883837,6100,,333000,4294967295,
migrate_demo,server,2,7889136,6100,,333000,4294967295,
migrate_demo,server,2,7894434,7320,,333000,4294967295,
migrate_demo,server,2,7899755,7320,,333000,4294967295,
migrate_demo,server,2,7905041,7320,,333000,4294967295,
migrate_demo,server,2,7910326,7320,,333000,4294967295,
migrate_demo,server,2,7915654,7320,,333000,4294967295,
migrate_demo,server,2,7920907,7320,,333000,4294967295,
migrate_demo,server,2,7926218,7320,,333000,4294967295,
migrate_demo,server,2,7931467,7320,,333000,4294967295,
migrate_demo,server,2,7936753,7320,,333000,4294967295,
migrate_demo,server,2,7942020,7320,,333000,4294967295,
migrate_demo,server,2,7947290,7320,,333000,4294967295,
migrate_demo,server,2,7952516,7320,,333000,4294967295,
migrate_demo,server,2,7957838,8540,,333000,4294967295,
migrate_demo,server,2,7963073,8540,,333000,4294967295,
migrate_demo,server,2,7968376,8540,,333000,4294967295,
migrate_demo,server,2,7973653,8540,,333000,4294967295,
migrate_demo,server,2,7978903,8540,,333000,4294967295,
migrate_demo,server,2,7984189,8540,,333000,4294967295,
migrate_demo,server,2,7989479,8540,,333000,4294967295,
migrate_demo,server,2,7994876,8540,,333000,4294967295,
migrate_demo,server,2,8000125,8540,,333000,4294967295,
migrate_demo,server,2,8005402,8540,,333000,4294967295,
migrate_demo,server,2,8010749,8540,,333000,4294967295,
migrate_demo,server,2,8016031,8540,,333000,4294967295,
migrate_demo,server,2,8021337,8540,,333000,4294967295,
migrate_demo,server,2,8026593,9760,,333000,4294967295,
migrate_demo,server,2,8031929,9760,,333000,4294967295,
migrate_demo,server,2,8037193,9760,,333000,4294967295,
migrate_demo,server,2,8042507,9760,,333000,4294967295,
migrate_demo,server,2,8047772,9760,,333000,4294967295,
migrate_demo,server,2,8053072,9760,,333000,4294967295,
migrate_demo,server,2,8058448,9760,,333000,4294967295,
migrate_demo,server,2,8063689,9760,,333000,4294967295,
migrate_demo,server,2,8068968,9760,,333000,4294967295,
migrate_demo,server,2,8074216,9760,,333000,4294967295,
migrate_demo,server,2,8079586,9760,,333000,4294967295,
migrate_demo,server,2,8084897,9760,,333000,4294967295,
migrate_demo,server,2,8090142,9760,,333000,4294967295,
migrate_demo,server,2,8095353,10980,,333000,4294967295,
migrate_demo,server,2,8100606,10980,,333000,4294967295,
migrate_demo,server,2,8105928,10980,,333000,4294967295,
migrate_demo,server,2,8111257,10980,,333000,4294967295,
migrate_demo,server,2,8116545,10980,,333000,4294967295,
migrate_demo,server,2,8121864,10980,,333000,4294967295,
migrate_demo,server,2,8127201,10980,,333000,4294967295,
migrate_demo,server,2,8132544,10980,,333000,4294967295,
migrate_demo,server,2,8137852,10980,,333000,4294967295,
migrate_demo,server,2,8143148,10980,,333000,4294967295,
migrate_demo,server,2,8148423,10980,,333000,4294967295,
migrate_demo,server,2,8153779,10980,,333000,4294967295,
migrate_demo,server,2,8159032,10980,,333000,4294967295,
migrate_demo,server,2,8164341,12200,,333000,4294967295,
migrate_demo,server,2,8169576,12200,,333000,4294967295,
migrate_demo,server,2,8174836,12200,,333000,4294967295,
migrate_demo,server,2,8180114,12200,,333000,4294967295,
migrate_demo,server,2,8185478,12200,,333000,4294967295,
migrate_demo,server,2,8190755,12200,,333000,4294967295,
migrate_demo,server,2,8196092,12200,,333000,4294967295,
migrate_demo,server,2,8201365,12200,,333000,4294967295,
migrate_demo,server,2,8206633,12200,,333000,4294967295,
migrate_demo,server,2,8211881,12200,,333000,4294967295,
migrate_demo,server,2,8217188,12200,,333000,4294967295,
migrate_demo,server,2,8222462,12200,,333000,4294967295,
migrate_demo,server,2,8227692,13420,,333000,4294967295,
migrate_demo,server,2,8232979,13420,,333000,4294967295,
migrate_demo,server,2,8238285,13420,,333000,4294967295,
migrate_demo,server,2,8243603,13420,,333000,4294967295,
migrate_demo,server,2,8248899,13420,,333000,4294967295,
migrate_demo,server,2,8254186,13420,,333000,4294967295,
migrate_demo,server,2,8259441,13420,,333000,4294967295,
migrate_demo,server,2,8264759,13420,,333000,4294967295,
migrate_demo,server,2,8270021,13420,,333000,4294967295,
migrate_demo,server,2,8275350,13420,,333000,4294967295,
migrate_demo,server,2,8280696,13420,,333000,4294967295,
migrate_demo,server,2,8286013,13420,,333000,4294967295,
migrate_demo,server,2,8291292,13420,,333000,4294967295,
migrate_demo,server,2,8296582,14640,,333000,4294967295,
migrate_demo,server,2,8301822,14640,,333000,4294967295,
migrate_demo,server,2,8307096,14640,,333000,4294967295,
migrate_demo,server,2,8312395,14640,,333000,4294967295,
migrate_demo,server,2,8317665,14640,,333000,4294967295,
migrate_demo,server,2,8322925,14640,,333000,4294967295,
migrate_demo,server,2,8328233,14640,,333000,4294967295,
migrate_demo,server,2,8333547,14640,,333000,4294967295,
migrate_demo,server,2,8338762,14640,,333000,4294967295,
migrate_demo,server,2,8344028,14640,,333000,4294967295,
migrate_demo,server,2,8349308,14640,,333000,4294967295,
migrate_demo,server,2,8354591,14640,,333000,4294967295,
migrate_demo,server,2,8359901,14640,,333000,4294967295,
migrate_demo,server,2,8365176,15860,,333000,4294967295,
migrate_demo,server,2,8370466,15860,,333000,4294967295,
migrate_demo,server,2,8375748,15860,,333000,4294967295,
migrate_demo,server,2,8381017,15860,,333000,4294967295,
migrate_demo,server,2,8386311,15860,,333000,4294967295,
migrate_demo,server,2,8391586,15860,,333000,4294967295,
migrate_demo,server,2,8396895,15860,,333000,4294967295,
migrate_demo,server,2,8402193,15860,,333000,4294967295,
migrate_demo,server,2,8407418,15860,,333000,4294967295,
migrate_demo,server,2,8412660,15860,,333000,4294967295,
migrate_demo,server,2,8418011,15860,,333000,4294967295,
migrate_demo,server,2,8423313,15860,,333000,4294967295,
migrate_demo,server,2,8428587,15860,,333000,4294967295,
migrate_demo,server,2,8433890,17080,,333000,4294967295,
migrate_demo,server,2,8439177,17080,,333000,4294967295,
migrate_demo,server,2,8444470,17080,,333000,4294967295,
migrate_demo,server,2,8449755,17080,,333000,4294967295,
migrate_demo,server,2,8455100,17080,,333000,4294967295,
migrate_demo,server,2,8460442,17080,,333000,4294967295,
migrate_demo,server,2,8465766,17080,,333000,4294967295,
migrate_demo,server,2,8471006,17080,,333000,4294967295,
migrate_demo,server,2,8476286,17080,,333000,4294967295,
migrate_demo,server,2,8481722,17080,,333000,4294967295,
migrate_demo,server,2,8486998,17080,,333000,4294967295,
migrate_demo,server,2,8492387,17080,,333000,4294967295,
migrate_demo,server,2,8497757,17080,,333000,4294967295,
migrate_demo,server,2,8503104,18300,,333000,4294967295,
migrate_demo,server,2,8508503,18300,,333000,4294967295,
migrate_demo,server,2,8513812,18300,,333000,4294967295,
migrate_demo,server,2,8519129,18300,,333000,4294967295,
migrate_demo,server,2,8524479,18300,,333000,4294967295,
migrate_demo,server,2,8529823,18300,,333000,4294967295,
migrate_demo,server,2,8535117,18300,,333000,4294967295,
migrate_demo,server,2,8540438,18300,,333000,4294967295,
migrate_demo,server,2,8545690,18300,,333000,4294967295,
migrate_demo,server,2,8551005,18300,,333000,4294967295,
migrate_demo,server,2,8556302,18300,,333000,4294967295,
migrate_demo,server,2,8561647,18300,,333000,4294967295,
migrate_demo,server,2,8566909,19520,,333000,4294967295,
migrate_demo,server,2,8572205,19520,,333000,4294967295,
migrate_demo,server,2,8577490,19520,,333000,4294967295,
migrate_demo,server,2,8582824,19520,,333000,4294967295,
migrate_demo,server,2,8588163,19520,,333000,4294967295,
migrate_demo,server,2,8593663,19520,,333000,4294967295,
migrate_demo,server,2,8598914,19520,,333000,4294967295,
migrate_demo,server,2,8604196,19520,,333000,4294967295,
migrate_demo,server,2,8609450,19520,,333000,4294967295,
migrate_demo,server,2,8614752,19520,,333000,4294967295,
migrate_demo,server,2,8619962,19520,,333000,4294967295,
migrate_demo,server,2,8625283,19520,,333000,4294967295,
migrate_demo,server,2,8630502,19520,,333000,4294967295,
migrate_demo,server,2,8635848,20740,,333000,4294967295,
migrate_demo,server,2,8641173,20740,,333000,4294967295,
migrate_demo,server,2,8646405,20740,,333000,4294967295,
migrate_demo,server,2,8651640,20740,,333000,4294967295,
migrate_demo,server,2,8656875,20740,,333000,4294967295,
migrate_demo,server,2,8662172,20740,,333000,4294967295,
migrate_demo,server,2,8667434,20740,,333000,4294967295,
migrate_demo,server,2,8672912,20740,,333000,4294967295,
migrate_demo,server,2,8678083,20740,,333000,4294967295,
migrate_demo,server,2,8683296,20740,,333000,4294967295,
migrate_demo,server,2,8688586,20740,,333000,4294967295,
migrate_demo,server,2,8693851,20740,,333000,4294967295,
migrate_demo,server,2,8699228,20740,,333000,4294967295,
migrate_demo,server,2,8704699,21960,,333000,4294967295,
migrate_demo,server,2,8709933,21960,,333000,4294967295,
migrate_demo,server,2,8715159,21960,,333000,4294967295,
migrate_demo,server,2,8720385,21960,,333000,4294967295,
migrate_demo,server,2,8725638,21960,,333000,4294967295,
migrate_demo,server,2,8730898,21960,,333000,4294967295,
migrate_demo,server,2,8736095,21960,,333000,4294967295,
migrate_demo,server,2,8741278,21960,,333000,4294967295,
migrate_demo,server,2,8746571,21960,,333000,4294967295,
migrate_demo,server,2,8751760,21960,,333000,4294967295,
migrate_demo,server,2,8757021,21960,,333000,4294967295,
migrate_demo,server,2,8762255,21960,,333000,4294967295,
migrate_demo,server,2,8767534,23180,,333000,4294967295,
migrate_demo,server,2,8773012,23180,,333000,4294967295,
migrate_demo,server,2,8778322,23180,,333000,4294967295,
migrate_demo,server,2,8783600,23180,,333000,4294967295,
migrate_demo,server,2,8788833,23180,,333000,4294967295,
migrate_demo,server,2,8794072,23180,,333000,4294967295,
migrate_demo,server,2,8799287,23180,,333000,4294967295,
migrate_demo,server,2,8804518,23180,,333000,4294967295,
migrate_demo,server,2,8809770,23180,,333000,4294967295,
migrate_demo,server,2,8814976,23180,,333000,4294967295,
migrate_demo,server,2,8820232,23180,,333000,4294967295,
migrate_demo,server,2,8825412,23180,,333000,4294967295,
migrate_demo,server,2,8830660,23180,,333000,4294967295,
migrate_demo,server,2,8835927,24400,,333000,4294967295,
migrate_demo,server,2,8841151,24400,,333000,4294967295,
migrate_demo,server,2,8846445,24400,,333000,4294967295,
migrate_demo,server,2,8851683,24400,,333000,4294967295,
migrate_demo,server,2,8856914,24400,,333000,4294967295,
migrate_demo,server,2,8862134,24400,,333000,4294967295,
migrate_demo,server,2,8867422,24400,,333000,4294967295,
migrate_demo,server,2,8872609,24400,,333000,4294967295,
migrate_demo,server,2,8877904,24400,,333000,4294967295,
migrate_demo,server,2,8883138,24400,,333000,4294967295,
migrate_demo,server,2,8888343,24400,,333000,4294967295,
migrate_demo,server,2,8893591,24400,,333000,4294967295,
migrate_demo,server,2,8899053,24400,,333000,4294967295,
migrate_demo,server,2,8904321,25620,,333000,4294967295,
migrate_demo,server,2,8909566,25620,,333000,4294967295,
migrate_demo,server,2,8914849,25620,,333000,4294967295,
migrate_demo,server,2,8920103,25620,,333000,4294967295,
migrate_demo,server,2,8925305,25620,,333000,4294967295,
migrate_demo,server,2,8930542,25620,,333000,4294967295,
migrate_demo,server,2,8935784,25620,,333000,4294967295,
migrate_demo,server,2,8941002,25620,,333000,4294967295,
migrate_demo,server,2,8946231,25620,,333000,4294967295,
migrate_demo,server,2,8951424,25620,,333000,4294967295,
migrate_demo,server,2,8956654,25620,,333000,4294967295,
migrate_demo,server,2,8961843,25620,,333000,4294967295,
migrate_demo,server,2,8967065,25620,,333000,4294967295,
migrate_demo,server,2,8972382,26840,,333000,4294967295,
migrate_demo,server,2,8977657,26840,,333000,4294967295,
migrate_demo,server,2,8982857,26840,,333000,4294967295,
migrate_demo,server,2,8988126,26840,,333000,4294967295,
migrate_demo,server,2,8993388,26840,,333000,4294967295,
migrate_demo,server,2,8998636,26840,,333000,4294967295,
migrate_demo,server,2,9003872,26840,,333000,4294967295,
migrate_demo,server,2,9009066,26840,,333000,4294967295,
migrate_demo,server,2,9014271,26840,,333000,4294967295,
migrate_demo,server,2,9019494,26840,,333000,4294967295,
migrate_demo,server,2,9024843,26840,,333000,4294967295,
migrate_demo,server,2,9030124,26840,,333000,4294967295,
migrate_demo,server,2,9035435,26840,,333000,4294967295,
migrate_demo,server,2,9040655,28060,,333000,4294967295,
migrate_demo,server,2,9045885,28060,,333000,4294967295,
migrate_demo,server,2,9051179,28060,,333000,4294967295,
migrate_demo,server,2,9056414,28060,,333000,4294967295,
migrate_demo,server,2,9061649,28060,,333000,4294967295,
migrate_demo,server,2,9066875,28060,,333000,4294967295,
migrate_demo,server,2,9072141,28060,,333000,4294967295,
migrate_demo,server,2,9077417,28060,,333000,4294967295,
migrate_demo,server,2,9082621,28060,,333000,4294967295,
migrate_demo,server,2,9091270,28060,,333000,4294967295,
migrate_demo,server,2,9097260,28060,,333000,4294967295,
migrate_demo,server,2,9102510,28060,,333000,4294967295,
migrate_demo,server,2,9107770,29280,,333000,4294967295,
migrate_demo,server,2,9113089,29280,,333000,4294967295,
migrate_demo,server,2,9118302,29280,,333000,4294967295,
migrate_demo,server,2,9123497,29280,,333000,4294967295,
migrate_demo,server,2,9128785,29280,,333000,4294967295,
migrate_demo,server,2,9134048,29280,,333000,4294967295,
migrate_demo,server,2,9139313,29280,,333000,4294967295,
migrate_demo,server,2,9144571,29280,,333000,4294967295,
migrate_demo,server,2,9149792,29280,,333000,4294967295,
migrate_demo,server,2,9155029,29280,,333000,4294967295,
migrate_demo,server,2,9160274,29280,,333000,4294967295,
migrate_demo,server,2,9165508,29280,,333000,4294967295,
migrate_demo,server,2,9170877,30500,,333000,4294967295,
migrate_demo,server,2,9176206,30500,,333000,4294967295,
migrate_demo,server,2,9181445,30500,,333000,4294967295,
migrate_demo,server,2,9186676,30500,,333000,4294967295,
migrate_demo,server,2,9191951,30500,,333000,4294967295,
migrate_demo,server,2,9197189,30500,,333000,4294967295,
migrate_demo,server,2,9202426,30500,,333000,4294967295,
migrate_demo,server,2,9207701,30500,,333000,4294967295,
migrate_demo,server,2,9212916,30500,,333000,4294967295,
migrate_demo,server,2,9218171,30500,,333000,4294967295,
migrate_demo,server,2,9223404,30500,,333000,4294967295,
migrate_demo,server,2,9228667,30500,,333000,4294967295,
migrate_demo,server,2,9233893,30500,,333000,4294967295,
migrate_demo,server,2,9239178,31720,,333000,4294967295,
migrate_demo,server,2,9244462,31720,,333000,4294967295,
migrate_demo,server,2,9249670,31720,,333000,4294967295,
migrate_demo,server,2,9254872,31720,,333000,4294967295,
migrate_demo,server,2,9260144,31720,,333000,4294967295,
migrate_demo,server,2,9265381,31720,,333000,4294967295,
migrate_demo,server,2,9270666,31720,,333000,4294967295,
migrate_demo,server,2,9275898,31720,,333000,4294967295,
migrate_demo,server,2,9281248,31720,,333000,4294967295,
migrate_demo,server,2,9286512,31720,,333000,4294967295,
migrate_demo,server,2,9291676,31720,,333000,4294967295,
migrate_demo,server,2,9296963,31720,,333000,4294967295,
migrate_demo,server,2,9302227,31720,,333000,4294967295,
migrate_demo,server,2,9307562,32940,,333000,4294967295,
migrate_demo,server,2,9312821,32940,,333000,4294967295,
migrate_demo,server,2,9318048,32940,,333000,4294967295,
migrate_demo,server,2,9323275,32940,,333000,4294967295,
migrate_demo,server,2,9328462,32940,,333000,4294967295,
migrate_demo,server,2,9333716,32940,,333000,4294967295,
migrate_demo,server,2,9338958,32940,,333000,4294967295,
migrate_demo,server,2,9344209,32940,,333000,4294967295,
migrate_demo,server,2,9349399,32940,,333000,4294967295,
migrate_demo,server,2,9354614,32940,,333000,4294967295,
migrate_demo,server,2,9359834,32940,,333000,4294967295,
migrate_demo,server,2,9365045,32940,,333000,4294967295,
migrate_demo,server,2,9370274,32940,,333000,4294967295,
migrate_demo,server,2,9375489,34160,,333000,4294967295,
migrate_demo,server,2,9380738,34160,,333000,4294967295,
migrate_demo,server,2,9386001,34160,,333000,4294967295,
migrate_demo,server,2,9391268,34160,,333000,4294967295,
migrate_demo,server,2,9396491,34160,,333000,4294967295,
migrate_demo,server,2,9401750,34160,,333000,4294967295,
migrate_demo,server,2,9406986,34160,,333000,4294967295,
migrate_demo,server,2,9412230,34160,,333000,4294967295,
migrate_demo,server,2,9417428,34160,,333000,4294967295,
migrate_demo,server,2,9422632,34160,,333000,4294967295,
migrate_demo,server,2,9427913,34160,,333000,4294967295,
migrate_demo,server,2,9433182,34160,,333000,4294967295,
migrate_demo,server,2,9438408,34160,,333000,4294967295,
migrate_demo,server,2,9443647,35380,,333000,4294967295,
migrate_demo,server,2,9448863,35380,,333000,4294967295,
migrate_demo,server,2,9454120,35380,,333000,4294967295,
migrate_demo,server,2,9459383,35380,,333000,4294967295,
migrate_demo,server,2,9464610,35380,,333000,4294967295,
migrate_demo,server,2,9469829,35380,,333000,4294967295,
migrate_demo,server,2,9475043,35380,,333000,4294967295,
migrate_demo,server,2,9480301,35380,,333000,4294967295,
migrate_demo,server,2,9485581,35380,,333000,4294967295,
migrate_demo,server,2,9490809,35380,,333000,4294967295,
migrate_demo,server,2,9495967,35380,,333000,4294967295,
migrate_demo,server,2,9501170,35380,,333000,4294967295,
migrate_demo,server,2,9506470,35380,,333000,4294967295,
migrate_demo,server,2,9511726,36600,,333000,4294967295,
migrate_demo,server,2,9517134,36600,,333000,4294967295,
migrate_demo,server,2,9522415,36600,,333000,4294967295,
migrate_demo,server,2,9527671,36600,,333000,4294967295,
migrate_demo,server,2,9532893,36600,,333000,4294967295,
migrate_demo,server,2,9538129,36600,,333000,4294967295,
migrate_demo,server,2,9543349,36600,,333000,4294967295,
migrate_demo,server,2,9548521,36600,,333000,4294967295,
migrate_demo,server,2,9553705,36600,,333000,4294967295,
migrate_demo,server,2,9558925,36600,,333000,4294967295,
migrate_demo,server,2,9564188,36600,,333000,4294967295,
migrate_demo,server,2,9569414,36600,,333000,4294967295,
migrate_demo,server,2,9574720,36600,,333000,4294967295,
migrate_demo,server,2,9579927,37820,,333000,4294967295,
migrate_demo,server,2,9585145,37820,,333000,4294967295,
migrate_demo,server,2,9590377,37820,,333000,4294967295,
migrate_demo,server,2,9595621,37820,,333000,4294967295,
migrate_demo,server,2,9600930,37820,,333000,4294967295,
migrate_demo,server,2,9606208,37820,,333000,4294967295,
migrate_demo,server,2,9611424,37820,,333000,4294967295,
migrate_demo,server,2,9616652,37820,,333000,4294967295,
migrate_demo,server,2,9621864,37820,,333000,4294967295,
migrate_demo,server,2,9627155,37820,,333000,4294967295,
migrate_demo,server,2,9632384,37820,,333000,4294967295,
migrate_demo,server,2,9637631,37820,,333000,4294967295,
migrate_demo,server,2,9642839,37820,,333000,4294967295,
migrate_demo,server,2,9648075,39040,,333000,4294967295,
migrate_demo,server,2,9653349,39040,,333000,4294967295,
migrate_demo,server,2,9658564,39040,,333000,4294967295,
migrate_demo,server,2,9663788,39040,,333000,4294967295,
migrate_demo,server,2,9669126,39040,,333000,4294967295,
migrate_demo,server,2,9674378,39040,,333000,4294967295,
migrate_demo,server,2,9679588,39040,,333000,4294967295,
migrate_demo,server,2,9684797,39040,,333000,4294967295,
migrate_demo,server,2,9690099,39040,,333000,4294967295,
migrate_demo,server,2,9695341,39040,,333000,4294967295,
migrate_demo,server,2,9700672,39040,,333000,4294967295,
migrate_demo,server,2,9705858,39040,,333000,4294967295,
migrate_demo,server,2,9711208,40260,,333000,4294967295,
migrate_demo,server,2,9716473,40260,,333000,4294967295,
migrate_demo,server,2,9721724,40260,,333000,4294967295,
migrate_demo,server,2,9726959,40260,,333000,4294967295,
migrate_demo,server,2,9732181,40260,,333000,4294967295,
migrate_demo,server,2,9737422,40260,,333000,4294967295,
migrate_demo,server,2,9742668,40260,,333000,4294967295,
migrate_demo,server,2,9747873,40260,,333000,4294967295,
migrate_demo,server,2,9753076,40260,,333000,4294967295,
migrate_demo,server,2,9758305,40260,,333000,4294967295,
migrate_demo,server,2,9763516,40260,,333000,4294967295,
migrate_demo,server,2,9768775,40260,,333000,4294967295,
migrate_demo,server,2,9774070,40260,,333000,4294967295,
migrate_demo,server,2,9779343,41480,,333000,4294967295,
migrate_demo,server,2,9784607,41480,,333000,4294967295,
migrate_demo,server,2,9789905,41480,,333000,4294967295,
migrate_demo,server,2,9795196,41480,,333000,4294967295,
migrate_demo,server,2,9800436,41480,,333000,4294967295,
migrate_demo,server,2,9805645,41480,,333000,4294967295,
migrate_demo,server,2,9810854,41480,,333000,4294967295,
migrate_demo,server,2,9816052,41480,,333000,4294967295,
migrate_demo,server,2,9821353,41480,,333000,4294967295,
migrate_demo,server,2,9826508,41480,,333000,4294967295,
migrate_demo,server,2,9831740,41480,,333000,4294967295,
migrate_demo,server,2,9837001,41480,,333000,4294967295,
migrate_demo,server,2,9842335,41480,,333000,4294967295,
migrate_demo,server,2,9847550,42700,,333000,4294967295,
migrate_demo,server,2,9852847,42700,,333000,4294967295,
migrate_demo,server,2,9858084,42700,,333000,4294967295,
migrate_demo,server,2,9863338,42700,,333000,4294967295,
migrate_demo,server,2,9868717,42700,,333000,4294967295,
migrate_demo,server,2,9873943,42700,,333000,4294967295,
migrate_demo,server,2,9879191,42700,,333000,4294967295,
migrate_demo,server,2,9884472,42700,,333000,4294967295,
migrate_demo,server,2,9889667,42700,,333000,4294967295,
migrate_demo,server,2,9894924,42700,,333000,4294967295,
migrate_demo,server,2,9900145,42700,,333000,4294967295,
migrate_demo,server,2,9905406,42700,,333000,4294967295,
migrate_demo,server,2,9910657,42700,,333000,4294967295,
migrate_demo,server,2,9915987,43920,,333000,4294967295,
migrate_demo,server,2,9921222,43920,,333000,4294967295,
migrate_demo,server,2,9926455,43920,,333000,4294967295,
migrate_demo,server,2,9931670,43920,,333000,4294967295,
migrate_demo,server,2,9936870,43920,,333000,4294967295,
migrate_demo,server,2,9942056,43920,,333000,4294967295,
migrate_demo,server,2,9947312,43920,,333000,4294967295,
migrate_demo,server,2,9952576,43920,,333000,4294967295,
migrate_demo,server,2,9957760,43920,,333000,4294967295,
migrate_demo,server,2,9963015,43920,,333000,4294967295,
migrate_demo,server,2,9968295,43920,,333000,4294967295,
migrate_demo,server,2,9973507,43920,,333000,4294967295,
migrate_demo,server,2,9978800,43920,,333000,4294967295,
migrate_demo,server,2,9984065,45140,,333000,4294967295,
migrate_demo,server,2,9989286,45140,,333000,4294967295,
migrate_demo,server,2,9994498,45140,,333000,4294967295,
migrate_demo,server,2,9999769,45140,,333000,4294967295,
migrate_demo,server,2,10004969,45140,,333000,4294967295,
migrate_demo,server,2,10011479,45140,,333000,4294967295,
migrate_demo,server,2,10031653,45140,,333000,4294967295,
migrate_demo,server,2,10036779,45140,,333000,4294967295,
migrate_demo,server,2,10041943,45140,,333000,4294967295,
migrate_demo,server,2,10050879,46360,,333000,4294967295,
migrate_demo,server,2,10056128,46360,,333000,4294967295,
migrate_demo,server,2,10061379,46360,,333000,4294967295,
migrate_demo,server,2,10066622,46360,,333000,4294967295,
migrate_demo,server,2,10071847,46360,,333000,4294967295,
migrate_demo,server,2,10077090,46360,,333000,4294967295,
migrate_demo,server,2,10082463,46360,,333000,4294967295,
migrate_demo,server,2,10087672,46360,,333000,4294967295,
migrate_demo,server,2,10092904,46360,,333000,4294967295,
migrate_demo,server,2,10098173,46360,,333000,4294967295,
migrate_demo,server,2,10103389,46360,,333000,4294967295,
migrate_demo,server,2,10108626,46360,,333000,4294967295,
migrate_demo,server,2,10113881,46360,,333000,4294967295,
migrate_demo,server,2,10119129,47580,,333000,4294967295,
migrate_demo,server,2,10124417,47580,,333000,4294967295,
migrate_demo,server,2,10129643,47580,,333000,4294967295,
migrate_demo,server,2,10134842,47580,,333000,4294967295,
migrate_demo,server,2,10140068,47580,,333000,4294967295,
migrate_demo,server,2,10145373,47580,,333000,4294967295,
migrate_demo,server,2,10150622,47580,,333000,4294967295,
migrate_demo,server,2,10155860,47580,,333000,4294967295,
migrate_demo,server,2,10161154,47580,,333000,4294967295,
migrate_demo,server,2,10166430,47580,,333000,4294967295,
migrate_demo,server,2,10171699,47580,,333000,4294967295,
migrate_demo,server,2,10176986,47580,,333000,4294967295,
migrate_demo,server,2,10182258,47580,,333000,4294967295,
migrate_demo,server,2,10187521,48800,,333000,4294967295,
migrate_demo,server,2,10192770,48800,,333000,4294967295,
migrate_demo,server,2,10197990,48800,,333000,4294967295,
migrate_demo,server,2,10203220,48800,,333000,4294967295,
migrate_demo,server,2,10208468,48800,,333000,4294967295,
migrate_demo,server,2,10213756,48800,,333000,4294967295,
migrate_demo,server,2,10218999,48800,,333000,4294967295,
migrate_demo,server,2,10224225,48800,,333000,4294967295,
migrate_demo,server,2,10229474,48800,,333000,4294967295,
migrate_demo,server,2,10234715,48800,,333000,4294967295,
migrate_demo,server,2,10239988,48800,,333000,4294967295,
migrate_demo,server,2,10245260,48800,,333000,4294967295,
migrate_demo,server,2,10250494,48800,,333000,4294967295,
migrate_demo,server,2,10255722,50020,,333000,4294967295,
migrate_demo,server,2,10260984,50020,,333000,4294967295,
migrate_demo,server,2,10266236,50020,,333000,4294967295,
migrate_demo,server,2,10271572,50020,,333000,4294967295,
migrate_demo,server,2,10276808,50020,,333000,4294967295,
migrate_demo,server,2,10282039,50020,,333000,4294967295,
migrate_demo,server,2,10287244,50020,,333000,4294967295,
migrate_demo,server,2,10292527,50020,,333000,4294967295,
migrate_demo,server,2,10297883,50020,,333000,4294967295,
migrate_demo,server,2,10303089,50020,,333000,4294967295,
migrate_demo,server,2,10308292,50020,,333000,4294967295,
migrate_demo,server,2,10313476,50020,,333000,4294967295,
migrate_demo,server,2,10318626,50020,,333000,4294967295,
migrate_demo,server,2,10323881,51240,,333000,4294967295,
migrate_demo,server,2,10329138,51240,,333000,4294967295,
migrate_demo,server,2,10334450,51240,,333000,4294967295,
migrate_demo,server,2,10339646,51240,,333000,4294967295,
migrate_demo,server,2,10344906,51240,,333000,4294967295,
migrate_demo,server,2,10350178,51240,,333000,4294967295,
migrate_demo,server,2,10355457,51240,,333000,4294967295,
migrate_demo,server,2,10360689,51240,,333000,4294967295,
migrate_demo,server,2,10365931,51240,,333000,4294967295,
migrate_demo,server,2,10371109,51240,,333000,4294967295,
migrate_demo,server,2,10376309,51240,,333000,4294967295,
migrate_demo,server,2,10381599,51240,,333000,4294967295,
migrate_demo,server,2,10386896,51240,,333000,4294967295,
migrate_demo,server,2,10392168,52460,,333000,4294967295,
migrate_demo,server,2,10397422,52460,,333000,4294967295,
migrate_demo,server,2,10402645,52460,,333000,4294967295,
migrate_demo,server,2,10407831,52460,,333000,4294967295,
migrate_demo,server,2,10413426,52460,,333000,4294967295,
migrate_demo,server,2,10418709,52460,,333000,4294967295,
migrate_demo,server,2,10424012,52460,,333000,4294967295,
migrate_demo,server,2,10429223,52460,,333000,4294967295,
migrate_demo,server,2,10434459,52460,,333000,4294967295,
migrate_demo,server,2,10439679,52460,,333000,4294967295,
migrate_demo,server,2,10444944,52460,,333000,4294967295,
migrate_demo,server,2,10450120,52460,,333000,4294967295,
migrate_demo,server,2,10455358,52460,,333000,4294967295,
migrate_demo,server,2,10460471,53680,,333000,4294967295,
migrate_demo,server,2,10465769,53680,,333000,4294967295,
migrate_demo,server,2,10471021,53680,,333000,4294967295,
migrate_demo,server,2,10476272,53680,,333000,4294967295,
migrate_demo,server,2,10481499,53680,,333000,4294967295,
migrate_demo,server,2,10486809,53680,,333000,4294967295,
migrate_demo,server,2,10492042,53680,,333000,4294967295,
migrate_demo,server,2,10497334,53680,,333000,4294967295,
migrate_demo,server,2,10502530,53680,,333000,4294967295,
migrate_demo,server,2,10507731,53680,,333000,4294967295,
migrate_demo,server,2,10513010,53680,,333000,4294967295,
migrate_demo,server,2,10518227,53680,,333000,4294967295,
migrate_demo,server,2,10523536,54900,,333000,4294967295,
migrate_demo,server,2,10528798,54900,,333000,4294967295,
migrate_demo,server,2,10534040,54900,,333000,4294967295,
migrate_demo,server,2,10539265,54900,,333000,4294967295,
migrate_demo,server,2,10544573,54900,,333000,4294967295,
migrate_demo,server,2,10549846,54900,,333000,4294967295,
migrate_demo,server,2,10555162,54900,,333000,4294967295,
migrate_demo,server,2,10560432,54900,,333000,4294967295,
migrate_demo,server,2,10565640,54900,,333000,4294967295,
migrate_demo,server,2,10570922,54900,,333000,4294967295,
migrate_demo,server,2,10576135,54900,,333000,4294967295,
migrate_demo,server,2,10581346,54900,,333000,4294967295,
migrate_demo,server,2,10586690,56120,,333000,4294967295,
migrate_demo,server,2,10591942,56120,,333000,4294967295,
migrate_demo,server,2,10597194,56120,,333000,4294967295,
migrate_demo,server,2,10602542,56120,,333000,4294967295,
migrate_demo,server,2,10607934,56120,,333000,4294967295,
migrate_demo,server,2,10613159,56120,,333000,4294967295,
migrate_demo,server,2,10618395,56120,,333000,4294967295,
migrate_demo,server,2,10623642,56120,,333000,4294967295,
migrate_demo,server,2,10628922,56120,,333000,4294967295,
migrate_demo,server,2,10634105,56120,,333000,4294967295,
migrate_demo,server,2,10639378,56120,,333000,4294967295,
migrate_demo,server,2,10644592,56120,,333000,4294967295,
migrate_demo,server,2,10649772,57340,,333000,4294967295,
migrate_demo,server,2,10654939,57340,,333000,4294967295,
migrate_demo,server,2,10660179,57340,,333000,4294967295,
migrate_demo,server,2,10665492,57340,,333000,4294967295,
migrate_demo,server,2,10670712,57340,,333000,4294967295,
migrate_demo,server,2,10676029,58560,,333000,4294967295,
migrate_demo,server,2,10681306,58560,,333000,4294967295,
migrate_demo,server,2,10686503,58560,,333000,4294967295,
migrate_demo,server,2,10691733,58560,,333000,4294967295,
migrate_demo,server,2,10696960,58560,,333000,4294967295,
migrate_demo,server,2,10702236,58560,,333000,4294967295,
migrate_demo,server,2,10707428,58560,,333000,4294967295,
migrate_demo,server,2,10712607,59780,,333000,4294967295,
migrate_demo,server,2,10717789,59780,,333000,4294967295,
migrate_demo,server,2,10723010,59780,,333000,4294967295,
migrate_demo,server,2,10728254,59780,,333000,4294967295,
migrate_demo,server,2,10733511,59780,,333000,4294967295,
migrate_demo,server,2,10738745,61000,,333000,4294967295,
migrate_demo,server,2,10743958,61000,,333000,4294967295,
migrate_demo,server,2,10749177,61000,,333000,4294967295,
migrate_demo,server,2,10754408,61000,,333000,4294967295,
migrate_demo,server,2,10759591,61000,,333000,4294967295,
migrate_demo,server,2,10764807,61000,,333000,4294967295,
migrate_demo,server,2,10770038,61000,,333000,4294967295,
migrate_demo,server,2,10775336,62220,,333000,4294967295,
migrate_demo,server,2,10780570,62220,,333000,4294967295,
migrate_demo,server,2,10785794,62220,,333000,4294967295,
migrate_demo,server,2,10791082,62220,,333000,4294967295,
migrate_demo,server,2,10796316,62220,,333000,4294967295,
migrate_demo,server,2,10801524,63440,,333000,4294967295,
migrate_demo,server,2,10806745,63440,,333000,4294967295,
migrate_demo,server,2,10811998,63440,,333000,4294967295,
migrate_demo,server,2,10817263,63440,,333000,4294967295,
migrate_demo,server,2,10822508,63440,,333000,4294967295,
migrate_demo,server,2,10827687,63440,,333000,4294967295,
migrate_demo,server,2,10832884,63440,,333000,4294967295,
migrate_demo,server,2,10838084,64660,,333000,4294967295,
migrate_demo,server,2,10843308,64660,,333000,4294967295,
migrate_demo,server,2,10848720,64660,,333000,4294967295,
migrate_demo,server,2,10853947,64660,,333000,4294967295,
migrate_demo,server,2,10859132,64660,,333000,4294967295,
migrate_demo,server,2,10864349,65880,,333000,4294967295,
migrate_demo,server,2,10869568,65880,,333000,4294967295,
migrate_demo,server,2,10874811,65880,,333000,4294967295,
migrate_demo,server,2,10880017,65880,,333000,4294967295,
migrate_demo,server,2,10885278,65880,,333000,4294967295,
migrate_demo,server,2,10890506,65880,,333000,4294967295,
migrate_demo,server,2,10895704,65880,,333000,4294967295,
migrate_demo,server,2,10900990,67100,,333000,4294967295,
migrate_demo,server,2,10906245,67100,,333000,4294967295,
migrate_demo,server,2,10911508,67100,,333000,4294967295,
migrate_demo,server,2,10916779,67100,,333000,4294967295,
migrate_demo,server,2,10921982,67100,,333000,4294967295,
migrate_demo,server,2,10927235,68320,,333000,4294967295,
migrate_demo,server,2,10932526,68320,,333000,4294967295,
migrate_demo,server,2,10937799,68320,,333000,4294967295,
migrate_demo,server,2,10942992,68320,,333000,4294967295,
migrate_demo,server,2,10948252,68320,,333000,4294967295,
migrate_demo,server,2,10953454,68320,,333000,4294967295,
migrate_demo,server,2,10958612,68320,,333000,4294967295,
migrate_demo,server,2,10963856,69540,,333000,4294967295,
migrate_demo,server,2,10969160,69540,,333000,4294967295,
migrate_demo,server,2,10974428,69540,,333000,4294967295,
migrate_demo,server,2,10979663,69540,,333000,4294967295,
migrate_demo,server,2,10984875,69540,,333000,4294967295,
migrate_demo,server,2,10990102,70760,,333000,4294967295,
migrate_demo,server,2,10995345,70760,,333000,4294967295,
migrate_demo,server,2,11000553,70760,,333000,4294967295,
migrate_demo,server,2,11005844,70760,,333000,4294967295,
migrate_demo,server,2,11011085,70760,,333000,4294967295,
migrate_demo,server,2,11016264,70760,,333000,4294967295,
migrate_demo,server,2,11021483,70760,,333000,4294967295,
migrate_demo,server,2,11026777,71980,,333000,4294967295,
migrate_demo,server,2,11032083,71980,,333000,4294967295,
migrate_demo,server,2,11037443,71980,,333000,4294967295,
migrate_demo,server,2,11042757,71980,,333000,4294967295,
migrate_demo,server,2,11048053,71980,,333000,4294967295,
migrate_demo,server,2,11053266,71980,,333000,4294967295,
migrate_demo,server,2,11058508,71980,,333000,4294967295,
migrate_demo,server,2,11063744,71980,,333000,4294967295,
migrate_demo,server,2,11068933,71980,,333000,4294967295,
migrate_demo,server,2,11074070,71980,,333000,4294967295,
migrate_demo,server,2,11079280,71980,,333000,4294967295,
migrate_demo,server,2,11084532,71980,,333000,4294967295,
migrate_demo,server,2,11089888,73200,,333000,4294967295,
migrate_demo,server,2,11095138,73200,,333000,4294967295,
migrate_demo,server,2,11100502,73200,,333000,4294967295,
migrate_demo,server,2,11105770,73200,,333000,4294967295,
migrate_demo,server,2,11111036,73200,,333000,4294967295,
migrate_demo,server,2,11116291,73200,,333000,4294967295,
migrate_demo,server,2,11121490,73200,,333000,4294967295,
migrate_demo,server,2,11126769,73200,,333000,4294967295,
migrate_demo,server,2,11132044,73200,,333000,4294967295,
migrate_demo,server,2,11137242,73200,,333000,4294967295,
migrate_demo,server,2,11142484,73200,,333000,4294967295,
migrate_demo,server,2,11147941,74420,,333000,4294967295,
migrate_demo,server,2,11153121,74420,,333000,4294967295,
migrate_demo,server,2,11158415,74420,,333000,4294967295,
migrate_demo,server,2,11163638,74420,,333000,4294967295,
migrate_demo,server,2,11168872,74420,,333000,4294967295,
migrate_demo,server,2,11174121,74420,,333000,4294967295,
migrate_demo,server,2,11179364,74420,,333000,4294967295,
migrate_demo,server,2,11184651,74420,,333000,4294967295,
migrate_demo,server,2,11189845,74420,,333000,4294967295,
migrate_demo,server,2,11195034,74420,,333000,4294967295,
migrate_demo,server,2,11200298,74420,,333000,4294967295,
migrate_demo,server,2,11205570,74420,,333000,4294967295,
migrate_demo,server,2,11210849,75640,,333000,4294967295,
migrate_demo,server,2,11216118,75640,,333000,4294967295,
migrate_demo,server,2,11221334,75640,,333000,4294967295,
migrate_demo,server,2,11226661,75640,,333000,4294967295,
migrate_demo,server,2,11231865,75640,,333000,4294967295,
migrate_demo,server,2,11237112,75640,,333000,4294967295,
migrate_demo,server,2,11242369,75640,,333000,4294967295,
migrate_demo,server,2,11247562,75640,,333000,4294967295,
migrate_demo,server,2,11252797,75640,,333000,4294967295,
migrate_demo,server,2,11258062,75640,,333000,4294967295,
migrate_demo,server,2,11263244,75640,,333000,4294967295,
migrate_demo,server,2,11268475,75640,,333000,4294967295,
migrate_demo,server,2,11273714,75640,,333000,4294967295,
migrate_demo,server,2,11279023,76860,,333000,4294967295,
migrate_demo,server,2,11284212,76860,,333000,4294967295,
migrate_demo,server,2,11289468,76860,,333000,4294967295,
migrate_demo,server,2,11294676,76860,,333000,4294967295,
migrate_demo,server,2,11299932,76860,,333000,4294967295,
migrate_demo,server,2,11305191,76860,,333000,4294967295,
migrate_demo,server,2,11310389,76860,,333000,4294967295,
migrate_demo,server,2,11315588,76860,,333000,4294967295,
migrate_demo,server,2,11320732,76860,,333000,4294967295,
migrate_demo,server,2,11325951,76860,,333000,4294967295,
migrate_demo,server,2,11331139,76860,,333000,4294967295,
migrate_demo,server,2,11336401,76860,,333000,4294967295,
migrate_demo,server,2,11341688,78080,,333000,4294967295,
migrate_demo,server,2,11346872,78080,,333000,4294967295,
migrate_demo,server,2,11352058,78080,,333000,4294967295,
migrate_demo,server,2,11357263,78080,,333000,4294967295,
migrate_demo,server,2,11362488,78080,,333000,4294967295,
migrate_demo,server,2,11367696,78080,,333000,4294967295,
migrate_demo,server,2,11372931,78080,,333000,4294967295,
migrate_demo,server,2,11378331,78080,,333000,4294967295,
migrate_demo,server,2,11383603,78080,,333000,4294967295,
migrate_demo,server,2,11388818,78080,,333000,4294967295,
migrate_demo,server,2,11394055,78080,,333000,4294967295,
migrate_demo,server,2,11399376,78080,,333000,4294967295,
migrate_demo,server,2,11404666,79300,,333000,4294967295,
migrate_demo,server,2,11409915,79300,,333000,4294967295,
migrate_demo,server,2,11415128,79300,,333000,4294967295,
migrate_demo,server,2,11420928,79300,,333000,4294967295,
migrate_demo,server,2,11426443,79300,,333000,4294967295,
migrate_demo,server,2,11431652,79300,,333000,4294967295,
migrate_demo,server,2,11436883,79300,,333000,4294967295,
migrate_demo,server,2,11442106,79300,,333000,4294967295,
migrate_demo,server,2,11447284,79300,,333000,4294967295,
migrate_demo,server,2,11452588,79300,,333000,4294967295,
migrate_demo,server,2,11457856,79300,,333000,4294967295,
migrate_demo,server,2,11463216,80520,,333000,4294967295,
migrate_demo,server,2,11468633,80520,,333000,4294967295,
migrate_demo,server,2,11473886,80520,,333000,4294967295,
migrate_demo,server,2,11479121,80520,,333000,4294967295,
migrate_demo,server,2,11484387,80520,,333000,4294967295,
migrate_demo,server,2,11489648,80520,,333000,4294967295,
migrate_demo,server,2,11494910,80520,,333000,4294967295,
migrate_demo,server,2,11500108,80520,,333000,4294967295,
migrate_demo,server,2,11505345,80520,,333000,4294967295,
migrate_demo,server,2,11510560,80520,,333000,4294967295,
migrate_demo,server,2,11515809,80520,,333000,4294967295,
migrate_demo,server,2,11521043,80520,,333000,4294967295,
migrate_demo,server,2,11526605,81740,,333000,4294967295,
migrate_demo,server,2,11531865,81740,,333000,4294967295,
migrate_demo,server,2,11537101,81740,,333000,4294967295,
migrate_demo,server,2,11542364,81740,,333000,4294967295,
migrate_demo,server,2,11547636,81740,,333000,4294967295,
migrate_demo,server,2,11552914,81740,,333000,4294967295,
migrate_demo,server,2,11558243,81740,,333000,4294967295,
migrate_demo,server,2,11563465,81740,,333000,4294967295,
migrate_demo,server,2,11568740,81740,,333000,4294967295,
migrate_demo,server,2,11574019,81740,,333000,4294967295,
migrate_demo,server,2,11579333,81740,,333000,4294967295,
migrate_demo,server,2,11584563,81740,,333000,4294967295,
migrate_demo,server,2,11589788,82960,,333000,4294967295,
migrate_demo,server,2,11595012,82960,,333000,4294967295,
migrate_demo,server,2,11600236,82960,,333000,4294967295,
migrate_demo,server,2,11605482,82960,,333000,4294967295,
migrate_demo,server,2,11610765,82960,,333000,4294967295,
migrate_demo,server,2,11616254,82960,,333000,4294967295,
migrate_demo,server,2,11621512,82960,,333000,4294967295,
migrate_demo,server,2,11626791,82960,,333000,4294967295,
migrate_demo,server,2,11632013,82960,,333000,4294967295,
migrate_demo,server,2,11637249,82960,,333000,4294967295,
migrate_demo,server,2,11642507,82960,,333000,4294967295,
migrate_demo,server,2,11647723,82960,,333000,4294967295,
migrate_demo,server,2,11652961,84180,,333000,4294967295,
migrate_demo,server,2,11658165,84180,,333000,4294967295,
migrate_demo,server,2,11663302,84180,,333000,4294967295,
migrate_demo,server,2,11668541,84180,,333000,4294967295,
migrate_demo,server,2,11673829,84180,,333000,4294967295,
migrate_demo,server,2,11679028,84180,,333000,4294967295,
migrate_demo,server,2,11684229,84180,,333000,4294967295,
migrate_demo,server,2,11689542,84180,,333000,4294967295,
migrate_demo,server,2,11694782,84180,,333000,4294967295,
migrate_demo,server,2,11699994,84180,,333000,4294967295,
migrate_demo,server,2,11705277,84180,,333000,4294967295,
migrate_demo,server,2,11710599,84180,,333000,4294967295,
migrate_demo,server,2,11715765,85400,,333000,4294967295,
migrate_demo,server,2,11721006,85400,,333000,4294967295,
migrate_demo,server,2,11726276,85400,,333000,4294967295,
migrate_demo,server,2,11731571,85400,,333000,4294967295,
migrate_demo,server,2,11736759,85400,,333000,4294967295,
migrate_demo,server,2,11742086,85400,,333000,4294967295,
migrate_demo,server,2,11747351,85400,,333000,4294967295,
migrate_demo,server,2,11752598,85400,,333000,4294967295,
migrate_demo,server,2,11757863,85400,,333000,4294967295,
migrate_demo,server,2,11763127,85400,,333000,4294967295,
migrate_demo,server,2,11768357,85400,,333000,4294967295,
migrate_demo,server,2,11773546,85400,,333000,4294967295,
migrate_demo,server,2,11778795,86620,,333000,4294967295,
migrate_demo,server,2,11784002,86620,,333000,4294967295,
migrate_demo,server,2,11789273,86620,,333000,4294967295,
migrate_demo,server,2,11794526,86620,,333000,4294967295,
migrate_demo,server,2,11799833,86620,,333000,4294967295,
migrate_demo,server,2,11805182,86620,,333000,4294967295,
migrate_demo,server,2,11810502,86620,,333000,4294967295,
migrate_demo,server,2,11815852,86620,,333000,4294967295,
migrate_demo,server,2,11821081,86620,,333000,4294967295,
migrate_demo,server,2,11826285,86620,,333000,4294967295,
migrate_demo,server,2,11831505,86620,,333000,4294967295,
migrate_demo,server,2,11836798,86620,,333000,4294967295,
migrate_demo,server,2,11842086,87840,,333000,4294967295,
migrate_demo,server,2,11847340,87840,,333000,4294967295,
migrate_demo,server,2,11852594,87840,,333000,4294967295,
migrate_demo,server,2,11857820,87840,,333000,4294967295,
migrate_demo,server,2,11862987,87840,,333000,4294967295,
migrate_demo,server,2,11868296,87840,,333000,4294967295,
migrate_demo,server,2,11873532,87840,,333000,4294967295,
migrate_demo,server,2,11878733,87840,,333000,4294967295,
migrate_demo,server,2,11883959,87840,,333000,4294967295,
migrate_demo,server,2,11889197,87840,,333000,4294967295,
migrate_demo,server,2,11894489,87840,,333000,4294967295,
migrate_demo,server,2,11899691,87840,,333000,4294967295,
migrate_demo,server,2,11904959,89060,,333000,4294967295,
migrate_demo,server,2,11910206,89060,,333000,4294967295,
migrate_demo,server,2,11915416,89060,,333000,4294967295,
migrate_demo,server,2,11920635,89060,,333000,4294967295,
migrate_demo,server,2,11925833,89060,,333000,4294967295,
migrate_demo,server,2,11931045,89060,,333000,4294967295,
migrate_demo,server,2,11936303,89060,,333000,4294967295,
migrate_demo,server,2,11941696,89060,,333000,4294967295,
migrate_demo,server,2,11946965,89060,,333000,4294967295,
migrate_demo,server,2,11952235,89060,,333000,4294967295,
migrate_demo,server,2,11957534,89060,,333000,4294967295,
migrate_demo,server,2,11962808,89060,,333000,4294967295,
migrate_demo,server,2,11968056,90280,,333000,4294967295,
migrate_demo,server,2,11973297,90280,,333000,4294967295,
migrate_demo,server,2,11978569,90280,,333000,4294967295,
migrate_demo,server,2,11983860,90280,,333000,4294967295,
migrate_demo,server,2,11989078,90280,,333000,4294967295,
migrate_demo,server,2,11994372,90280,,333000,4294967295,
migrate_demo,server,2,11999602,90280,,333000,4294967295,
migrate_demo,server,2,12004893,90280,,333000,4294967295,
migrate_demo,server,2,12010137,90280,,333000,4294967295,
migrate_demo,server,2,12015342,90280,,333000,4294967295,
migrate_demo,server,2,12020627,90280,,333000,4294967295,
migrate_demo,server,2,12025844,90280,,333000,4294967295,
migrate_demo,server,2,12031092,91500,,333000,4294967295,
migrate_demo,server,2,12036296,91500,,333000,4294967295,
migrate_demo,server,2,12041502,91500,,333000,4294967295,
migrate_demo,server,2,12046753,91500,,333000,4294967295,
migrate_demo,server,2,12051976,91500,,333000,4294967295,
migrate_demo,server,2,12057177,91500,,333000,4294967295,
migrate_demo,server,2,12062456,91500,,333000,4294967295,
migrate_demo,server,2,12067680,91500,,333000,4294967295,
migrate_demo,server,2,12072958,91500,,333000,4294967295,
migrate_demo,server,2,12078142,91500,,333000,4294967295,
migrate_demo,server,2,12083344,91500,,333000,4294967295,
migrate_demo,server,2,12088697,91500,,333000,4294967295,
migrate_demo,server,2,12093972,92720,,333000,4294967295,
migrate_demo,server,2,12099194,92720,,333000,4294967295,
migrate_demo,server,2,12104450,92720,,333000,4294967295,
migrate_demo,server,2,12109694,92720,,333000,4294967295,
migrate_demo,server,2,12114978,92720,,333000,4294967295,
migrate_demo,server,2,12120293,92720,,333000,4294967295,
migrate_demo,server,2,12125535,92720,,333000,4294967295,
migrate_demo,server,2,12130716,92720,,333000,4294967295,
migrate_demo,server,2,12135940,92720,,333000,4294967295,
migrate_demo,server,2,12141196,92720,,333000,4294967295,
migrate_demo,server,2,12146446,92720,,333000,4294967295,
migrate_demo,server,2,12151923,93940,,333000,4294967295,
migrate_demo,server,2,12157163,93940,,333000,4294967295,
migrate_demo,server,2,12162756,93940,,333000,4294967295,
migrate_demo,server,2,12167944,93940,,333000,4294967295,
migrate_demo,server,2,12173131,93940,,333000,4294967295,
migrate_demo,server,2,12178455,93940,,333000,4294967295,
migrate_demo,server,2,12183932,93940,,333000,4294967295,
migrate_demo,server,2,12189166,93940,,333000,4294967295,
migrate_demo,server,2,12194460,93940,,333000,4294967295,
migrate_demo,server,2,12199655,93940,,333000,4294967295,
migrate_demo,server,2,12204959,93940,,333000,4294967295,
migrate_demo,server,2,12210330,93940,,333000,4294967295,
migrate_demo,server,2,12215619,95160,,333000,4294967295,
migrate_demo,server,2,12220830,95160,,333000,4294967295,
migrate_demo,server,2,12226187,95160,,333000,4294967295,
migrate_demo,server,2,12231451,95160,,333000,4294967295,
migrate_demo,server,2,12236639,95160,,333000,4294967295,
migrate_demo,server,2,12241831,95160,,333000,4294967295,
migrate_demo,server,2,12247085,95160,,333000,4294967295,
migrate_demo,server,2,12252324,95160,,333000,4294967295,
migrate_demo,server,2,12257597,95160,,333000,4294967295,
migrate_demo,server,2,12262804,95160,,333000,4294967295,
migrate_demo,server,2,12268053,95160,,333000,4294967295,
migrate_demo,server,2,12273284,95160,,333000,4294967295,
migrate_demo,server,2,12278494,95160,,333000,4294967295,
migrate_demo,server,2,12283745,95160,,333000,4294967295,
migrate_demo,server,2,12288981,95160,,333000,4294967295,
migrate_demo,server,2,12294191,95160,,333000,4294967295,
migrate_demo,server,2,12299382,95160,,333000,4294967295,
migrate_demo,server,2,12304561,96380,,333000,4294967295,
migrate_demo,server,2,12309755,96380,,333000,4294967295,
migrate_demo,server,2,12314975,96380,,333000,4294967295,
migrate_demo,server,2,12320132,96380,,333000,4294967295,
migrate_demo,server,2,12325367,96380,,333000,4294967295,
migrate_demo,server,2,12330600,96380,,333000,4294967295,
migrate_demo,server,2,12335792,96380,,333000,4294967295,
migrate_demo,server,2,12341018,96380,,333000,4294967295,
migrate_demo,server,2,12346227,96380,,333000,4294967295,
migrate_demo,server,2,12351468,96380,,333000,4294967295,
migrate_demo,server,2,12356692,96380,,333000,4294967295,
migrate_demo,server,2,12361861,96380,,333000,4294967295,
migrate_demo,server,2,12367048,96380,,333000,4294967295,
migrate_demo,server,2,12372250,97600,,333000,4294967295,
migrate_demo,server,2,12377495,97600,,333000,4294967295,
migrate_demo,server,2,12382677,97600,,333000,4294967295,
migrate_demo,server,2,12387950,97600,,333000,4294967295,
migrate_demo,server,2,12393223,97600,,333000,4294967295,
migrate_demo,server,2,12398455,97600,,333000,4294967295,
migrate_demo,server,2,12403675,97600,,333000,4294967295,
migrate_demo,server,2,12408874,97600,,333000,4294967295,
migrate_demo,server,2,12414085,97600,,333000,4294967295,
migrate_demo,server,2,12419347,97600,,333000,4294967295,
migrate_demo,server,2,12424556,97600,,333000,4294967295,
migrate_demo,server,2,12429818,97600,,333000,4294967295,
migrate_demo,server,2,12435061,97600,,333000,4294967295,
migrate_demo,server,2,12440341,98820,,333000,4294967295,
migrate_demo,server,2,12445578,98820,,333000,4294967295,
migrate_demo,server,2,12450871,98820,,333000,4294967295,
migrate_demo,server,2,12456146,98820,,333000,4294967295,
migrate_demo,server,2,12461513,98820,,333000,4294967295,
migrate_demo,server,2,12466818,98820,,333000,4294967295,
migrate_demo,server,2,12472042,98820,,333000,4294967295,
migrate_demo,server,2,12477222,98820,,333000,4294967295,
migrate_demo,server,2,12482461,98820,,333000,4294967295,
migrate_demo,server,2,12487666,98820,,333000,4294967295,
migrate_demo,server,2,12492954,98820,,333000,4294967295,
migrate_demo,server,2,12498308,98820,,333000,4294967295,
migrate_demo,server,2,12503562,98820,,333000,4294967295,
migrate_demo,server,2,12509552,100040,,333000,4294967295,
migrate_demo,server,2,12514744,100040,,333000,4294967295,
migrate_demo,server,2,12519949,100040,,333000,4294967295,
migrate_demo,server,2,12525224,100040,,333000,4294967295,
migrate_demo,server,2,12530445,100040,,333000,4294967295,
migrate_demo,server,2,12535716,100040,,333000,4294967295,
migrate_demo,server,2,12540915,100040,,333000,4294967295,
migrate_demo,server,2,12546248,100040,,333000,4294967295,
migrate_demo,server,2,12551448,100040,,333000,4294967295,
migrate_demo,server,2,12556672,100040,,333000,4294967295,
migrate_demo,server,2,12561880,100040,,333000,4294967295,
migrate_demo,server,2,12567102,100040,,333000,4294967295,
migrate_demo,server,2,12572631,101260,,333000,4294967295,
migrate_demo,server,2,12577906,101260,,333000,4294967295,
migrate_demo,server,2,12583100,101260,,333000,4294967295,
migrate_demo,server,2,12588352,101260,,333000,4294967295,
migrate_demo,server,2,12593598,101260,,333000,4294967295,
migrate_demo,server,2,12598811,101260,,333000,4294967295,
migrate_demo,server,2,12604073,101260,,333000,4294967295,
migrate_demo,server,2,12609342,101260,,333000,4294967295,
migrate_demo,server,2,12614560,101260,,333000,4294967295,
migrate_demo,server,2,12619819,101260,,333000,4294967295,
migrate_demo,server,2,12625141,101260,,333000,4294967295,
migrate_demo,server,2,12630496,101260,,333000,4294967295,
migrate_demo,server,2,12650013,101260,,333000,4294967295,
migrate_demo,server,2,12656088,102480,,333000,4294967295,
migrate_demo,server,2,12664520,102480,,333000,4294967295,
migrate_demo,server,2,12669656,102480,,333000,4294967295,
migrate_demo,server,2,12677092,102480,,333000,4294967295,
migrate_demo,server,2,12682216,102480,,333000,4294967295,
migrate_demo,server,2,12687494,102480,,333000,4294967295,
migrate_demo,server,2,12692803,102480,,333000,4294967295,
migrate_demo,server,2,12697998,102480,,333000,4294967295,
migrate_demo,server,2,12703220,102480,,333000,4294967295,
migrate_demo,server,2,12708422,102480,,333000,4294967295,
migrate_demo,server,2,12713699,103700,,333000,4294967295,
migrate_demo,server,2,12718939,103700,,333000,4294967295,
migrate_demo,server,2,12724200,103700,,333000,4294967295,
migrate_demo,server,2,12729436,103700,,333000,4294967295,
migrate_demo,server,2,12734746,103700,,333000,4294967295,
migrate_demo,server,2,12740009,103700,,333000,4294967295,
migrate_demo,server,2,12745254,103700,,333000,4294967295,
migrate_demo,server,2,12750528,103700,,333000,4294967295,
migrate_demo,server,2,12755726,103700,,333000,4294967295,
migrate_demo,server,2,12760929,103700,,333000,4294967295,
migrate_demo,server,2,12766184,103700,,333000,4294967295,
migrate_demo,server,2,12771405,103700,,333000,4294967295,
migrate_demo,server,2,12776704,104920,,333000,4294967295,
migrate_demo,server,2,12781975,104920,,333000,4294967295,
migrate_demo,server,2,12787159,104920,,333000,4294967295,
migrate_demo,server,2,12792409,104920,,333000,4294967295,
migrate_demo,server,2,12797597,104920,,333000,4294967295,
migrate_demo,server,2,12802794,104920,,333000,4294967295,
migrate_demo,server,2,12808048,104920,,333000,4294967295,
migrate_demo,server,2,12813238,104920,,333000,4294967295,
migrate_demo,server,2,12818498,104920,,333000,4294967295,
migrate_demo,server,2,12823676,104920,,333000,4294967295,
migrate_demo,server,2,12828914,104920,,333000,4294967295,
migrate_demo,server,2,12834023,104920,,333000,4294967295,
migrate_demo,server,2,12839253,104920,,333000,4294967295,
migrate_demo,server,2,12844566,104920,,333000,4294967295,
migrate_demo,server,2,12849773,106140,,333000,4294967295,
migrate_demo,server,2,12855050,106140,,333000,4294967295,
migrate_demo,server,2,12860359,106140,,333000,4294967295,
migrate_demo,server,2,12865605,106140,,333000,4294967295,
migrate_demo,server,2,12870872,106140,,333000,4294967295,
migrate_demo,server,2,12876129,106140,,333000,4294967295,
migrate_demo,server,2,12881321,106140,,333000,4294967295,
migrate_demo,server,2,12886530,106140,,333000,4294967295,
migrate_demo,server,2,12891709,106140,,333000,4294967295,
migrate_demo,server,2,12896936,106140,,333000,4294967295,
migrate_demo,server,2,12902191,106140,,333000,4294967295,
migrate_demo,server,2,12907405,106140,,333000,4294967295,
migrate_demo,server,2,12912714,107360,,333000,4294967295,
migrate_demo,server,2,12918086,107360,,333000,4294967295,
migrate_demo,server,2,12923318,107360,,333000,4294967295,
migrate_demo,server,2,12928562,107360,,333000,4294967295,
migrate_demo,server,2,12933852,107360,,333000,4294967295,
migrate_demo,server,2,12939125,107360,,333000,4294967295,
migrate_demo,server,2,12944407,107360,,333000,4294967295,
migrate_demo,server,2,12949632,107360,,333000,4294967295,
migrate_demo,server,2,12954860,107360,,333000,4294967295,
migrate_demo,server,2,12960103,107360,,333000,4294967295,
migrate_demo,server,2,12965390,107360,,333000,4294967295,
migrate_demo,server,2,12971428,108580,,333000,4294967295,
migrate_demo,server,2,12976617,108580,,333000,4294967295,
migrate_demo,server,2,12981821,108580,,333000,4294967295,
migrate_demo,server,2,12987010,108580,,333000,4294967295,
migrate_demo,server,2,12992185,108580,,333000,4294967295,
migrate_demo,server,2,12997610,108580,,333000,4294967295,
migrate_demo,server,2,13002836,108580,,333000,4294967295,
migrate_demo,server,2,13008023,108580,,333000,4294967295,
migrate_demo,server,2,13013225,108580,,333000,4294967295,
migrate_demo,server,2,13018442,108580,,333000,4294967295,
migrate_demo,server,2,13023681,108580,,333000,4294967295,
migrate_demo,server,2,13028959,108580,,333000,4294967295,
migrate_demo,server,2,13034203,109800,,333000,4294967295,
migrate_demo,server,2,13039409,109800,,333000,4294967295,
migrate_demo,server,2,13044563,109800,,333000,4294967295,
migrate_demo,server,2,13049784,109800,,333000,4294967295,
migrate_demo,server,2,13055001,109800,,333000,4294967295,
migrate_demo,server,2,13060323,109800,,333000,4294967295,
migrate_demo,server,2,13065687,109800,,333000,4294967295,
migrate_demo,server,2,13070941,109800,,333000,4294967295,
migrate_demo,server,2,13076124,109800,,333000,4294967295,
migrate_demo,server,2,13081370,109800,,333000,4294967295,
migrate_demo,server,2,13086726,109800,,333000,4294967295,
migrate_demo,server,2,13091968,109800,,333000,4294967295,
migrate_demo,server,2,13097190,111020,,333000,4294967295,
migrate_demo,server,2,13102492,111020,,333000,4294967295,
migrate_demo,server,2,13107741,111020,,333000,4294967295,
migrate_demo,server,2,13113018,111020,,333000,4294967295,
migrate_demo,server,2,13118221,111020,,333000,4294967295,
migrate_demo,server,2,13123424,111020,,333000,4294967295,
migrate_demo,server,2,13128679,111020,,333000,4294967295,
migrate_demo,server,2,13133872,111020,,333000,4294967295,
migrate_demo,server,2,13139108,111020,,333000,4294967295,
migrate_demo,server,2,13144348,111020,,333000,4294967295,
migrate_demo,server,2,13149629,111020,,333000,4294967295,
migrate_demo,server,2,13154869,111020,,333000,4294967295,
migrate_demo,server,2,13160039,112240,,333000,4294967295,
migrate_demo,server,2,13165276,112240,,333000,4294967295,
migrate_demo,server,2,13170573,112240,,333000,4294967295,
migrate_demo,server,2,13175782,112240,,333000,4294967295,
migrate_demo,server,2,13180951,112240,,333000,4294967295,
migrate_demo,server,2,13186182,112240,,333000,4294967295,
migrate_demo,server,2,13191419,112240,,333000,4294967295,
migrate_demo,server,2,13196688,112240,,333000,4294967295,
migrate_demo,server,2,13201862,112240,,333000,4294967295,
migrate_demo,server,2,13207066,112240,,333000,4294967295,
migrate_demo,server,2,13212277,113460,,333000,4294967295,
migrate_demo,server,2,13217534,113460,,333000,4294967295,
migrate_demo,server,2,13222733,113460,,333000,4294967295,
migrate_demo,server,2,13227943,113460,,333000,4294967295,
migrate_demo,server,2,13233141,113460,,333000,4294967295,
migrate_demo,server,2,13238405,113460,,333000,4294967295,
migrate_demo,server,2,13243623,113460,,333000,4294967295,
migrate_demo,server,2,13248842,113460,,333000,4294967295,
migrate_demo,server,2,13254058,113460,,333000,4294967295,
migrate_demo,server,2,13259276,113460,,333000,4294967295,
migrate_demo,server,2,13264495,114680,,333000,4294967295,
migrate_demo,server,2,13269765,114680,,333000,4294967295,
migrate_demo,server,2,13275003,114680,,333000,4294967295,
migrate_demo,server,2,13280243,114680,,333000,4294967295,
migrate_demo,server,2,13285453,114680,,333000,4294967295,
migrate_demo,server,2,13290686,114680,,333000,4294967295,
migrate_demo,server,2,13295884,114680,,333000,4294967295,
migrate_demo,server,2,13301088,114680,,333000,4294967295,
migrate_demo,server,2,13306275,114680,,333000,4294967295,
migrate_demo,server,2,13311550,114680,,333000,4294967295,
migrate_demo,server,2,13316790,114680,,333000,4294967295,
migrate_demo,server,2,13322022,114680,,333000,4294967295,
migrate_demo,server,2,13327234,114680,,333000,4294967295,
migrate_demo,server,2,13332443,114680,,333000,4294967295,
migrate_demo,server,2,13337655,114680,,333000,4294967295,
migrate_demo,server,2,13342868,115900,,333000,4294967295,
migrate_demo,server,2,13348077,115900,,333000,4294967295,
migrate_demo,server,2,13353567,115900,,333000,4294967295,
migrate_demo,server,2,13358760,115900,,333000,4294967295,
migrate_demo,server,2,13363971,115900,,333000,4294967295,
migrate_demo,server,2,13369189,115900,,333000,4294967295,
migrate_demo,server,2,13374492,115900,,333000,4294967295,
migrate_demo,server,2,13379745,115900,,333000,4294967295,
migrate_demo,server,2,13384959,115900,,333000,4294967295,
migrate_demo,server,2,13390129,115900,,333000,4294967295,
migrate_demo,server,2,13395356,117120,,333000,4294967295,
migrate_demo,server,2,13400674,117120,,333000,4294967295,
migrate_demo,server,2,13405914,117120,,333000,4294967295,
migrate_demo,server,2,13411238,117120,,333000,4294967295,
migrate_demo,server,2,13416428,117120,,333000,4294967295,
migrate_demo,server,2,13421727,117120,,333000,4294967295,
migrate_demo,server,2,13426991,117120,,333000,4294967295,
migrate_demo,server,2,13432238,117120,,333000,4294967295,
migrate_demo,server,2,13437459,117120,,333000,4294967295,
migrate_demo,server,2,13442692,117120,,333000,4294967295,
migrate_demo,server,2,13448026,117120,,333000,4294967295,
migrate_demo,server,2,13453242,117120,,333000,4294967295,
migrate_demo,server,2,13458557,117120,,333000,4294967295,
migrate_demo,server,2,13463848,117120,,333000,4294967295,
migrate_demo,server,2,13469156,117120,,333000,4294967295,
migrate_demo,server,2,13474601,118340,,333000,4294967295,
migrate_demo,server,2,13479893,118340,,333000,4294967295,
migrate_demo,server,2,13485133,118340,,333000,4294967295,
migrate_demo,server,2,13490353,118340,,333000,4294967295,
migrate_demo,server,2,13495582,118340,,333000,4294967295,
migrate_demo,server,2,13500862,118340,,333000,4294967295,
migrate_demo,server,2,13506135,118340,,333000,4294967295,
migrate_demo,server,2,13511344,118340,,333000,4294967295,
migrate_demo,server,2,13516654,118340,,333000,4294967295,
migrate_demo,server,2,13521862,118340,,333000,4294967295,
migrate_demo,server,2,13527119,119560,,333000,4294967295,
migrate_demo,server,2,13532340,119560,,333000,4294967295,
migrate_demo,server,2,13537586,119560,,333000,4294967295,
migrate_demo,server,2,13542840,119560,,333000,4294967295,
migrate_demo,server,2,13548104,119560,,333000,4294967295,
migrate_demo,server,2,13553272,119560,,333000,4294967295,
migrate_demo,server,2,13558815,119560,,333000,4294967295,
migrate_demo,server,2,13564020,119560,,333000,4294967295,
migrate_demo,server,2,13569316,119560,,333000,4294967295,
migrate_demo,server,2,13574494,119560,,333000,4294967295,
migrate_demo,server,2,13579751,119560,,333000,4294967295,
migrate_demo,server,2,13584936,119560,,333000,4294967295,
migrate_demo,server,2,13590204,119560,,333000,4294967295,
migrate_demo,server,2,13595462,119560,,333000,4294967295,
migrate_demo,server,2,13600688,119560,,333000,4294967295,
migrate_demo,server,2,13605998,120780,,333000,4294967295,
migrate_demo,server,2,13611280,120780,,333000,4294967295,
migrate_demo,server,2,13616503,120780,,333000,4294967295,
migrate_demo,server,2,13621861,120780,,333000,4294967295,
migrate_demo,server,2,13627094,120780,,333000,4294967295,
migrate_demo,server,2,13632390,120780,,333000,4294967295,
migrate_demo,server,2,13637608,120780,,333000,4294967295,
migrate_demo,server,2,13642856,120780,,333000,4294967295,
migrate_demo,server,2,13648157,120780,,333000,4294967295,
migrate_demo,server,2,13653417,120780,,333000,4294967295,
migrate_demo,server,2,13658632,122000,,333000,4294967295,
migrate_demo,server,2,13663848,122000,,333000,4294967295,
migrate_demo,server,2,13669055,122000,,333000,4294967295,
migrate_demo,server,2,13674318,122000,,333000,4294967295,
migrate_demo,server,2,13679562,122000,,333000,4294967295,
migrate_demo,server,2,13684858,122000,,333000,4294967295,
migrate_demo,server,2,13690127,122000,,333000,4294967295,
migrate_demo,server,2,13695416,122000,,333000,4294967295,
migrate_demo,server,2,13700688,122000,,333000,4294967295,
migrate_demo,server,2,13705917,122000,,333000,4294967295,
migrate_demo,server,2,13711079,123220,,333000,4294967295,
migrate_demo,server,2,13716345,123220,,333000,4294967295,
migrate_demo,server,2,13721639,123220,,333000,4294967295,
migrate_demo,server,2,13726881,123220,,333000,4294967295,
migrate_demo,server,2,13732179,123220,,333000,4294967295,
migrate_demo,server,2,13737478,123220,,333000,4294967295,
migrate_demo,server,2,13742740,123220,,333000,4294967295,
migrate_demo,server,2,13747964,123220,,333000,4294967295,
migrate_demo,server,2,13753247,123220,,333000,4294967295,
migrate_demo,server,2,13758574,123220,,333000,4294967295,
migrate_demo,server,2,13763864,123220,,333000,4294967295,
migrate_demo,server,2,13769104,123220,,333000,4294967295,
migrate_demo,server,2,13774278,123220,,333000,4294967295,
migrate_demo,server,2,13779505,123220,,333000,4294967295,
migrate_demo,server,2,13784752,123220,,333000,4294967295,
migrate_demo,server,2,13790070,124440,,333000,4294967295,
migrate_demo,server,2,13795278,124440,,333000,4294967295,
migrate_demo,server,2,13800585,124440,,333000,4294967295,
migrate_demo,server,2,13805783,124440,,333000,4294967295,
migrate_demo,server,2,13811022,124440,,333000,4294967295,
migrate_demo,server,2,13816244,124440,,333000,4294967295,
migrate_demo,server,2,13821567,124440,,333000,4294967295,
migrate_demo,server,2,13826912,124440,,333000,4294967295,
migrate_demo,server,2,13832205,124440,,333000,4294967295,
migrate_demo,server,2,13837358,124440,,333000,4294967295,
migrate_demo,server,2,13842560,125660,,333000,4294967295,
migrate_demo,server,2,13847764,125660,,333000,4294967295,
migrate_demo,server,2,13853006,125660,,333000,4294967295,
migrate_demo,server,2,13858374,125660,,333000,4294967295,
migrate_demo,server,2,13863663,125660,,333000,4294967295,
migrate_demo,server,2,13868872,125660,,333000,4294967295,
migrate_demo,server,2,13874097,125660,,333000,4294967295,
migrate_demo,server,2,13879282,125660,,333000,4294967295,
migrate_demo,server,2,13884489,125660,,333000,4294967295,
migrate_demo,server,2,13889704,125660,,333000,4294967295,
migrate_demo,server,2,13894972,125660,,333000,4294967295,
migrate_demo,server,2,13900284,125660,,333000,4294967295,
migrate_demo,server,2,13905552,125660,,333000,4294967295,
migrate_demo,server,2,13910788,125660,,333000,4294967295,
migrate_demo,server,2,13916026,125660,,333000,4294967295,
migrate_demo,server,2,13921261,126880,,333000,4294967295,
migrate_demo,server,2,13926760,126880,,333000,4294967295,
migrate_demo,server,2,13932009,126880,,333000,4294967295,
migrate_demo,server,2,13937317,126880,,333000,4294967295,
migrate_demo,server,2,13942565,126880,,333000,4294967295,
migrate_demo,server,2,13947852,126880,,333000,4294967295,
migrate_demo,server,2,13953073,126880,,333000,4294967295,
migrate_demo,server,2,13958294,126880,,333000,4294967295,
migrate_demo,server,2,13963528,126880,,333000,4294967295,
migrate_demo,server,2,13968810,128100,,333000,4294967295,
migrate_demo,server,2,13974054,128100,,333000,4294967295,
migrate_demo,server,2,13979310,128100,,333000,4294967295,
migrate_demo,server,2,13984581,128100,,333000,4294967295,
migrate_demo,server,2,13989821,128100,,333000,4294967295,
migrate_demo,server,2,13995096,128100,,333000,4294967295,
migrate_demo,server,2,14000322,128100,,333000,4294967295,
migrate_demo,server,2,14005463,128100,,333000,4294967295,
migrate_demo,server,2,14010805,128100,,333000,4294967295,
migrate_demo,server,2,14016462,128100,,333000,4294967295,
migrate_demo,server,2,14021695,128100,,333000,4294967295,
migrate_demo,server,2,14026925,128100,,333000,4294967295,
migrate_demo,server,2,14032145,128100,,333000,4294967295,
migrate_demo,server,2,14037342,128100,,333000,4294967295,
migrate_demo,server,2,14042669,129320,,333000,4294967295,
migrate_demo,server,2,14047941,129320,,333000,4294967295,
migrate_demo,server,2,14053155,129320,,333000,4294967295,
migrate_demo,server,2,14058446,129320,,333000,4294967295,
migrate_demo,server,2,14063729,129320,,333000,4294967295,
migrate_demo,server,2,14069045,129320,,333000,4294967295,
migrate_demo,server,2,14074239,129320,,333000,4294967295,
migrate_demo,server,2,14079514,129320,,333000,4294967295,
migrate_demo,server,2,14084741,129320,,333000,4294967295,
migrate_demo,server,2,14090009,129320,,333000,4294967295,
migrate_demo,server,2,14095193,130540,,333000,4294967295,
migrate_demo,server,2,14100426,130540,,333000,4294967295,
migrate_demo,server,2,14105658,130540,,333000,4294967295,
migrate_demo,server,2,14110856,130540,,333000,4294967295,
migrate_demo,server,2,14116086,130540,,333000,4294967295,
migrate_demo,server,2,14121238,130540,,333000,4294967295,
migrate_demo,server,2,14126453,130540,,333000,4294967295,
migrate_demo,server,2,14131711,130540,,333000,4294967295,
migrate_demo,server,2,14136954,130540,,333000,4294967295,
migrate_demo,server,2,14142205,130540,,333000,4294967295,
migrate_demo,server,2,14147364,130540,,333000,4294967295,
migrate_demo,server,2,14152617,130540,,333000,4294967295,
migrate_demo,server,2,14157893,130540,,333000,4294967295,
migrate_demo,server,2,14163254,130540,,333000,4294967295,
migrate_demo,server,2,14168451,130540,,333000,4294967295,
migrate_demo,server,2,14173732,131760,,333000,4294967295,
migrate_demo,server,2,14178988,131760,,333000,4294967295,
migrate_demo,server,2,14184247,131760,,333000,4294967295,
migrate_demo,server,2,14189555,131760,,333000,4294967295,
migrate_demo,server,2,14194772,131760,,333000,4294967295,
migrate_demo,server,2,14199980,131760,,333000,4294967295,
migrate_demo,server,2,14205218,131760,,333000,4294967295,
migrate_demo,server,2,14210596,131760,,333000,4294967295,
migrate_demo,server,2,14215855,131760,,333000,4294967295,
migrate_demo,server,2,14221116,131760,,333000,4294967295,
migrate_demo,server,2,14226427,132980,,333000,4294967295,
migrate_demo,server,2,14231669,132980,,333000,4294967295,
migrate_demo,server,2,14236936,132980,,333000,4294967295,
migrate_demo,server,2,14242176,132980,,333000,4294967295,
migrate_demo,server,2,14247433,132980,,333000,4294967295,
migrate_demo,server,2,14252658,132980,,333000,4294967295,
migrate_demo,server,2,14257840,132980,,333000,4294967295,
migrate_demo,server,2,14263028,132980,,333000,4294967295,
migrate_demo,server,2,14268293,132980,,333000,4294967295,
migrate_demo,server,2,14273535,132980,,333000,4294967295,
migrate_demo,server,2,14278805,132980,,333000,4294967295,
migrate_demo,server,2,14283970,132980,,333000,4294967295,
migrate_demo,server,2,14289197,132980,,333000,4294967295,
migrate_demo,server,2,14294431,132980,,333000,4294967295,
migrate_demo,server,2,14299731,132980,,333000,4294967295,
migrate_demo,server,2,14305009,134200,,333000,4294967295,
migrate_demo,server,2,14310268,134200,,333000,4294967295,
migrate_demo,server,2,14315599,134200,,333000,4294967295,
migrate_demo,server,2,14320846,134200,,333000,4294967295,
migrate_demo,server,2,14326032,134200,,333000,4294967295,
migrate_demo,server,2,14331269,134200,,333000,4294967295,
migrate_demo,server,2,14336553,134200,,333000,4294967295,
migrate_demo,server,2,14341783,134200,,333000,4294967295,
migrate_demo,server,2,14346994,134200,,333000,4294967295,
migrate_demo,server,2,14352229,134200,,333000,4294967295,
migrate_demo,server,2,14357491,135420,,333000,4294967295,
migrate_demo,server,2,14362750,135420,,333000,4294967295,
migrate_demo,server,2,14367999,135420,,333000,4294967295,
migrate_demo,server,2,14373205,135420,,333000,4294967295,
migrate_demo,server,2,14378520,135420,,333000,4294967295,
migrate_demo,server,2,14383747,135420,,333000,4294967295,
migrate_demo,server,2,14388962,135420,,333000,4294967295,
migrate_demo,server,2,14394255,135420,,333000,4294967295,
migrate_demo,server,2,14399558,135420,,333000,4294967295,
migrate_demo,server,2,14404768,135420,,333000,4294967295,
migrate_demo,server,2,14409934,135420,,333000,4294967295,
migrate_demo,server,2,14415196,135420,,333000,4294967295,
migrate_demo,server,2,14420447,135420,,333000,4294967295,
migrate_demo,server,2,14425715,135420,,333000,4294967295,
migrate_demo,server,2,14430919,135420,,333000,4294967295,
migrate_demo,server,2,14436129,136640,,333000,4294967295,
migrate_demo,server,2,14441374,136640,,333000,4294967295,
migrate_demo,server,2,14446617,136640,,333000,4294967295,
migrate_demo,server,2,14451898,136640,,333000,4294967295,
migrate_demo,server,2,14457220,136640,,333000,4294967295,
migrate_demo,server,2,14462513,136640,,333000,4294967295,
migrate_demo,server,2,14467788,136640,,333000,4294967295,
migrate_demo,server,2,14473021,136640,,333000,4294967295,
migrate_demo,server,2,14478294,136640,,333000,4294967295,
migrate_demo,server,2,14483558,136640,,333000,4294967295,
migrate_demo,server,2,14488799,137860,,333000,4294967295,
migrate_demo,server,2,14494036,137860,,333000,4294967295,
migrate_demo,server,2,14499285,137860,,333000,4294967295,
migrate_demo,server,2,14504527,137860,,333000,4294967295,
migrate_demo,server,2,14509773,137860,,333000,4294967295,
migrate_demo,server,2,14514973,137860,,333000,4294967295,
migrate_demo,server,2,14520181,137860,,333000,4294967295,
migrate_demo,server,2,14525501,137860,,333000,4294967295,
migrate_demo,server,2,14530776,137860,,333000,4294967295,
migrate_demo,server,2,14536406,137860,,333000,4294967295,
migrate_demo,server,2,14541646,137860,,333000,4294967295,
migrate_demo,server,2,14546862,137860,,333000,4294967295,
migrate_demo,server,2,14552095,137860,,333000,4294967295,
migrate_demo,server,2,14557291,137860,,333000,4294967295,
migrate_demo,server,2,14562558,139080,,333000,4294967295,
migrate_demo,server,2,14567770,139080,,333000,4294967295,
migrate_demo,server,2,14573062,139080,,333000,4294967295,
migrate_demo,server,2,14578291,139080,,333000,4294967295,
migrate_demo,server,2,14583541,139080,,333000,4294967295,
migrate_demo,server,2,14588791,139080,,333000,4294967295,
migrate_demo,server,2,14594013,139080,,333000,4294967295,
migrate_demo,server,2,14599237,139080,,333000,4294967295,
migrate_demo,server,2,14604519,139080,,333000,4294967295,
migrate_demo,server,2,14609750,139080,,333000,4294967295,
migrate_demo,server,2,14615055,140300,,333000,4294967295,
migrate_demo,server,2,14620313,140300,,333000,4294967295,
migrate_demo,server,2,14625575,140300,,333000,4294967295,
migrate_demo,server,2,14630797,140300,,333000,4294967295,
migrate_demo,server,2,14636029,140300,,333000,4294967295,
migrate_demo,server,2,14641318,140300,,333000,4294967295,
migrate_demo,server,2,14646570,140300,,333000,4294967295,
migrate_demo,server,2,14651914,140300,,333000,4294967295,
migrate_demo,server,2,14657254,140300,,333000,4294967295,
migrate_demo,server,2,14662975,140300,,333000,4294967295,
migrate_demo,server,2,14668138,140300,,333000,4294967295,
migrate_demo,server,2,14673333,140300,,333000,4294967295,
migrate_demo,server,2,14678671,140300,,333000,4294967295,
migrate_demo,server,2,14683936,140300,,333000,4294967295,
migrate_demo,server,2,14689175,141520,,333000,4294967295,
migrate_demo,server,2,14694480,141520,,333000,4294967295,
migrate_demo,server,2,14699721,141520,,333000,4294967295,
migrate_demo,server,2,14704930,141520,,333000,4294967295,
migrate_demo,server,2,14710173,141520,,333000,4294967295,
migrate_demo,server,2,14715459,141520,,333000,4294967295,
migrate_demo,server,2,14720708,141520,,333000,4294967295,
migrate_demo,server,2,14725926,141520,,333000,4294967295,
migrate_demo,server,2,14731117,141520,,333000,4294967295,
migrate_demo,server,2,14736411,141520,,333000,4294967295,
migrate_demo,server,2,14741649,141520,,333000,4294967295,
migrate_demo,server,2,14746875,141520,,333000,4294967295,
migrate_demo,server,2,14752163,141520,,333000,4294967295,
migrate_demo,server,2,14757470,141520,,333000,4294967295,
migrate_demo,server,2,14762724,142740,,333000,4294967295,
migrate_demo,server,2,14767961,142740,,333000,4294967295,
migrate_demo,server,2,14773154,142740,,333000,4294967295,
migrate_demo,server,2,14778377,142740,,333000,4294967295,
migrate_demo,server,2,14783631,142740,,333000,4294967295,
migrate_demo,server,2,14788845,142740,,333000,4294967295,
migrate_demo,server,2,14794088,142740,,333000,4294967295,
migrate_demo,server,2,14799303,142740,,333000,4294967295,
migrate_demo,server,2,14804494,142740,,333000,4294967295,
migrate_demo,server,2,14809779,142740,,333000,4294967295,
migrate_demo,server,2,14815004,143960,,333000,4294967295,
migrate_demo,server,2,14820212,143960,,333000,4294967295,
migrate_demo,server,2,14825459,143960,,333000,4294967295,
migrate_demo,server,2,14830665,143960,,333000,4294967295,
migrate_demo,server,2,14835887,143960,,333000,4294967295,
migrate_demo,server,2,14841086,143960,,333000,4294967295,
migrate_demo,server,2,14846255,143960,,333000,4294967295,
migrate_demo,server,2,14851519,143960,,333000,4294967295,
migrate_demo,server,2,14856780,143960,,333000,4294967295,
migrate_demo,server,2,14862092,143960,,333000,4294967295,
migrate_demo,server,2,14867433,143960,,333000,4294967295,
migrate_demo,server,2,14872670,143960,,333000,4294967295,
migrate_demo,server,2,14877947,143960,,333000,4294967295,
migrate_demo,server,2,14883504,145180,,333000,4294967295,
migrate_demo,server,2,14888723,145180,,333000,4294967295,
migrate_demo,server,2,14893979,145180,,333000,4294967295,
migrate_demo,server,2,14899223,145180,,333000,4294967295,
migrate_demo,server,2,14904485,145180,,333000,4294967295,
migrate_demo,server,2,14909734,145180,,333000,4294967295,
migrate_demo,server,2,14914949,145180,,333000,4294967295,
migrate_demo,server,2,14920213,145180,,333000,4294967295,
migrate_demo,server,2,14925391,145180,,333000,4294967295,
migrate_demo,server,2,14930616,145180,,333000,4294967295,
migrate_demo,server,2,14935899,146400,,333000,4294967295,
migrate_demo,server,2,14941130,146400,,333000,4294967295,
migrate_demo,server,2,14946327,146400,,333000,4294967295,
migrate_demo,server,2,14951550,146400,,333000,4294967295,
migrate_demo,server,2,14956774,146400,,333000,4294967295,
migrate_demo,server,2,14961983,146400,,333000,4294967295,
migrate_demo,server,2,14967238,146400,,333000,4294967295,
migrate_demo,server,2,14972470,146400,,333000,4294967295,
migrate_demo,server,2,14977702,146400,,333000,4294967295,
migrate_demo,server,2,14982918,146400,,333000,4294967295,
migrate_demo,server,2,14988118,146400,,333000,4294967295,
migrate_demo,server,2,14993329,146400,,333000,4294967295,
migrate_demo,server,2,14998563,146400,,333000,4294967295,
migrate_demo,server,2,15003893,146400,,333000,4294967295,
migrate_demo,server,2,15009136,146400,,333000,4294967295,
migrate_demo,server,2,15014401,146400,,333000,4294967295,
migrate_demo,server,2,15019633,147620,,333000,4294967295,
migrate_demo,server,2,15024841,147620,,333000,4294967295,
migrate_demo,server,2,15030066,147620,,333000,4294967295,
migrate_demo,server,2,15035285,147620,,333000,4294967295,
migrate_demo,server,2,15040544,147620,,333000,4294967295,
migrate_demo,server,2,15045776,147620,,333000,4294967295,
migrate_demo,server,2,15051018,147620,,333000,4294967295,
migrate_demo,server,2,15056251,147620,,333000,4294967295,
migrate_demo,server,2,15061548,147620,,333000,4294967295,
migrate_demo,server,2,15066737,148840,,333000,4294967295,
migrate_demo,server,2,15071923,148840,,333000,4294967295,
migrate_demo,server,2,15077168,148840,,333000,4294967295,
migrate_demo,server,2,15082461,148840,,333000,4294967295,
migrate_demo,server,2,15087693,148840,,333000,4294967295,
migrate_demo,server,2,15092928,148840,,333000,4294967295,
migrate_demo,server,2,15098153,148840,,333000,4294967295,
migrate_demo,server,2,15103380,148840,,333000,4294967295,
migrate_demo,server,2,15108558,148840,,333000,4294967295,
migrate_demo,server,2,15113790,148840,,333000,4294967295,
migrate_demo,server,2,15119139,148840,,333000,4294967295,
migrate_demo,server,2,15124394,148840,,333000,4294967295,
migrate_demo,server,2,15129653,148840,,333000,4294967295,
migrate_demo,server,2,15134947,150060,,333000,4294967295,
migrate_demo,server,2,15140178,150060,,333000,4294967295,
migrate_demo,server,2,15145514,150060,,333000,4294967295,
migrate_demo,server,2,15150732,150060,,333000,4294967295,
migrate_demo,server,2,15156013,150060,,333000,4294967295,
migrate_demo,server,2,15161253,150060,,333000,4294967295,
migrate_demo,server,2,15166540,150060,,333000,4294967295,
migrate_demo,server,2,15171826,150060,,333000,4294967295,
migrate_demo,server,2,15177117,150060,,333000,4294967295,
migrate_demo,server,2,15182351,150060,,333000,4294967295,
migrate_demo,server,2,15187562,150060,,333000,4294967295,
migrate_demo,server,2,15192789,150060,,333000,4294967295,
migrate_demo,server,2,15197966,150060,,333000,4294967295,
migrate_demo,server,2,15203321,151280,,333000,4294967295,
migrate_demo,server,2,15208497,151280,,333000,4294967295,
migrate_demo,server,2,15213794,151280,,333000,4294967295,
migrate_demo,server,2,15219101,151280,,333000,4294967295,
migrate_demo,server,2,15224346,151280,,333000,4294967295,
migrate_demo,server,2,15229593,151280,,333000,4294967295,
migrate_demo,server,2,15234853,151280,,333000,4294967295,
migrate_demo,server,2,15240041,151280,,333000,4294967295,
migrate_demo,server,2,15245188,151280,,333000,4294967295,
migrate_demo,server,2,15250422,151280,,333000,4294967295,
migrate_demo,server,2,15255677,151280,,333000,4294967295,
migrate_demo,server,2,15260920,151280,,333000,4294967295,
migrate_demo,server,2,15266198,151280,,333000,4294967295,
migrate_demo,server,2,15271878,152500,,333000,4294967295,
migrate_demo,server,2,15277034,152500,,333000,4294967295,
migrate_demo,server,2,15282302,152500,,333000,4294967295,
migrate_demo,server,2,15287634,152500,,333000,4294967295,
migrate_demo,server,2,15292875,152500,,333000,4294967295,
migrate_demo,server,2,15298151,152500,,333000,4294967295,
migrate_demo,server,2,15303369,152500,,333000,4294967295,
migrate_demo,server,2,15308573,152500,,333000,4294967295,
migrate_demo,server,2,15313837,152500,,333000,4294967295,
migrate_demo,server,2,15319082,153720,,333000,4294967295,
migrate_demo,server,2,15324318,153720,,333000,4294967295,
migrate_demo,server,2,15329505,153720,,333000,4294967295,
migrate_demo,server,2,15334735,153720,,333000,4294967295,
migrate_demo,server,2,15339974,153720,,333000,4294967295,
migrate_demo,server,2,15345182,153720,,333000,4294967295,
migrate_demo,server,2,15350467,153720,,333000,4294967295,
migrate_demo,server,2,15355660,153720,,333000,4294967295,
migrate_demo,server,2,15360858,153720,,333000,4294967295,
migrate_demo,server,2,15366295,153729,,333000,4294967295,
migrate_demo,server,2,15371524,153729,,333000,4294967295,
migrate_demo,server,2,15376747,153729,,333000,4294967295,
migrate_demo,server,2,15382001,153729,,333000,4294967295,
migrate_demo,server,2,15387210,153750,,333000,4294967295,
migrate_demo,server,2,15392492,153750,,333000,4294967295,
migrate_demo,server,2,15397779,153750,,333000,4294967295,
migrate_demo,server,2,15403026,153750,,333000,4294967295,
migrate_demo,server,2,15408266,153783,,333000,4294967295,
migrate_demo,server,2,15413494,153783,,333000,4294967295,
migrate_demo,server,2,15418741,153783,,333000,4294967295,
migrate_demo,server,2,15423998,153783,,333000,4294967295,
migrate_demo,server,2,15429197,153783,,333000,4294967295,
migrate_demo,server,2,15434447,153828,,333000,4294967295,
migrate_demo,server,2,15439722,153828,,333000,4294967295,
migrate_demo,server,2,15444912,153828,,333000,4294967295,
migrate_demo,server,2,15450192,153828,,333000,4294967295,
migrate_demo,server,2,15455447,153885,,333000,4294967295,
migrate_demo,server,2,15460685,153885,,333000,4294967295,
migrate_demo,server,2,15465934,153885,,333000,4294967295,
migrate_demo,server,2,15471177,153885,,333000,4294967295,
migrate_demo,server,2,15476390,153953,,333000,4294967295,
migrate_demo,server,2,15481616,153953,,333000,4294967295,
migrate_demo,server,2,15486823,153953,,333000,4294967295,
migrate_demo,server,2,15492106,153953,,333000,4294967295,
migrate_demo,server,2,15497362,153953,,333000,4294967295,
migrate_demo,server,2,15502605,154033,,333000,4294967295,
migrate_demo,server,2,15507828,154033,,333000,4294967295,
migrate_demo,server,2,15513100,154033,,333000,4294967295,
migrate_demo,server,2,15518310,154033,,333000,4294967295,
migrate_demo,server,2,15523546,154125,,333000,4294967295,
migrate_demo,server,2,15528729,154125,,333000,4294967295,
migrate_demo,server,2,15534017,154125,,333000,4294967295,
migrate_demo,server,2,15539218,154125,,333000,4294967295,
migrate_demo,server,2,15544520,154228,,333000,4294967295,
migrate_demo,server,2,15549775,154228,,333000,4294967295,
migrate_demo,server,2,15554987,154228,,333000,4294967295,
migrate_demo,server,2,15560199,154228,,333000,4294967295,
migrate_demo,server,2,15565461,154228,,333000,4294967295,
migrate_demo,server,2,15570730,154343,,333000,4294967295,
migrate_demo,server,2,15575998,154343,,333000,4294967295,
migrate_demo,server,2,15581196,154343,,333000,4294967295,
migrate_demo,server,2,15586454,154343,,333000,4294967295,
migrate_demo,server,2,15591716,154469,,333000,4294967295,
migrate_demo,server,2,15596920,154469,,333000,4294967295,
migrate_demo,server,2,15602181,154469,,333000,4294967295,
migrate_demo,server,2,15607416,154469,,333000,4294967295,
migrate_demo,server,2,15612665,154607,,333000,4294967295,
migrate_demo,server,2,15617855,154607,,333000,4294967295,
migrate_demo,server,2,15623085,154607,,333000,4294967295,
migrate_demo,server,2,15628381,154607,,333000,4294967295,
migrate_demo,server,2,15633681,154607,,333000,4294967295,
migrate_demo,server,2,15638972,154757,,333000,4294967295,
migrate_demo,server,2,15644179,154757,,333000,4294967295,
migrate_demo,server,2,15649407,154757,,333000,4294967295,
migrate_demo,server,2,15654728,154757,,333000,4294967295,
migrate_demo,server,2,15659937,154918,,333000,4294967295,
migrate_demo,server,2,15665151,154918,,333000,4294967295,
migrate_demo,server,2,15670394,154918,,333000,4294967295,
migrate_demo,server,2,15675641,154918,,333000,4294967295,
migrate_demo,server,2,15680907,155090,,333000,4294967295,
migrate_demo,server,2,15686130,155090,,333000,4294967295,
migrate_demo,server,2,15691354,155090,,333000,4294967295,
migrate_demo,server,2,15696641,155090,,333000,4294967295,
migrate_demo,server,2,15701841,155090,,333000,4294967295,
migrate_demo,server,2,15707075,155274,,333000,4294967295,
migrate_demo,server,2,15712343,155274,,333000,4294967295,
migrate_demo,server,2,15717628,155274,,333000,4294967295,
migrate_demo,server,2,15722845,155274,,333000,4294967295,
migrate_demo,server,2,15728119,155469,,333000,4294967295,
migrate_demo,server,2,15733447,155469,,333000,4294967295,
migrate_demo,server,2,15738712,155469,,333000,4294967295,
migrate_demo,server,2,15743947,155469,,333000,4294967295,
migrate_demo,server,2,15749322,155675,,333000,4294967295,
migrate_demo,server,2,15754473,155675,,333000,4294967295,
migrate_demo,server,2,15759676,155675,,333000,4294967295,
migrate_demo,server,2,15764952,155675,,333000,4294967295,
migrate_demo,server,2,15770234,155675,,333000,4294967295,
migrate_demo,server,2,15775544,155892,,333000,4294967295,
migrate_demo,server,2,15780778,155892,,333000,4294967295,
migrate_demo,server,2,15786073,155892,,333000,4294967295,
migrate_demo,server,2,15791348,155892,,333000,4294967295,
migrate_demo,server,2,15796625,156121,,333000,4294967295,
migrate_demo,server,2,15801907,156121,,333000,4294967295,
migrate_demo,server,2,15807202,156121,,333000,4294967295,
migrate_demo,server,2,15812428,156121,,333000,4294967295,
migrate_demo,server,2,15817707,156360,,333000,4294967295,
migrate_demo,server,2,15822930,156360,,333000,4294967295,
migrate_demo,server,2,15828235,156360,,333000,4294967295,
migrate_demo,server,2,15833466,156607,,333000,4294967295,
migrate_demo,server,2,15838772,156607,,333000,4294967295,
migrate_demo,server,2,15844015,156607,,333000,4294967295,
migrate_demo,server,2,15849245,156607,,333000,4294967295,
migrate_demo,server,2,15854572,156607,,333000,4294967295,
migrate_demo,server,2,15859796,156865,,333000,4294967295,
migrate_demo,server,2,15864987,156865,,333000,4294967295,
migrate_demo,server,2,15870252,157126,,333000,4294967295,
migrate_demo,server,2,15875460,157126,,333000,4294967295,
migrate_demo,server,2,15880698,157126,,333000,4294967295,
migrate_demo,server,2,15886047,157126,,333000,4294967295,
migrate_demo,server,2,15891307,157398,,333000,4294967295,
migrate_demo,server,2,15896540,157398,,333000,4294967295,
migrate_demo,server,2,15901924,157398,,333000,4294967295,
migrate_demo,server,2,15907155,157398,,333000,4294967295,
migrate_demo,server,2,15912426,157681,,333000,4294967295,
migrate_demo,server,2,15917623,157681,,333000,4294967295,
migrate_demo,server,2,15922840,157681,,333000,4294967295,
migrate_demo,server,2,15928118,157681,,333000,4294967295,
migrate_demo,server,2,15933436,157681,,333000,4294967295,
migrate_demo,server,2,15938740,157975,,333000,4294967295,
migrate_demo,server,2,15944004,157975,,333000,4294967295,
migrate_demo,server,2,15949303,157975,,333000,4294967295,
migrate_demo,server,2,15954527,157975,,333000,4294967295,
migrate_demo,server,2,15959748,158280,,333000,4294967295,
migrate_demo,server,2,15965076,158280,,333000,4294967295,
migrate_demo,server,2,15970318,158280,,333000,4294967295,
migrate_demo,server,2,15975575,158280,,333000,4294967295,
migrate_demo,server,2,15980808,158596,,333000,4294967295,
migrate_demo,server,2,15986088,158596,,333000,4294967295,
migrate_demo,server,2,15991364,158596,,333000,4294967295,
migrate_demo,server,2,15996605,158596,,333000,4294967295,
migrate_demo,server,2,16001962,158922,,333000,4294967295,
migrate_demo,server,2,16007170,158922,,333000,4294967295,
migrate_demo,server,2,16012474,158922,,333000,4294967295,
migrate_demo,server,2,16017765,158922,,333000,4294967295,
migrate_demo,server,2,16023023,158922,,333000,4294967295,
migrate_demo,server,2,16028311,159259,,333000,4294967295,
migrate_demo,server,2,16033583,159259,,333000,4294967295,
migrate_demo,server,2,16038842,159259,,333000,4294967295,
migrate_demo,server,2,16044098,159259,,333000,4294967295,
migrate_demo,server,2,16049389,159606,,333000,4294967295,
migrate_demo,server,2,16054657,159606,,333000,4294967295,
migrate_demo,server,2,16059911,159606,,333000,4294967295,
migrate_demo,server,2,16065137,159606,,333000,4294967295,
migrate_demo,server,2,16070762,159964,,333000,4294967295,
migrate_demo,server,2,16075992,159964,,333000,4294967295,
migrate_demo,server,2,16081238,159964,,333000,4294967295,
migrate_demo,server,2,16086541,159964,,333000,4294967295,
migrate_demo,server,2,16091870,159964,,333000,4294967295,
migrate_demo,server,2,16097182,160332,,333000,4294967295,
migrate_demo,server,2,16102583,160332,,333000,4294967295,
migrate_demo,server,2,16108041,160332,,333000,4294967295,
migrate_demo,server,2,16113266,160332,,333000,4294967295,
migrate_demo,server,2,16118593,160710,,333000,4294967295,
migrate_demo,server,2,16123917,160710,,333000,4294967295,
migrate_demo,server,2,16129132,160710,,333000,4294967295,
migrate_demo,server,2,16134490,160710,,333000,4294967295,
migrate_demo,server,2,16139720,161098,,333000,4294967295,
migrate_demo,server,2,16144951,161098,,333000,4294967295,
migrate_demo,server,2,16150201,161098,,333000,4294967295,
migrate_demo,server,2,16155428,161098,,333000,4294967295,
migrate_demo,server,2,16160674,161098,,333000,4294967295,
migrate_demo,server,2,16166028,161497,,333000,4294967295,
migrate_demo,server,2,16171228,161497,,333000,4294967295,
migrate_demo,server,2,16176467,161497,,333000,4294967295,
migrate_demo,server,2,16181717,161497,,333000,4294967295,
migrate_demo,server,2,16186932,161905,,333000,4294967295,
migrate_demo,server,2,16192262,161905,,333000,4294967295,
migrate_demo,server,2,16197500,161905,,333000,4294967295,
migrate_demo,server,2,16202736,161905,,333000,4294967295,
migrate_demo,server,2,16207954,162324,,333000,4294967295,
migrate_demo,server,2,16213291,162324,,333000,4294967295,
migrate_demo,server,2,16218692,162324,,333000,4294967295,
migrate_demo,server,2,16223920,162324,,333000,4294967295,
migrate_demo,server,2,16229501,162753,,333000,4294967295,
migrate_demo,server,2,16234752,162753,,333000,4294967295,
migrate_demo,server,2,16240106,162753,,333000,4294967295,
migrate_demo,server,2,16245301,162753,,333000,4294967295,
migrate_demo,server,2,16250500,162753,,333000,4294967295,
migrate_demo,server,2,16255811,163191,,333000,4294967295,
migrate_demo,server,2,16261101,163191,,333000,4294967295,
migrate_demo,server,2,16266435,163191,,333000,4294967295,
migrate_demo,server,2,16271633,163191,,333000,4294967295,
migrate_demo,server,2,16276945,163639,,333000,4294967295,
migrate_demo,server,2,16282154,163639,,333000,4294967295,
migrate_demo,server,2,16287395,163639,,333000,4294967295,
migrate_demo,server,2,16292609,163639,,333000,4294967295,
migrate_demo,server,2,16297773,164097,,333000,4294967295,
migrate_demo,server,2,16303034,164097,,333000,4294967295,
migrate_demo,server,2,16308226,164097,,333000,4294967295,
migrate_demo,server,2,16313509,164097,,333000,4294967295,
migrate_demo,server,2,16318791,164097,,333000,4294967295,
migrate_demo,server,2,16324081,164565,,333000,4294967295,
migrate_demo,server,2,16329338,164565,,333000,4294967295,
migrate_demo,server,2,16334645,164565,,333000,4294967295,
migrate_demo,server,2,16339858,164565,,333000,4294967295,
migrate_demo,server,2,16345087,165042,,333000,4294967295,
migrate_demo,server,2,16350510,165042,,333000,4294967295,
migrate_demo,server,2,16355814,165042,,333000,4294967295,
migrate_demo,server,2,16361029,165042,,333000,4294967295,
migrate_demo,server,2,16366244,165529,,333000,4294967295,
migrate_demo,server,2,16371409,165529,,333000,4294967295,
migrate_demo,server,2,16376601,165529,,333000,4294967295,
migrate_demo,server,2,16381932,165529,,333000,4294967295,
migrate_demo,server,2,16387218,165529,,333000,4294967295,
migrate_demo,server,2,16392628,166025,,333000,4294967295,
migrate_demo,server,2,16397831,166025,,333000,4294967295,
migrate_demo,server,2,16403072,166025,,333000,4294967295,
migrate_demo,server,2,16408319,166025,,333000,4294967295,
migrate_demo,server,2,16413553,166531,,333000,4294967295,
migrate_demo,server,2,16418806,166531,,333000,4294967295,
migrate_demo,server,2,16424032,166531,,333000,4294967295,
migrate_demo,server,2,16429257,166531,,333000,4294967295,
migrate_demo,server,2,16434503,167046,,333000,4294967295,
migrate_demo,server,2,16439779,167046,,333000,4294967295,
migrate_demo,server,2,16445023,167046,,333000,4294967295,
migrate_demo,server,2,16450278,167046,,333000,4294967295,
migrate_demo,server,2,16455551,167046,,333000,4294967295,
migrate_demo,server,2,16460814,167570,,333000,4294967295,
migrate_demo,server,2,16466041,167570,,333000,4294967295,
migrate_demo,server,2,16471286,167570,,333000,4294967295,
migrate_demo,server,2,16476509,167570,,333000,4294967295,
migrate_demo,server,2,16481794,168104,,333000,4294967295,
migrate_demo,server,2,16487000,168104,,333000,4294967295,
migrate_demo,server,2,16492291,168104,,333000,4294967295,
migrate_demo,server,2,16497536,168104,,333000,4294967295,
migrate_demo,server,2,16502773,168646,,333000,4294967295,
migrate_demo,server,2,16507984,168646,,333000,4294967295,
migrate_demo,server,2,16513218,168646,,333000,4294967295,
migrate_demo,server,2,16518419,168646,,333000,4294967295,
migrate_demo,server,2,16523871,168646,,333000,4294967295,
migrate_demo,server,2,16529127,169198,,333000,4294967295,
migrate_demo,server,2,16534481,169198,,333000,4294967295,
migrate_demo,server,2,16539729,169198,,333000,4294967295,
migrate_demo,server,2,16545021,169198,,333000,4294967295,
migrate_demo,server,2,16550295,169759,,333000,4294967295,
migrate_demo,server,2,16555568,169759,,333000,4294967295,
migrate_demo,server,2,16560798,169759,,333000,4294967295,
migrate_demo,server,2,16566041,169759,,333000,4294967295,
migrate_demo,server,2,16571324,170328,,333000,4294967295,
migrate_demo,server,2,16576545,170328,,333000,4294967295,
migrate_demo,server,2,16581855,170328,,333000,4294967295,
migrate_demo,server,2,16587091,170328,,333000,4294967295,
migrate_demo,server,2,16592636,170906,,333000,4294967295,
migrate_demo,server,2,16597935,170906,,333000,4294967295,
migrate_demo,server,2,16603192,170906,,333000,4294967295,
migrate_demo,server,2,16608545,170906,,333000,4294967295,
migrate_demo,server,2,16613811,170906,,333000,4294967295,
migrate_demo,server,2,16619092,171493,,333000,4294967295,
migrate_demo,server,2,16624357,171493,,333000,4294967295,
migrate_demo,server,2,16629630,171493,,333000,4294967295,
migrate_demo,server,2,16634911,171493,,333000,4294967295,
migrate_demo,server,2,16640158,172089,,333000,4294967295,
migrate_demo,server,2,16645459,172089,,333000,4294967295,
migrate_demo,server,2,16650834,172089,,333000,4294967295,
migrate_demo,server,2,16656254,172089,,333000,4294967295,
migrate_demo,server,2,16661554,172693,,333000,4294967295,
migrate_demo,server,2,16666794,172693,,333000,4294967295,
migrate_demo,server,2,16672019,172693,,333000,4294967295,
migrate_demo,server,2,16677244,172693,,333000,4294967295,
migrate_demo,server,2,16682567,172693,,333000,4294967295,
migrate_demo,server,2,16687929,173302,,333000,4294967295,
migrate_demo,server,2,16693194,173302,,333000,4294967295,
migrate_demo,server,2,16698432,173302,,333000,4294967295,
migrate_demo,server,2,16703613,173302,,333000,4294967295,
migrate_demo,server,2,16708883,173912,,333000,4294967295,
migrate_demo,server,2,16714136,173912,,333000,4294967295,
migrate_demo,server,2,16719391,173912,,333000,4294967295,
migrate_demo,server,2,16724603,173912,,333000,4294967295,
migrate_demo,server,2,16729907,174522,,333000,4294967295,
migrate_demo,server,2,16735147,174522,,333000,4294967295,
migrate_demo,server,2,16740381,174522,,333000,4294967295,
migrate_demo,server,2,16745578,174522,,333000,4294967295,
migrate_demo,server,2,16750782,174522,,333000,4294967295,
migrate_demo,server,2,16755962,175742,,333000,4294967295,
migrate_demo,server,2,16761102,175742,,333000,4294967295,
migrate_demo,server,2,16766286,175742,,333000,4294967295,
migrate_demo,server,2,16771518,175742,,333000,4294967295,
migrate_demo,server,2,16776750,175742,,333000,4294967295,
migrate_demo,server,2,16781950,176352,,333000,4294967295,
migrate_demo,server,2,16787168,176352,,333000,4294967295,
migrate_demo,server,2,16792400,176352,,333000,4294967295,
migrate_demo,server,2,16797644,176352,,333000,4294967295,
migrate_demo,server,2,16802927,176962,,333000,4294967295,
migrate_demo,server,2,16808164,176962,,333000,4294967295,
migrate_demo,server,2,16813420,176962,,333000,4294967295,
migrate_demo,server,2,16818691,176962,,333000,4294967295,
migrate_demo,server,2,16823918,177572,,333000,4294967295,
migrate_demo,server,2,16829192,177572,,333000,4294967295,
migrate_demo,server,2,16834442,177572,,333000,4294967295,
migrate_demo,server,2,16839660,177572,,333000,4294967295,
migrate_demo,server,2,16844890,177572,,333000,4294967295,
migrate_demo,server,2,16850406,178182,,333000,4294967295,
migrate_demo,server,2,16855658,178182,,333000,4294967295,
migrate_demo,server,2,16860885,178182,,333000,4294967295,
migrate_demo,server,2,16866169,178182,,333000,4294967295,
migrate_demo,server,2,16871486,178792,,333000,4294967295,
migrate_demo,server,2,16876740,178792,,333000,4294967295,
migrate_demo,server,2,16881982,178792,,333000,4294967295,
migrate_demo,server,2,16887208,178792,,333000,4294967295,
migrate_demo,server,2,16892446,179402,,333000,4294967295,
migrate_demo,server,2,16897681,179402,,333000,4294967295,
migrate_demo,server,2,16902907,179402,,333000,4294967295,
migrate_demo,server,2,16908144,179402,,333000,4294967295,
migrate_demo,server,2,16913384,179402,,333000,4294967295,
migrate_demo,server,2,16918631,180012,,333000,4294967295,
migrate_demo,server,2,16923801,180012,,333000,4294967295,
migrate_demo,server,2,16929022,180012,,333000,4294967295,
migrate_demo,server,2,16934289,180012,,333000,4294967295,
migrate_demo,server,2,16939542,180622,,333000,4294967295,
migrate_demo,server,2,16944795,180622,,333000,4294967295,
migrate_demo,server,2,16950031,180622,,333000,4294967295,
migrate_demo,server,2,16955226,180622,,333000,4294967295,
migrate_demo,server,2,16960485,181232,,333000,4294967295,
migrate_demo,server,2,16965761,181232,,333000,4294967295,
migrate_demo,server,2,16970990,181232,,333000,4294967295,
migrate_demo,server,2,16976169,181232,,333000,4294967295,
migrate_demo,server,2,16981440,181232,,333000,4294967295,
migrate_demo,server,2,16986724,181842,,333000,4294967295,
migrate_demo,server,2,16991999,181842,,333000,4294967295,
migrate_demo,server,2,16997302,181842,,333000,4294967295,
migrate_demo,server,2,17002538,181842,,333000,4294967295,
migrate_demo,server,2,17007784,182452,,333000,4294967295,
migrate_demo,server,2,17013193,182452,,333000,4294967295,
migrate_demo,server,2,17018496,182452,,333000,4294967295,
migrate_demo,server,2,17023799,182452,,333000,4294967295,
migrate_demo,server,2,17029045,183062,,333000,4294967295,
migrate_demo,server,2,17034266,183062,,333000,4294967295,
migrate_demo,server,2,17039558,183062,,333000,4294967295,
migrate_demo,server,2,17044834,183062,,333000,4294967295,
migrate_demo,server,2,17050313,183672,,333000,4294967295,
migrate_demo,server,2,17056316,183672,,333000,4294967295,
migrate_demo,server,2,17061568,183672,,333000,4294967295,
migrate_demo,server,2,17066847,183672,,333000,4294967295,
migrate_demo,server,2,17072088,183672,,333000,4294967295,
migrate_demo,server,2,17077368,184282,,333000,4294967295,
migrate_demo,server,2,17082606,184282,,333000,4294967295,
migrate_demo,server,2,17087986,184282,,333000,4294967295,
migrate_demo,server,2,17093401,184282,,333000,4294967295,
migrate_demo,server,2,17099561,184892,,333000,4294967295,
migrate_demo,server,2,17105510,184892,,333000,4294967295,
migrate_demo,server,2,17110907,184892,,333000,4294967295,
migrate_demo,server,2,17116191,184892,,333000,4294967295,
migrate_demo,server,2,17121497,185502,,333000,4294967295,
migrate_demo,server,2,17126818,185502,,333000,4294967295,
migrate_demo,server,2,17132190,185502,,333000,4294967295,
migrate_demo,server,2,17137517,185502,,333000,4294967295,
migrate_demo,server,2,17142885,186112,,333000,4294967295,
migrate_demo,server,2,17148233,186112,,333000,4294967295,
migrate_demo,server,2,17153585,186112,,333000,4294967295,
migrate_demo,server,2,17158983,186112,,333000,4294967295,
migrate_demo,server,2,17164473,186722,,333000,4294967295,
migrate_demo,server,2,17170315,186722,,333000,4294967295,
migrate_demo,server,2,17175688,186722,,333000,4294967295,
migrate_demo,server,2,17181106,186722,,333000,4294967295,
migrate_demo,server,2,17186494,186722,,333000,4294967295,
migrate_demo,server,2,17191817,187332,,333000,4294967295,
migrate_demo,server,2,17197258,187332,,333000,4294967295,
migrate_demo,server,2,17202585,187332,,333000,4294967295,
migrate_demo,server,2,17207871,187332,,333000,4294967295,
migrate_demo,server,2,17213280,187942,,333000,4294967295,
migrate_demo,server,2,17218619,187942,,333000,4294967295,
migrate_demo,server,2,17223985,187942,,333000,4294967295,
migrate_demo,server,2,17229312,187942,,333000,4294967295,
migrate_demo,server,2,17234560,188552,,333000,4294967295,
migrate_demo,server,2,17239854,188552,,333000,4294967295,
migrate_demo,server,2,17245225,188552,,333000,4294967295,
migrate_demo,server,2,17250561,188552,,333000,4294967295,
migrate_demo,server,2,17256316,189162,,333000,4294967295,
migrate_demo,server,2,17261596,189162,,333000,4294967295,
migrate_demo,server,2,17266919,189162,,333000,4294967295,
migrate_demo,server,2,17272125,189162,,333000,4294967295,
migrate_demo,server,2,17277462,189162,,333000,4294967295,
migrate_demo,server,2,17282693,189772,,333000,4294967295,
migrate_demo,server,2,17287976,189772,,333000,4294967295,
migrate_demo,server,2,17293411,189772,,333000,4294967295,
migrate_demo,server,2,17298669,189772,,333000,4294967295,
migrate_demo,server,2,17303976,190382,,333000,4294967295,
migrate_demo,server,2,17309285,190382,,333000,4294967295,
migrate_demo,server,2,17314552,190382,,333000,4294967295,
migrate_demo,server,2,17319802,190382,,333000,4294967295,
migrate_demo,server,2,17325039,190992,,333000,4294967295,
migrate_demo,server,2,17330289,190992,,333000,4294967295,
migrate_demo,server,2,17335535,190992,,333000,4294967295,
migrate_demo,server,2,17340782,190992,,333000,4294967295,
migrate_demo,server,2,17346122,191602,,333000,4294967295,
migrate_demo,server,2,17351361,191602,,333000,4294967295,
migrate_demo,server,2,17356581,191602,,333000,4294967295,
migrate_demo,server,2,17361774,191602,,333000,4294967295,
migrate_demo,server,2,17367072,191602,,333000,4294967295,
migrate_demo,server,2,17372358,192212,,333000,4294967295,
migrate_demo,server,2,17377587,192212,,333000,4294967295,
migrate_demo,server,2,17382823,192212,,333000,4294967295,
migrate_demo,server,2,17388091,192212,,333000,4294967295,
migrate_demo,server,2,17393359,192822,,333000,4294967295,
migrate_demo,server,2,17398641,192822,,333000,4294967295,
migrate_demo,server,2,17403920,192822,,333000,4294967295,
migrate_demo,server,2,17409156,192822,,333000,4294967295,
migrate_demo,server,2,17414609,193432,,333000,4294967295,
migrate_demo,server,2,17419845,193432,,333000,4294967295,
migrate_demo,server,2,17425048,193432,,333000,4294967295,
migrate_demo,server,2,17430282,193432,,333000,4294967295,
migrate_demo,server,2,17435533,193432,,333000,4294967295,
migrate_demo,server,2,17440777,194042,,333000,4294967295,
migrate_demo,server,2,17446041,194042,,333000,4294967295,
migrate_demo,server,2,17451273,194042,,333000,4294967295,
migrate_demo,server,2,17456470,194042,,333000,4294967295,
migrate_demo,server,2,17461658,194652,,333000,4294967295,
migrate_demo,server,2,17466870,194652,,333000,4294967295,
migrate_demo,server,2,17472090,194652,,333000,4294967295,
migrate_demo,server,2,17477317,194652,,333000,4294967295,
migrate_demo,server,2,17483168,195262,,333000,4294967295,
migrate_demo,server,2,17488361,195262,,333000,4294967295,
migrate_demo,server,2,17493603,195262,,333000,4294967295,
migrate_demo,server,2,17498802,195262,,333000,4294967295,
migrate_demo,server,2,17503997,195262,,333000,4294967295,
migrate_demo,server,2,17509202,195872,,333000,4294967295,
migrate_demo,server,2,17514389,195872,,333000,4294967295,
migrate_demo,server,2,17519580,195872,,333000,4294967295,
migrate_demo,server,2,17524805,195872,,333000,4294967295,
migrate_demo,server,2,17530083,196482,,333000,4294967295,
migrate_demo,server,2,17535272,196482,,333000,4294967295,
migrate_demo,server,2,17540559,196482,,333000,4294967295,
migrate_demo,server,2,17545755,196482,,333000,4294967295,
migrate_demo,server,2,17550938,197092,,333000,4294967295,
migrate_demo,server,2,17556151,197092,,333000,4294967295,
migrate_demo,server,2,17561394,197092,,333000,4294967295,
migrate_demo,server,2,17566612,197092,,333000,4294967295,
migrate_demo,server,2,17571823,197092,,333000,4294967295,
migrate_demo,server,2,17577048,197702,,333000,4294967295,
migrate_demo,server,2,17582293,197702,,333000,4294967295,
migrate_demo,server,2,17587500,197702,,333000,4294967295,
migrate_demo,server,2,17592740,197702,,333000,4294967295,
migrate_demo,server,2,17597978,198312,,333000,4294967295,
migrate_demo,server,2,17603192,198312,,333000,4294967295,
migrate_demo,server,2,17608391,198312,,333000,4294967295,
migrate_demo,server,2,17613599,198922,,333000,4294967295,
migrate_demo,server,2,17618791,198922,,333000,4294967295,
migrate_demo,server,2,17623985,198922,,333000,4294967295,
migrate_demo,server,2,17629188,198922,,333000,4294967295,
migrate_demo,server,2,17634398,199532,,333000,4294967295,
migrate_demo,server,2,17639635,199532,,333000,4294967295,
migrate_demo,server,2,17644886,200142,,333000,4294967295,
migrate_demo,server,2,17650130,200142,,333000,4294967295,
migrate_demo,server,2,17655350,200142,,333000,4294967295,
migrate_demo,server,2,17660605,200142,,333000,4294967295,
migrate_demo,server,2,17665824,200142,,333000,4294967295,
migrate_demo,server,2,17671062,200752,,333000,4294967295,
migrate_demo,server,2,17676323,200752,,333000,4294967295,
migrate_demo,server,2,17681537,200752,,333000,4294967295,
migrate_demo,server,2,17686783,200752,,333000,4294967295,
migrate_demo,server,2,17692111,201362,,333000,4294967295,
migrate_demo,server,2,17697521,201362,,333000,4294967295,
migrate_demo,server,2,17702768,201362,,333000,4294967295,
migrate_demo,server,2,17708047,201362,,333000,4294967295,
migrate_demo,server,2,17713274,201972,,333000,4294967295,
migrate_demo,server,2,17718537,201972,,333000,4294967295,
migrate_demo,server,2,17723822,201972,,333000,4294967295,
migrate_demo,server,2,17729043,201972,,333000,4294967295,
migrate_demo,server,2,17734282,201972,,333000,4294967295,
migrate_demo,server,2,17739553,202582,,333000,4294967295,
migrate_demo,server,2,17744770,202582,,333000,4294967295,
migrate_demo,server,2,17749994,202582,,333000,4294967295,
migrate_demo,server,2,17755215,202582,,333000,4294967295,
migrate_demo,server,2,17760416,203192,,333000,4294967295,
migrate_demo,server,2,17765655,203192,,333000,4294967295,
migrate_demo,server,2,17770923,203192,,333000,4294967295,
migrate_demo,server,2,17776154,203192,,333000,4294967295,
migrate_demo,server,2,17781385,203802,,333000,4294967295,
migrate_demo,server,2,17786588,203802,,333000,4294967295,
migrate_demo,server,2,17791784,203802,,333000,4294967295,
migrate_demo,server,2,17797037,203802,,333000,4294967295,
migrate_demo,server,2,17802248,203802,,333000,4294967295,
migrate_demo,server,2,17807455,204412,,333000,4294967295,
migrate_demo,server,2,17812665,204412,,333000,4294967295,
migrate_demo,server,2,17817877,204412,,333000,4294967295,
migrate_demo,server,2,17823071,204412,,333000,4294967295,
migrate_demo,server,2,17828314,205022,,333000,4294967295,
migrate_demo,server,2,17833499,205022,,333000,4294967295,
migrate_demo,server,2,17838697,205022,,333000,4294967295,
migrate_demo,server,2,17843910,205022,,333000,4294967295,
migrate_demo,server,2,17849696,205632,,333000,4294967295,
migrate_demo,server,2,17854910,205632,,333000,4294967295,
migrate_demo,server,2,17860151,205632,,333000,4294967295,
migrate_demo,server,2,17865383,205632,,333000,4294967295,
migrate_demo,server,2,17870661,205632,,333000,4294967295,
migrate_demo,server,2,17875902,206242,,333000,4294967295,
migrate_demo,server,2,17881087,206242,,333000,4294967295,
migrate_demo,server,2,17886330,206242,,333000,4294967295,
migrate_demo,server,2,17891594,206242,,333000,4294967295,
migrate_demo,server,2,17896844,206852,,333000,4294967295,
migrate_demo,server,2,17902101,206852,,333000,4294967295,
migrate_demo,server,2,17907303,206852,,333000,4294967295,
migrate_demo,server,2,17912597,206852,,333000,4294967295,
migrate_demo,server,2,17917853,207462,,333000,4294967295,
migrate_demo,server,2,17923090,207462,,333000,4294967295,
migrate_demo,server,2,17928331,207462,,333000,4294967295,
migrate_demo,server,2,17933571,207462,,333000,4294967295,
migrate_demo,server,2,17938816,207462,,333000,4294967295,
migrate_demo,server,2,17944096,208072,,333000,4294967295,
migrate_demo,server,2,17949377,208072,,333000,4294967295,
migrate_demo,server,2,17954619,208072,,333000,4294967295,
migrate_demo,server,2,17959990,208072,,333000,4294967295,
migrate_demo,server,2,17965262,208682,,333000,4294967295,
migrate_demo,server,2,17970532,208682,,333000,4294967295,
migrate_demo,server,2,17975794,208682,,333000,4294967295,
migrate_demo,server,2,17981002,208682,,333000,4294967295,
migrate_demo,server,2,17986230,209292,,333000,4294967295,
migrate_demo,server,2,17991454,209292,,333000,4294967295,
migrate_demo,server,2,17996661,209292,,333000,4294967295,
migrate_demo,server,2,18001883,209292,,333000,4294967295,
migrate_demo,server,2,18007121,209292,,333000,4294967295,
migrate_demo,server,2,18012370,209902,,333000,4294967295,
migrate_demo,server,2,18017579,209902,,333000,4294967295,
migrate_demo,server,2,18022808,209902,,333000,4294967295,
migrate_demo,server,2,18028022,209902,,333000,4294967295,
migrate_demo,server,2,18033227,210512,,333000,4294967295,
migrate_demo,server,2,18038436,210512,,333000,4294967295,
migrate_demo,server,2,18043645,210512,,333000,4294967295,
migrate_demo,server,2,18048872,210512,,333000,4294967295,
migrate_demo,server,2,18054120,211122,,333000,4294967295,
migrate_demo,server,2,18059332,211122,,333000,4294967295,
migrate_demo,server,2,18064530,211122,,333000,4294967295,
migrate_demo,server,2,18069739,211122,,333000,4294967295,
migrate_demo,server,2,18074956,211122,,333000,4294967295,
migrate_demo,server,2,18080180,211732,,333000,4294967295,
migrate_demo,server,2,18085384,211732,,333000,4294967295,
migrate_demo,server,2,18090602,211732,,333000,4294967295,
migrate_demo,server,2,18095799,211732,,333000,4294967295,
migrate_demo,server,2,18101023,212342,,333000,4294967295,
migrate_demo,server,2,18106223,212342,,333000,4294967295,
migrate_demo,server,2,18111434,212342,,333000,4294967295,
migrate_demo,server,2,18116628,212342,,333000,4294967295,
migrate_demo,server,2,18122356,212952,,333000,4294967295,
migrate_demo,server,2,18127591,212952,,333000,4294967295,
migrate_demo,server,2,18132794,212952,,333000,4294967295,
migrate_demo,server,2,18138031,212952,,333000,4294967295,
migrate_demo,server,2,18143256,212952,,333000,4294967295,
migrate_demo,server,2,18148517,213562,,333000,4294967295,
migrate_demo,server,2,18153716,213562,,333000,4294967295,
migrate_demo,server,2,18158952,213562,,333000,4294967295,
migrate_demo,server,2,18164205,213562,,333000,4294967295,
migrate_demo,server,2,18169457,214172,,333000,4294967295,
migrate_demo,server,2,18174726,214172,,333000,4294967295,
migrate_demo,server,2,18180068,214172,,333000,4294967295,
migrate_demo,server,2,18185333,214172,,333000,4294967295,
migrate_demo,server,2,18190617,214782,,333000,4294967295,
migrate_demo,server,2,18195859,214782,,333000,4294967295,
migrate_demo,server,2,18201133,214782,,333000,4294967295,
migrate_demo,server,2,18206449,214782,,333000,4294967295,
migrate_demo,server,2,18211781,214782,,333000,4294967295,
migrate_demo,server,2,18217051,215392,,333000,4294967295,
migrate_demo,server,2,18222311,215392,,333000,4294967295,
migrate_demo,server,2,18227621,215392,,333000,4294967295,
migrate_demo,server,2,18232898,215392,,333000,4294967295,
migrate_demo,server,2,18238158,216002,,333000,4294967295,
migrate_demo,server,2,18243422,216002,,333000,4294967295,
migrate_demo,server,2,18248694,216002,,333000,4294967295,
migrate_demo,server,2,18253974,216002,,333000,4294967295,
migrate_demo,server,2,18259206,216612,,333000,4294967295,
migrate_demo,server,2,18264446,216612,,333000,4294967295,
migrate_demo,server,2,18269686,216612,,333000,4294967295,
migrate_demo,server,2,18274947,216612,,333000,4294967295,
migrate_demo,server,2,18280187,216612,,333000,4294967295,
migrate_demo,server,2,18285451,217222,,333000,4294967295,
migrate_demo,server,2,18290700,217222,,333000,4294967295,
migrate_demo,server,2,18295921,217222,,333000,4294967295,
migrate_demo,server,2,18301138,217222,,333000,4294967295,
migrate_demo,server,2,18306354,217832,,333000,4294967295,
migrate_demo,server,2,18311594,217832,,333000,4294967295,
migrate_demo,server,2,18316844,217832,,333000,4294967295,
migrate_demo,server,2,18322072,217832,,333000,4294967295,
migrate_demo,server,2,18327284,218442,,333000,4294967295,
migrate_demo,server,2,18332530,218442,,333000,4294967295,
migrate_demo,server,2,18337738,218442,,333000,4294967295,
migrate_demo,server,2,18342944,218442,,333000,4294967295,
migrate_demo,server,2,18348159,218442,,333000,4294967295,
migrate_demo,server,2,18353401,219052,,333000,4294967295,
migrate_demo,server,2,18358600,219052,,333000,4294967295,
migrate_demo,server,2,18363835,219052,,333000,4294967295,
migrate_demo,server,2,18369046,219052,,333000,4294967295,
migrate_demo,server,2,18374313,219662,,333000,4294967295,
migrate_demo,server,2,18379609,219662,,333000,4294967295,
migrate_demo,server,2,18384884,219662,,333000,4294967295,
migrate_demo,server,2,18390172,219662,,333000,4294967295,
migrate_demo,server,2,18395369,220272,,333000,4294967295,
migrate_demo,server,2,18400568,220272,,333000,4294967295,
migrate_demo,server,2,18405813,220272,,333000,4294967295,
migrate_demo,server,2,18411050,220272,,333000,4294967295,
migrate_demo,server,2,18416298,220272,,333000,4294967295,
migrate_demo,server,2,18421620,220882,,333000,4294967295,
migrate_demo,server,2,18426919,220882,,333000,4294967295,
migrate_demo,server,2,18432103,220882,,333000,4294967295,
migrate_demo,server,2,18437322,220882,,333000,4294967295,
migrate_demo,server,2,18442530,221492,,333000,4294967295,
migrate_demo,server,2,18447769,221492,,333000,4294967295,
migrate_demo,server,2,18452986,221492,,333000,4294967295,
migrate_demo,server,2,18458246,221492,,333000,4294967295,
migrate_demo,server,2,18463502,222102,,333000,4294967295,
migrate_demo,server,2,18468771,222102,,333000,4294967295,
migrate_demo,server,2,18473994,222102,,333000,4294967295,
migrate_demo,server,2,18479189,222102,,333000,4294967295,
migrate_demo,server,2,18484451,222102,,333000,4294967295,
migrate_demo,server,2,18489715,222712,,333000,4294967295,
migrate_demo,server,2,18494924,222712,,333000,4294967295,
migrate_demo,server,2,18500115,222712,,333000,4294967295,
migrate_demo,server,2,18505337,222712,,333000,4294967295,
migrate_demo,server,2,18510600,223322,,333000,4294967295,
migrate_demo,server,2,18515842,223322,,333000,4294967295,
migrate_demo,server,2,18521087,223322,,333000,4294967295,
migrate_demo,server,2,18526375,223322,,333000,4294967295,
migrate_demo,server,2,18531602,223932,,333000,4294967295,
migrate_demo,server,2,18536869,224542,,333000,4294967295,
migrate_demo,server,2,18542072,224542,,333000,4294967295,
migrate_demo,server,2,18547319,224542,,333000,4294967295,
migrate_demo,server,2,18552588,224542,,333000,4294967295,
migrate_demo,server,2,18557789,225152,,333000,4294967295,
migrate_demo,server,2,18563021,225152,,333000,4294967295,
migrate_demo,server,2,18568277,225152,,333000,4294967295,
migrate_demo,server,2,18573549,225152,,333000,4294967295,
migrate_demo,server,2,18578959,225152,,333000,4294967295,
migrate_demo,server,2,18584200,225762,,333000,4294967295,
migrate_demo,server,2,18589404,225762,,333000,4294967295,
migrate_demo,server,2,18594599,225762,,333000,4294967295,
migrate_demo,server,2,18599803,225762,,333000,4294967295,
migrate_demo,server,2,18605036,226372,,333000,4294967295,
migrate_demo,server,2,18610264,226372,,333000,4294967295,
migrate_demo,server,2,18615521,226372,,333000,4294967295,
migrate_demo,server,2,18620818,226372,,333000,4294967295,
migrate_demo,server,2,18626057,226982,,333000,4294967295,
migrate_demo,server,2,18631251,226982,,333000,4294967295,
migrate_demo,server,2,18636460,226982,,333000,4294967295,
migrate_demo,server,2,18641663,226982,,333000,4294967295,
migrate_demo,server,2,18646894,226982,,333000,4294967295,
migrate_demo,server,2,18652158,227592,,333000,4294967295,
migrate_demo,server,2,18657443,227592,,333000,4294967295,
migrate_demo,server,2,18662769,227592,,333000,4294967295,
migrate_demo,server,2,18667971,227592,,333000,4294967295,
migrate_demo,server,2,18673289,228202,,333000,4294967295,
migrate_demo,server,2,18678514,228202,,333000,4294967295,
migrate_demo,server,2,18683740,228202,,333000,4294967295,
migrate_demo,server,2,18688943,228202,,333000,4294967295,
migrate_demo,server,2,18694143,228812,,333000,4294967295,
migrate_demo,server,2,18699347,228812,,333000,4294967295,
migrate_demo,server,2,18704624,228812,,333000,4294967295,
migrate_demo,server,2,18709878,228812,,333000,4294967295,
migrate_demo,server,2,18715149,228812,,333000,4294967295,
migrate_demo,server,2,18720442,229422,,333000,4294967295,
migrate_demo,server,2,18725657,229422,,333000,4294967295,
migrate_demo,server,2,18730900,229422,,333000,4294967295,
migrate_demo,server,2,18736102,229422,,333000,4294967295,
migrate_demo,server,2,18741311,230032,,333000,4294967295,
migrate_demo,server,2,18746536,230032,,333000,4294967295,
migrate_demo,server,2,18751789,230032,,333000,4294967295,
migrate_demo,server,2,18757118,230032,,333000,4294967295,
migrate_demo,server,2,18762311,230642,,333000,4294967295,
migrate_demo,server,2,18767502,230642,,333000,4294967295,
migrate_demo,server,2,18772787,230642,,333000,4294967295,
migrate_demo,server,2,18778008,230642,,333000,4294967295,
migrate_demo,server,2,18783219,230642,,333000,4294967295,
migrate_demo,server,2,18788485,231252,,333000,4294967295,
migrate_demo,server,2,18793698,231252,,333000,4294967295,
migrate_demo,server,2,18798931,231252,,333000,4294967295,
migrate_demo,server,2,18804155,231252,,333000,4294967295,
migrate_demo,server,2,18809396,231862,,333000,4294967295,
migrate_demo,server,2,18814613,231862,,333000,4294967295,
migrate_demo,server,2,18819879,231862,,333000,4294967295,
migrate_demo,server,2,18825179,231862,,333000,4294967295,
migrate_demo,server,2,18830457,232472,,333000,4294967295,
migrate_demo,server,2,18835699,232472,,333000,4294967295,
migrate_demo,server,2,18840990,232472,,333000,4294967295,
migrate_demo,server,2,18846200,232472,,333000,4294967295,
migrate_demo,server,2,18851422,232472,,333000,4294967295,
migrate_demo,server,2,18856698,233082,,333000,4294967295,
migrate_demo,server,2,18861893,233082,,333000,4294967295,
migrate_demo,server,2,18867116,233082,,333000,4294967295,
migrate_demo,server,2,18872337,233082,,333000,4294967295,
migrate_demo,server,2,18877573,233692,,333000,4294967295,
migrate_demo,server,2,18882801,233692,,333000,4294967295,
migrate_demo,server,2,18888062,233692,,333000,4294967295,
migrate_demo,server,2,18893277,233692,,333000,4294967295,
migrate_demo,server,2,18898519,234302,,333000,4294967295,
migrate_demo,server,2,18903750,234302,,333000,4294967295,
migrate_demo,server,2,18909011,234302,,333000,4294967295,
migrate_demo,server,2,18914294,234302,,333000,4294967295,
migrate_demo,server,2,18919536,234302,,333000,4294967295,
migrate_demo,server,2,18924815,234912,,333000,4294967295,
migrate_demo,server,2,18930057,234912,,333000,4294967295,
migrate_demo,server,2,18935255,234912,,333000,4294967295,
migrate_demo,server,2,18940462,234912,,333000,4294967295,
migrate_demo,server,2,18945708,235522,,333000,4294967295,
migrate_demo,server,2,18950973,235522,,333000,4294967295,
migrate_demo,server,2,18956198,235522,,333000,4294967295,
migrate_demo,server,2,18961448,235522,,333000,4294967295,
migrate_demo,server,2,18966646,236132,,333000,4294967295,
migrate_demo,server,2,18971910,236132,,333000,4294967295,
migrate_demo,server,2,18977123,236132,,333000,4294967295,
migrate_demo,server,2,18982361,236132,,333000,4294967295,
migrate_demo,server,2,18987567,236132,,333000,4294967295,
migrate_demo,server,2,18992813,236742,,333000,4294967295,
migrate_demo,server,2,18998035,236742,,333000,4294967295,
migrate_demo,server,2,19003249,236742,,333000,4294967295,
migrate_demo,server,2,19008491,236742,,333000,4294967295,
migrate_demo,server,2,19013784,237352,,333000,4294967295,
migrate_demo,server,2,19019039,237352,,333000,4294967295,
migrate_demo,server,2,19024249,237352,,333000,4294967295,
migrate_demo,server,2,19029548,237352,,333000,4294967295,
migrate_demo,server,2,19034782,237962,,333000,4294967295,
migrate_demo,server,2,19039999,237962,,333000,4294967295,
migrate_demo,server,2,19045222,237962,,333000,4294967295,
migrate_demo,server,2,19050423,237962,,333000,4294967295,
migrate_demo,server,2,19055631,237962,,333000,4294967295,
migrate_demo,server,2,19060827,238572,,333000,4294967295,
migrate_demo,server,2,19066083,238572,,333000,4294967295,
migrate_demo,server,2,19071312,238572,,333000,4294967295,
migrate_demo,server,2,19076521,238572,,333000,4294967295,
migrate_demo,server,2,19081781,239182,,333000,4294967295,
migrate_demo,server,2,19086999,239182,,333000,4294967295,
migrate_demo,server,2,19092279,239182,,333000,4294967295,
migrate_demo,server,2,19097532,239182,,333000,4294967295,
migrate_demo,server,2,19102768,239792,,333000,4294967295,
migrate_demo,server,2,19108023,239792,,333000,4294967295,
migrate_demo,server,2,19113285,239792,,333000,4294967295,
migrate_demo,server,2,19118506,239792,,333000,4294967295,
migrate_demo,server,2,19123746,239792,,333000,4294967295,
migrate_demo,server,2,19129050,240402,,333000,4294967295,
migrate_demo,server,2,19134299,240402,,333000,4294967295,
migrate_demo,server,2,19139548,240402,,333000,4294967295,
migrate_demo,server,2,19144835,240402,,333000,4294967295,
migrate_demo,server,2,19150016,241012,,333000,4294967295,
migrate_demo,server,2,19155216,241012,,333000,4294967295,
migrate_demo,server,2,19160479,241012,,333000,4294967295,
migrate_demo,server,2,19165702,241012,,333000,4294967295,
migrate_demo,server,2,19170957,241622,,333000,4294967295,
migrate_demo,server,2,19176253,241622,,333000,4294967295,
migrate_demo,server,2,19181481,241622,,333000,4294967295,
migrate_demo,server,2,19186710,241622,,333000,4294967295,
migrate_demo,server,2,19191988,241622,,333000,4294967295,
migrate_demo,server,2,19197225,242232,,333000,4294967295,
migrate_demo,server,2,19202422,242232,,333000,4294967295,
migrate_demo,server,2,19207657,242232,,333000,4294967295,
migrate_demo,server,2,19212908,242232,,333000,4294967295,
migrate_demo,server,2,19218184,242842,,333000,4294967295,
migrate_demo,server,2,19223421,242842,,333000,4294967295,
migrate_demo,server,2,19228671,242842,,333000,4294967295,
migrate_demo,server,2,19233905,242842,,333000,4294967295,
migrate_demo,server,2,19239145,243452,,333000,4294967295,
migrate_demo,server,2,19244363,243452,,333000,4294967295,
migrate_demo,server,2,19249587,243452,,333000,4294967295,
migrate_demo,server,2,19254793,243452,,333000,4294967295,
migrate_demo,server,2,19259997,243452,,333000,4294967295,
migrate_demo,server,2,19265240,244062,,333000,4294967295,
migrate_demo,server,2,19270496,244062,,333000,4294967295,
migrate_demo,server,2,19275752,244062,,333000,4294967295,
migrate_demo,server,2,19281006,244062,,333000,4294967295,
migrate_demo,server,2,19286292,244672,,333000,4294967295,
migrate_demo,server,2,19291557,244672,,333000,4294967295,
migrate_demo,server,2,19296793,244672,,333000,4294967295,
migrate_demo,server,2,19302019,244672,,333000,4294967295,
migrate_demo,server,2,19307267,245282,,333000,4294967295,
migrate_demo,server,2,19312528,245282,,333000,4294967295,
migrate_demo,server,2,19317756,245282,,333000,4294967295,
migrate_demo,server,2,19322978,245282,,333000,4294967295,
migrate_demo,server,2,19328208,245282,,333000,4294967295,
migrate_demo,server,2,19333483,245892,,333000,4294967295,
migrate_demo,server,2,19338729,245892,,333000,4294967295,
migrate_demo,server,2,19343930,245892,,333000,4294967295,
migrate_demo,server,2,19349169,245892,,333000,4294967295,
migrate_demo,server,2,19354503,246502,,333000,4294967295,
migrate_demo,server,2,19359704,246502,,333000,4294967295,
migrate_demo,server,2,19365022,246502,,333000,4294967295,
migrate_demo,server,2,19370249,246502,,333000,4294967295,
migrate_demo,server,2,19375539,247112,,333000,4294967295,
migrate_demo,server,2,19380761,247112,,333000,4294967295,
migrate_demo,server,2,19385990,247112,,333000,4294967295,
migrate_demo,server,2,19391320,247722,,333000,4294967295,
migrate_demo,server,2,19396541,247722,,333000,4294967295,
migrate_demo,server,2,19401762,247722,,333000,4294967295,
migrate_demo,server,2,19406990,247722,,333000,4294967295,
migrate_demo,server,2,19412291,248332,,333000,4294967295,
migrate_demo,server,2,19417621,248332,,333000,4294967295,
migrate_demo,server,2,19422872,248332,,333000,4294967295,
migrate_demo,server,2,19428085,248942,,333000,4294967295,
migrate_demo,server,2,19433339,248942,,333000,4294967295,
migrate_demo,server,2,19438579,248942,,333000,4294967295,
migrate_demo,server,2,19443824,248942,,333000,4294967295,
migrate_demo,server,2,19449109,249552,,333000,4294967295,
migrate_demo,server,2,19454358,249552,,333000,4294967295,
migrate_demo,server,2,19459576,249552,,333000,4294967295,
migrate_demo,server,2,19464839,249552,,333000,4294967295,
migrate_demo,server,2,19470097,250162,,333000,4294967295,
migrate_demo,server,2,19475296,250162,,333000,4294967295,
migrate_demo,server,2,19480571,250162,,333000,4294967295,
migrate_demo,server,2,19485783,250162,,333000,4294967295,
migrate_demo,server,2,19490988,250162,,333000,4294967295,
migrate_demo,server,2,19496231,250772,,333000,4294967295,
migrate_demo,server,2,19501441,250772,,333000,4294967295,
migrate_demo,server,2,19506647,250772,,333000,4294967295,
migrate_demo,server,2,19511855,250772,,333000,4294967295,
migrate_demo,server,2,19517148,251382,,333000,4294967295,
migrate_demo,server,2,19522430,251382,,333000,4294967295,
migrate_demo,server,2,19527721,251382,,333000,4294967295,
migrate_demo,server,2,19532960,251382,,333000,4294967295,
migrate_demo,server,2,19538220,251992,,333000,4294967295,
migrate_demo,server,2,19543474,251992,,333000,4294967295,
migrate_demo,server,2,19548763,251992,,333000,4294967295,
migrate_demo,server,2,19554053,251992,,333000,4294967295,
migrate_demo,server,2,19559240,251992,,333000,4294967295,
migrate_demo,server,2,19564473,252602,,333000,4294967295,
migrate_demo,server,2,19569678,252602,,333000,4294967295,
migrate_demo,server,2,19574905,252602,,333000,4294967295,
migrate_demo,server,2,19580110,252602,,333000,4294967295,
migrate_demo,server,2,19585312,253212,,333000,4294967295,
migrate_demo,server,2,19590605,253212,,333000,4294967295,
migrate_demo,server,2,19595860,253212,,333000,4294967295,
migrate_demo,server,2,19601181,253212,,333000,4294967295,
migrate_demo,server,2,19606442,253822,,333000,4294967295,
migrate_demo,server,2,19611684,253822,,333000,4294967295,
migrate_demo,server,2,19616901,253822,,333000,4294967295,
migrate_demo,server,2,19622157,253822,,333000,4294967295,
migrate_demo,server,2,19627399,253822,,333000,4294967295,
migrate_demo,server,2,19632632,254432,,333000,4294967295,
migrate_demo,server,2,19637840,254432,,333000,4294967295,
migrate_demo,server,2,19643090,254432,,333000,4294967295,
migrate_demo,server,2,19648290,254432,,333000,4294967295,
migrate_demo,server,2,19653630,255042,,333000,4294967295,
migrate_demo,server,2,19658835,255042,,333000,4294967295,
migrate_demo,server,2,19664087,255042,,333000,4294967295,
migrate_demo,server,2,19669314,255042,,333000,4294967295,
migrate_demo,server,2,19674506,255652,,333000,4294967295,
migrate_demo,server,2,19679715,255652,,333000,4294967295,
migrate_demo,server,2,19684922,255652,,333000,4294967295,
migrate_demo,server,2,19690110,255652,,333000,4294967295,
migrate_demo,server,2,19695485,255652,,333000,4294967295,
migrate_demo,server,2,19700760,256262,,333000,4294967295,
migrate_demo,server,2,19705983,256262,,333000,4294967295,
migrate_demo,server,2,19711240,256262,,333000,4294967295,
migrate_demo,server,2,19716465,256262,,333000,4294967295,
migrate_demo,server,2,19721766,256872,,333000,4294967295,
migrate_demo,server,2,19727023,256872,,333000,4294967295,
migrate_demo,server,2,19732344,256872,,333000,4294967295,
migrate_demo,server,2,19737589,256872,,333000,4294967295,
migrate_demo,server,2,19742924,257482,,333000,4294967295,
migrate_demo,server,2,19748167,257482,,333000,4294967295,
migrate_demo,server,2,19753405,257482,,333000,4294967295,
migrate_demo,server,2,19758688,257482,,333000,4294967295,
migrate_demo,server,2,19763950,258092,,333000,4294967295,
migrate_demo,server,2,19769189,258092,,333000,4294967295,
migrate_demo,server,2,19774507,258092,,333000,4294967295,
migrate_demo,server,2,19779773,258092,,333000,4294967295,
migrate_demo,server,2,19785025,258092,,333000,4294967295,
migrate_demo,server,2,19790338,258702,,333000,4294967295,
migrate_demo,server,2,19795619,258702,,333000,4294967295,
migrate_demo,server,2,19800888,258702,,333000,4294967295,
migrate_demo,server,2,19806145,258702,,333000,4294967295,
migrate_demo,server,2,19811377,259312,,333000,4294967295,
migrate_demo,server,2,19816615,259312,,333000,4294967295,
migrate_demo,server,2,19821849,259312,,333000,4294967295,
migrate_demo,server,2,19827075,259312,,333000,4294967295,
migrate_demo,server,2,19832913,259922,,333000,4294967295,
migrate_demo,server,2,19838140,259922,,333000,4294967295,
migrate_demo,server,2,19843460,259922,,333000,4294967295,
migrate_demo,server,2,19848708,259922,,333000,4294967295,
migrate_demo,server,2,19853991,259922,,333000,4294967295,
migrate_demo,server,2,19859217,260532,,333000,4294967295,
migrate_demo,server,2,19864490,260532,,333000,4294967295,
migrate_demo,server,2,19869723,260532,,333000,4294967295,
migrate_demo,server,2,19874979,260532,,333000,4294967295,
migrate_demo,server,2,19880223,261142,,333000,4294967295,
migrate_demo,server,2,19885434,261142,,333000,4294967295,
migrate_demo,server,2,19890673,261142,,333000,4294967295,
migrate_demo,server,2,19895965,261142,,333000,4294967295,
migrate_demo,server,2,19901165,261752,,333000,4294967295,
migrate_demo,server,2,19906443,261752,,333000,4294967295,
migrate_demo,server,2,19911701,261752,,333000,4294967295,
migrate_demo,server,2,19916914,261752,,333000,4294967295,
migrate_demo,server,2,19922075,261752,,333000,4294967295,
migrate_demo,server,2,19927203,262362,,333000,4294967295,
migrate_demo,server,2,19932337,262362,,333000,4294967295,
migrate_demo,server,2,19937699,262362,,333000,4294967295,
migrate_demo,server,2,19942964,262362,,333000,4294967295,
migrate_demo,server,2,19948220,262972,,333000,4294967295,
migrate_demo,server,2,19953492,262972,,333000,4294967295,
migrate_demo,server,2,19958683,262972,,333000,4294967295,
migrate_demo,server,2,19963884,262972,,333000,4294967295,
migrate_demo,server,2,19969203,263582,,333000,4294967295,
migrate_demo,server,2,19974412,263582,,333000,4294967295,
migrate_demo,server,2,19979719,263582,,333000,4294967295,
migrate_demo,server,2,19984992,263582,,333000,4294967295,
migrate_demo,server,2,19990241,263582,,333000,4294967295,
migrate_demo,server,2,19995557,264192,,333000,4294967295,
migrate_demo,server,2,20000814,264192,,333000,4294967295,
migrate_demo,server,2,20006055,264192,,333000,4294967295,
migrate_demo,server,2,20011301,264192,,333000,4294967295,
migrate_demo,server,2,20016544,264802,,333000,4294967295,
migrate_demo,server,2,20021837,264802,,333000,4294967295,
migrate_demo,server,2,20027143,264802,,333000,4294967295,
migrate_demo,server,2,20032397,264802,,333000,4294967295,
migrate_demo,server,2,20037645,265412,,333000,4294967295,
migrate_demo,server,2,20042968,265412,,333000,4294967295,
migrate_demo,server,2,20048190,265412,,333000,4294967295,
migrate_demo,server,2,20053443,265412,,333000,4294967295,
migrate_demo,server,2,20058671,265412,,333000,4294967295,
migrate_demo,server,2,20063918,266022,,333000,4294967295,
migrate_demo,server,2,20069138,266022,,333000,4294967295,
migrate_demo,server,2,20074389,266022,,333000,4294967295,
migrate_demo,server,2,20079608,266022,,333000,4294967295,
migrate_demo,server,2,20084832,266632,,333000,4294967295,
migrate_demo,server,2,20090068,266632,,333000,4294967295,
migrate_demo,server,2,20095342,266632,,333000,4294967295,
migrate_demo,server,2,20100601,266632,,333000,4294967295,
migrate_demo,server,2,20105880,267242,,333000,4294967295,
migrate_demo,server,2,20111083,267242,,333000,4294967295,
migrate_demo,server,2,20116328,267242,,333000,4294967295,
migrate_demo,server,2,20121563,267242,,333000,4294967295,
migrate_demo,server,2,20126816,267242,,333000,4294967295,
migrate_demo,server,2,20132025,267852,,333000,4294967295,
migrate_demo,server,2,20137287,267852,,333000,4294967295,
migrate_demo,server,2,20142525,267852,,333000,4294967295,
migrate_demo,server,2,20147795,267852,,333000,4294967295,
migrate_demo,server,2,20153084,268462,,333000,4294967295,
migrate_demo,server,2,20158293,268462,,333000,4294967295,
migrate_demo,server,2,20163518,268462,,333000,4294967295,
migrate_demo,server,2,20168743,268462,,333000,4294967295,
migrate_demo,server,2,20174010,269072,,333000,4294967295,
migrate_demo,server,2,20179259,269072,,333000,4294967295,
migrate_demo,server,2,20184464,269072,,333000,4294967295,
migrate_demo,server,2,20189694,269072,,333000,4294967295,
migrate_demo,server,2,20194980,269072,,333000,4294967295,
migrate_demo,server,2,20200289,269682,,333000,4294967295,
migrate_demo,server,2,20205487,269682,,333000,4294967295,
migrate_demo,server,2,20210732,269682,,333000,4294967295,
migrate_demo,server,2,20216039,269682,,333000,4294967295,
migrate_demo,server,2,20221290,270292,,333000,4294967295,
migrate_demo,server,2,20226560,270292,,333000,4294967295,
migrate_demo,server,2,20231871,270292,,333000,4294967295,
migrate_demo,server,2,20237117,270292,,333000,4294967295,
migrate_demo,server,2,20242445,270902,,333000,4294967295,
migrate_demo,server,2,20247751,270902,,333000,4294967295,
migrate_demo,server,2,20253042,270902,,333000,4294967295,
migrate_demo,server,2,20258359,270902,,333000,4294967295,
migrate_demo,server,2,20263618,270902,,333000,4294967295,
migrate_demo,server,2,20268885,271512,,333000,4294967295,
migrate_demo,server,2,20274145,271512,,333000,4294967295,
migrate_demo,server,2,20279405,271512,,333000,4294967295,
migrate_demo,server,2,20284658,271512,,333000,4294967295,
migrate_demo,server,2,20289918,272122,,333000,4294967295,
migrate_demo,server,2,20295210,272122,,333000,4294967295,
migrate_demo,server,2,20300459,272122,,333000,4294967295,
migrate_demo,server,2,20305749,272122,,333000,4294967295,
migrate_demo,server,2,20311010,272732,,333000,4294967295,
migrate_demo,server,2,20316321,273342,,333000,4294967295,
migrate_demo,server,2,20321569,273342,,333000,4294967295,
migrate_demo,server,2,20326813,273342,,333000,4294967295,
migrate_demo,server,2,20332083,273342,,333000,4294967295,
migrate_demo,server,2,20337422,273952,,333000,4294967295,
migrate_demo,server,2,20342688,273952,,333000,4294967295,
migrate_demo,server,2,20347971,273952,,333000,4294967295,
migrate_demo,server,2,20353185,273952,,333000,4294967295,
migrate_demo,server,2,20358395,273952,,333000,4294967295,
migrate_demo,server,2,20363617,274562,,333000,4294967295,
migrate_demo,server,2,20368822,274562,,333000,4294967295,
migrate_demo,server,2,20374034,274562,,333000,4294967295,
migrate_demo,server,2,20379446,274562,,333000,4294967295,
migrate_demo,server,2,20384729,275172,,333000,4294967295,
migrate_demo,server,2,20390000,275172,,333000,4294967295,
migrate_demo,server,2,20395294,275172,,333000,4294967295,
migrate_demo,server,2,20400582,275172,,333000,4294967295,
migrate_demo,server,2,20405786,275782,,333000,4294967295,
migrate_demo,server,2,20411023,275782,,333000,4294967295,
migrate_demo,server,2,20416289,275782,,333000,4294967295,
migrate_demo,server,2,20421549,275782,,333000,4294967295,
migrate_demo,server,2,20427452,276392,,333000,4294967295,
migrate_demo,server,2,20432698,276392,,333000,4294967295,
migrate_demo,server,2,20438059,276392,,333000,4294967295,
migrate_demo,server,2,20443313,276392,,333000,4294967295,
migrate_demo,server,2,20448684,276392,,333000,4294967295,
migrate_demo,server,2,20454113,277002,,333000,4294967295,
migrate_demo,server,2,20459404,277002,,333000,4294967295,
migrate_demo,server,2,20464687,277002,,333000,4294967295,
migrate_demo,server,2,20470043,277002,,333000,4294967295,
migrate_demo,server,2,20475447,277612,,333000,4294967295,
migrate_demo,server,2,20480730,277612,,333000,4294967295,
migrate_demo,server,2,20486051,277612,,333000,4294967295,
migrate_demo,server,2,20491398,277612,,333000,4294967295,
migrate_demo,server,2,20496698,278222,,333000,4294967295,
migrate_demo,server,2,20501917,278222,,333000,4294967295,
migrate_demo,server,2,20507285,278222,,333000,4294967295,
migrate_demo,server,2,20512728,278222,,333000,4294967295,
migrate_demo,server,2,20518127,278832,,333000,4294967295,
migrate_demo,server,2,20523386,278832,,333000,4294967295,
migrate_demo,server,2,20528643,278832,,333000,4294967295,
migrate_demo,server,2,20533906,278832,,333000,4294967295,
migrate_demo,server,2,20539130,278832,,333000,4294967295,
migrate_demo,server,2,20544574,279442,,333000,4294967295,
migrate_demo,server,2,20549839,279442,,333000,4294967295,
migrate_demo,server,2,20555083,279442,,333000,4294967295,
migrate_demo,server,2,20560318,279442,,333000,4294967295,
migrate_demo,server,2,20565583,280052,,333000,4294967295,
migrate_demo,server,2,20570888,280052,,333000,4294967295,
migrate_demo,server,2,20576134,280052,,333000,4294967295,
migrate_demo,server,2,20581385,280052,,333000,4294967295,
migrate_demo,server,2,20586653,280662,,333000,4294967295,
migrate_demo,server,2,20592039,280662,,333000,4294967295,
migrate_demo,server,2,20597252,280662,,333000,4294967295,
migrate_demo,server,2,20602494,280662,,333000,4294967295,
migrate_demo,server,2,20607834,280662,,333000,4294967295,
migrate_demo,server,2,20613070,281272,,333000,4294967295,
migrate_demo,server,2,20618277,281272,,333000,4294967295,
migrate_demo,server,2,20623554,281272,,333000,4294967295,
migrate_demo,server,2,20628949,281272,,333000,4294967295,
migrate_demo,server,2,20634206,281882,,333000,4294967295,
migrate_demo,server,2,20639445,281882,,333000,4294967295,
migrate_demo,server,2,20644681,281882,,333000,4294967295,
migrate_demo,server,2,20649915,281882,,333000,4294967295,
migrate_demo,server,2,20655097,282492,,333000,4294967295,
migrate_demo,server,2,20660356,282492,,333000,4294967295,
migrate_demo,server,2,20665575,282492,,333000,4294967295,
migrate_demo,server,2,20670784,282492,,333000,4294967295,
migrate_demo,server,2,20676068,282492,,333000,4294967295,
migrate_demo,server,2,20681349,283102,,333000,4294967295,
migrate_demo,server,2,20686586,283102,,333000,4294967295,
migrate_demo,server,2,20691817,283102,,333000,4294967295,
migrate_demo,server,2,20697025,283102,,333000,4294967295,
migrate_demo,server,2,20702228,283712,,333000,4294967295,
migrate_demo,server,2,20707464,283712,,333000,4294967295,
migrate_demo,server,2,20712709,283712,,333000,4294967295,
migrate_demo,server,2,20717956,283712,,333000,4294967295,
migrate_demo,server,2,20723196,284322,,333000,4294967295,
migrate_demo,server,2,20728378,284322,,333000,4294967295,
migrate_demo,server,2,20733632,284322,,333000,4294967295,
migrate_demo,server,2,20738884,284322,,333000,4294967295,
migrate_demo,server,2,20744118,284322,,333000,4294967295,
migrate_demo,server,2,20749343,284932,,333000,4294967295,
migrate_demo,server,2,20754587,284932,,333000,4294967295,
migrate_demo,server,2,20759874,284932,,333000,4294967295,
migrate_demo,server,2,20765144,284932,,333000,4294967295,
migrate_demo,server,2,20770322,285542,,333000,4294967295,
migrate_demo,server,2,20775533,285542,,333000,4294967295,
migrate_demo,server,2,20780871,285542,,333000,4294967295,
migrate_demo,server,2,20786139,285542,,333000,4294967295,
migrate_demo,server,2,20791353,286152,,333000,4294967295,
migrate_demo,server,2,20796855,286152,,333000,4294967295,
migrate_demo,server,2,20802135,286152,,333000,4294967295,
migrate_demo,server,2,20807377,286152,,333000,4294967295,
migrate_demo,server,2,20812895,286762,,333000,4294967295,
migrate_demo,server,2,20818129,286762,,333000,4294967295,
migrate_demo,server,2,20823387,286762,,333000,4294967295,
migrate_demo,server,2,20828577,286762,,333000,4294967295,
migrate_demo,server,2,20833837,286762,,333000,4294967295,
migrate_demo,server,2,20839072,287372,,333000,4294967295,
migrate_demo,server,2,20844250,287372,,333000,4294967295,
migrate_demo,server,2,20849477,287372,,333000,4294967295,
migrate_demo,server,2,20854643,287372,,333000,4294967295,
migrate_demo,server,2,20859880,287982,,333000,4294967295,
migrate_demo,server,2,20865137,287982,,333000,4294967295,
migrate_demo,server,2,20870443,287982,,333000,4294967295,
migrate_demo,server,2,20875719,287982,,333000,4294967295,
migrate_demo,server,2,20881022,288592,,333000,4294967295,
migrate_demo,server,2,20886311,288592,,333000,4294967295,
migrate_demo,server,2,20891516,288592,,333000,4294967295,
migrate_demo,server,2,20896784,288592,,333000,4294967295,
migrate_demo,server,2,20902039,288592,,333000,4294967295,
migrate_demo,server,2,20907292,289202,,333000,4294967295,
migrate_demo,server,2,20912491,289202,,333000,4294967295,
migrate_demo,server,2,20917695,289202,,333000,4294967295,
migrate_demo,server,2,20922905,289202,,333000,4294967295,
migrate_demo,server,2,20928141,289812,,333000,4294967295,
migrate_demo,server,2,20933376,289812,,333000,4294967295,
migrate_demo,server,2,20938650,289812,,333000,4294967295,
migrate_demo,server,2,20943876,289812,,333000,4294967295,
migrate_demo,server,2,20949442,290422,,333000,4294967295,
migrate_demo,server,2,20954677,290422,,333000,4294967295,
migrate_demo,server,2,20959898,290422,,333000,4294967295,
migrate_demo,server,2,20965114,290422,,333000,4294967295,
migrate_demo,server,2,20970365,290422,,333000,4294967295,
migrate_demo,server,2,20975654,291032,,333000,4294967295,
migrate_demo,server,2,20980922,291032,,333000,4294967295,
migrate_demo,server,2,20986174,291032,,333000,4294967295,
migrate_demo,server,2,20991386,291032,,333000,4294967295,
migrate_demo,server,2,20996756,291642,,333000,4294967295,
migrate_demo,server,2,21001992,291642,,333000,4294967295,
migrate_demo,server,2,21007263,291642,,333000,4294967295,
migrate_demo,server,2,21012485,291642,,333000,4294967295,
migrate_demo,server,2,21017686,292252,,333000,4294967295,
migrate_demo,server,2,21022880,292252,,333000,4294967295,
migrate_demo,server,2,21028143,292252,,333000,4294967295,
migrate_demo,server,2,21033346,292252,,333000,4294967295,
migrate_demo,server,2,21038639,292252,,333000,4294967295,
migrate_demo,server,2,21043809,292862,,333000,4294967295,
migrate_demo,server,2,21049022,292862,,333000,4294967295,
migrate_demo,server,2,21054313,292862,,333000,4294967295,
migrate_demo,server,2,21059567,292862,,333000,4294967295,
migrate_demo,server,2,21064838,293472,,333000,4294967295,
migrate_demo,server,2,21070083,293472,,333000,4294967295,
migrate_demo,server,2,21075318,293472,,333000,4294967295,
migrate_demo,server,2,21080529,293472,,333000,4294967295,
migrate_demo,server,2,21085771,294082,,333000,4294967295,
migrate_demo,server,2,21091060,294082,,333000,4294967295,
migrate_demo,server,2,21096350,294082,,333000,4294967295,
migrate_demo,server,2,21101583,294082,,333000,4294967295,
migrate_demo,server,2,21106832,294082,,333000,4294967295,
migrate_demo,server,2,21112118,294692,,333000,4294967295,
migrate_demo,server,2,21117345,294692,,333000,4294967295,
migrate_demo,server,2,21122579,294692,,333000,4294967295,
migrate_demo,server,2,21127806,294692,,333000,4294967295,
migrate_demo,server,2,21133073,295302,,333000,4294967295,
migrate_demo,server,2,21138356,295302,,333000,4294967295,
migrate_demo,server,2,21143646,295302,,333000,4294967295,
migrate_demo,server,2,21148908,295302,,333000,4294967295,
migrate_demo,server,2,21154168,295912,,333000,4294967295,
migrate_demo,server,2,21159436,295912,,333000,4294967295,
migrate_demo,server,2,21164656,295912,,333000,4294967295,
migrate_demo,server,2,21170233,296522,,333000,4294967295,
migrate_demo,server,2,21175469,296522,,333000,4294967295,
migrate_demo,server,2,21180710,296522,,333000,4294967295,
migrate_demo,server,2,21185931,296522,,333000,4294967295,
migrate_demo,server,2,21191289,297132,,333000,4294967295,
migrate_demo,server,2,21196561,297132,,333000,4294967295,
migrate_demo,server,2,21201766,297132,,333000,4294967295,
migrate_demo,server,2,21207101,297742,,333000,4294967295,
migrate_demo,server,2,21212395,297742,,333000,4294967295,
migrate_demo,server,2,21217645,297742,,333000,4294967295,
migrate_demo,server,2,21222905,297742,,333000,4294967295,
migrate_demo,server,2,21228101,298352,,333000,4294967295,
migrate_demo,server,2,21233357,298352,,333000,4294967295,
migrate_demo,server,2,21238603,298352,,333000,4294967295,
migrate_demo,server,2,21243752,298352,,333000,4294967295,
migrate_demo,server,2,21248985,298962,,333000,4294967295,
migrate_demo,server,2,21254257,298962,,333000,4294967295,
migrate_demo,server,2,21259494,298962,,333000,4294967295,
migrate_demo,server,2,21264766,298962,,333000,4294967295,
migrate_demo,server,2,21270091,298962,,333000,4294967295,
migrate_demo,server,2,21275332,299572,,333000,4294967295,
migrate_demo,server,2,21280632,299572,,333000,4294967295,
migrate_demo,server,2,21285879,299572,,333000,4294967295,
migrate_demo,server,2,21291104,299572,,333000,4294967295,
migrate_demo,server,2,21296399,300182,,333000,4294967295,
migrate_demo,server,2,21301627,300182,,333000,4294967295,
migrate_demo,server,2,21306867,300182,,333000,4294967295,
migrate_demo,server,2,21312081,300182,,333000,4294967295,
migrate_demo,server,2,21317287,300792,,333000,4294967295,
migrate_demo,server,2,21322568,300792,,333000,4294967295,
migrate_demo,server,2,21327794,300792,,333000,4294967295,
migrate_demo,server,2,21333011,300792,,333000,4294967295,
migrate_demo,server,2,21338256,300792,,333000,4294967295,
migrate_demo,server,2,21343716,301402,,333000,4294967295,
migrate_demo,server,2,21348923,301402,,333000,4294967295,
migrate_demo,server,2,21354186,301402,,333000,4294967295,
migrate_demo,server,2,21359478,301402,,333000,4294967295,
migrate_demo,server,2,21364739,302012,,333000,4294967295,
migrate_demo,server,2,21369987,302012,,333000,4294967295,
migrate_demo,server,2,21375238,302012,,333000,4294967295,
migrate_demo,server,2,21380468,302012,,333000,4294967295,
migrate_demo,server,2,21385756,302622,,333000,4294967295,
migrate_demo,server,2,21391031,302622,,333000,4294967295,
migrate_demo,server,2,21396311,302622,,333000,4294967295,
migrate_demo,server,2,21401534,302622,,333000,4294967295,
migrate_demo,server,2,21406997,303232,,333000,4294967295,
migrate_demo,server,2,21412286,303232,,333000,4294967295,
migrate_demo,server,2,21417537,303232,,333000,4294967295,
migrate_demo,server,2,21422754,303232,,333000,4294967295,
migrate_demo,server,2,21428039,303232,,333000,4294967295,
migrate_demo,server,2,21433277,303842,,333000,4294967295,
migrate_demo,server,2,21438505,303842,,333000,4294967295,
migrate_demo,server,2,21443778,303842,,333000,4294967295,
migrate_demo,server,2,21449006,303842,,333000,4294967295,
migrate_demo,server,2,21454390,304452,,333000,4294967295,
migrate_demo,server,2,21459751,304452,,333000,4294967295,
migrate_demo,server,2,21464925,304452,,333000,4294967295,
migrate_demo,server,2,21470152,304452,,333000,4294967295,
migrate_demo,server,2,21476245,305062,,333000,4294967295,
migrate_demo,server,2,21481441,305062,,333000,4294967295,
migrate_demo,server,2,21486699,305062,,333000,4294967295,
migrate_demo,server,2,21491945,305062,,333000,4294967295,
migrate_demo,server,2,21497222,305062,,333000,4294967295,
migrate_demo,server,2,21502452,305672,,333000,4294967295,
migrate_demo,server,2,21507642,305672,,333000,4294967295,
migrate_demo,server,2,21512854,305672,,333000,4294967295,
migrate_demo,server,2,21518100,305672,,333000,4294967295,
migrate_demo,server,2,21523384,306282,,333000,4294967295,
migrate_demo,server,2,21528571,306282,,333000,4294967295,
migrate_demo,server,2,21533768,306282,,333000,4294967295,
migrate_demo,server,2,21539043,306282,,333000,4294967295,
migrate_demo,server,2,21544253,306892,,333000,4294967295,
migrate_demo,server,2,21549505,306892,,333000,4294967295,
migrate_demo,server,2,21554757,306892,,333000,4294967295,
migrate_demo,server,2,21560018,306892,,333000,4294967295,
migrate_demo,server,2,21565280,306892,,333000,4294967295,
migrate_demo,server,2,21570518,307502,,333000,4294967295,
migrate_demo,server,2,21575746,307502,,333000,4294967295,
migrate_demo,server,2,21580971,307502,,333000,4294967295,
migrate_demo,server,2,21586221,307502,,333000,4294967295,
migrate_demo,server,2,21591477,308112,,333000,4294967295,
migrate_demo,server,2,21596684,308112,,333000,4294967295,
migrate_demo,server,2,21601900,308112,,333000,4294967295,
migrate_demo,server,2,21607128,308112,,333000,4294967295,
migrate_demo,server,2,21612426,308722,,333000,4294967295,
migrate_demo,server,2,21617689,308722,,333000,4294967295,
migrate_demo,server,2,21622928,308722,,333000,4294967295,
migrate_demo,server,2,21628150,308722,,333000,4294967295,
migrate_demo,server,2,21633381,308722,,333000,4294967295,
migrate_demo,server,2,21638624,309332,,333000,4294967295,
migrate_demo,server,2,21643891,309332,,333000,4294967295,
migrate_demo,server,2,21649351,309332,,333000,4294967295,
migrate_demo,server,2,21654581,309332,,333000,4294967295,
migrate_demo,server,2,21659840,309942,,333000,4294967295,
migrate_demo,server,2,21665089,309942,,333000,4294967295,
migrate_demo,server,2,21670359,309942,,333000,4294967295,
migrate_demo,server,2,21675596,309942,,333000,4294967295,
migrate_demo,server,2,21680818,310552,,333000,4294967295,
migrate_demo,server,2,21686072,310552,,333000,4294967295,
migrate_demo,server,2,21691319,310552,,333000,4294967295,
migrate_demo,server,2,21696567,310552,,333000,4294967295,
migrate_demo,server,2,21701950,310552,,333000,4294967295,
migrate_demo,server,2,21707199,311162,,333000,4294967295,
migrate_demo,server,2,21712427,311162,,333000,4294967295,
migrate_demo,server,2,21717679,311162,,333000,4294967295,
migrate_demo,server,2,21722919,311162,,333000,4294967295,
migrate_demo,server,2,21728125,311772,,333000,4294967295,
migrate_demo,server,2,21733352,311772,,333000,4294967295,
migrate_demo,server,2,21738574,311772,,333000,4294967295,
migrate_demo,server,2,21743797,311772,,333000,4294967295,
migrate_demo,server,2,21749184,312382,,333000,4294967295,
migrate_demo,server,2,21754395,312382,,333000,4294967295,
migrate_demo,server,2,21759687,312382,,333000,4294967295,
migrate_demo,server,2,21764928,312382,,333000,4294967295,
migrate_demo,server,2,21770432,312992,,333000,4294967295,
migrate_demo,server,2,21775666,312992,,333000,4294967295,
migrate_demo,server,2,21780932,312992,,333000,4294967295,
migrate_demo,server,2,21786214,312992,,333000,4294967295,
migrate_demo,server,2,21791470,312992,,333000,4294967295,
migrate_demo,server,2,21796724,313602,,333000,4294967295,
migrate_demo,server,2,21802014,313602,,333000,4294967295,
migrate_demo,server,2,21807234,313602,,333000,4294967295,
migrate_demo,server,2,21812451,313602,,333000,4294967295,
migrate_demo,server,2,21817675,314212,,333000,4294967295,
migrate_demo,server,2,21822977,314212,,333000,4294967295,
migrate_demo,server,2,21828264,314212,,333000,4294967295,
migrate_demo,server,2,21833493,314212,,333000,4294967295,
migrate_demo,server,2,21838729,314822,,333000,4294967295,
migrate_demo,server,2,21844005,314822,,333000,4294967295,
migrate_demo,server,2,21849223,314822,,333000,4294967295,
migrate_demo,server,2,21854386,314822,,333000,4294967295,
migrate_demo,server,2,21859608,314822,,333000,4294967295,
migrate_demo,server,2,21864860,315432,,333000,4294967295,
migrate_demo,server,2,21870111,315432,,333000,4294967295,
migrate_demo,server,2,21875340,315432,,333000,4294967295,
migrate_demo,server,2,21880584,315432,,333000,4294967295,
migrate_demo,server,2,21885854,316042,,333000,4294967295,
migrate_demo,server,2,21891061,316042,,333000,4294967295,
migrate_demo,server,2,21896277,316042,,333000,4294967295,
migrate_demo,server,2,21901524,316042,,333000,4294967295,
migrate_demo,server,2,21907545,316652,,333000,4294967295,
migrate_demo,server,2,21912812,316652,,333000,4294967295,
migrate_demo,server,2,21918114,316652,,333000,4294967295,
migrate_demo,server,2,21923414,316652,,333000,4294967295,
migrate_demo,server,2,21928786,316652,,333000,4294967295,
migrate_demo,server,2,21934204,317262,,333000,4294967295,
migrate_demo,server,2,21939462,317262,,333000,4294967295,
migrate_demo,server,2,21944683,317262,,333000,4294967295,
migrate_demo,server,2,21949939,317262,,333000,4294967295,
migrate_demo,server,2,21955184,317872,,333000,4294967295,
migrate_demo,server,2,21960507,317872,,333000,4294967295,
migrate_demo,server,2,21965781,317872,,333000,4294967295,
migrate_demo,server,2,21971013,317872,,333000,4294967295,
migrate_demo,server,2,21976283,318482,,333000,4294967295,
migrate_demo,server,2,21981513,318482,,333000,4294967295,
migrate_demo,server,2,21986750,318482,,333000,4294967295,
migrate_demo,server,2,21992012,318482,,333000,4294967295,
migrate_demo,server,2,21997400,319092,,333000,4294967295,
migrate_demo,server,2,22002656,319092,,333000,4294967295,
migrate_demo,server,2,22007983,319092,,333000,4294967295,
migrate_demo,server,2,22013199,319092,,333000,4294967295,
migrate_demo,server,2,22018478,319092,,333000,4294967295,
migrate_demo,server,2,22023759,319702,,333000,4294967295,
migrate_demo,server,2,22029003,319702,,333000,4294967295,
migrate_demo,server,2,22034263,319702,,333000,4294967295,
migrate_demo,server,2,22039478,319702,,333000,4294967295,
migrate_demo,server,2,22044732,320312,,333000,4294967295,
migrate_demo,server,2,22050049,320312,,333000,4294967295,
migrate_demo,server,2,22055316,320312,,333000,4294967295,
migrate_demo,server,2,22060540,320312,,333000,4294967295,
migrate_demo,server,2,22065997,320922,,333000,4294967295,
migrate_demo,server,2,22071219,320922,,333000,4294967295,
migrate_demo,server,2,22076431,320922,,333000,4294967295,
migrate_demo,server,2,22081625,320922,,333000,4294967295,
migrate_demo,server,2,22086873,320922,,333000,4294967295,
migrate_demo,server,2,22092101,322142,,333000,4294967295,
migrate_demo,server,2,22097360,322142,,333000,4294967295,
migrate_demo,server,2,22102632,322142,,333000,4294967295,
migrate_demo,server,2,22108014,322142,,333000,4294967295,
migrate_demo,server,2,22113255,322142,,333000,4294967295,
migrate_demo,server,2,22118561,322752,,333000,4294967295,
migrate_demo,server,2,22123819,322752,,333000,4294967295,
migrate_demo,server,2,22129116,322752,,333000,4294967295,
migrate_demo,server,2,22134412,322752,,333000,4294967295,
migrate_demo,server,2,22139691,323362,,333000,4294967295,
migrate_demo,server,2,22144967,323362,,333000,4294967295,
migrate_demo,server,2,22150193,323362,,333000,4294967295,
migrate_demo,server,2,22155394,323362,,333000,4294967295,
migrate_demo,server,2,22160607,323972,,333000,4294967295,
migrate_demo,server,2,22165815,323972,,333000,4294967295,
migrate_demo,server,2,22171026,323972,,333000,4294967295,
migrate_demo,server,2,22176250,323972,,333000,4294967295,
migrate_demo,server,2,22181473,323972,,333000,4294967295,
migrate_demo,server,2,22186755,324582,,333000,4294967295,
migrate_demo,server,2,22191983,324582,,333000,4294967295,
migrate_demo,server,2,22197383,324582,,333000,4294967295,
migrate_demo,server,2,22202661,324582,,333000,4294967295,
migrate_demo,server,2,22207925,325192,,333000,4294967295,
migrate_demo,server,2,22213165,325192,,333000,4294967295,
migrate_demo,server,2,22218443,325192,,333000,4294967295,
migrate_demo,server,2,22223708,325192,,333000,4294967295,
migrate_demo,server,2,22228960,325802,,333000,4294967295,
migrate_demo,server,2,22234224,325802,,333000,4294967295,
migrate_demo,server,2,22239466,325802,,333000,4294967295,
migrate_demo,server,2,22244744,325802,,333000,4294967295,
migrate_demo,server,2,22249969,325802,,333000,4294967295,
migrate_demo,server,2,22255195,326412,,333000,4294967295,
migrate_demo,server,2,22260435,326412,,333000,4294967295,
migrate_demo,server,2,22265802,326412,,333000,4294967295,
migrate_demo,server,2,22271107,326412,,333000,4294967295,
migrate_demo,server,2,22276418,327022,,333000,4294967295,
migrate_demo,server,2,22281648,327022,,333000,4294967295,
migrate_demo,server,2,22286884,327022,,333000,4294967295,
migrate_demo,server,2,22292183,327022,,333000,4294967295,
migrate_demo,server,2,22297455,327632,,333000,4294967295,
migrate_demo,server,2,22302741,327632,,333000,4294967295,
migrate_demo,server,2,22307982,327632,,333000,4294967295,
migrate_demo,server,2,22313236,327632,,333000,4294967295,
migrate_demo,server,2,22318531,327632,,333000,4294967295,
migrate_demo,server,2,22323820,328242,,333000,4294967295,
migrate_demo,server,2,22329088,328242,,333000,4294967295,
migrate_demo,server,2,22334316,328242,,333000,4294967295,
migrate_demo,server,2,22339619,328242,,333000,4294967295,
migrate_demo,server,2,22344846,328852,,333000,4294967295,
migrate_demo,server,2,22350330,328852,,333000,4294967295,
migrate_demo,server,2,22355647,328852,,333000,4294967295,
migrate_demo,server,2,22360955,328852,,333000,4294967295,
migrate_demo,server,2,22366273,329462,,333000,4294967295,
migrate_demo,server,2,22371521,329462,,333000,4294967295,
migrate_demo,server,2,22376791,329462,,333000,4294967295,
migrate_demo,server,2,22382082,329462,,333000,4294967295,
migrate_demo,server,2,22387585,330072,,333000,4294967295,
migrate_demo,server,2,22392870,330072,,333000,4294967295,
migrate_demo,server,2,22398159,330072,,333000,4294967295,
migrate_demo,server,2,22403385,330072,,333000,4294967295,
migrate_demo,server,2,22408624,330072,,333000,4294967295,
migrate_demo,server,2,22413847,330682,,333000,4294967295,
migrate_demo,server,2,22419016,330682,,333000,4294967295,
migrate_demo,server,2,22424215,330682,,333000,4294967295,
migrate_demo,server,2,22429467,330682,,333000,4294967295,
migrate_demo,server,2,22434678,331292,,333000,4294967295,
migrate_demo,server,2,22439899,331292,,333000,4294967295,
migrate_demo,server,2,22445186,331292,,333000,4294967295,
migrate_demo,server,2,22450376,331292,,333000,4294967295,
migrate_demo,server,2,22456258,331902,,333000,4294967295,
migrate_demo,server,2,22461520,331902,,333000,4294967295,
migrate_demo,server,2,22466797,331902,,333000,4294967295,
migrate_demo,server,2,22472018,331902,,333000,4294967295,
migrate_demo,server,2,22477201,331902,,333000,4294967295,
migrate_demo,server,2,22482538,332512,,333000,4294967295,
migrate_demo,server,2,22487767,332512,,333000,4294967295,
migrate_demo,server,2,22493023,332512,,333000,4294967295,
migrate_demo,server,2,22498246,332512,,333000,4294967295,
migrate_demo,server,2,22503486,333122,,333000,4294967295,
migrate_demo,server,2,22508690,333122,,333000,4294967295,
migrate_demo,server,2,22513898,333122,,333000,4294967295,
migrate_demo,server,2,22519111,333122,,333000,4294967295,
migrate_demo,server,2,22524316,333732,,333000,4294967295,
migrate_demo,server,2,22529512,333732,,333000,4294967295,
migrate_demo,server,2,22534709,333732,,333000,4294967295,
migrate_demo,server,2,22539905,333732,,333000,4294967295,
migrate_demo,server,2,22545165,333732,,333000,4294967295,
migrate_demo,server,2,22550426,334342,,333000,4294967295,
migrate_demo,server,2,22555670,334342,,333000,4294967295,
migrate_demo,server,2,22560933,334342,,333000,4294967295,
migrate_demo,server,2,22566166,334342,,333000,4294967295,
migrate_demo,server,2,22571444,334952,,333000,4294967295,
migrate_demo,server,2,22576666,334952,,333000,4294967295,
migrate_demo,server,2,22581881,334952,,333000,4294967295,
migrate_demo,server,2,22587101,334952,,333000,4294967295,
migrate_demo,server,2,22592709,335562,,333000,4294967295,
migrate_demo,server,2,22597925,335562,,333000,4294967295,
migrate_demo,server,2,22603160,335562,,333000,4294967295,
migrate_demo,server,2,22608468,335562,,333000,4294967295,
migrate_demo,server,2,22613751,335562,,333000,4294967295,
migrate_demo,server,2,22618976,336172,,333000,4294967295,
migrate_demo,server,2,22624194,336172,,333000,4294967295,
migrate_demo,server,2,22629479,336172,,333000,4294967295,
migrate_demo,server,2,22634772,336172,,333000,4294967295,
migrate_demo,server,2,22640030,336782,,333000,4294967295,
migrate_demo,server,2,22645272,336782,,333000,4294967295,
migrate_demo,server,2,22650543,336782,,333000,4294967295,
migrate_demo,server,2,22655820,336782,,333000,4294967295,
migrate_demo,server,2,22661068,337392,,333000,4294967295,
migrate_demo,server,2,22666291,337392,,333000,4294967295,
migrate_demo,server,2,22671520,337392,,333000,4294967295,
migrate_demo,server,2,22676825,337392,,333000,4294967295,
migrate_demo,server,2,22682113,337392,,333000,4294967295,
migrate_demo,server,2,22687410,338002,,333000,4294967295,
migrate_demo,server,2,22692748,338002,,333000,4294967295,
migrate_demo,server,2,22697975,338002,,333000,4294967295,
migrate_demo,server,2,22703257,338002,,333000,4294967295,
migrate_demo,server,2,22708482,338612,,333000,4294967295,
migrate_demo,server,2,22713732,338612,,333000,4294967295,
migrate_demo,server,2,22718956,338612,,333000,4294967295,
migrate_demo,server,2,22724199,338612,,333000,4294967295,
migrate_demo,server,2,22729503,339222,,333000,4294967295,
migrate_demo,server,2,22734737,339222,,333000,4294967295,
migrate_demo,server,2,22739961,339222,,333000,4294967295,
migrate_demo,server,2,22745218,339222,,333000,4294967295,
migrate_demo,server,2,22750718,339832,,333000,4294967295,
migrate_demo,server,2,22755951,339832,,333000,4294967295,
migrate_demo,server,2,22761225,339832,,333000,4294967295,
migrate_demo,server,2,22766542,339832,,333000,4294967295,
migrate_demo,server,2,22771801,339832,,333000,4294967295,
migrate_demo,server,2,22777147,340442,,333000,4294967295,
migrate_demo,server,2,22782569,340442,,333000,4294967295,
migrate_demo,server,2,22787854,340442,,333000,4294967295,
migrate_demo,server,2,22793084,340442,,333000,4294967295,
migrate_demo,server,2,22798330,341052,,333000,4294967295,
migrate_demo,server,2,22803618,341052,,333000,4294967295,
migrate_demo,server,2,22808850,341052,,333000,4294967295,
migrate_demo,server,2,22814076,341052,,333000,4294967295,
migrate_demo,server,2,22819339,341662,,333000,4294967295,
migrate_demo,server,2,22824568,341662,,333000,4294967295,
migrate_demo,server,2,22829915,341662,,333000,4294967295,
migrate_demo,server,2,22835139,341662,,333000,4294967295,
migrate_demo,server,2,22840320,341662,,333000,4294967295,
migrate_demo,server,2,22845560,342272,,333000,4294967295,
migrate_demo,server,2,22850981,342272,,333000,4294967295,
migrate_demo,server,2,22856196,342272,,333000,4294967295,
migrate_demo,server,2,22861460,342272,,333000,4294967295,
migrate_demo,server,2,22866834,342882,,333000,4294967295,
migrate_demo,server,2,22872163,342882,,333000,4294967295,
migrate_demo,server,2,22877391,342882,,333000,4294967295,
migrate_demo,server,2,22882599,342882,,333000,4294967295,
migrate_demo,server,2,22887863,343492,,333000,4294967295,
migrate_demo,server,2,22893132,343492,,333000,4294967295,
migrate_demo,server,2,22898365,343492,,333000,4294967295,
migrate_demo,server,2,22903590,343492,,333000,4294967295,
migrate_demo,server,2,22908847,343492,,333000,4294967295,
migrate_demo,server,2,22914131,344102,,333000,4294967295,
migrate_demo,server,2,22919337,344102,,333000,4294967295,
migrate_demo,server,2,22924708,344102,,333000,4294967295,
migrate_demo,server,2,22929961,344102,,333000,4294967295,
migrate_demo,server,2,22935190,344712,,333000,4294967295,
migrate_demo,server,2,22940547,344712,,333000,4294967295,
migrate_demo,server,2,22945881,345322,,333000,4294967295,
migrate_demo,server,2,22951076,345322,,333000,4294967295,
migrate_demo,server,2,22956273,345322,,333000,4294967295,
migrate_demo,server,2,22961566,345322,,333000,4294967295,
migrate_demo,server,2,22966846,345322,,333000,4294967295,
migrate_demo,server,2,22972146,345932,,333000,4294967295,
migrate_demo,server,2,22977456,345932,,333000,4294967295,
migrate_demo,server,2,22982723,346542,,333000,4294967295,
migrate_demo,server,2,22987959,346542,,333000,4294967295,
migrate_demo,server,2,22993177,346542,,333000,4294967295,
migrate_demo,server,2,22998469,346542,,333000,4294967295,
migrate_demo,server,2,23003867,347152,,333000,4294967295,
migrate_demo,server,2,23009096,347152,,333000,4294967295,
migrate_demo,server,2,23014369,347152,,333000,4294967295,
migrate_demo,server,2,23019635,347152,,333000,4294967295,
migrate_demo,server,2,23024904,347152,,333000,4294967295,
migrate_demo,server,2,23030228,347762,,333000,4294967295,
migrate_demo,server,2,23035489,347762,,333000,4294967295,
migrate_demo,server,2,23040795,347762,,333000,4294967295,
migrate_demo,server,2,23046050,347762,,333000,4294967295,
migrate_demo,server,2,23051626,348372,,333000,4294967295,
migrate_demo,server,2,23056971,348372,,333000,4294967295,
migrate_demo,server,2,23062199,348372,,333000,4294967295,
migrate_demo,server,2,23067426,348372,,333000,4294967295,
migrate_demo,server,2,23072708,348982,,333000,4294967295,
migrate_demo,server,2,23077938,348982,,333000,4294967295,
migrate_demo,server,2,23083242,348982,,333000,4294967295,
migrate_demo,server,2,23088521,348982,,333000,4294967295,
migrate_demo,server,2,23093847,348982,,333000,4294967295,
migrate_demo,server,2,23099072,349592,,333000,4294967295,
migrate_demo,server,2,23104271,349592,,333000,4294967295,
migrate_demo,server,2,23109512,349592,,333000,4294967295,
migrate_demo,server,2,23114788,349592,,333000,4294967295,
migrate_demo,server,2,23120057,350202,,333000,4294967295,
migrate_demo,server,2,23125389,350202,,333000,4294967295,
migrate_demo,server,2,23130681,350202,,333000,4294967295,
migrate_demo,server,2,23135890,350202,,333000,4294967295,
migrate_demo,server,2,23141088,350812,,333000,4294967295,
migrate_demo,server,2,23146423,350812,,333000,4294967295,
migrate_demo,server,2,23151723,350812,,333000,4294967295,
migrate_demo,server,2,23157027,350812,,333000,4294967295,
migrate_demo,server,2,23162298,350812,,333000,4294967295,
migrate_demo,server,2,23167544,351422,,333000,4294967295,
migrate_demo,server,2,23172741,351422,,333000,4294967295,
migrate_demo,server,2,23177975,351422,,333000,4294967295,
migrate_demo,server,2,23183257,351422,,333000,4294967295,
migrate_demo,server,2,23188460,352032,,333000,4294967295,
migrate_demo,server,2,23193689,352032,,333000,4294967295,
migrate_demo,server,2,23199044,352032,,333000,4294967295,
migrate_demo,server,2,23204325,352032,,333000,4294967295,
migrate_demo,server,2,23209618,352642,,333000,4294967295,
migrate_demo,server,2,23214926,352642,,333000,4294967295,
migrate_demo,server,2,23220182,352642,,333000,4294967295,
migrate_demo,server,2,23225456,352642,,333000,4294967295,
migrate_demo,server,2,23230630,352642,,333000,4294967295,
migrate_demo,server,2,23235870,353252,,333000,4294967295,
migrate_demo,server,2,23241165,353252,,333000,4294967295,
migrate_demo,server,2,23246401,353252,,333000,4294967295,
migrate_demo,server,2,23251684,353252,,333000,4294967295,
migrate_demo,server,2,23256934,353862,,333000,4294967295,
migrate_demo,server,2,23262259,353862,,333000,4294967295,
migrate_demo,server,2,23267529,353862,,333000,4294967295,
migrate_demo,server,2,23272829,353862,,333000,4294967295,
migrate_demo,server,2,23278108,354472,,333000,4294967295,
migrate_demo,server,2,23283406,354472,,333000,4294967295,
migrate_demo,server,2,23288729,354472,,333000,4294967295,
migrate_demo,server,2,23294068,354472,,333000,4294967295,
migrate_demo,server,2,23299426,355082,,333000,4294967295,
migrate_demo,server,2,23304654,355082,,333000,4294967295,
migrate_demo,server,2,23310009,355082,,333000,4294967295,
migrate_demo,server,2,23315345,355082,,333000,4294967295,
migrate_demo,server,2,23320814,355082,,333000,4294967295,
migrate_demo,server,2,23326249,355692,,333000,4294967295,
migrate_demo,server,2,23331570,355692,,333000,4294967295,
migrate_demo,server,2,23336826,355692,,333000,4294967295,
migrate_demo,server,2,23342100,355692,,333000,4294967295,
migrate_demo,server,2,23347286,356302,,333000,4294967295,
migrate_demo,server,2,23352501,356302,,333000,4294967295,
migrate_demo,server,2,23357739,356302,,333000,4294967295,
migrate_demo,server,2,23362948,356302,,333000,4294967295,
migrate_demo,server,2,23368256,356912,,333000,4294967295,
migrate_demo,server,2,23373589,356912,,333000,4294967295,
migrate_demo,server,2,23378836,356912,,333000,4294967295,
migrate_demo,server,2,23384089,356912,,333000,4294967295,
migrate_demo,server,2,23389332,356912,,333000,4294967295,
migrate_demo,server,2,23394607,357522,,333000,4294967295,
migrate_demo,server,2,23399771,357522,,333000,4294967295,
migrate_demo,server,2,23404979,357522,,333000,4294967295,
migrate_demo,server,2,23410182,357522,,333000,4294967295,
migrate_demo,server,2,23415410,358132,,333000,4294967295,
migrate_demo,server,2,23420663,358132,,333000,4294967295,
migrate_demo,server,2,23425891,358132,,333000,4294967295,
migrate_demo,server,2,23431097,358132,,333000,4294967295,
migrate_demo,server,2,23436314,358742,,333000,4294967295,
migrate_demo,server,2,23441538,358742,,333000,4294967295,
migrate_demo,server,2,23446802,358742,,333000,4294967295,
migrate_demo,server,2,23452017,358742,,333000,4294967295,
migrate_demo,server,2,23457220,358742,,333000,4294967295,
migrate_demo,server,2,23462467,359352,,333000,4294967295,
migrate_demo,server,2,23467705,359352,,333000,4294967295,
migrate_demo,server,2,23472930,359352,,333000,4294967295,
migrate_demo,server,2,23478158,359352,,333000,4294967295,
migrate_demo,server,2,23483446,359962,,333000,4294967295,
migrate_demo,server,2,23488675,359962,,333000,4294967295,
migrate_demo,server,2,23493912,359962,,333000,4294967295,
migrate_demo,server,2,23499167,359962,,333000,4294967295,
migrate_demo,server,2,23504414,360572,,333000,4294967295,
migrate_demo,server,2,23509667,360572,,333000,4294967295,
migrate_demo,server,2,23514951,360572,,333000,4294967295,
migrate_demo,server,2,23520238,360572,,333000,4294967295,
migrate_demo,server,2,23525469,360572,,333000,4294967295,
migrate_demo,server,2,23530747,361182,,333000,4294967295,
migrate_demo,server,2,23535962,361182,,333000,4294967295,
migrate_demo,server,2,23541291,361182,,333000,4294967295,
migrate_demo,server,2,23546576,361182,,333000,4294967295,
migrate_demo,server,2,23551795,361792,,333000,4294967295,
migrate_demo,server,2,23557037,361792,,333000,4294967295,
migrate_demo,server,2,23562312,361792,,333000,4294967295,
migrate_demo,server,2,23567616,361792,,333000,4294967295,
migrate_demo,server,2,23572848,362402,,333000,4294967295,
migrate_demo,server,2,23578029,362402,,333000,4294967295,
migrate_demo,server,2,23583250,362402,,333000,4294967295,
migrate_demo,server,2,23588542,362402,,333000,4294967295,
migrate_demo,server,2,23593800,362402,,333000,4294967295,
migrate_demo,server,2,23599053,363012,,333000,4294967295,
migrate_demo,server,2,23604299,363012,,333000,4294967295,
migrate_demo,server,2,23609570,363012,,333000,4294967295,
migrate_demo,server,2,23614801,363012,,333000,4294967295,
migrate_demo,server,2,23620125,363622,,333000,4294967295,
migrate_demo,server,2,23625403,363622,,333000,4294967295,
migrate_demo,server,2,23630651,363622,,333000,4294967295,
migrate_demo,server,2,23635875,363622,,333000,4294967295,
migrate_demo,server,2,23641167,364232,,333000,4294967295,
migrate_demo,server,2,23646412,364232,,333000,4294967295,
migrate_demo,server,2,23651623,364232,,333000,4294967295,
migrate_demo,server,2,23656830,364232,,333000,4294967295,
migrate_demo,server,2,23662084,364232,,333000,4294967295,
migrate_demo,server,2,23667299,364842,,333000,4294967295,
migrate_demo,server,2,23672515,364842,,333000,4294967295,
migrate_demo,server,2,23677738,364842,,333000,4294967295,
migrate_demo,server,2,23683022,364842,,333000,4294967295,
migrate_demo,server,2,23688285,365452,,333000,4294967295,
migrate_demo,server,2,23693511,365452,,333000,4294967295,
migrate_demo,server,2,23698765,365452,,333000,4294967295,
migrate_demo,server,2,23703982,365452,,333000,4294967295,
migrate_demo,server,2,23709248,366062,,333000,4294967295,
migrate_demo,server,2,23714446,366062,,333000,4294967295,
migrate_demo,server,2,23719639,366062,,333000,4294967295,
migrate_demo,server,2,23724880,366062,,333000,4294967295,
migrate_demo,server,2,23730100,366062,,333000,4294967295,
migrate_demo,server,2,23735395,366672,,333000,4294967295,
migrate_demo,server,2,23740630,366672,,333000,4294967295,
migrate_demo,server,2,23745884,366672,,333000,4294967295,
migrate_demo,server,2,23751102,366672,,333000,4294967295,
migrate_demo,server,2,23756355,367282,,333000,4294967295,
migrate_demo,server,2,23761660,367282,,333000,4294967295,
migrate_demo,server,2,23766909,367282,,333000,4294967295,
migrate_demo,server,2,23772152,367282,,333000,4294967295,
migrate_demo,server,2,23777389,367892,,333000,4294967295,
migrate_demo,server,2,23782605,367892,,333000,4294967295,
migrate_demo,server,2,23787899,367892,,333000,4294967295,
migrate_demo,server,2,23793135,367892,,333000,4294967295,
migrate_demo,server,2,23798508,367892,,333000,4294967295,
migrate_demo,server,2,23803738,368502,,333000,4294967295,
migrate_demo,server,2,23808974,368502,,333000,4294967295,
migrate_demo,server,2,23814248,368502,,333000,4294967295,
migrate_demo,server,2,23819478,368502,,333000,4294967295,
migrate_demo,server,2,23824762,369112,,333000,4294967295,
migrate_demo,server,2,23830021,369112,,333000,4294967295,
migrate_demo,server,2,23835224,369112,,333000,4294967295,
migrate_demo,server,2,23840430,369112,,333000,4294967295,
migrate_demo,server,2,23845688,369722,,333000,4294967295,
migrate_demo,server,2,23850996,369722,,333000,4294967295,
migrate_demo,server,2,23856224,369722,,333000,4294967295,
migrate_demo,server,2,23861444,369722,,333000,4294967295,
migrate_demo,server,2,23866638,369722,,333000,4294967295,
migrate_demo,server,2,23871897,370942,,333000,4294967295,
migrate_demo,server,2,23877160,370942,,333000,4294967295,
migrate_demo,server,2,23882432,370942,,333000,4294967295,
migrate_demo,server,2,23887666,370942,,333000,4294967295,
migrate_demo,server,2,23892956,370942,,333000,4294967295,
migrate_demo,server,2,23898194,371552,,333000,4294967295,
migrate_demo,server,2,23903489,371552,,333000,4294967295,
migrate_demo,server,2,23908730,371552,,333000,4294967295,
migrate_demo,server,2,23913986,371552,,333000,4294967295,
migrate_demo,server,2,23919287,372162,,333000,4294967295,
migrate_demo,server,2,23924728,372162,,333000,4294967295,
migrate_demo,server,2,23930044,372162,,333000,4294967295,
migrate_demo,server,2,23935326,372162,,333000,4294967295,
migrate_demo,server,2,23940567,372772,,333000,4294967295,
migrate_demo,server,2,23945796,372772,,333000,4294967295,
migrate_demo,server,2,23951029,372772,,333000,4294967295,
migrate_demo,server,2,23956290,372772,,333000,4294967295,
migrate_demo,server,2,23961726,373382,,333000,4294967295,
migrate_demo,server,2,23967048,373382,,333000,4294967295,
migrate_demo,server,2,23972327,373382,,333000,4294967295,
migrate_demo,server,2,23977595,373382,,333000,4294967295,
migrate_demo,server,2,23982856,373382,,333000,4294967295,
migrate_demo,server,2,23988180,373992,,333000,4294967295,
migrate_demo,server,2,23993447,373992,,333000,4294967295,
migrate_demo,server,2,23998692,373992,,333000,4294967295,
migrate_demo,server,2,24004021,373992,,333000,4294967295,
migrate_demo,server,2,24009365,374602,,333000,4294967295,
migrate_demo,server,2,24014627,374602,,333000,4294967295,
migrate_demo,server,2,24019907,374602,,333000,4294967295,
migrate_demo,server,2,24025132,374602,,333000,4294967295,
migrate_demo,server,2,24030747,375212,,333000,4294967295,
migrate_demo,server,2,24035972,375212,,333000,4294967295,
migrate_demo,server,2,24041221,375212,,333000,4294967295,
migrate_demo,server,2,24046456,375212,,333000,4294967295,
migrate_demo,server,2,24051724,375212,,333000,4294967295,
migrate_demo,server,2,24057069,375822,,333000,4294967295,
migrate_demo,server,2,24062315,375822,,333000,4294967295,
migrate_demo,server,2,24067986,375822,,333000,4294967295,
migrate_demo,server,2,24073274,375822,,333000,4294967295,
migrate_demo,server,2,24078530,376432,,333000,4294967295,
migrate_demo,server,2,24083785,376432,,333000,4294967295,
migrate_demo,server,2,24089010,376432,,333000,4294967295,
migrate_demo,server,2,24094287,376432,,333000,4294967295,
migrate_demo,server,2,24099586,377042,,333000,4294967295,
migrate_demo,server,2,24104920,377042,,333000,4294967295,
migrate_demo,server,2,24110233,377042,,333000,4294967295,
migrate_demo,server,2,24115514,377042,,333000,4294967295,
migrate_demo,server,2,24120935,377652,,333000,4294967295,
migrate_demo,server,2,24126236,377652,,333000,4294967295,
migrate_demo,server,2,24131496,377652,,333000,4294967295,
migrate_demo,server,2,24136764,377652,,333000,4294967295,
migrate_demo,server,2,24142012,377652,,333000,4294967295,
migrate_demo,server,2,24147281,378262,,333000,4294967295,
migrate_demo,server,2,24152505,378262,,333000,4294967295,
migrate_demo,server,2,24157971,378262,,333000,4294967295,
migrate_demo,server,2,24163236,378262,,333000,4294967295,
migrate_demo,server,2,24168481,378872,,333000,4294967295,
migrate_demo,server,2,24173703,378872,,333000,4294967295,
migrate_demo,server,2,24178948,378872,,333000,4294967295,
migrate_demo,server,2,24184296,378872,,333000,4294967295,
migrate_demo,server,2,24189548,379482,,333000,4294967295,
migrate_demo,server,2,24194827,379482,,333000,4294967295,
migrate_demo,server,2,24200090,379482,,333000,4294967295,
migrate_demo,server,2,24205334,379482,,333000,4294967295,
migrate_demo,server,2,24210546,379482,,333000,4294967295,
migrate_demo,server,2,24215747,380092,,333000,4294967295,
migrate_demo,server,2,24220944,380092,,333000,4294967295,
migrate_demo,server,2,24226224,380092,,333000,4294967295,
migrate_demo,server,2,24231447,380092,,333000,4294967295,
migrate_demo,server,2,24236770,380702,,333000,4294967295,
migrate_demo,server,2,24242056,380702,,333000,4294967295,
migrate_demo,server,2,24247297,380702,,333000,4294967295,
migrate_demo,server,2,24252567,380702,,333000,4294967295,
migrate_demo,server,2,24257801,381312,,333000,4294967295,
migrate_demo,server,2,24263103,381312,,333000,4294967295,
migrate_demo,server,2,24268380,381312,,333000,4294967295,
migrate_demo,server,2,24273631,381312,,333000,4294967295,
migrate_demo,server,2,24278871,381312,,333000,4294967295,
migrate_demo,server,2,24284098,381922,,333000,4294967295,
migrate_demo,server,2,24289299,381922,,333000,4294967295,
migrate_demo,server,2,24294582,381922,,333000,4294967295,
migrate_demo,server,2,24299800,381922,,333000,4294967295,
migrate_demo,server,2,24305009,382532,,333000,4294967295,
migrate_demo,server,2,24310242,382532,,333000,4294967295,
migrate_demo,server,2,24315502,382532,,333000,4294967295,
migrate_demo,server,2,24320702,382532,,333000,4294967295,
migrate_demo,server,2,24325955,383142,,333000,4294967295,
migrate_demo,server,2,24331133,383142,,333000,4294967295,
migrate_demo,server,2,24336388,383142,,333000,4294967295,
migrate_demo,server,2,24341627,383142,,333000,4294967295,
migrate_demo,server,2,24346868,383142,,333000,4294967295,
migrate_demo,server,2,24352097,383752,,333000,4294967295,
migrate_demo,server,2,24357386,383752,,333000,4294967295,
migrate_demo,server,2,24362645,383752,,333000,4294967295,
migrate_demo,server,2,24367890,383752,,333000,4294967295,
migrate_demo,server,2,24373149,384362,,333000,4294967295,
migrate_demo,server,2,24378457,384362,,333000,4294967295,
migrate_demo,server,2,24383715,384362,,333000,4294967295,
migrate_demo,server,2,24388945,384362,,333000,4294967295,
migrate_demo,server,2,24394192,384972,,333000,4294967295,
migrate_demo,server,2,24399454,384972,,333000,4294967295,
migrate_demo,server,2,24404715,384972,,333000,4294967295,
migrate_demo,server,2,24409949,384972,,333000,4294967295,
migrate_demo,server,2,24415235,384972,,333000,4294967295,
migrate_demo,server,2,24420550,385582,,333000,4294967295,
migrate_demo,server,2,24425820,385582,,333000,4294967295,
migrate_demo,server,2,24431084,385582,,333000,4294967295,
migrate_demo,server,2,24436329,385582,,333000,4294967295,
migrate_demo,server,2,24441663,386192,,333000,4294967295,
migrate_demo,server,2,24446842,386192,,333000,4294967295,
migrate_demo,server,2,24452052,386192,,333000,4294967295,
migrate_demo,server,2,24457315,386192,,333000,4294967295,
migrate_demo,server,2,24462598,386802,,333000,4294967295,
migrate_demo,server,2,24467813,386802,,333000,4294967295,
migrate_demo,server,2,24473113,386802,,333000,4294967295,
migrate_demo,server,2,24478398,386802,,333000,4294967295,
migrate_demo,server,2,24483708,386802,,333000,4294967295,
migrate_demo,server,2,24488973,387412,,333000,4294967295,
migrate_demo,server,2,24494241,387412,,333000,4294967295,
migrate_demo,server,2,24499476,387412,,333000,4294967295,
migrate_demo,server,2,24504713,387412,,333000,4294967295,
migrate_demo,server,2,24510036,388022,,333000,4294967295,
migrate_demo,server,2,24515257,388022,,333000,4294967295,
migrate_demo,server,2,24520474,388022,,333000,4294967295,
migrate_demo,server,2,24525674,388022,,333000,4294967295,
migrate_demo,server,2,24530927,388632,,333000,4294967295,
migrate_demo,server,2,24536148,388632,,333000,4294967295,
migrate_demo,server,2,24541417,388632,,333000,4294967295,
migrate_demo,server,2,24546658,388632,,333000,4294967295,
migrate_demo,server,2,24551921,388632,,333000,4294967295,
migrate_demo,server,2,24557354,389242,,333000,4294967295,
migrate_demo,server,2,24562617,389242,,333000,4294967295,
migrate_demo,server,2,24567864,389242,,333000,4294967295,
migrate_demo,server,2,24573153,389242,,333000,4294967295,
migrate_demo,server,2,24578422,389852,,333000,4294967295,
migrate_demo,server,2,24583658,389852,,333000,4294967295,
migrate_demo,server,2,24588910,389852,,333000,4294967295,
migrate_demo,server,2,24594166,389852,,333000,4294967295,
migrate_demo,server,2,24599419,390462,,333000,4294967295,
migrate_demo,server,2,24604700,390462,,333000,4294967295,
migrate_demo,server,2,24609956,390462,,333000,4294967295,
migrate_demo,server,2,24615235,390462,,333000,4294967295,
migrate_demo,server,2,24620392,391072,,333000,4294967295,
migrate_demo,server,2,24625633,391072,,333000,4294967295,
migrate_demo,server,2,24630854,391072,,333000,4294967295,
migrate_demo,server,2,24636188,391072,,333000,4294967295,
migrate_demo,server,2,24641437,391072,,333000,4294967295,
migrate_demo,server,2,24646679,391682,,333000,4294967295,
migrate_demo,server,2,24651906,391682,,333000,4294967295,
migrate_demo,server,2,24657186,391682,,333000,4294967295,
migrate_demo,server,2,24662417,391682,,333000,4294967295,
migrate_demo,server,2,24667622,392292,,333000,4294967295,
migrate_demo,server,2,24672888,392292,,333000,4294967295,
migrate_demo,server,2,24678240,392292,,333000,4294967295,
migrate_demo,server,2,24683505,392292,,333000,4294967295,
migrate_demo,server,2,24688738,392902,,333000,4294967295,
migrate_demo,server,2,24693973,392902,,333000,4294967295,
migrate_demo,server,2,24699263,392902,,333000,4294967295,
migrate_demo,server,2,24704579,392902,,333000,4294967295,
migrate_demo,server,2,24709797,392902,,333000,4294967295,
migrate_demo,server,2,24715007,393512,,333000,4294967295,
migrate_demo,server,2,24720218,394122,,333000,4294967295,
migrate_demo,server,2,24725687,394122,,333000,4294967295,
migrate_demo,server,2,24731010,394122,,333000,4294967295,
migrate_demo,server,2,24736303,394122,,333000,4294967295,
migrate_demo,server,2,24741649,394122,,333000,4294967295,
migrate_demo,server,2,24746970,394122,,333000,4294967295,
migrate_demo,server,2,24752256,394122,,333000,4294967295,
migrate_demo,server,2,24757574,394122,,333000,4294967295,
migrate_demo,server,2,24762850,394122,,333000,4294967295,
migrate_demo,server,2,24768170,394122,,333000,4294967295,
migrate_demo,server,2,24773459,394122,,333000,4294967295,
migrate_demo,server,2,24778725,394122,,333000,4294967295,
migrate_demo,server,2,24783982,394122,,333000,4294967295,
migrate_demo,server,2,24789213,394122,,333000,4294967295,
migrate_demo,server,2,24794555,394122,,333000,4294967295,
migrate_demo,server,2,24799886,394122,,333000,4294967295,
migrate_demo,server,2,24805208,394122,,333000,4294967295,
migrate_demo,server,2,24810513,394122,,333000,4294967295,
migrate_demo,server,2,24815798,394122,,333000,4294967295,
migrate_demo,server,2,24821066,394122,,333000,4294967295,
migrate_demo,server,2,24826356,394122,,333000,4294967295,
migrate_demo,server,2,24831626,394122,,333000,4294967295,
migrate_demo,server,2,24836932,394122,,333000,4294967295,
migrate_demo,server,2,24842231,394122,,333000,4294967295,
migrate_demo,server,2,24847536,394122,,333000,4294967295,
migrate_demo,server,2,24852794,394122,,333000,4294967295,
migrate_demo,server,2,24858117,394122,,333000,4294967295,
migrate_demo,server,2,24863428,394122,,333000,4294967295,
migrate_demo,server,2,24868752,394122,,333000,4294967295,
migrate_demo,server,2,24874072,394122,,333000,4294967295,
migrate_demo,server,2,24879371,394122,,333000,4294967295,
migrate_demo,server,2,24884680,394122,,333000,4294967295,
migrate_demo,server,2,24889995,394122,,333000,4294967295,
migrate_demo,server,2,24895305,394122,,333000,4294967295,
migrate_demo,server,2,24900536,394122,,333000,4294967295,
migrate_demo,server,2,24905877,394122,,333000,4294967295,
migrate_demo,server,2,24911172,394122,,333000,4294967295,
migrate_demo,server,2,24916483,394122,,333000,4294967295,
migrate_demo,server,2,24921766,394122,,333000,4294967295,
migrate_demo,server,2,24927078,394122,,333000,4294967295,
migrate_demo,server,2,24932357,394122,,333000,4294967295,
migrate_demo,server,2,24937677,394122,,333000,4294967295,
migrate_demo,server,2,24942930,394122,,333000,4294967295,
migrate_demo,server,2,24948218,394122,,333000,4294967295,
migrate_demo,server,2,24953481,394122,,333000,4294967295,
migrate_demo,server,2,24958778,394122,,333000,4294967295,
migrate_demo,server,2,24964093,394122,,333000,4294967295,
migrate_demo,server,2,24969370,394122,,333000,4294967295,
migrate_demo,server,2,24974650,394122,,333000,4294967295,
migrate_demo,server,2,24979947,394122,,333000,4294967295,
migrate_demo,server,2,24985229,394122,,333000,4294967295,
migrate_demo,server,2,24990480,394122,,333000,4294967295,
migrate_demo,server,2,24995738,394122,,333000,4294967295,
migrate_demo,server,2,25001066,394122,,333000,4294967295,
migrate_demo,server,2,25006336,394122,,333000,4294967295,
migrate_demo,server,2,25011612,394122,,333000,4294967295,
migrate_demo,server,2,25016972,394122,,333000,4294967295,
migrate_demo,server,2,25022243,394122,,333000,4294967295,
migrate_demo,server,2,25027540,394122,,333000,4294967295,
migrate_demo,server,2,25032801,394122,,333000,4294967295,
migrate_demo,server,2,25038185,394122,,333000,4294967295,
migrate_demo,server,2,25043498,394122,,333000,4294967295,
migrate_demo,server,2,25048804,394122,,333000,4294967295,
migrate_demo,server,2,25054115,394122,,333000,4294967295,
migrate_demo,server,2,25059484,394122,,333000,4294967295,
migrate_demo,server,2,25064794,394122,,333000,4294967295,
migrate_demo,server,2,25070110,394122,,333000,4294967295,
migrate_demo,server,2,25075400,394122,,333000,4294967295,
migrate_demo,server,2,25080742,394122,,333000,4294967295,
migrate_demo,server,2,25086035,394122,,333000,4294967295,
migrate_demo,server,2,25091309,394122,,333000,4294967295,
migrate_demo,server,2,25096613,394122,,333000,4294967295,
migrate_demo,server,2,25101927,394122,,333000,4294967295,
migrate_demo,server,2,25107259,394122,,333000,4294967295,
migrate_demo,server,2,25112576,394122,,333000,4294967295,
migrate_demo,server,2,25117763,394122,,333000,4294967295,
migrate_demo,server,2,25122972,394122,,333000,4294967295,
migrate_demo,server,2,25128187,394122,,333000,4294967295,
migrate_demo,server,2,25133478,394122,,333000,4294967295,
migrate_demo,server,2,25138740,394122,,333000,4294967295,
migrate_demo,server,2,25144025,394122,,333000,4294967295,
migrate_demo,server,2,25149253,394122,,333000,4294967295,
migrate_demo,server,2,25154514,394122,,333000,4294967295,
migrate_demo,server,2,25159798,394122,,333000,4294967295,
migrate_demo,server,2,25165087,394122,,333000,4294967295,
migrate_demo,server,2,25170475,394122,,333000,4294967295,
migrate_demo,server,2,25175741,394122,,333000,4294967295,
migrate_demo,server,2,25181052,394122,,333000,4294967295,
migrate_demo,server,2,25186305,394122,,333000,4294967295,
migrate_demo,server,2,25191597,394122,,333000,4294967295,
migrate_demo,server,2,25196880,394122,,333000,4294967295,
migrate_demo,server,2,25202198,394122,,333000,4294967295,
migrate_demo,server,2,25207491,394122,,333000,4294967295,
migrate_demo,server,2,25212752,394122,,333000,4294967295,
migrate_demo,server,2,25218044,394122,,333000,4294967295,
migrate_demo,server,2,25223355,394122,,333000,4294967295,
migrate_demo,server,2,25228662,394122,,333000,4294967295,
migrate_demo,server,2,25233957,394122,,333000,4294967295,
migrate_demo,server,2,25239265,394122,,333000,4294967295,
migrate_demo,server,2,25244638,394122,,333000,4294967295,
migrate_demo,server,2,25249994,394122,,333000,4294967295,
migrate_demo,server,2,25255241,394122,,333000,4294967295,
migrate_demo,server,2,25260491,394122,,333000,4294967295,
migrate_demo,server,2,25265741,394122,,333000,4294967295,
migrate_demo,server,2,25271040,394122,,333000,4294967295,
migrate_demo,server,2,25276323,394122,,333000,4294967295,
migrate_demo,server,2,25281617,394122,,333000,4294967295,
migrate_demo,server,2,25286891,394122,,333000,4294967295,
migrate_demo,server,2,25292128,394122,,333000,4294967295,
migrate_demo,server,2,25297425,394122,,333000,4294967295,
migrate_demo,server,2,25302710,394122,,333000,4294967295,
migrate_demo,server,2,25307983,394122,,333000,4294967295,
migrate_demo,server,2,25313264,394122,,333000,4294967295,
migrate_demo,server,2,25318505,394122,,333000,4294967295,
migrate_demo,server,2,25323811,394122,,333000,4294967295,
migrate_demo,server,2,25329106,394122,,333000,4294967295,
migrate_demo,server,2,25334469,394122,,333000,4294967295,
migrate_demo,server,2,25339766,394122,,333000,4294967295,
migrate_demo,server,2,25345073,394122,,333000,4294967295,
migrate_demo,server,2,25350370,394122,,333000,4294967295,
migrate_demo,server,2,25355632,394122,,333000,4294967295,
migrate_demo,server,2,25360945,394122,,333000,4294967295,
migrate_demo,server,2,25366233,394122,,333000,4294967295,
migrate_demo,server,2,25371582,394122,,333000,4294967295,
migrate_demo,server,2,25376875,394122,,333000,4294967295,
migrate_demo,server,2,25382204,394122,,333000,4294967295,
