arm,role,rep,time_us,cwnd,bytes_in_flight,smoothed_rtt,min_rtt,latest_rtt
migrate_demo,client,2,44613,12200,,22208,22208,
migrate_demo,client,2,49874,12200,,22208,22208,
migrate_demo,client,2,55155,12200,,22208,22208,
migrate_demo,client,2,60541,12200,,22002,20561,
migrate_demo,client,2,65758,12200,,22002,20561,
migrate_demo,client,2,70997,12200,,22002,20561,
migrate_demo,client,2,76246,12200,,22002,20561,
migrate_demo,client,2,81500,12200,,22002,20561,
migrate_demo,client,2,86736,12200,,21338,20296,
migrate_demo,client,2,92041,12200,,21338,20296,
migrate_demo,client,2,97304,12200,,21338,20296,
migrate_demo,client,2,102538,12200,,21338,20296,
migrate_demo,client,2,107767,12200,,21172,20296,
migrate_demo,client,2,113071,12200,,21961,20296,
migrate_demo,client,2,118271,12200,,23032,20296,
migrate_demo,client,2,123598,12200,,22701,20296,
migrate_demo,client,2,128855,12200,,22118,20296,
migrate_demo,client,2,134061,12200,,22700,20296,
migrate_demo,client,2,139259,12200,,23943,20296,
migrate_demo,client,2,144463,12200,,25182,20296,
migrate_demo,client,2,149661,12200,,27514,20296,
migrate_demo,client,2,154892,12200,,29968,20296,
migrate_demo,client,2,160092,12200,,31702,20296,
migrate_demo,client,2,165306,12200,,34305,20296,
migrate_demo,client,2,170503,12200,,36041,20296,
migrate_demo,client,2,175696,12200,,37758,20296,
migrate_demo,client,2,180890,12200,,39711,20296,
migrate_demo,client,2,186058,12200,,42649,20296,
migrate_demo,client,2,191265,12200,,44521,20296,
migrate_demo,client,2,196508,12200,,47827,20296,
migrate_demo,client,2,201752,12200,,49831,20296,
migrate_demo,client,2,207006,12200,,51922,20296,
migrate_demo,client,2,212268,12200,,55326,20296,
migrate_demo,client,2,217468,12200,,58287,20296,
migrate_demo,client,2,222654,12200,,59461,20296,
migrate_demo,client,2,227856,12200,,62751,20296,
migrate_demo,client,2,233029,12200,,64853,20296,
migrate_demo,client,2,238272,12200,,67182,20296,
migrate_demo,client,2,243455,12200,,70648,20296,
migrate_demo,client,2,248714,12200,,73021,20296,
migrate_demo,client,2,253999,12200,,76107,20296,
migrate_demo,client,2,259181,12200,,77318,20296,
migrate_demo,client,2,264441,12200,,80819,20296,
migrate_demo,client,2,269635,12200,,84017,20296,
migrate_demo,client,2,274865,12200,,85195,20296,
migrate_demo,client,2,280090,12200,,87702,20296,
migrate_demo,client,2,285333,12200,,91090,20296,
migrate_demo,client,2,290599,12200,,92244,20296,
migrate_demo,client,2,295826,12200,,95905,20296,
migrate_demo,client,2,301143,12200,,99442,20296,
migrate_demo,client,2,306396,12200,,101649,20296,
migrate_demo,client,2,311734,12200,,102985,20296,
migrate_demo,client,2,316941,12200,,106711,20296,
migrate_demo,client,2,322186,12200,,109279,20296,
migrate_demo,client,2,327426,12200,,111766,20296,
migrate_demo,client,2,332725,12200,,114039,20296,
migrate_demo,client,2,337962,12200,,116526,20296,
migrate_demo,client,2,343162,12200,,119973,20296,
migrate_demo,client,2,348421,12200,,122482,20296,
migrate_demo,client,2,353616,12200,,125801,20296,
migrate_demo,client,2,358860,12200,,127032,20296,
migrate_demo,client,2,364113,12200,,130469,20296,
migrate_demo,client,2,369327,12200,,132886,20296,
migrate_demo,client,2,374566,12200,,135090,20296,
migrate_demo,client,2,379834,12200,,137598,20296,
migrate_demo,client,2,385082,12200,,140942,20296,
migrate_demo,client,2,390364,12200,,143197,20296,
migrate_demo,client,2,395591,12200,,145460,20296,
migrate_demo,client,2,400790,12288,,149015,20296,
migrate_demo,client,2,405991,12336,,150293,20296,
migrate_demo,client,2,411246,12432,,152830,20296,
migrate_demo,client,2,416448,12528,,155107,20296,
migrate_demo,client,2,421663,12672,,158908,20296,
migrate_demo,client,2,426879,12768,,161207,20296,
migrate_demo,client,2,432091,12864,,163739,20296,
migrate_demo,client,2,437353,13008,,167263,20296,
migrate_demo,client,2,442823,13056,,168534,20296,
migrate_demo,client,2,448020,13200,,172290,20296,
migrate_demo,client,2,453244,13296,,174574,20296,
migrate_demo,client,2,458453,13392,,177087,20296,
migrate_demo,client,2,463650,13488,,179353,20296,
migrate_demo,client,2,468876,13584,,181886,20296,
migrate_demo,client,2,474025,13680,,184313,20296,
migrate_demo,client,2,479294,13776,,186955,20296,
migrate_demo,client,2,484539,13872,,189555,20296,
migrate_demo,client,2,489719,13968,,192114,20296,
migrate_demo,client,2,494932,14064,,194638,20296,
migrate_demo,client,2,500162,14208,,198373,20296,
migrate_demo,client,2,505453,14304,,200846,20296,
migrate_demo,client,2,510762,14400,,203303,20296,
migrate_demo,client,2,515965,14496,,205757,20296,
migrate_demo,client,2,521203,14592,,207968,20296,
migrate_demo,client,2,526431,14688,,210237,20296,
migrate_demo,client,2,531626,14832,,213781,20296,
migrate_demo,client,2,536864,14928,,216323,20296,
migrate_demo,client,2,542049,15024,,218628,20296,
migrate_demo,client,2,547327,15120,,221187,20296,
migrate_demo,client,2,552573,15216,,223703,20296,
migrate_demo,client,2,557809,15312,,226126,20296,
migrate_demo,client,2,563083,15408,,228767,20296,
migrate_demo,client,2,568293,15504,,231363,20296,
migrate_demo,client,2,573466,15600,,233892,20296,
migrate_demo,client,2,578759,15696,,236181,20296,
migrate_demo,client,2,583968,15840,,239910,20296,
migrate_demo,client,2,589164,15888,,241250,20296,
migrate_demo,client,2,594388,15984,,243662,20296,
migrate_demo,client,2,599678,16128,,247607,20296,
migrate_demo,client,2,604922,16272,,251207,20296,
migrate_demo,client,2,610125,16320,,252511,20296,
migrate_demo,client,2,615414,16416,,255082,20296,
migrate_demo,client,2,620617,16512,,257519,20296,
migrate_demo,client,2,625830,16608,,260189,20296,
migrate_demo,client,2,631022,16704,,262573,20296,
migrate_demo,client,2,636271,16800,,265183,20296,
migrate_demo,client,2,641543,16896,,267755,20296,
migrate_demo,client,2,646826,17040,,271323,20296,
migrate_demo,client,2,652023,17136,,273865,20296,
migrate_demo,client,2,657354,17232,,276382,20296,
migrate_demo,client,2,662579,17328,,278657,20296,
migrate_demo,client,2,667797,17424,,281173,20296,
migrate_demo,client,2,673004,17520,,283685,20296,
migrate_demo,client,2,678216,17664,,287413,20296,
migrate_demo,client,2,683457,17760,,289647,20296,
migrate_demo,client,2,688689,17856,,292173,20296,
migrate_demo,client,2,693878,17952,,294442,20296,
migrate_demo,client,2,699130,18048,,296960,20296,
migrate_demo,client,2,704373,18144,,299471,20296,
migrate_demo,client,2,709597,18288,,303197,20296,
migrate_demo,client,2,714908,18384,,305423,20296,
migrate_demo,client,2,720206,18480,,307936,20296,
migrate_demo,client,2,725428,18576,,310429,20296,
migrate_demo,client,2,730638,18720,,313899,20296,
migrate_demo,client,2,735848,18768,,315160,20296,
migrate_demo,client,2,741079,18864,,317417,20296,
migrate_demo,client,2,746383,19008,,321216,20296,
migrate_demo,client,2,751608,19104,,323710,20296,
migrate_demo,client,2,756808,19248,,327203,20296,
migrate_demo,client,2,762134,19296,,328462,20296,
migrate_demo,client,2,767398,19392,,330963,20296,
migrate_demo,client,2,772609,19536,,334683,20296,
migrate_demo,client,2,777899,19632,,337158,20296,
migrate_demo,client,2,783158,19728,,339427,20296,
migrate_demo,client,2,788410,19824,,341697,20296,
migrate_demo,client,2,793707,19920,,343997,20296,
migrate_demo,client,2,798917,20064,,347579,20296,
migrate_demo,client,2,804240,20160,,350134,20296,
migrate_demo,client,2,809572,20256,,352473,20296,
migrate_demo,client,2,814817,20352,,355025,20296,
migrate_demo,client,2,820065,20448,,357546,20296,
migrate_demo,client,2,825241,20544,,360046,20296,
migrate_demo,client,2,830491,20640,,362524,20296,
migrate_demo,client,2,835800,20784,,366203,20296,
migrate_demo,client,2,841073,20880,,368429,20296,
migrate_demo,client,2,846298,21024,,371963,20296,
migrate_demo,client,2,851599,21072,,373231,20296,
migrate_demo,client,2,856827,21168,,375736,20296,
migrate_demo,client,2,862060,21264,,378223,20296,
migrate_demo,client,2,867301,21408,,381952,20296,
migrate_demo,client,2,872418,21504,,384406,20296,
migrate_demo,client,2,877614,21648,,387851,20296,
migrate_demo,client,2,882912,21696,,389102,20296,
migrate_demo,client,2,888193,21792,,391573,20296,
migrate_demo,client,2,893410,21888,,394050,20296,
migrate_demo,client,2,898688,22032,,397531,20296,
migrate_demo,client,2,903926,22128,,400034,20296,
migrate_demo,client,2,909140,22224,,402530,20296,
migrate_demo,client,2,914334,22320,,404775,20296,
migrate_demo,client,2,919570,22416,,407273,20296,
migrate_demo,client,2,924808,22560,,410748,20296,
migrate_demo,client,2,930071,22656,,413275,20296,
migrate_demo,client,2,935326,22752,,415569,20296,
migrate_demo,client,2,940606,22848,,418091,20296,
migrate_demo,client,2,945847,22992,,421626,20296,
migrate_demo,client,2,951046,23040,,422888,20296,
migrate_demo,client,2,956322,23136,,425391,20296,
migrate_demo,client,2,961590,23280,,428876,20296,
migrate_demo,client,2,966818,23376,,431405,20296,
migrate_demo,client,2,972038,23472,,433707,20296,
migrate_demo,client,2,977338,23568,,436241,20296,
migrate_demo,client,2,982572,23664,,438749,20296,
migrate_demo,client,2,987828,23760,,441246,20296,
migrate_demo,client,2,992968,23904,,444935,20296,
migrate_demo,client,2,998182,24000,,447196,20296,
migrate_demo,client,2,1003405,24096,,449686,20296,
migrate_demo,client,2,1008693,24192,,452178,20296,
migrate_demo,client,2,1013910,24288,,454638,20296,
migrate_demo,client,2,1019127,24384,,457084,20296,
migrate_demo,client,2,1024323,24528,,460519,20296,
migrate_demo,client,2,1029585,24624,,462995,20296,
migrate_demo,client,2,1034794,24768,,466370,20296,
migrate_demo,client,2,1040044,24816,,467557,20296,
migrate_demo,client,2,1045322,24960,,470921,20296,
migrate_demo,client,2,1050612,25104,,474391,20296,
migrate_demo,client,2,1055842,25152,,475653,20296,
migrate_demo,client,2,1061059,25248,,477930,20296,
migrate_demo,client,2,1066597,25344,,480469,20296,
migrate_demo,client,2,1071790,25488,,484207,20296,
migrate_demo,client,2,1077007,25584,,486680,20296,
migrate_demo,client,2,1082269,25680,,489145,20296,
migrate_demo,client,2,1087741,25776,,491598,20296,
migrate_demo,client,2,1093008,25872,,493827,20296,
migrate_demo,client,2,1098246,25968,,496321,20296,
migrate_demo,client,2,1103479,26112,,500025,20296,
migrate_demo,client,2,1108625,26208,,502479,20296,
migrate_demo,client,2,1113860,26304,,504934,20296,
migrate_demo,client,2,1119140,26400,,507377,20296,
migrate_demo,client,2,1124391,26496,,509832,20296,
migrate_demo,client,2,1129605,26592,,512281,20296,
migrate_demo,client,2,1134881,26736,,515912,20296,
migrate_demo,client,2,1140100,26832,,518139,20296,
migrate_demo,client,2,1145328,26928,,520387,20296,
migrate_demo,client,2,1150525,27024,,522901,20296,
migrate_demo,client,2,1155768,27120,,525393,20296,
migrate_demo,client,2,1160955,27264,,528855,20296,
migrate_demo,client,2,1166188,27312,,530113,20296,
migrate_demo,client,2,1171421,27456,,533867,20296,
migrate_demo,client,2,1176639,27552,,536110,20296,
migrate_demo,client,2,1181889,27648,,538623,20296,
migrate_demo,client,2,1187151,27744,,541121,20296,
migrate_demo,client,2,1192371,27840,,543366,20296,
migrate_demo,client,2,1197653,27936,,545883,20296,
migrate_demo,client,2,1202903,28080,,549420,20296,
migrate_demo,client,2,1208143,28176,,551951,20296,
migrate_demo,client,2,1213429,28272,,554456,20296,
migrate_demo,client,2,1218628,28368,,556941,20296,
migrate_demo,client,2,1223863,28464,,559411,20296,
migrate_demo,client,2,1229126,28560,,561643,20296,
migrate_demo,client,2,1234341,28704,,565393,20296,
migrate_demo,client,2,1239592,28800,,567674,20296,
migrate_demo,client,2,1244834,28896,,569961,20296,
migrate_demo,client,2,1250160,28992,,572503,20296,
migrate_demo,client,2,1255357,29088,,575010,20296,
migrate_demo,client,2,1260569,29184,,577271,20296,
migrate_demo,client,2,1265851,29328,,581065,20296,
migrate_demo,client,2,1271051,29424,,583548,20296,
migrate_demo,client,2,1276271,29520,,586029,20296,
migrate_demo,client,2,1281503,29616,,588496,20296,
migrate_demo,client,2,1286674,29712,,590956,20296,
migrate_demo,client,2,1291873,29856,,594379,20296,
migrate_demo,client,2,1297147,29952,,596846,20296,
migrate_demo,client,2,1302444,30048,,598817,20296,
migrate_demo,client,2,1307702,30336,,599652,20296,
migrate_demo,client,2,1312983,30384,,600389,20296,
migrate_demo,client,2,1318243,30720,,601601,20296,
migrate_demo,client,2,1323600,30720,,601601,20296,
migrate_demo,client,2,1328807,31056,,602529,20296,
migrate_demo,client,2,1334020,31344,,603243,20296,
migrate_demo,client,2,1339308,31536,,603793,20296,
migrate_demo,client,2,1344611,31536,,603793,20296,
migrate_demo,client,2,1349839,32016,,604213,20296,
migrate_demo,client,2,1355076,32160,,604532,20296,
migrate_demo,client,2,1360320,32160,,604532,20296,
migrate_demo,client,2,1365575,32544,,604778,20296,
migrate_demo,client,2,1370825,32736,,604961,20296,
migrate_demo,client,2,1376079,32736,,604961,20296,
migrate_demo,client,2,1381287,33216,,605097,20296,
migrate_demo,client,2,1386539,33360,,605192,20296,
migrate_demo,client,2,1391811,33648,,605278,20296,
migrate_demo,client,2,1397000,33792,,605474,20296,
migrate_demo,client,2,1402187,34080,,605483,20296,
migrate_demo,client,2,1407454,34272,,605525,20296,
migrate_demo,client,2,1412654,34512,,605534,20296,
migrate_demo,client,2,1417862,34512,,605534,20296,
migrate_demo,client,2,1423032,34512,,605534,20296,
migrate_demo,client,2,1428301,34512,,605534,20296,
migrate_demo,client,2,1433482,35280,,605549,20296,
migrate_demo,client,2,1438765,35568,,605540,20296,
migrate_demo,client,2,1444077,35568,,605540,20296,
migrate_demo,client,2,1449253,35568,,605540,20296,
migrate_demo,client,2,1454540,35568,,605540,20296,
migrate_demo,client,2,1459765,36384,,605548,20296,
migrate_demo,client,2,1465006,36384,,605548,20296,
migrate_demo,client,2,1470296,36816,,605554,20296,
migrate_demo,client,2,1475516,37008,,605716,20296,
migrate_demo,client,2,1480745,37200,,605761,20296,
migrate_demo,client,2,1486042,37200,,605761,20296,
migrate_demo,client,2,1491414,37584,,605703,20296,
migrate_demo,client,2,1496588,37584,,605703,20296,
migrate_demo,client,2,1501845,38016,,605669,20296,
migrate_demo,client,2,1507047,38208,,605638,20296,
migrate_demo,client,2,1512279,38208,,605638,20296,
migrate_demo,client,2,1517569,38640,,605612,20296,
migrate_demo,client,2,1522748,38832,,605597,20296,
migrate_demo,client,2,1527930,39072,,605788,20296,
migrate_demo,client,2,1533188,39120,,605755,20296,
migrate_demo,client,2,1538460,39360,,605722,20296,
migrate_demo,client,2,1543655,39360,,605722,20296,
migrate_demo,client,2,1549040,39840,,605678,20296,
migrate_demo,client,2,1554294,39840,,605678,20296,
migrate_demo,client,2,1559726,39840,,605678,20296,
migrate_demo,client,2,1565041,40512,,605646,20296,
migrate_demo,client,2,1570306,40704,,605618,20296,
migrate_demo,client,2,1575609,40704,,605618,20296,
migrate_demo,client,2,1581034,40704,,605618,20296,
migrate_demo,client,2,1586258,41328,,605597,20296,
migrate_demo,client,2,1591510,41472,,605590,20296,
migrate_demo,client,2,1596711,41472,,605590,20296,
migrate_demo,client,2,1601971,41904,,605580,20296,
migrate_demo,client,2,1607147,41904,,605580,20296,
migrate_demo,client,2,1612357,42432,,605574,20296,
migrate_demo,client,2,1617569,42624,,605798,20296,
migrate_demo,client,2,1622755,42768,,605739,20296,
migrate_demo,client,2,1627991,42768,,605739,20296,
migrate_demo,client,2,1633221,43248,,605812,20296,
migrate_demo,client,2,1638533,43296,,605781,20296,
migrate_demo,client,2,1643817,43584,,605745,20296,
migrate_demo,client,2,1649033,43824,,605706,20296,
migrate_demo,client,2,1654285,43824,,605706,20296,
migrate_demo,client,2,1659478,44304,,605667,20296,
migrate_demo,client,2,1664703,44352,,605657,20296,
migrate_demo,client,2,1670121,44352,,605657,20296,
migrate_demo,client,2,1675383,44832,,605787,20296,
migrate_demo,client,2,1680600,45072,,605722,20296,
migrate_demo,client,2,1685815,45072,,605722,20296,
migrate_demo,client,2,1691015,45552,,605698,20296,
migrate_demo,client,2,1696230,45744,,605659,20296,
migrate_demo,client,2,1701446,45744,,605659,20296,
migrate_demo,client,2,1706683,45744,,605659,20296,
migrate_demo,client,2,1711874,46320,,605652,20296,
migrate_demo,client,2,1717123,46464,,605627,20296,
migrate_demo,client,2,1722371,46800,,605607,20296,
migrate_demo,client,2,1727625,46992,,605596,20296,
migrate_demo,client,2,1732860,47040,,605584,20296,
migrate_demo,client,2,1738059,47040,,605584,20296,
migrate_demo,client,2,1743248,47040,,605584,20296,
migrate_demo,client,2,1748455,47712,,605570,20296,
migrate_demo,client,2,1753704,48000,,605572,20296,
migrate_demo,client,2,1758939,48000,,605576,20296,
migrate_demo,client,2,1764188,48000,,605585,20296,
migrate_demo,client,2,1769524,48000,,605579,20296,
migrate_demo,client,2,1774747,48000,,605584,20296,
migrate_demo,client,2,1779938,48000,,605584,20296,
migrate_demo,client,2,1785139,48000,,605587,20296,
migrate_demo,client,2,1790353,48000,,605587,20296,
migrate_demo,client,2,1795739,48000,,605587,20296,
migrate_demo,client,2,1800933,48000,,605587,20296,
migrate_demo,client,2,1806154,48000,,605583,20296,
migrate_demo,client,2,1811349,48000,,605577,20296,
migrate_demo,client,2,1816584,48000,,605571,20296,
migrate_demo,client,2,1821782,48000,,605571,20296,
migrate_demo,client,2,1826974,48000,,605573,20296,
migrate_demo,client,2,1832185,48000,,605574,20296,
migrate_demo,client,2,1837428,48000,,605731,20296,
migrate_demo,client,2,1842590,48000,,605681,20296,
migrate_demo,client,2,1847811,48000,,605564,20296,
migrate_demo,client,2,1853084,48000,,605554,20296,
migrate_demo,client,2,1858331,48000,,605553,20296,
migrate_demo,client,2,1863550,48000,,605553,20296,
migrate_demo,client,2,1868710,48000,,605551,20296,
migrate_demo,client,2,1873890,48000,,605562,20296,
migrate_demo,client,2,1879117,48000,,605562,20296,
migrate_demo,client,2,1884348,48000,,605560,20296,
migrate_demo,client,2,1889611,48000,,605558,20296,
migrate_demo,client,2,1894833,48000,,605552,20296,
migrate_demo,client,2,1900045,48000,,605552,20296,
migrate_demo,client,2,1905288,48000,,605623,20296,
migrate_demo,client,2,1910539,48000,,605623,20296,
migrate_demo,client,2,1915783,48000,,605623,20296,
migrate_demo,client,2,1921011,48000,,605623,20296,
migrate_demo,client,2,1926198,48000,,605623,20296,
migrate_demo,client,2,1931433,48000,,605623,20296,
migrate_demo,client,2,1936599,48000,,605623,20296,
migrate_demo,client,2,1941911,48000,,605623,20296,
migrate_demo,client,2,1947174,48000,,605623,20296,
migrate_demo,client,2,1952391,48000,,605623,20296,
migrate_demo,client,2,1957652,48000,,605623,20296,
migrate_demo,client,2,1962885,48000,,605623,20296,
migrate_demo,client,2,1968062,48000,,605623,20296,
migrate_demo,client,2,1973255,48000,,605623,20296,
migrate_demo,client,2,1978439,48000,,605623,20296,
migrate_demo,client,2,1983688,48000,,605623,20296,
migrate_demo,client,2,1989168,48000,,605623,20296,
migrate_demo,client,2,1994378,48000,,605623,20296,
migrate_demo,client,2,1999622,48000,,605623,20296,
migrate_demo,client,2,2005093,48000,,605623,20296,
migrate_demo,client,2,2010422,48000,,605623,20296,
migrate_demo,client,2,2015650,48000,,605623,20296,
migrate_demo,client,2,2020925,48000,,605623,20296,
migrate_demo,client,2,2026205,48000,,605623,20296,
migrate_demo,client,2,2031457,48000,,605623,20296,
migrate_demo,client,2,2036666,48000,,605623,20296,
migrate_demo,client,2,2041868,48000,,605623,20296,
migrate_demo,client,2,2047051,48000,,605623,20296,
migrate_demo,client,2,2052293,48000,,605623,20296,
migrate_demo,client,2,2057630,48000,,605623,20296,
migrate_demo,client,2,2062877,48000,,605623,20296,
migrate_demo,client,2,2068068,48000,,605623,20296,
migrate_demo,client,2,2073519,48000,,605623,20296,
migrate_demo,client,2,2078735,48000,,605623,20296,
migrate_demo,client,2,2083935,48000,,605623,20296,
migrate_demo,client,2,2089098,48000,,605623,20296,
migrate_demo,client,2,2094335,48000,,605623,20296,
migrate_demo,client,2,2099610,48000,,605623,20296,
migrate_demo,client,2,2104853,48000,,605623,20296,
migrate_demo,client,2,2110064,48000,,605623,20296,
migrate_demo,client,2,2115412,48000,,605623,20296,
migrate_demo,client,2,2120651,48000,,605623,20296,
migrate_demo,client,2,2125872,48000,,605623,20296,
migrate_demo,client,2,2131157,48000,,605623,20296,
migrate_demo,client,2,2136312,48000,,605623,20296,
migrate_demo,client,2,2141514,48000,,605623,20296,
migrate_demo,client,2,2146813,48000,,605623,20296,
migrate_demo,client,2,2152075,48000,,605623,20296,
migrate_demo,client,2,2157273,48000,,605623,20296,
migrate_demo,client,2,2162480,48000,,605623,20296,
migrate_demo,client,2,2167726,48000,,605623,20296,
migrate_demo,client,2,2172890,48000,,605623,20296,
migrate_demo,client,2,2178106,48000,,605623,20296,
migrate_demo,client,2,2183422,48000,,605623,20296,
migrate_demo,client,2,2188621,48000,,605623,20296,
migrate_demo,client,2,2193983,48000,,605623,20296,
migrate_demo,client,2,2199171,48000,,605623,20296,
migrate_demo,client,2,2204362,48000,,605623,20296,
migrate_demo,client,2,2209597,48000,,605623,20296,
migrate_demo,client,2,2214858,48000,,605623,20296,
migrate_demo,client,2,2220047,48000,,605623,20296,
migrate_demo,client,2,2225262,48000,,605623,20296,
migrate_demo,client,2,2230519,48000,,605623,20296,
migrate_demo,client,2,2235725,48000,,605623,20296,
migrate_demo,client,2,2240971,48000,,605623,20296,
migrate_demo,client,2,2246237,48000,,605623,20296,
migrate_demo,client,2,2251427,48000,,605623,20296,
migrate_demo,client,2,2256617,48000,,605623,20296,
migrate_demo,client,2,2261810,48000,,605623,20296,
migrate_demo,client,2,2267024,48000,,605623,20296,
migrate_demo,client,2,2272299,48000,,605623,20296,
migrate_demo,client,2,2277559,48000,,605623,20296,
migrate_demo,client,2,2282772,48000,,605623,20296,
migrate_demo,client,2,2287896,48000,,605623,20296,
migrate_demo,client,2,2293089,48000,,605623,20296,
migrate_demo,client,2,2298281,48000,,605623,20296,
migrate_demo,client,2,2303730,48000,,605623,20296,
migrate_demo,client,2,2308940,48000,,605623,20296,
migrate_demo,client,2,2314207,48000,,605623,20296,
migrate_demo,client,2,2319445,48000,,605623,20296,
migrate_demo,client,2,2324621,48000,,605623,20296,
migrate_demo,client,2,2329839,48000,,605623,20296,
migrate_demo,client,2,2335043,48000,,605623,20296,
migrate_demo,client,2,2340256,48000,,605623,20296,
migrate_demo,client,2,2345526,48000,,605623,20296,
migrate_demo,client,2,2350772,48000,,605623,20296,
migrate_demo,client,2,2356007,48000,,605623,20296,
migrate_demo,client,2,2361207,48000,,605623,20296,
migrate_demo,client,2,2366479,48000,,605623,20296,
migrate_demo,client,2,2371701,48000,,605623,20296,
migrate_demo,client,2,2376870,48000,,605623,20296,
migrate_demo,client,2,2382102,48000,,605623,20296,
migrate_demo,client,2,2387294,48000,,605623,20296,
migrate_demo,client,2,2392708,48000,,605623,20296,
migrate_demo,client,2,2397913,48000,,605623,20296,
migrate_demo,client,2,2403150,48000,,605623,20296,
migrate_demo,client,2,2408328,48000,,605623,20296,
migrate_demo,client,2,2413554,48000,,605623,20296,
migrate_demo,client,2,2418829,48000,,605623,20296,
migrate_demo,client,2,2424077,48000,,605623,20296,
migrate_demo,client,2,2429320,48000,,605623,20296,
migrate_demo,client,2,2434588,48000,,605623,20296,
migrate_demo,client,2,2439999,48000,,605623,20296,
migrate_demo,client,2,2445245,48000,,605623,20296,
migrate_demo,client,2,2450487,48000,,605623,20296,
migrate_demo,client,2,2455711,48000,,605623,20296,
migrate_demo,client,2,2460877,48000,,605623,20296,
migrate_demo,client,2,2466066,48000,,605623,20296,
migrate_demo,client,2,2471363,48000,,605623,20296,
migrate_demo,client,2,2476569,48000,,605623,20296,
migrate_demo,client,2,2481769,48000,,605623,20296,
migrate_demo,client,2,2487101,48000,,605623,20296,
migrate_demo,client,2,2492450,48000,,605623,20296,
migrate_demo,client,2,2497672,48000,,605623,20296,
migrate_demo,client,2,2502887,48000,,605623,20296,
migrate_demo,client,2,2508138,48000,,605623,20296,
migrate_demo,client,2,2513328,48000,,605623,20296,
migrate_demo,client,2,2523383,96146,,441616,20296,
migrate_demo,client,2,2528510,96146,,441616,20296,
migrate_demo,client,2,2533687,96146,,441616,20296,
migrate_demo,client,2,2538995,96146,,441616,20296,
migrate_demo,client,2,2544267,96146,,441616,20296,
migrate_demo,client,2,2549476,96146,,441616,20296,
migrate_demo,client,2,2554680,96146,,441616,20296,
migrate_demo,client,2,2559885,96146,,441616,20296,
migrate_demo,client,2,2565164,96146,,441616,20296,
migrate_demo,client,2,2570400,96146,,441616,20296,
migrate_demo,client,2,2575600,96146,,441616,20296,
migrate_demo,client,2,2580787,96146,,441616,20296,
migrate_demo,client,2,2585995,96146,,441616,20296,
migrate_demo,client,2,2591288,96146,,441616,20296,
migrate_demo,client,2,2596576,96146,,441616,20296,
migrate_demo,client,2,2601783,96146,,441616,20296,
migrate_demo,client,2,2607013,96146,,441616,20296,
migrate_demo,client,2,2612265,96146,,441616,20296,
migrate_demo,client,2,2617478,96146,,441616,20296,
migrate_demo,client,2,2622701,96146,,441616,20296,
migrate_demo,client,2,2627899,96146,,441616,20296,
migrate_demo,client,2,2633127,96146,,441616,20296,
migrate_demo,client,2,2638332,96146,,441616,20296,
migrate_demo,client,2,2643527,96146,,441616,20296,
migrate_demo,client,2,2648720,96146,,441616,20296,
migrate_demo,client,2,2653979,96146,,441616,20296,
migrate_demo,client,2,2659163,96146,,441616,20296,
migrate_demo,client,2,2664466,96146,,441616,20296,
migrate_demo,client,2,2669741,96146,,441616,20296,
migrate_demo,client,2,2674983,96146,,441616,20296,
migrate_demo,client,2,2680279,96146,,441616,20296,
migrate_demo,client,2,2685556,96146,,441616,20296,
migrate_demo,client,2,2690745,96146,,441616,20296,
migrate_demo,client,2,2695997,96146,,441616,20296,
migrate_demo,client,2,2701217,96146,,441616,20296,
migrate_demo,client,2,2706564,96146,,441616,20296,
migrate_demo,client,2,2711775,96146,,441616,20296,
migrate_demo,client,2,2716936,96146,,441616,20296,
migrate_demo,client,2,2722143,96146,,441616,20296,
migrate_demo,client,2,2727337,96146,,441616,20296,
migrate_demo,client,2,2732585,96146,,441616,20296,
migrate_demo,client,2,2737835,96146,,441616,20296,
migrate_demo,client,2,2743047,96146,,441616,20296,
migrate_demo,client,2,2748281,96146,,441616,20296,
migrate_demo,client,2,2753513,96146,,441616,20296,
migrate_demo,client,2,2758712,96146,,441616,20296,
migrate_demo,client,2,2763910,96146,,441616,20296,
migrate_demo,client,2,2769206,96146,,441616,20296,
migrate_demo,client,2,2774416,96146,,441616,20296,
migrate_demo,client,2,2779599,96146,,441616,20296,
migrate_demo,client,2,2784824,96146,,441616,20296,
migrate_demo,client,2,2790089,96146,,441616,20296,
migrate_demo,client,2,2795305,96146,,441616,20296,
migrate_demo,client,2,2800575,96146,,441616,20296,
migrate_demo,client,2,2805757,96146,,441616,20296,
migrate_demo,client,2,2810992,96146,,441616,20296,
migrate_demo,client,2,2816229,96146,,441616,20296,
migrate_demo,client,2,2821495,96146,,441616,20296,
migrate_demo,client,2,2826722,96146,,441616,20296,
migrate_demo,client,2,2831913,96146,,441616,20296,
migrate_demo,client,2,2837114,96146,,441616,20296,
migrate_demo,client,2,2842351,96146,,441616,20296,
migrate_demo,client,2,2847525,96146,,441616,20296,
migrate_demo,client,2,2852734,96146,,441616,20296,
migrate_demo,client,2,2858159,96146,,441616,20296,
migrate_demo,client,2,2863366,96146,,441616,20296,
migrate_demo,client,2,2868565,96146,,441616,20296,
migrate_demo,client,2,2873761,96146,,441616,20296,
migrate_demo,client,2,2879001,96146,,441616,20296,
migrate_demo,client,2,2884280,96146,,441616,20296,
migrate_demo,client,2,2889502,96146,,441616,20296,
migrate_demo,client,2,2894744,96146,,441616,20296,
migrate_demo,client,2,2900006,96146,,441616,20296,
migrate_demo,client,2,2905225,96146,,441616,20296,
migrate_demo,client,2,2910422,96146,,441616,20296,
migrate_demo,client,2,2915610,96146,,441616,20296,
migrate_demo,client,2,2920833,96146,,441616,20296,
migrate_demo,client,2,2926029,96146,,441616,20296,
migrate_demo,client,2,2931323,96146,,441616,20296,
migrate_demo,client,2,2936511,96146,,441616,20296,
migrate_demo,client,2,2941816,96146,,441616,20296,
migrate_demo,client,2,2947030,96146,,441616,20296,
migrate_demo,client,2,2952246,96146,,441616,20296,
migrate_demo,client,2,2957472,96146,,441616,20296,
migrate_demo,client,2,2962668,96146,,441616,20296,
migrate_demo,client,2,2967917,96146,,441616,20296,
migrate_demo,client,2,2973311,96146,,441616,20296,
migrate_demo,client,2,2978509,96146,,441616,20296,
migrate_demo,client,2,2983711,96146,,441616,20296,
migrate_demo,client,2,2988868,96146,,441616,20296,
migrate_demo,client,2,2994057,96146,,441616,20296,
migrate_demo,client,2,2999422,96146,,441616,20296,
migrate_demo,client,2,3004627,96146,,441616,20296,
migrate_demo,client,2,3009811,96146,,441616,20296,
migrate_demo,client,2,3015123,96146,,441616,20296,
migrate_demo,client,2,3020334,96146,,441616,20296,
migrate_demo,client,2,3025668,96146,,441616,20296,
migrate_demo,client,2,3030922,96146,,441616,20296,
migrate_demo,client,2,3036212,96292,,450955,20296,
migrate_demo,client,2,3041417,96292,,450955,20296,
migrate_demo,client,2,3046748,96292,,467036,20296,
migrate_demo,client,2,3052012,96292,,473867,20296,
migrate_demo,client,2,3057248,96292,,485694,20296,
migrate_demo,client,2,3062566,96292,,485694,20296,
migrate_demo,client,2,3067854,96292,,485694,20296,
migrate_demo,client,2,3073210,96292,,485694,20296,
migrate_demo,client,2,3078515,96292,,485694,20296,
migrate_demo,client,2,3083702,96292,,492596,20296,
migrate_demo,client,2,3088966,96292,,498983,20296,
migrate_demo,client,2,3094244,96292,,504798,20296,
migrate_demo,client,2,3099414,96292,,510766,20296,
migrate_demo,client,2,3104670,96292,,516247,20296,
migrate_demo,client,2,3109929,96292,,516247,20296,
migrate_demo,client,2,3115159,96292,,516247,20296,
migrate_demo,client,2,3120415,96292,,516247,20296,
migrate_demo,client,2,3125659,96292,,516247,20296,
migrate_demo,client,2,3130952,96292,,516247,20296,
migrate_demo,client,2,3136200,96292,,516247,20296,
migrate_demo,client,2,3141434,96292,,516247,20296,
migrate_demo,client,2,3146631,96292,,516247,20296,
migrate_demo,client,2,3151843,96292,,516247,20296,
migrate_demo,client,2,3157089,96292,,516247,20296,
migrate_demo,client,2,3162322,96292,,516247,20296,
migrate_demo,client,2,3167552,96292,,516247,20296,
migrate_demo,client,2,3172895,96292,,516247,20296,
migrate_demo,client,2,3178101,96292,,516247,20296,
migrate_demo,client,2,3183392,96292,,516247,20296,
migrate_demo,client,2,3188588,96292,,516247,20296,
migrate_demo,client,2,3193776,96292,,516247,20296,
migrate_demo,client,2,3199004,96292,,516247,20296,
migrate_demo,client,2,3204187,96292,,516247,20296,
migrate_demo,client,2,3209432,96292,,516247,20296,
migrate_demo,client,2,3214642,96292,,516247,20296,
migrate_demo,client,2,3219849,96292,,516247,20296,
migrate_demo,client,2,3225071,96292,,516247,20296,
migrate_demo,client,2,3230316,96292,,516247,20296,
migrate_demo,client,2,3235641,96292,,516247,20296,
migrate_demo,client,2,3240943,96292,,516247,20296,
migrate_demo,client,2,3246111,96292,,516247,20296,
migrate_demo,client,2,3251335,96292,,516247,20296,
migrate_demo,client,2,3256542,96292,,516247,20296,
migrate_demo,client,2,3261743,96292,,516247,20296,
migrate_demo,client,2,3266997,96292,,516247,20296,
migrate_demo,client,2,3272231,96292,,516247,20296,
migrate_demo,client,2,3277475,96292,,516247,20296,
migrate_demo,client,2,3282716,96292,,516247,20296,
migrate_demo,client,2,3288002,96292,,516247,20296,
migrate_demo,client,2,3293206,96292,,516247,20296,
migrate_demo,client,2,3298443,96292,,516247,20296,
migrate_demo,client,2,3303647,96292,,516247,20296,
migrate_demo,client,2,3308855,96292,,516247,20296,
migrate_demo,client,2,3314057,96292,,516247,20296,
migrate_demo,client,2,3319305,96292,,516247,20296,
migrate_demo,client,2,3324532,96292,,516247,20296,
migrate_demo,client,2,3329734,96292,,516247,20296,
migrate_demo,client,2,3335020,96292,,516247,20296,
migrate_demo,client,2,3340224,96292,,516247,20296,
migrate_demo,client,2,3345497,96292,,516247,20296,
migrate_demo,client,2,3350717,96292,,516247,20296,
migrate_demo,client,2,3355963,96292,,516247,20296,
migrate_demo,client,2,3361230,96292,,516247,20296,
migrate_demo,client,2,3366434,96292,,516247,20296,
migrate_demo,client,2,3371705,96292,,516247,20296,
migrate_demo,client,2,3376949,96292,,516247,20296,
migrate_demo,client,2,3382180,96292,,516247,20296,
migrate_demo,client,2,3387390,96292,,516247,20296,
migrate_demo,client,2,3392591,96292,,516247,20296,
migrate_demo,client,2,3397776,96292,,516247,20296,
migrate_demo,client,2,3402984,96292,,516247,20296,
migrate_demo,client,2,3408209,96292,,516247,20296,
migrate_demo,client,2,3413408,96292,,516247,20296,
migrate_demo,client,2,3418564,96292,,516247,20296,
migrate_demo,client,2,3423753,96292,,516247,20296,
migrate_demo,client,2,3428986,96292,,516247,20296,
migrate_demo,client,2,3434207,96292,,516247,20296,
migrate_demo,client,2,3439411,96292,,516247,20296,
migrate_demo,client,2,3444687,96292,,516247,20296,
migrate_demo,client,2,3449814,96292,,516247,20296,
migrate_demo,client,2,3455110,96292,,516247,20296,
migrate_demo,client,2,3460334,96292,,516247,20296,
migrate_demo,client,2,3465591,96292,,516247,20296,
migrate_demo,client,2,3470785,96292,,516247,20296,
migrate_demo,client,2,3476015,96292,,516247,20296,
migrate_demo,client,2,3481258,96292,,516247,20296,
migrate_demo,client,2,3486480,96292,,516247,20296,
migrate_demo,client,2,3491676,96292,,516247,20296,
migrate_demo,client,2,3496907,96292,,516247,20296,
migrate_demo,client,2,3502222,96292,,516247,20296,
migrate_demo,client,2,3507513,96292,,516247,20296,
migrate_demo,client,2,3512734,96292,,516247,20296,
migrate_demo,client,2,3518023,96292,,516247,20296,
migrate_demo,client,2,3523274,96292,,516247,20296,
migrate_demo,client,2,3528564,96292,,516247,20296,
migrate_demo,client,2,3533755,96292,,516247,20296,
migrate_demo,client,2,3538975,96292,,516247,20296,
migrate_demo,client,2,3544166,96292,,516247,20296,
migrate_demo,client,2,3549438,96292,,516247,20296,
migrate_demo,client,2,3554715,96292,,516247,20296,
migrate_demo,client,2,3559915,96292,,516247,20296,
migrate_demo,client,2,3565214,96292,,516247,20296,
migrate_demo,client,2,3570442,96292,,516247,20296,
migrate_demo,client,2,3575600,96292,,516247,20296,
migrate_demo,client,2,3580893,96292,,516247,20296,
migrate_demo,client,2,3586139,96292,,516247,20296,
migrate_demo,client,2,3591322,96292,,516247,20296,
migrate_demo,client,2,3596560,96292,,516247,20296,
migrate_demo,client,2,3601783,96292,,516247,20296,
migrate_demo,client,2,3607088,96292,,516247,20296,
migrate_demo,client,2,3612278,96292,,516247,20296,
migrate_demo,client,2,3617509,96292,,516247,20296,
migrate_demo,client,2,3622756,96292,,516247,20296,
migrate_demo,client,2,3628037,96292,,516247,20296,
migrate_demo,client,2,3633250,96292,,516247,20296,
migrate_demo,client,2,3638477,96292,,516247,20296,
migrate_demo,client,2,3643685,96292,,516247,20296,
migrate_demo,client,2,3648970,96292,,516247,20296,
migrate_demo,client,2,3654226,96292,,516247,20296,
migrate_demo,client,2,3659503,96292,,516247,20296,
migrate_demo,client,2,3664703,96292,,516247,20296,
migrate_demo,client,2,3669952,96292,,516247,20296,
migrate_demo,client,2,3675155,96292,,516247,20296,
migrate_demo,client,2,3680541,96292,,516247,20296,
migrate_demo,client,2,3685766,96292,,516247,20296,
migrate_demo,client,2,3691003,96292,,516247,20296,
migrate_demo,client,2,3696226,96292,,516247,20296,
migrate_demo,client,2,3701509,96292,,516247,20296,
migrate_demo,client,2,3706758,96292,,516247,20296,
migrate_demo,client,2,3712043,96292,,516247,20296,
migrate_demo,client,2,3717311,96292,,516247,20296,
migrate_demo,client,2,3722495,96292,,516247,20296,
migrate_demo,client,2,3727705,96292,,516247,20296,
migrate_demo,client,2,3732867,96292,,516247,20296,
migrate_demo,client,2,3738045,96292,,516247,20296,
migrate_demo,client,2,3743244,96292,,516247,20296,
migrate_demo,client,2,3748405,96292,,516247,20296,
migrate_demo,client,2,3753620,96292,,516247,20296,
migrate_demo,client,2,3758854,96292,,516247,20296,
migrate_demo,client,2,3764056,96292,,516247,20296,
migrate_demo,client,2,3769290,96292,,516247,20296,
migrate_demo,client,2,3774574,96292,,516247,20296,
migrate_demo,client,2,3779808,96292,,516247,20296,
migrate_demo,client,2,3785013,96292,,516247,20296,
migrate_demo,client,2,3790209,96292,,516247,20296,
migrate_demo,client,2,3795463,96292,,516247,20296,
migrate_demo,client,2,3800657,96292,,516247,20296,
migrate_demo,client,2,3805869,96292,,516247,20296,
migrate_demo,client,2,3811086,96292,,516247,20296,
migrate_demo,client,2,3816299,96292,,516247,20296,
migrate_demo,client,2,3821483,96292,,524554,20296,
migrate_demo,client,2,3826695,96292,,524554,20296,
migrate_demo,client,2,3831881,96292,,524554,20296,
migrate_demo,client,2,3837213,96292,,524554,20296,
migrate_demo,client,2,3842414,96292,,524554,20296,
migrate_demo,client,2,3847713,96292,,524554,20296,
migrate_demo,client,2,3852965,96292,,524554,20296,
migrate_demo,client,2,3858260,96292,,524554,20296,
migrate_demo,client,2,3863519,96292,,524554,20296,
migrate_demo,client,2,3868765,96292,,524554,20296,
migrate_demo,client,2,3874002,96292,,524554,20296,
migrate_demo,client,2,3879250,96292,,524554,20296,
migrate_demo,client,2,3884472,96292,,524554,20296,
migrate_demo,client,2,3889715,96292,,524554,20296,
migrate_demo,client,2,3895076,96292,,524554,20296,
migrate_demo,client,2,3900314,96292,,524554,20296,
migrate_demo,client,2,3905534,96292,,524554,20296,
migrate_demo,client,2,3910740,96292,,524554,20296,
migrate_demo,client,2,3915954,96292,,524554,20296,
migrate_demo,client,2,3921119,96292,,524554,20296,
migrate_demo,client,2,3926353,96292,,524554,20296,
migrate_demo,client,2,3931584,96292,,524554,20296,
migrate_demo,client,2,3936930,96292,,524554,20296,
migrate_demo,client,2,3942205,96292,,524554,20296,
migrate_demo,client,2,3947434,96292,,524554,20296,
migrate_demo,client,2,3952629,96292,,524554,20296,
migrate_demo,client,2,3957798,96292,,524554,20296,
migrate_demo,client,2,3963013,96292,,524554,20296,
migrate_demo,client,2,3968226,96292,,524554,20296,
migrate_demo,client,2,3973462,96292,,524554,20296,
migrate_demo,client,2,3978657,96292,,524554,20296,
migrate_demo,client,2,3983864,96292,,524554,20296,
migrate_demo,client,2,3989088,96292,,524554,20296,
migrate_demo,client,2,3994284,96292,,524554,20296,
migrate_demo,client,2,3999492,96292,,524554,20296,
migrate_demo,client,2,4004696,96292,,524554,20296,
migrate_demo,client,2,4009912,96292,,524554,20296,
migrate_demo,client,2,4015120,96292,,524554,20296,
migrate_demo,client,2,4020374,96292,,524554,20296,
migrate_demo,client,2,4025686,96292,,524554,20296,
migrate_demo,client,2,4030933,96292,,524554,20296,
migrate_demo,client,2,4036137,96292,,524554,20296,
migrate_demo,client,2,4041325,96292,,524554,20296,
migrate_demo,client,2,4046608,96292,,524554,20296,
migrate_demo,client,2,4051992,96292,,524554,20296,
migrate_demo,client,2,4057321,96292,,524554,20296,
migrate_demo,client,2,4062572,96292,,524554,20296,
migrate_demo,client,2,4067860,96292,,524554,20296,
migrate_demo,client,2,4073107,96292,,524554,20296,
migrate_demo,client,2,4078294,96292,,524554,20296,
migrate_demo,client,2,4083497,96292,,524554,20296,
migrate_demo,client,2,4088713,96292,,524554,20296,
migrate_demo,client,2,4094030,96292,,524554,20296,
migrate_demo,client,2,4099214,96292,,524554,20296,
migrate_demo,client,2,4104424,96292,,524554,20296,
migrate_demo,client,2,4109648,96292,,524554,20296,
migrate_demo,client,2,4114952,96292,,524554,20296,
migrate_demo,client,2,4120215,96292,,524554,20296,
migrate_demo,client,2,4125461,96292,,524554,20296,
migrate_demo,client,2,4130682,96292,,524554,20296,
migrate_demo,client,2,4135886,96292,,524554,20296,
migrate_demo,client,2,4141140,96292,,524554,20296,
migrate_demo,client,2,4146368,96292,,524554,20296,
migrate_demo,client,2,4151600,96292,,524554,20296,
migrate_demo,client,2,4156887,96292,,524554,20296,
migrate_demo,client,2,4162111,96292,,524554,20296,
migrate_demo,client,2,4167378,96292,,524554,20296,
migrate_demo,client,2,4172634,96292,,524554,20296,
migrate_demo,client,2,4177840,96292,,524554,20296,
migrate_demo,client,2,4183037,96292,,524554,20296,
migrate_demo,client,2,4188270,96292,,524554,20296,
migrate_demo,client,2,4193585,96292,,524554,20296,
migrate_demo,client,2,4198873,96292,,524554,20296,
migrate_demo,client,2,4204121,96292,,524554,20296,
migrate_demo,client,2,4209329,96292,,524554,20296,
migrate_demo,client,2,4214564,96292,,524554,20296,
migrate_demo,client,2,4219801,96292,,524554,20296,
migrate_demo,client,2,4225073,96292,,524554,20296,
migrate_demo,client,2,4230276,96292,,524554,20296,
migrate_demo,client,2,4235548,96292,,524554,20296,
migrate_demo,client,2,4240815,96292,,524554,20296,
migrate_demo,client,2,4246067,96292,,524554,20296,
migrate_demo,client,2,4251259,96292,,524554,20296,
migrate_demo,client,2,4256506,96292,,524554,20296,
migrate_demo,client,2,4261708,96292,,524554,20296,
migrate_demo,client,2,4266930,96292,,524554,20296,
migrate_demo,client,2,4272177,96292,,524554,20296,
migrate_demo,client,2,4277417,96292,,524554,20296,
migrate_demo,client,2,4282650,96292,,524554,20296,
migrate_demo,client,2,4287887,96292,,524554,20296,
migrate_demo,client,2,4293081,96292,,524554,20296,
migrate_demo,client,2,4298344,96292,,524554,20296,
migrate_demo,client,2,4303662,96292,,524554,20296,
migrate_demo,client,2,4308975,96292,,524554,20296,
migrate_demo,client,2,4314221,96292,,524554,20296,
migrate_demo,client,2,4319443,96292,,524554,20296,
migrate_demo,client,2,4324658,96292,,524554,20296,
migrate_demo,client,2,4329910,96292,,524554,20296,
migrate_demo,client,2,4335158,96292,,524554,20296,
migrate_demo,client,2,4340379,96292,,524554,20296,
migrate_demo,client,2,4345587,96292,,524554,20296,
migrate_demo,client,2,4350774,96292,,524554,20296,
migrate_demo,client,2,4356051,96292,,524554,20296,
migrate_demo,client,2,4361373,96292,,524554,20296,
migrate_demo,client,2,4366574,96292,,524554,20296,
migrate_demo,client,2,4371777,96292,,524554,20296,
migrate_demo,client,2,4377118,96292,,524554,20296,
migrate_demo,client,2,4382310,96292,,524554,20296,
migrate_demo,client,2,4387524,96292,,524554,20296,
migrate_demo,client,2,4392784,96292,,524554,20296,
migrate_demo,client,2,4398032,96292,,524554,20296,
migrate_demo,client,2,4403262,96292,,524554,20296,
migrate_demo,client,2,4408522,96292,,524554,20296,
migrate_demo,client,2,4413838,96292,,524554,20296,
migrate_demo,client,2,4419069,96292,,524554,20296,
migrate_demo,client,2,4424270,96292,,524554,20296,
migrate_demo,client,2,4429473,96292,,524554,20296,
migrate_demo,client,2,4434685,96292,,524554,20296,
migrate_demo,client,2,4439901,96292,,524554,20296,
migrate_demo,client,2,4445112,96292,,524554,20296,
migrate_demo,client,2,4450369,96292,,524554,20296,
migrate_demo,client,2,4455584,96292,,524554,20296,
migrate_demo,client,2,4460790,96292,,524554,20296,
migrate_demo,client,2,4466041,96292,,524554,20296,
migrate_demo,client,2,4471265,96292,,524554,20296,
migrate_demo,client,2,4476496,96292,,524554,20296,
migrate_demo,client,2,4481716,96292,,524554,20296,
migrate_demo,client,2,4486963,96292,,524554,20296,
migrate_demo,client,2,4492188,96292,,524554,20296,
migrate_demo,client,2,4497420,96292,,524554,20296,
migrate_demo,client,2,4502649,96292,,524554,20296,
migrate_demo,client,2,4507866,96292,,524554,20296,
migrate_demo,client,2,4513070,96292,,524554,20296,
migrate_demo,client,2,4518324,96292,,524554,20296,
migrate_demo,client,2,4523566,96292,,524554,20296,
migrate_demo,client,2,4528781,96292,,524554,20296,
migrate_demo,client,2,4534128,96292,,524554,20296,
migrate_demo,client,2,4539337,96292,,524554,20296,
migrate_demo,client,2,4544563,96292,,524554,20296,
migrate_demo,client,2,4549779,96292,,524554,20296,
migrate_demo,client,2,4554960,96292,,524554,20296,
migrate_demo,client,2,4560166,96292,,524554,20296,
migrate_demo,client,2,4565606,96292,,524554,20296,
migrate_demo,client,2,4570837,96292,,524554,20296,
migrate_demo,client,2,4576036,96292,,524554,20296,
migrate_demo,client,2,4581244,96292,,524554,20296,
migrate_demo,client,2,4586447,96292,,524554,20296,
migrate_demo,client,2,4591715,96292,,524554,20296,
migrate_demo,client,2,4597024,96292,,524554,20296,
migrate_demo,client,2,4602284,96292,,524554,20296,
migrate_demo,client,2,4607538,96292,,524554,20296,
migrate_demo,client,2,4612734,96292,,524554,20296,
migrate_demo,client,2,4617973,96292,,524554,20296,
migrate_demo,client,2,4623186,96292,,524554,20296,
migrate_demo,client,2,4628401,96292,,524554,20296,
migrate_demo,client,2,4633652,96292,,524554,20296,
migrate_demo,client,2,4638861,96292,,524554,20296,
migrate_demo,client,2,4644144,96292,,524554,20296,
migrate_demo,client,2,4649377,96292,,524554,20296,
migrate_demo,client,2,4654594,96292,,524554,20296,
migrate_demo,client,2,4659778,96292,,524554,20296,
migrate_demo,client,2,4665029,96292,,524554,20296,
migrate_demo,client,2,4670250,96292,,531801,20296,
migrate_demo,client,2,4675490,96292,,531801,20296,
migrate_demo,client,2,4680728,96292,,531801,20296,
migrate_demo,client,2,4685925,96292,,531801,20296,
migrate_demo,client,2,4691155,96292,,531801,20296,
migrate_demo,client,2,4696346,96292,,531801,20296,
migrate_demo,client,2,4701669,96292,,538295,20296,
migrate_demo,client,2,4706906,96292,,538295,20296,
migrate_demo,client,2,4712112,96292,,538295,20296,
migrate_demo,client,2,4717386,96292,,538295,20296,
migrate_demo,client,2,4722635,96292,,538295,20296,
migrate_demo,client,2,4727871,96292,,538295,20296,
migrate_demo,client,2,4733140,96292,,538295,20296,
migrate_demo,client,2,4738374,96292,,538295,20296,
migrate_demo,client,2,4743619,96292,,538295,20296,
migrate_demo,client,2,4748876,96292,,538295,20296,
migrate_demo,client,2,4754098,96292,,538295,20296,
migrate_demo,client,2,4759355,96292,,538295,20296,
migrate_demo,client,2,4764565,96292,,538295,20296,
migrate_demo,client,2,4769777,96292,,538295,20296,
migrate_demo,client,2,4774980,96292,,538295,20296,
migrate_demo,client,2,4780242,96292,,538295,20296,
migrate_demo,client,2,4785428,96292,,538295,20296,
migrate_demo,client,2,4790700,96292,,538295,20296,
migrate_demo,client,2,4795894,96292,,538295,20296,
migrate_demo,client,2,4801094,96292,,538295,20296,
migrate_demo,client,2,4806369,96292,,538295,20296,
migrate_demo,client,2,4811592,96292,,538295,20296,
migrate_demo,client,2,4816788,96292,,538295,20296,
migrate_demo,client,2,4821995,96292,,538295,20296,
migrate_demo,client,2,4827230,96292,,538295,20296,
migrate_demo,client,2,4832452,96292,,538295,20296,
migrate_demo,client,2,4837701,96292,,538295,20296,
migrate_demo,client,2,4842917,96292,,538295,20296,
migrate_demo,client,2,4848171,96292,,538295,20296,
migrate_demo,client,2,4853401,96292,,538295,20296,
migrate_demo,client,2,4858622,96292,,538295,20296,
migrate_demo,client,2,4863820,96292,,538295,20296,
migrate_demo,client,2,4869078,96292,,538295,20296,
migrate_demo,client,2,4874377,96292,,538295,20296,
migrate_demo,client,2,4879598,96292,,538295,20296,
migrate_demo,client,2,4884911,96292,,538295,20296,
migrate_demo,client,2,4890148,96292,,538295,20296,
migrate_demo,client,2,4895394,96292,,538295,20296,
migrate_demo,client,2,4900604,96292,,538295,20296,
migrate_demo,client,2,4905816,96292,,538295,20296,
migrate_demo,client,2,4911058,96292,,538295,20296,
migrate_demo,client,2,4916294,96292,,538295,20296,
migrate_demo,client,2,4921528,96292,,538295,20296,
migrate_demo,client,2,4926800,96292,,538295,20296,
migrate_demo,client,2,4932060,96292,,538295,20296,
migrate_demo,client,2,4937312,96292,,538295,20296,
migrate_demo,client,2,4942563,96292,,538295,20296,
migrate_demo,client,2,4947743,96292,,538295,20296,
migrate_demo,client,2,4952965,96292,,538295,20296,
migrate_demo,client,2,4958185,96292,,538295,20296,
migrate_demo,client,2,4963379,96292,,538295,20296,
migrate_demo,client,2,4968621,96292,,538295,20296,
migrate_demo,client,2,4973955,96292,,538295,20296,
migrate_demo,client,2,4979226,96292,,538295,20296,
migrate_demo,client,2,4984450,96292,,538295,20296,
migrate_demo,client,2,4989679,96292,,538295,20296,
migrate_demo,client,2,4994882,96292,,538295,20296,
migrate_demo,client,2,5000090,96292,,538295,20296,
migrate_demo,client,2,5005309,96292,,538295,20296,
migrate_demo,client,2,5010474,96292,,538295,20296,
migrate_demo,client,2,5015674,96292,,538295,20296,
migrate_demo,client,2,5020913,96292,,538295,20296,
migrate_demo,client,2,5026176,96292,,538295,20296,
migrate_demo,client,2,5031465,96292,,538295,20296,
migrate_demo,client,2,5036734,96292,,538295,20296,
migrate_demo,client,2,5041982,96292,,538295,20296,
migrate_demo,client,2,5047223,96292,,538295,20296,
migrate_demo,client,2,5052485,96292,,538295,20296,
migrate_demo,client,2,5057728,96292,,538295,20296,
migrate_demo,client,2,5062994,96292,,538295,20296,
migrate_demo,client,2,5068257,96292,,538295,20296,
migrate_demo,client,2,5073536,96292,,538295,20296,
migrate_demo,client,2,5078796,96292,,538295,20296,
migrate_demo,client,2,5084091,96292,,538295,20296,
migrate_demo,client,2,5089326,96292,,538295,20296,
migrate_demo,client,2,5094617,96292,,476093,20296,
migrate_demo,client,2,5099896,96292,,476093,20296,
migrate_demo,client,2,5105175,96292,,476093,20296,
migrate_demo,client,2,5110402,96292,,421660,20296,
migrate_demo,client,2,5115601,96292,,421660,20296,
migrate_demo,client,2,5120857,96292,,421660,20296,
migrate_demo,client,2,5126193,96292,,421660,20296,
migrate_demo,client,2,5131489,96292,,421660,20296,
migrate_demo,client,2,5136736,96292,,421660,20296,
migrate_demo,client,2,5142046,96292,,421660,20296,
migrate_demo,client,2,5147378,96292,,421660,20296,
migrate_demo,client,2,5152702,96292,,374011,20296,
migrate_demo,client,2,5158024,96292,,374011,20296,
migrate_demo,client,2,5163359,96292,,374011,20296,
migrate_demo,client,2,5168700,96292,,374011,20296,
migrate_demo,client,2,5174053,96292,,374011,20296,
migrate_demo,client,2,5179351,96292,,374011,20296,
migrate_demo,client,2,5184695,96292,,374011,20296,
migrate_demo,client,2,5190027,96292,,374011,20296,
migrate_demo,client,2,5195348,96292,,374011,20296,
migrate_demo,client,2,5200760,96292,,374011,20296,
migrate_demo,client,2,5206438,96292,,374011,20296,
migrate_demo,client,2,5211766,96292,,374011,20296,
migrate_demo,client,2,5217044,96292,,374011,20296,
migrate_demo,client,2,5222367,96292,,332540,20296,
migrate_demo,client,2,5227686,96292,,332540,20296,
migrate_demo,client,2,5233029,96292,,332540,20296,
migrate_demo,client,2,5238308,96292,,332540,20296,
migrate_demo,client,2,5243696,96292,,332540,20296,
migrate_demo,client,2,5249037,96292,,332540,20296,
migrate_demo,client,2,5254294,96292,,332540,20296,
migrate_demo,client,2,5259596,96292,,332540,20296,
migrate_demo,client,2,5264918,96292,,332540,20296,
migrate_demo,client,2,5270234,96292,,332540,20296,
migrate_demo,client,2,5275629,96292,,332540,20296,
migrate_demo,client,2,5280918,96292,,332540,20296,
migrate_demo,client,2,5286196,96292,,332540,20296,
migrate_demo,client,2,5291487,96292,,332540,20296,
migrate_demo,client,2,5296745,96292,,332540,20296,
migrate_demo,client,2,5302060,96292,,332540,20296,
migrate_demo,client,2,5307381,96292,,332540,20296,
migrate_demo,client,2,5312670,96292,,332540,20296,
migrate_demo,client,2,5317920,96292,,332540,20296,
migrate_demo,client,2,5323206,96292,,332540,20296,
migrate_demo,client,2,5328504,96292,,332540,20296,
migrate_demo,client,2,5333770,96292,,332540,20296,
migrate_demo,client,2,5339001,96292,,332540,20296,
migrate_demo,client,2,5344300,96292,,332540,20296,
migrate_demo,client,2,5349530,96292,,332540,20296,
migrate_demo,client,2,5354834,96292,,332540,20296,
migrate_demo,client,2,5360112,96292,,332540,20296,
migrate_demo,client,2,5365401,96292,,332540,20296,
migrate_demo,client,2,5370643,96292,,332540,20296,
migrate_demo,client,2,5376449,96292,,332540,20296,
migrate_demo,client,2,5381741,96292,,332540,20296,
migrate_demo,client,2,5386971,96292,,332540,20296,
migrate_demo,client,2,5392262,96292,,332540,20296,
migrate_demo,client,2,5397497,96292,,332540,20296,
migrate_demo,client,2,5402696,96292,,332540,20296,
migrate_demo,client,2,5407938,96292,,332540,20296,
migrate_demo,client,2,5413206,96292,,332540,20296,
migrate_demo,client,2,5418497,96292,,332540,20296,
migrate_demo,client,2,5423809,96292,,332540,20296,
migrate_demo,client,2,5429024,96292,,332540,20296,
migrate_demo,client,2,5434286,96292,,332540,20296,
migrate_demo,client,2,5439553,96292,,332540,20296,
migrate_demo,client,2,5444920,96292,,332540,20296,
migrate_demo,client,2,5450179,96292,,332540,20296,
migrate_demo,client,2,5455429,96292,,332540,20296,
migrate_demo,client,2,5460662,96292,,332540,20296,
migrate_demo,client,2,5465884,96292,,332540,20296,
migrate_demo,client,2,5471129,96292,,332540,20296,
migrate_demo,client,2,5476348,96292,,332540,20296,
migrate_demo,client,2,5481594,96292,,332540,20296,
migrate_demo,client,2,5486852,96292,,332540,20296,
migrate_demo,client,2,5492098,96292,,332540,20296,
migrate_demo,client,2,5497342,96292,,332540,20296,
migrate_demo,client,2,5502576,96292,,332540,20296,
migrate_demo,client,2,5507842,96292,,332540,20296,
migrate_demo,client,2,5513096,96292,,332540,20296,
migrate_demo,client,2,5518327,96292,,332540,20296,
migrate_demo,client,2,5523561,96292,,332540,20296,
migrate_demo,client,2,5528885,96292,,332540,20296,
migrate_demo,client,2,5534121,96292,,332540,20296,
migrate_demo,client,2,5539318,96292,,332540,20296,
migrate_demo,client,2,5544605,96292,,332540,20296,
migrate_demo,client,2,5549895,96292,,332540,20296,
migrate_demo,client,2,5555161,96292,,332540,20296,
migrate_demo,client,2,5560367,96292,,332540,20296,
migrate_demo,client,2,5565635,96292,,332540,20296,
migrate_demo,client,2,5570884,96292,,332540,20296,
migrate_demo,client,2,5576158,96292,,332540,20296,
migrate_demo,client,2,5581370,96292,,332540,20296,
migrate_demo,client,2,5586613,96292,,332540,20296,
migrate_demo,client,2,5591895,96292,,332540,20296,
migrate_demo,client,2,5597167,96292,,332540,20296,
migrate_demo,client,2,5602449,96292,,332540,20296,
migrate_demo,client,2,5607774,96292,,332540,20296,
migrate_demo,client,2,5613077,96292,,332540,20296,
migrate_demo,client,2,5618373,96292,,332540,20296,
migrate_demo,client,2,5623660,96292,,332540,20296,
migrate_demo,client,2,5628964,96292,,332540,20296,
migrate_demo,client,2,5634256,96292,,332540,20296,
migrate_demo,client,2,5639547,96292,,332540,20296,
migrate_demo,client,2,5644882,96292,,332540,20296,
migrate_demo,client,2,5650142,96292,,332540,20296,
migrate_demo,client,2,5655498,96292,,332540,20296,
migrate_demo,client,2,5660759,96292,,332540,20296,
migrate_demo,client,2,5666049,96292,,332540,20296,
migrate_demo,client,2,5671282,96292,,332540,20296,
migrate_demo,client,2,5676576,96292,,332540,20296,
migrate_demo,client,2,5681877,96292,,332540,20296,
migrate_demo,client,2,5687112,96292,,332540,20296,
migrate_demo,client,2,5692409,96292,,332540,20296,
migrate_demo,client,2,5697703,96292,,332540,20296,
migrate_demo,client,2,5703020,96292,,332540,20296,
migrate_demo,client,2,5708337,96292,,332540,20296,
migrate_demo,client,2,5713745,96292,,332540,20296,
migrate_demo,client,2,5719016,96292,,332540,20296,
migrate_demo,client,2,5724298,96292,,332540,20296,
migrate_demo,client,2,5729592,96292,,332540,20296,
migrate_demo,client,2,5734894,96292,,332540,20296,
migrate_demo,client,2,5740151,96292,,332540,20296,
migrate_demo,client,2,5745422,96292,,332540,20296,
migrate_demo,client,2,5750700,96292,,332540,20296,
migrate_demo,client,2,5755910,96292,,332540,20296,
migrate_demo,client,2,5761160,96292,,332540,20296,
migrate_demo,client,2,5766429,96292,,332540,20296,
migrate_demo,client,2,5771712,96292,,332540,20296,
migrate_demo,client,2,5777004,96292,,332540,20296,
migrate_demo,client,2,5782282,96292,,332540,20296,
migrate_demo,client,2,5787539,96292,,332540,20296,
migrate_demo,client,2,5792826,96292,,332540,20296,
migrate_demo,client,2,5798137,96292,,332540,20296,
migrate_demo,client,2,5803404,96292,,332540,20296,
migrate_demo,client,2,5808701,96292,,332540,20296,
migrate_demo,client,2,5813982,96292,,332540,20296,
migrate_demo,client,2,5819279,96292,,332540,20296,
migrate_demo,client,2,5824564,96292,,332540,20296,
migrate_demo,client,2,5829845,96292,,332540,20296,
migrate_demo,client,2,5835156,96292,,332540,20296,
migrate_demo,client,2,5840479,96292,,332540,20296,
migrate_demo,client,2,5845798,96292,,332540,20296,
migrate_demo,client,2,5851105,96292,,332540,20296,
migrate_demo,client,2,5856462,96292,,332540,20296,
migrate_demo,client,2,5861821,96292,,332540,20296,
migrate_demo,client,2,5867174,96292,,332540,20296,
migrate_demo,client,2,5872469,96292,,332540,20296,
migrate_demo,client,2,5877737,96292,,332540,20296,
migrate_demo,client,2,5883042,96292,,332540,20296,
migrate_demo,client,2,5888366,96292,,332540,20296,
migrate_demo,client,2,5893653,96292,,332540,20296,
migrate_demo,client,2,5898925,96292,,332540,20296,
migrate_demo,client,2,5904294,96292,,332540,20296,
migrate_demo,client,2,5909615,96292,,332540,20296,
migrate_demo,client,2,5914993,96292,,332540,20296,
migrate_demo,client,2,5920379,96292,,332540,20296,
migrate_demo,client,2,5925650,96292,,332540,20296,
migrate_demo,client,2,5930913,96292,,332540,20296,
migrate_demo,client,2,5936264,96292,,332540,20296,
migrate_demo,client,2,5941520,96292,,332540,20296,
migrate_demo,client,2,5946858,96292,,332540,20296,
migrate_demo,client,2,5952140,96292,,332540,20296,
migrate_demo,client,2,5957419,96292,,332540,20296,
migrate_demo,client,2,5962657,96292,,332540,20296,
migrate_demo,client,2,5968038,96292,,332540,20296,
migrate_demo,client,2,5973308,96292,,332540,20296,
migrate_demo,client,2,5978583,96292,,332540,20296,
migrate_demo,client,2,5983790,96292,,332540,20296,
migrate_demo,client,2,5989041,96292,,332540,20296,
migrate_demo,client,2,5994351,96292,,332540,20296,
migrate_demo,client,2,5999591,96292,,332540,20296,
migrate_demo,client,2,6004931,96292,,332540,20296,
migrate_demo,client,2,6010222,96292,,332540,20296,
migrate_demo,client,2,6015545,96292,,332540,20296,
migrate_demo,client,2,6020865,96292,,332540,20296,
migrate_demo,client,2,6027303,96292,,332540,20296,
migrate_demo,client,2,6032546,96292,,332540,20296,
migrate_demo,client,2,6037783,96292,,332540,20296,
migrate_demo,client,2,6043027,96292,,332540,20296,
migrate_demo,client,2,6048266,96292,,332540,20296,
migrate_demo,client,2,6053550,96292,,332540,20296,
migrate_demo,client,2,6058848,96292,,332540,20296,
migrate_demo,client,2,6064079,96292,,332540,20296,
migrate_demo,client,2,6069341,96292,,332540,20296,
migrate_demo,client,2,6074579,96292,,332540,20296,
migrate_demo,client,2,6079822,96292,,332540,20296,
migrate_demo,client,2,6085067,96292,,332540,20296,
migrate_demo,client,2,6090269,96292,,332540,20296,
migrate_demo,client,2,6095481,96292,,332540,20296,
migrate_demo,client,2,6100731,96292,,332540,20296,
migrate_demo,client,2,6105928,96292,,332540,20296,
migrate_demo,client,2,6111165,96292,,332540,20296,
migrate_demo,client,2,6116590,96292,,332540,20296,
migrate_demo,client,2,6121898,96292,,332540,20296,
migrate_demo,client,2,6127269,96292,,332540,20296,
migrate_demo,client,2,6132532,96292,,332540,20296,
migrate_demo,client,2,6137816,96292,,332540,20296,
migrate_demo,client,2,6143090,96292,,332540,20296,
migrate_demo,client,2,6148339,96292,,332540,20296,
migrate_demo,client,2,6153619,96292,,332540,20296,
migrate_demo,client,2,6158825,96292,,332540,20296,
migrate_demo,client,2,6164061,96292,,332540,20296,
migrate_demo,client,2,6169323,96292,,332540,20296,
migrate_demo,client,2,6174592,96292,,332540,20296,
migrate_demo,client,2,6179861,96292,,332540,20296,
migrate_demo,client,2,6185116,96292,,332540,20296,
migrate_demo,client,2,6190383,96292,,332540,20296,
migrate_demo,client,2,6195682,96292,,332540,20296,
migrate_demo,client,2,6200903,96292,,332540,20296,
migrate_demo,client,2,6206150,96292,,332540,20296,
migrate_demo,client,2,6211422,96292,,332540,20296,
migrate_demo,client,2,6216640,96292,,332540,20296,
migrate_demo,client,2,6221881,96292,,332540,20296,
migrate_demo,client,2,6227197,96292,,332540,20296,
migrate_demo,client,2,6232486,96292,,332540,20296,
migrate_demo,client,2,6237765,96292,,332540,20296,
migrate_demo,client,2,6243044,96292,,332540,20296,
migrate_demo,client,2,6248365,96292,,332540,20296,
migrate_demo,client,2,6253595,96292,,332540,20296,
migrate_demo,client,2,6258872,96292,,332540,20296,
migrate_demo,client,2,6264138,96292,,332540,20296,
migrate_demo,client,2,6269382,96292,,332540,20296,
migrate_demo,client,2,6274672,96292,,332540,20296,
migrate_demo,client,2,6279933,96292,,332540,20296,
migrate_demo,client,2,6285196,96292,,332540,20296,
migrate_demo,client,2,6290471,96292,,332540,20296,
migrate_demo,client,2,6295721,96292,,332540,20296,
migrate_demo,client,2,6300961,96292,,332540,20296,
migrate_demo,client,2,6306226,96292,,332540,20296,
migrate_demo,client,2,6311496,96292,,332540,20296,
migrate_demo,client,2,6316748,96292,,332540,20296,
migrate_demo,client,2,6322039,96292,,332540,20296,
migrate_demo,client,2,6327422,96292,,332540,20296,
migrate_demo,client,2,6332737,96292,,332540,20296,
migrate_demo,client,2,6338060,96292,,332540,20296,
migrate_demo,client,2,6343354,96292,,332540,20296,
migrate_demo,client,2,6348667,96292,,332540,20296,
migrate_demo,client,2,6353969,96292,,332540,20296,
migrate_demo,client,2,6359267,96292,,332540,20296,
migrate_demo,client,2,6364548,96292,,332540,20296,
migrate_demo,client,2,6369839,96292,,332540,20296,
migrate_demo,client,2,6375120,96292,,332540,20296,
migrate_demo,client,2,6380381,96292,,332540,20296,
migrate_demo,client,2,6385737,96292,,332540,20296,
migrate_demo,client,2,6390978,96292,,332540,20296,
migrate_demo,client,2,6396275,96292,,332540,20296,
migrate_demo,client,2,6401578,96292,,332540,20296,
migrate_demo,client,2,6406813,96292,,332540,20296,
migrate_demo,client,2,6412053,96292,,332540,20296,
migrate_demo,client,2,6417335,96292,,332540,20296,
migrate_demo,client,2,6422627,96292,,332540,20296,
migrate_demo,client,2,6427887,96292,,332540,20296,
migrate_demo,client,2,6433193,96292,,332540,20296,
migrate_demo,client,2,6438445,96292,,332540,20296,
migrate_demo,client,2,6443675,96292,,332540,20296,
migrate_demo,client,2,6448906,96292,,332540,20296,
migrate_demo,client,2,6454231,96292,,332540,20296,
migrate_demo,client,2,6459525,96292,,332540,20296,
migrate_demo,client,2,6464810,96292,,332540,20296,
migrate_demo,client,2,6470111,96292,,332540,20296,
migrate_demo,client,2,6475401,96292,,332540,20296,
migrate_demo,client,2,6480662,96292,,332540,20296,
migrate_demo,client,2,6485926,96292,,332540,20296,
migrate_demo,client,2,6491204,96292,,332540,20296,
migrate_demo,client,2,6496440,96292,,332540,20296,
migrate_demo,client,2,6501741,96292,,332540,20296,
migrate_demo,client,2,6507039,96292,,332540,20296,
migrate_demo,client,2,6512300,96292,,332540,20296,
migrate_demo,client,2,6517601,96292,,332540,20296,
migrate_demo,client,2,6522866,96292,,332540,20296,
migrate_demo,client,2,6528146,96292,,332540,20296,
migrate_demo,client,2,6533425,96292,,332540,20296,
migrate_demo,client,2,6538713,96292,,332540,20296,
migrate_demo,client,2,6543991,96292,,332540,20296,
migrate_demo,client,2,6549270,96292,,332540,20296,
migrate_demo,client,2,6554614,96292,,332540,20296,
migrate_demo,client,2,6559887,96292,,332540,20296,
migrate_demo,client,2,6565145,96292,,332540,20296,
migrate_demo,client,2,6570452,96292,,332540,20296,
migrate_demo,client,2,6575737,96292,,332540,20296,
migrate_demo,client,2,6581004,96292,,332540,20296,
migrate_demo,client,2,6586299,96292,,332540,20296,
migrate_demo,client,2,6591581,96292,,332540,20296,
migrate_demo,client,2,6596855,96292,,332540,20296,
migrate_demo,client,2,6602141,96292,,332540,20296,
migrate_demo,client,2,6607392,96292,,332540,20296,
migrate_demo,client,2,6612681,96292,,332540,20296,
migrate_demo,client,2,6617996,96292,,332540,20296,
migrate_demo,client,2,6623389,96292,,332540,20296,
migrate_demo,client,2,6628696,96292,,332540,20296,
migrate_demo,client,2,6633987,96292,,332540,20296,
migrate_demo,client,2,6639319,96292,,332540,20296,
migrate_demo,client,2,6644628,96292,,332540,20296,
migrate_demo,client,2,6649887,96292,,332540,20296,
migrate_demo,client,2,6655169,96292,,332540,20296,
migrate_demo,client,2,6660496,96292,,332540,20296,
migrate_demo,client,2,6665814,96292,,332540,20296,
migrate_demo,client,2,6671115,96292,,332540,20296,
migrate_demo,client,2,6676416,96292,,332540,20296,
migrate_demo,client,2,6681709,96292,,332540,20296,
migrate_demo,client,2,6687010,96292,,332540,20296,
migrate_demo,client,2,6692337,96292,,332540,20296,
migrate_demo,client,2,6697645,96292,,332540,20296,
migrate_demo,client,2,6702925,96292,,332540,20296,
migrate_demo,client,2,6708225,96292,,332540,20296,
migrate_demo,client,2,6713504,96292,,332540,20296,
migrate_demo,client,2,6718861,96292,,332540,20296,
migrate_demo,client,2,6724140,96292,,332540,20296,
migrate_demo,client,2,6729471,96292,,332540,20296,
migrate_demo,client,2,6734684,96292,,332540,20296,
migrate_demo,client,2,6740016,96292,,332540,20296,
migrate_demo,client,2,6745295,96292,,332540,20296,
migrate_demo,client,2,6750587,96292,,332540,20296,
migrate_demo,client,2,6755875,96292,,332540,20296,
migrate_demo,client,2,6761124,96292,,332540,20296,
migrate_demo,client,2,6766385,96292,,332540,20296,
migrate_demo,client,2,6771677,96292,,332540,20296,
migrate_demo,client,2,6776969,96292,,332540,20296,
migrate_demo,client,2,6782223,96292,,332540,20296,
migrate_demo,client,2,6787496,96292,,332540,20296,
migrate_demo,client,2,6792772,96292,,332540,20296,
migrate_demo,client,2,6798043,96292,,332540,20296,
migrate_demo,client,2,6803310,96292,,332540,20296,
migrate_demo,client,2,6808630,96292,,332540,20296,
migrate_demo,client,2,6813939,96292,,332540,20296,
migrate_demo,client,2,6819231,96292,,332540,20296,
migrate_demo,client,2,6824519,96292,,332540,20296,
migrate_demo,client,2,6829797,96292,,332540,20296,
migrate_demo,client,2,6835036,96292,,332540,20296,
migrate_demo,client,2,6840308,96292,,332540,20296,
migrate_demo,client,2,6845582,96292,,332540,20296,
migrate_demo,client,2,6850873,96292,,332540,20296,
migrate_demo,client,2,6856273,96292,,332540,20296,
migrate_demo,client,2,6861517,96292,,332540,20296,
migrate_demo,client,2,6866803,96292,,332540,20296,
migrate_demo,client,2,6872051,96292,,332540,20296,
migrate_demo,client,2,6877358,96292,,332540,20296,
migrate_demo,client,2,6882658,96292,,332540,20296,
migrate_demo,client,2,6887937,96292,,332540,20296,
migrate_demo,client,2,6893182,96292,,332540,20296,
migrate_demo,client,2,6898444,96292,,332540,20296,
migrate_demo,client,2,6903772,96292,,332540,20296,
migrate_demo,client,2,6909039,96292,,332540,20296,
migrate_demo,client,2,6914256,96292,,332540,20296,
migrate_demo,client,2,6919546,96292,,332540,20296,
migrate_demo,client,2,6924874,96292,,332540,20296,
migrate_demo,client,2,6930089,96292,,332540,20296,
migrate_demo,client,2,6935363,96292,,332540,20296,
migrate_demo,client,2,6940628,96292,,332540,20296,
migrate_demo,client,2,6945905,96292,,332540,20296,
migrate_demo,client,2,6951180,96292,,332540,20296,
migrate_demo,client,2,6956437,96292,,332540,20296,
migrate_demo,client,2,6961625,96292,,332540,20296,
migrate_demo,client,2,6966851,96292,,332540,20296,
migrate_demo,client,2,6972123,96292,,332540,20296,
migrate_demo,client,2,6977418,96292,,332540,20296,
migrate_demo,client,2,6982705,96292,,332540,20296,
migrate_demo,client,2,6988007,96292,,332540,20296,
migrate_demo,client,2,6993331,96292,,332540,20296,
migrate_demo,client,2,6998652,96292,,332540,20296,
migrate_demo,client,2,7003995,96292,,332540,20296,
migrate_demo,client,2,7009281,96292,,332540,20296,
migrate_demo,client,2,7014631,96292,,332540,20296,
migrate_demo,client,2,7019898,96292,,332540,20296,
migrate_demo,client,2,7025186,96292,,332540,20296,
migrate_demo,client,2,7030490,96292,,332540,20296,
migrate_demo,client,2,7035804,96292,,332540,20296,
migrate_demo,client,2,7041033,96292,,332540,20296,
migrate_demo,client,2,7046319,96292,,332540,20296,
migrate_demo,client,2,7051652,96292,,332540,20296,
migrate_demo,client,2,7056979,96292,,332540,20296,
migrate_demo,client,2,7062238,96292,,332540,20296,
migrate_demo,client,2,7067547,96292,,332540,20296,
migrate_demo,client,2,7072883,96292,,332540,20296,
migrate_demo,client,2,7078152,96292,,332540,20296,
migrate_demo,client,2,7083430,96292,,332540,20296,
migrate_demo,client,2,7088701,96292,,332540,20296,
migrate_demo,client,2,7093978,96292,,332540,20296,
migrate_demo,client,2,7099251,96292,,332540,20296,
migrate_demo,client,2,7104537,96292,,332540,20296,
migrate_demo,client,2,7109796,96292,,332540,20296,
migrate_demo,client,2,7115114,96292,,332540,20296,
migrate_demo,client,2,7120361,96292,,332540,20296,
migrate_demo,client,2,7125653,96292,,332540,20296,
migrate_demo,client,2,7130872,96292,,332540,20296,
migrate_demo,client,2,7136189,96292,,332540,20296,
migrate_demo,client,2,7141518,96292,,332540,20296,
migrate_demo,client,2,7146870,96292,,332540,20296,
migrate_demo,client,2,7152185,96292,,332540,20296,
migrate_demo,client,2,7157449,96292,,332540,20296,
migrate_demo,client,2,7162756,96292,,332540,20296,
migrate_demo,client,2,7168057,96292,,332540,20296,
migrate_demo,client,2,7173290,96292,,332540,20296,
migrate_demo,client,2,7178523,96292,,332540,20296,
migrate_demo,client,2,7183782,96292,,332540,20296,
migrate_demo,client,2,7189101,96292,,332540,20296,
migrate_demo,client,2,7194523,96292,,332540,20296,
migrate_demo,client,2,7199774,96292,,332540,20296,
migrate_demo,client,2,7205029,96292,,332540,20296,
migrate_demo,client,2,7210262,96292,,332540,20296,
migrate_demo,client,2,7215675,96292,,332540,20296,
migrate_demo,client,2,7220977,96292,,332540,20296,
migrate_demo,client,2,7226225,96292,,332540,20296,
migrate_demo,client,2,7231533,96292,,332540,20296,
migrate_demo,client,2,7236779,96292,,332540,20296,
migrate_demo,client,2,7242077,96292,,332540,20296,
migrate_demo,client,2,7247340,96292,,332540,20296,
migrate_demo,client,2,7252637,96292,,332540,20296,
migrate_demo,client,2,7257945,96292,,332540,20296,
migrate_demo,client,2,7263201,96292,,332540,20296,
migrate_demo,client,2,7268487,96292,,332540,20296,
migrate_demo,client,2,7273747,96292,,332540,20296,
migrate_demo,client,2,7279032,96292,,332540,20296,
migrate_demo,client,2,7284329,96292,,332540,20296,
migrate_demo,client,2,7289620,96292,,332540,20296,
migrate_demo,client,2,7294927,96292,,332540,20296,
migrate_demo,client,2,7300253,96292,,332540,20296,
migrate_demo,client,2,7305578,96292,,332540,20296,
migrate_demo,client,2,7310916,96292,,332540,20296,
migrate_demo,client,2,7316219,96292,,332540,20296,
migrate_demo,client,2,7321472,96292,,332540,20296,
migrate_demo,client,2,7326810,96292,,332540,20296,
migrate_demo,client,2,7332115,96292,,332540,20296,
migrate_demo,client,2,7337391,96292,,332540,20296,
migrate_demo,client,2,7342658,96292,,332540,20296,
migrate_demo,client,2,7347946,96292,,332540,20296,
migrate_demo,client,2,7353226,96292,,332540,20296,
migrate_demo,client,2,7358577,96292,,332540,20296,
migrate_demo,client,2,7363861,96292,,332540,20296,
migrate_demo,client,2,7369180,96292,,332540,20296,
migrate_demo,client,2,7374454,96292,,332540,20296,
migrate_demo,client,2,7379722,96292,,332540,20296,
migrate_demo,client,2,7384978,96292,,332540,20296,
migrate_demo,client,2,7390277,96292,,332540,20296,
migrate_demo,client,2,7395671,96292,,332540,20296,
migrate_demo,client,2,7400982,96292,,332540,20296,
migrate_demo,client,2,7406257,96292,,332540,20296,
migrate_demo,client,2,7411564,96292,,332540,20296,
migrate_demo,client,2,7416849,96292,,332540,20296,
migrate_demo,client,2,7422139,96292,,332540,20296,
migrate_demo,client,2,7427396,96292,,332540,20296,
migrate_demo,client,2,7432668,96292,,332540,20296,
migrate_demo,client,2,7437911,96292,,332540,20296,
migrate_demo,client,2,7443237,96292,,332540,20296,
migrate_demo,client,2,7448533,96292,,332540,20296,
migrate_demo,client,2,7453781,96292,,332540,20296,
migrate_demo,client,2,7459011,96292,,332540,20296,
migrate_demo,client,2,7464279,96292,,332540,20296,
migrate_demo,client,2,7469561,96292,,332540,20296,
migrate_demo,client,2,7474919,96292,,332540,20296,
migrate_demo,client,2,7480182,96292,,332540,20296,
migrate_demo,client,2,7485498,96292,,332540,20296,
migrate_demo,client,2,7490765,96292,,332540,20296,
migrate_demo,client,2,7496077,96292,,332540,20296,
migrate_demo,client,2,7501394,96292,,332540,20296,
migrate_demo,client,2,7506656,96292,,332540,20296,
migrate_demo,client,2,7511886,96292,,332540,20296,
migrate_demo,client,2,7517220,96292,,332540,20296,
migrate_demo,client,2,7522514,96292,,332540,20296,
migrate_demo,client,2,7527818,96292,,332540,20296,
migrate_demo,client,2,7533098,96292,,332540,20296,
migrate_demo,client,2,7538402,96292,,332540,20296,
migrate_demo,client,2,7543710,96292,,332540,20296,
migrate_demo,client,2,7549008,96292,,332540,20296,
migrate_demo,client,2,7554295,96292,,332540,20296,
migrate_demo,client,2,7559570,96292,,332540,20296,
migrate_demo,client,2,7564879,96292,,332540,20296,
migrate_demo,client,2,7570180,96292,,332540,20296,
migrate_demo,client,2,7575450,96292,,332540,20296,
migrate_demo,client,2,7580731,96292,,332540,20296,
migrate_demo,client,2,7586000,96292,,332540,20296,
migrate_demo,client,2,7591281,96292,,332540,20296,
migrate_demo,client,2,7596551,96292,,332540,20296,
migrate_demo,client,2,7601812,96292,,332540,20296,
migrate_demo,client,2,7607078,96292,,332540,20296,
migrate_demo,client,2,7612402,96292,,332540,20296,
migrate_demo,client,2,7617716,96292,,332540,20296,
migrate_demo,client,2,7622981,96292,,332540,20296,
migrate_demo,client,2,7628324,96292,,332540,20296,
migrate_demo,client,2,7633672,96292,,332540,20296,
migrate_demo,client,2,7639041,96292,,332540,20296,
migrate_demo,client,2,7644374,96292,,332540,20296,
migrate_demo,client,2,7649671,96292,,332540,20296,
migrate_demo,client,2,7654968,96292,,332540,20296,
migrate_demo,client,2,7660278,96292,,332540,20296,
migrate_demo,client,2,7665648,96292,,332540,20296,
migrate_demo,client,2,7670962,96292,,332540,20296,
migrate_demo,client,2,7676322,96292,,332540,20296,
migrate_demo,client,2,7681579,96292,,332540,20296,
migrate_demo,client,2,7686842,96292,,332540,20296,
migrate_demo,client,2,7692130,96292,,332540,20296,
migrate_demo,client,2,7697403,96292,,332540,20296,
migrate_demo,client,2,7702708,96292,,332540,20296,
migrate_demo,client,2,7707879,96292,,332540,20296,
migrate_demo,client,2,7713126,96292,,332540,20296,
migrate_demo,client,2,7718403,96292,,332540,20296,
migrate_demo,client,2,7723696,96292,,332540,20296,
migrate_demo,client,2,7728971,96292,,332540,20296,
migrate_demo,client,2,7734211,96292,,332540,20296,
migrate_demo,client,2,7739490,96292,,332540,20296,
migrate_demo,client,2,7744783,96292,,332540,20296,
migrate_demo,client,2,7750065,96292,,332540,20296,
migrate_demo,client,2,7755383,96292,,332540,20296,
migrate_demo,client,2,7760674,96292,,332540,20296,
migrate_demo,client,2,7765936,96292,,332540,20296,
migrate_demo,client,2,7771248,96292,,332540,20296,
migrate_demo,client,2,7776485,96292,,332540,20296,
migrate_demo,client,2,7781762,96292,,332540,20296,
migrate_demo,client,2,7787147,96292,,332540,20296,
migrate_demo,client,2,7792533,96292,,332540,20296,
migrate_demo,client,2,7797825,96292,,332540,20296,
migrate_demo,client,2,7803097,96292,,332540,20296,
migrate_demo,client,2,7808439,96292,,332540,20296,
migrate_demo,client,2,7813698,96292,,332540,20296,
migrate_demo,client,2,7818965,96292,,332540,20296,
migrate_demo,client,2,7824234,96292,,332540,20296,
migrate_demo,client,2,7829471,96292,,332540,20296,
migrate_demo,client,2,7834735,96292,,332540,20296,
migrate_demo,client,2,7840023,96292,,332540,20296,
migrate_demo,client,2,7845274,96292,,332540,20296,
migrate_demo,client,2,7850522,96292,,332540,20296,
migrate_demo,client,2,7855807,96292,,332540,20296,
migrate_demo,client,2,7861127,96292,,332540,20296,
migrate_demo,client,2,7866383,96292,,332540,20296,
migrate_demo,client,2,7871662,96292,,332540,20296,
migrate_demo,client,2,7876879,96292,,332540,20296,
migrate_demo,client,2,7882197,96292,,332540,20296,
migrate_demo,client,2,7887497,96292,,332540,20296,
migrate_demo,client,2,7892819,96292,,332540,20296,
migrate_demo,client,2,7898076,96292,,332540,20296,
migrate_demo,client,2,7903349,96292,,332540,20296,
migrate_demo,client,2,7908638,96292,,332540,20296,
migrate_demo,client,2,7913855,96292,,332540,20296,
migrate_demo,client,2,7919155,96292,,332540,20296,
migrate_demo,client,2,7924508,96292,,332540,20296,
migrate_demo,client,2,7929819,96292,,332540,20296,
migrate_demo,client,2,7935069,96292,,332540,20296,
migrate_demo,client,2,7940334,96292,,332540,20296,
migrate_demo,client,2,7945667,96292,,332540,20296,
migrate_demo,client,2,7950950,96292,,332540,20296,
migrate_demo,client,2,7956266,96292,,332540,20296,
migrate_demo,client,2,7961570,96292,,332540,20296,
migrate_demo,client,2,7966910,96292,,332540,20296,
migrate_demo,client,2,7972265,96292,,332540,20296,
migrate_demo,client,2,7977569,96292,,332540,20296,
migrate_demo,client,2,7982851,96292,,332540,20296,
migrate_demo,client,2,7988209,96292,,332540,20296,
migrate_demo,client,2,7993517,96292,,332540,20296,
migrate_demo,client,2,7998923,96292,,332540,20296,
migrate_demo,client,2,8004377,96292,,332540,20296,
migrate_demo,client,2,8009744,96292,,332540,20296,
migrate_demo,client,2,8015096,96292,,332540,20296,
migrate_demo,client,2,8020419,96292,,332540,20296,
migrate_demo,client,2,8025675,96292,,332540,20296,
migrate_demo,client,2,8031098,96292,,332540,20296,
migrate_demo,client,2,8036400,96292,,332540,20296,
migrate_demo,client,2,8041705,96292,,332540,20296,
migrate_demo,client,2,8046967,96292,,332540,20296,
migrate_demo,client,2,8052255,96292,,332540,20296,
migrate_demo,client,2,8057513,96292,,332540,20296,
migrate_demo,client,2,8062800,96292,,332540,20296,
migrate_demo,client,2,8068147,96292,,332540,20296,
migrate_demo,client,2,8073405,96292,,332540,20296,
migrate_demo,client,2,8078693,96292,,332540,20296,
migrate_demo,client,2,8083990,96292,,332540,20296,
migrate_demo,client,2,8089325,96292,,332540,20296,
migrate_demo,client,2,8094669,96292,,332540,20296,
migrate_demo,client,2,8099977,96292,,332540,20296,
migrate_demo,client,2,8105292,96292,,332540,20296,
migrate_demo,client,2,8110485,96292,,332540,20296,
migrate_demo,client,2,8115717,96292,,332540,20296,
migrate_demo,client,2,8120927,96292,,332540,20296,
migrate_demo,client,2,8126617,96292,,332540,20296,
migrate_demo,client,2,8131917,96292,,332540,20296,
migrate_demo,client,2,8137153,96292,,332540,20296,
migrate_demo,client,2,8142440,96292,,332540,20296,
migrate_demo,client,2,8147713,96292,,332540,20296,
migrate_demo,client,2,8152887,96292,,332540,20296,
migrate_demo,client,2,8158113,96292,,332540,20296,
migrate_demo,client,2,8163412,96292,,332540,20296,
migrate_demo,client,2,8168667,96292,,332540,20296,
migrate_demo,client,2,8173942,96292,,332540,20296,
migrate_demo,client,2,8179239,96292,,332540,20296,
migrate_demo,client,2,8184509,96292,,332540,20296,
migrate_demo,client,2,8189681,96292,,332540,20296,
migrate_demo,client,2,8194919,96292,,332540,20296,
migrate_demo,client,2,8200144,96292,,332540,20296,
migrate_demo,client,2,8205641,96292,,332540,20296,
migrate_demo,client,2,8210869,96292,,332540,20296,
migrate_demo,client,2,8216178,96292,,332540,20296,
migrate_demo,client,2,8221412,96292,,332540,20296,
migrate_demo,client,2,8226688,96292,,332540,20296,
migrate_demo,client,2,8231963,96292,,332540,20296,
migrate_demo,client,2,8237220,96292,,332540,20296,
migrate_demo,client,2,8242455,96292,,332540,20296,
migrate_demo,client,2,8247705,96292,,332540,20296,
migrate_demo,client,2,8252903,96292,,332540,20296,
migrate_demo,client,2,8258173,96292,,332540,20296,
migrate_demo,client,2,8263403,96292,,332540,20296,
migrate_demo,client,2,8268694,96292,,332540,20296,
migrate_demo,client,2,8273981,96292,,332540,20296,
migrate_demo,client,2,8279250,96292,,332540,20296,
migrate_demo,client,2,8284520,96292,,332540,20296,
migrate_demo,client,2,8289752,96292,,332540,20296,
migrate_demo,client,2,8294979,96292,,332540,20296,
migrate_demo,client,2,8300218,96292,,332540,20296,
migrate_demo,client,2,8305445,96292,,332540,20296,
migrate_demo,client,2,8310674,96292,,332540,20296,
migrate_demo,client,2,8315932,96292,,332540,20296,
migrate_demo,client,2,8321161,96292,,332540,20296,
migrate_demo,client,2,8326420,96292,,332540,20296,
migrate_demo,client,2,8331671,96292,,332540,20296,
migrate_demo,client,2,8336967,96292,,332540,20296,
migrate_demo,client,2,8342273,96292,,332540,20296,
migrate_demo,client,2,8347497,96292,,332540,20296,
migrate_demo,client,2,8352784,96292,,332540,20296,
migrate_demo,client,2,8358012,96292,,332540,20296,
migrate_demo,client,2,8363233,96292,,332540,20296,
migrate_demo,client,2,8368478,96292,,332540,20296,
migrate_demo,client,2,8373777,96292,,332540,20296,
migrate_demo,client,2,8378968,96292,,332540,20296,
migrate_demo,client,2,8384258,96292,,332540,20296,
migrate_demo,client,2,8389477,96292,,332540,20296,
migrate_demo,client,2,8394749,96292,,332540,20296,
migrate_demo,client,2,8400003,96292,,332540,20296,
migrate_demo,client,2,8405258,96292,,332540,20296,
migrate_demo,client,2,8410495,96292,,332540,20296,
migrate_demo,client,2,8415785,96292,,332540,20296,
migrate_demo,client,2,8421051,96292,,332540,20296,
migrate_demo,client,2,8426283,96292,,332540,20296,
migrate_demo,client,2,8431532,96292,,332540,20296,
migrate_demo,client,2,8436791,96292,,332540,20296,
migrate_demo,client,2,8442067,96292,,332540,20296,
migrate_demo,client,2,8447330,96292,,332540,20296,
migrate_demo,client,2,8452556,96292,,332540,20296,
migrate_demo,client,2,8457763,96292,,332540,20296,
migrate_demo,client,2,8463037,96292,,332540,20296,
migrate_demo,client,2,8468301,96292,,332540,20296,
migrate_demo,client,2,8473524,96292,,332540,20296,
migrate_demo,client,2,8478787,96292,,332540,20296,
migrate_demo,client,2,8484089,96292,,332540,20296,
migrate_demo,client,2,8489310,96292,,332540,20296,
migrate_demo,client,2,8494676,96292,,332540,20296,
migrate_demo,client,2,8499924,96292,,332540,20296,
migrate_demo,client,2,8505183,96292,,332540,20296,
migrate_demo,client,2,8510404,96292,,332540,20296,
migrate_demo,client,2,8515705,96292,,332540,20296,
migrate_demo,client,2,8521028,96292,,332540,20296,
migrate_demo,client,2,8526280,96292,,332540,20296,
migrate_demo,client,2,8531579,96292,,332540,20296,
migrate_demo,client,2,8536812,96292,,332540,20296,
migrate_demo,client,2,8542198,96292,,332540,20296,
migrate_demo,client,2,8547408,96292,,332540,20296,
migrate_demo,client,2,8552606,96292,,332540,20296,
migrate_demo,client,2,8557968,96292,,332540,20296,
migrate_demo,client,2,8563216,96292,,332540,20296,
migrate_demo,client,2,8568424,96292,,332540,20296,
migrate_demo,client,2,8573624,96292,,332540,20296,
migrate_demo,client,2,8578832,96292,,332540,20296,
migrate_demo,client,2,8584050,96292,,332540,20296,
migrate_demo,client,2,8589340,96292,,332540,20296,
migrate_demo,client,2,8595041,96292,,332540,20296,
migrate_demo,client,2,8600160,96292,,332540,20296,
migrate_demo,client,2,8605292,96292,,332540,20296,
migrate_demo,client,2,8610504,96292,,332540,20296,
migrate_demo,client,2,8615732,96292,,332540,20296,
migrate_demo,client,2,8621048,96292,,332540,20296,
migrate_demo,client,2,8626301,96292,,332540,20296,
migrate_demo,client,2,8631505,96292,,332540,20296,
migrate_demo,client,2,8636743,96292,,332540,20296,
migrate_demo,client,2,8641997,96292,,332540,20296,
migrate_demo,client,2,8647256,96292,,332540,20296,
migrate_demo,client,2,8652492,96292,,332540,20296,
migrate_demo,client,2,8657740,96292,,332540,20296,
migrate_demo,client,2,8662953,96292,,332540,20296,
migrate_demo,client,2,8668213,96292,,332540,20296,
migrate_demo,client,2,8673435,96292,,332540,20296,
migrate_demo,client,2,8678665,96292,,332540,20296,
migrate_demo,client,2,8683869,96292,,332540,20296,
migrate_demo,client,2,8689090,96292,,332540,20296,
migrate_demo,client,2,8694318,96292,,332540,20296,
migrate_demo,client,2,8699520,96292,,332540,20296,
migrate_demo,client,2,8704716,96292,,332540,20296,
migrate_demo,client,2,8710017,96292,,332540,20296,
migrate_demo,client,2,8715214,96292,,332540,20296,
migrate_demo,client,2,8720380,96292,,332540,20296,
migrate_demo,client,2,8725654,96292,,332540,20296,
migrate_demo,client,2,8730803,96292,,332540,20296,
migrate_demo,client,2,8736025,96292,,332540,20296,
migrate_demo,client,2,8741296,96292,,332540,20296,
migrate_demo,client,2,8746510,96292,,332540,20296,
migrate_demo,client,2,8751730,96292,,332540,20296,
migrate_demo,client,2,8756967,96292,,332540,20296,
migrate_demo,client,2,8762175,96292,,332540,20296,
migrate_demo,client,2,8767398,96292,,332540,20296,
migrate_demo,client,2,8772655,96292,,332540,20296,
migrate_demo,client,2,8777891,96292,,332540,20296,
migrate_demo,client,2,8783106,96292,,332540,20296,
migrate_demo,client,2,8788327,96292,,332540,20296,
migrate_demo,client,2,8793599,96292,,332540,20296,
migrate_demo,client,2,8798832,96292,,332540,20296,
migrate_demo,client,2,8804045,96292,,332540,20296,
migrate_demo,client,2,8809272,96292,,332540,20296,
migrate_demo,client,2,8814493,96292,,332540,20296,
migrate_demo,client,2,8819760,96292,,332540,20296,
migrate_demo,client,2,8825008,96292,,332540,20296,
migrate_demo,client,2,8830265,96292,,332540,20296,
migrate_demo,client,2,8835431,96292,,332540,20296,
migrate_demo,client,2,8840649,96292,,332540,20296,
migrate_demo,client,2,8845864,96292,,332540,20296,
migrate_demo,client,2,8851125,96292,,332540,20296,
migrate_demo,client,2,8856354,96292,,332540,20296,
migrate_demo,client,2,8861594,96292,,332540,20296,
migrate_demo,client,2,8866830,96292,,332540,20296,
migrate_demo,client,2,8872020,96292,,332540,20296,
migrate_demo,client,2,8877252,96292,,332540,20296,
migrate_demo,client,2,8882440,96292,,332540,20296,
migrate_demo,client,2,8887650,96292,,332540,20296,
migrate_demo,client,2,8892795,96292,,332540,20296,
migrate_demo,client,2,8898004,96292,,332540,20296,
migrate_demo,client,2,8903221,96292,,332540,20296,
migrate_demo,client,2,8908450,96292,,332540,20296,
migrate_demo,client,2,8913706,96292,,332540,20296,
migrate_demo,client,2,8918928,96292,,332540,20296,
migrate_demo,client,2,8924261,96292,,332540,20296,
migrate_demo,client,2,8929529,96292,,332540,20296,
migrate_demo,client,2,8934850,96292,,332540,20296,
migrate_demo,client,2,8940085,96292,,332540,20296,
migrate_demo,client,2,8945323,96292,,332540,20296,
migrate_demo,client,2,8950522,96292,,332540,20296,
migrate_demo,client,2,8955766,96292,,332540,20296,
migrate_demo,client,2,8960985,96292,,332540,20296,
migrate_demo,client,2,8966231,96292,,332540,20296,
migrate_demo,client,2,8971409,96292,,332540,20296,
migrate_demo,client,2,8976619,96292,,332540,20296,
migrate_demo,client,2,8981845,96292,,332540,20296,
migrate_demo,client,2,8987061,96292,,332540,20296,
migrate_demo,client,2,8992292,96292,,332540,20296,
migrate_demo,client,2,8997634,96292,,332540,20296,
migrate_demo,client,2,9002854,96292,,332540,20296,
migrate_demo,client,2,9008074,96292,,332540,20296,
migrate_demo,client,2,9013345,96292,,332540,20296,
migrate_demo,client,2,9018581,96292,,332540,20296,
migrate_demo,client,2,9023811,96292,,332540,20296,
migrate_demo,client,2,9028998,96292,,332540,20296,
migrate_demo,client,2,9034193,96292,,332540,20296,
migrate_demo,client,2,9039340,96292,,332540,20296,
migrate_demo,client,2,9044577,96292,,332540,20296,
migrate_demo,client,2,9049806,96292,,332540,20296,
migrate_demo,client,2,9055012,96292,,332540,20296,
migrate_demo,client,2,9060253,96292,,332540,20296,
migrate_demo,client,2,9065491,96292,,332540,20296,
migrate_demo,client,2,9070676,96292,,332540,20296,
migrate_demo,client,2,9075945,96292,,332540,20296,
migrate_demo,client,2,9081093,96292,,332540,20296,
migrate_demo,client,2,9086396,96292,,332540,20296,
migrate_demo,client,2,9091655,96292,,332540,20296,
migrate_demo,client,2,9097005,96292,,332540,20296,
migrate_demo,client,2,9102284,96292,,332540,20296,
migrate_demo,client,2,9107497,96292,,332540,20296,
migrate_demo,client,2,9112796,96292,,332540,20296,
migrate_demo,client,2,9118046,96292,,332540,20296,
migrate_demo,client,2,9123264,96292,,332540,20296,
migrate_demo,client,2,9128515,96292,,332540,20296,
migrate_demo,client,2,9133806,96292,,332540,20296,
migrate_demo,client,2,9139038,96292,,332540,20296,
migrate_demo,client,2,9144254,96292,,332540,20296,
migrate_demo,client,2,9149585,96292,,332540,20296,
migrate_demo,client,2,9154842,96292,,332540,20296,
migrate_demo,client,2,9160083,96292,,332540,20296,
migrate_demo,client,2,9165306,96292,,332540,20296,
migrate_demo,client,2,9170491,96292,,332540,20296,
migrate_demo,client,2,9175750,96292,,332540,20296,
migrate_demo,client,2,9181033,96292,,332540,20296,
migrate_demo,client,2,9186311,96292,,332540,20296,
migrate_demo,client,2,9191623,96292,,332540,20296,
migrate_demo,client,2,9196973,96292,,332540,20296,
migrate_demo,client,2,9202349,96292,,332540,20296,
migrate_demo,client,2,9207549,96292,,332540,20296,
migrate_demo,client,2,9212739,96292,,332540,20296,
migrate_demo,client,2,9218101,96292,,332540,20296,
migrate_demo,client,2,9223400,96292,,332540,20296,
migrate_demo,client,2,9228671,96292,,332540,20296,
migrate_demo,client,2,9233870,96292,,332540,20296,
migrate_demo,client,2,9239083,96292,,332540,20296,
migrate_demo,client,2,9244272,96292,,332540,20296,
migrate_demo,client,2,9249459,96292,,332540,20296,
migrate_demo,client,2,9254700,96292,,332540,20296,
migrate_demo,client,2,9259928,96292,,332540,20296,
migrate_demo,client,2,9265179,96292,,332540,20296,
migrate_demo,client,2,9270382,96292,,332540,20296,
migrate_demo,client,2,9275646,96292,,332540,20296,
migrate_demo,client,2,9280991,96292,,332540,20296,
migrate_demo,client,2,9286257,96292,,332540,20296,
migrate_demo,client,2,9291435,96292,,332540,20296,
migrate_demo,client,2,9296682,96292,,332540,20296,
migrate_demo,client,2,9301938,96292,,332540,20296,
migrate_demo,client,2,9307130,96292,,332540,20296,
migrate_demo,client,2,9312319,96292,,332540,20296,
migrate_demo,client,2,9317501,96292,,332540,20296,
migrate_demo,client,2,9322712,96292,,332540,20296,
migrate_demo,client,2,9328002,96292,,332540,20296,
migrate_demo,client,2,9333210,96292,,332540,20296,
migrate_demo,client,2,9338493,96292,,332540,20296,
migrate_demo,client,2,9343823,96292,,332540,20296,
migrate_demo,client,2,9348995,96292,,332540,20296,
migrate_demo,client,2,9354185,96292,,332540,20296,
migrate_demo,client,2,9359414,96292,,332540,20296,
migrate_demo,client,2,9364651,96292,,332540,20296,
migrate_demo,client,2,9369894,96292,,332540,20296,
migrate_demo,client,2,9375185,96292,,332540,20296,
migrate_demo,client,2,9380405,96292,,332540,20296,
migrate_demo,client,2,9385683,96292,,332540,20296,
migrate_demo,client,2,9390915,96292,,332540,20296,
migrate_demo,client,2,9396132,96292,,332540,20296,
migrate_demo,client,2,9401369,96292,,332540,20296,
migrate_demo,client,2,9406553,96292,,332540,20296,
migrate_demo,client,2,9411889,96292,,332540,20296,
migrate_demo,client,2,9417162,96292,,332540,20296,
migrate_demo,client,2,9422439,96292,,332540,20296,
migrate_demo,client,2,9427717,96292,,332540,20296,
migrate_demo,client,2,9432957,96292,,332540,20296,
migrate_demo,client,2,9438130,96292,,332540,20296,
migrate_demo,client,2,9443403,96292,,332540,20296,
migrate_demo,client,2,9448639,96292,,332540,20296,
migrate_demo,client,2,9453794,96292,,332540,20296,
migrate_demo,client,2,9459068,96292,,332540,20296,
migrate_demo,client,2,9464271,96292,,332540,20296,
migrate_demo,client,2,9469503,96292,,332540,20296,
migrate_demo,client,2,9474757,96292,,332540,20296,
migrate_demo,client,2,9479991,96292,,332540,20296,
migrate_demo,client,2,9485238,96292,,332540,20296,
migrate_demo,client,2,9490424,96292,,332540,20296,
migrate_demo,client,2,9495664,96292,,332540,20296,
migrate_demo,client,2,9500953,96292,,332540,20296,
migrate_demo,client,2,9506217,96292,,332540,20296,
migrate_demo,client,2,9511462,96292,,332540,20296,
migrate_demo,client,2,9516976,96292,,332540,20296,
migrate_demo,client,2,9522315,96292,,332540,20296,
migrate_demo,client,2,9529366,96292,,332540,20296,
migrate_demo,client,2,9534643,96292,,332540,20296,
migrate_demo,client,2,9541081,96292,,332540,20296,
migrate_demo,client,2,9547764,96292,,332540,20296,
migrate_demo,client,2,9552947,96292,,332540,20296,
migrate_demo,client,2,9558197,96292,,332540,20296,
migrate_demo,client,2,9563486,96292,,332540,20296,
migrate_demo,client,2,9568788,96292,,332540,20296,
migrate_demo,client,2,9574035,96292,,332540,20296,
migrate_demo,client,2,9579269,96292,,332540,20296,
migrate_demo,client,2,9584502,96292,,332540,20296,
migrate_demo,client,2,9589743,96292,,332540,20296,
migrate_demo,client,2,9594960,96292,,332540,20296,
migrate_demo,client,2,9600176,96292,,332540,20296,
migrate_demo,client,2,9605446,96292,,332540,20296,
migrate_demo,client,2,9610684,96292,,332540,20296,
migrate_demo,client,2,9615905,96292,,332540,20296,
migrate_demo,client,2,9621141,96292,,332540,20296,
migrate_demo,client,2,9626347,96292,,332540,20296,
migrate_demo,client,2,9631560,96292,,332540,20296,
migrate_demo,client,2,9636776,96292,,332540,20296,
migrate_demo,client,2,9642004,96292,,332540,20296,
migrate_demo,client,2,9647294,96292,,332540,20296,
migrate_demo,client,2,9652513,96292,,332540,20296,
migrate_demo,client,2,9657782,96292,,332540,20296,
migrate_demo,client,2,9663009,96292,,332540,20296,
migrate_demo,client,2,9668199,96292,,332540,20296,
migrate_demo,client,2,9673427,96292,,332540,20296,
migrate_demo,client,2,9678687,96292,,332540,20296,
migrate_demo,client,2,9683865,96292,,332540,20296,
migrate_demo,client,2,9689071,96292,,332540,20296,
migrate_demo,client,2,9694311,96292,,332540,20296,
migrate_demo,client,2,9699554,96292,,332540,20296,
migrate_demo,client,2,9704774,96292,,332540,20296,
migrate_demo,client,2,9710035,96292,,332540,20296,
migrate_demo,client,2,9715277,96292,,332540,20296,
migrate_demo,client,2,9720535,96292,,332540,20296,
migrate_demo,client,2,9725772,96292,,332540,20296,
migrate_demo,client,2,9730998,96292,,332540,20296,
migrate_demo,client,2,9736216,96292,,332540,20296,
migrate_demo,client,2,9741439,96292,,332540,20296,
migrate_demo,client,2,9746667,96292,,332540,20296,
migrate_demo,client,2,9751852,96292,,332540,20296,
migrate_demo,client,2,9757106,96292,,332540,20296,
migrate_demo,client,2,9762333,96292,,332540,20296,
migrate_demo,client,2,9767605,96292,,332540,20296,
migrate_demo,client,2,9772810,96292,,332540,20296,
migrate_demo,client,2,9778164,96292,,332540,20296,
migrate_demo,client,2,9783421,96292,,332540,20296,
migrate_demo,client,2,9788701,96292,,332540,20296,
migrate_demo,client,2,9793923,96292,,332540,20296,
migrate_demo,client,2,9799185,96292,,332540,20296,
migrate_demo,client,2,9804359,96292,,332540,20296,
migrate_demo,client,2,9809613,96292,,332540,20296,
migrate_demo,client,2,9814794,96292,,332540,20296,
migrate_demo,client,2,9819976,96292,,332540,20296,
migrate_demo,client,2,9825240,96292,,332540,20296,
migrate_demo,client,2,9830402,96292,,332540,20296,
migrate_demo,client,2,9835662,96292,,332540,20296,
migrate_demo,client,2,9840965,96292,,332540,20296,
migrate_demo,client,2,9846258,96292,,332540,20296,
migrate_demo,client,2,9851517,96292,,332540,20296,
migrate_demo,client,2,9856769,96292,,332540,20296,
migrate_demo,client,2,9861975,96292,,332540,20296,
migrate_demo,client,2,9867229,96292,,332540,20296,
migrate_demo,client,2,9872583,96292,,332540,20296,
migrate_demo,client,2,9877786,96292,,332540,20296,
migrate_demo,client,2,9882986,96292,,332540,20296,
migrate_demo,client,2,9888132,96292,,332540,20296,
migrate_demo,client,2,9893328,96292,,332540,20296,
migrate_demo,client,2,9898601,96292,,332540,20296,
migrate_demo,client,2,9903843,96292,,332540,20296,
migrate_demo,client,2,9909034,96292,,332540,20296,
migrate_demo,client,2,9914252,96292,,332540,20296,
migrate_demo,client,2,9919649,96292,,332540,20296,
migrate_demo,client,2,9924866,96292,,332540,20296,
migrate_demo,client,2,9930111,96292,,332540,20296,
migrate_demo,client,2,9935383,96292,,332540,20296,
migrate_demo,client,2,9940706,96292,,332540,20296,
migrate_demo,client,2,9945995,96292,,332540,20296,
migrate_demo,client,2,9951306,96292,,332540,20296,
migrate_demo,client,2,9956535,96292,,332540,20296,
migrate_demo,client,2,9961822,96292,,332540,20296,
migrate_demo,client,2,9967053,96292,,332540,20296,
migrate_demo,client,2,9972295,96292,,332540,20296,
migrate_demo,client,2,9977624,96292,,332540,20296,
migrate_demo,client,2,9982912,96292,,332540,20296,
migrate_demo,client,2,9988171,96292,,332540,20296,
migrate_demo,client,2,9993500,96292,,332540,20296,
migrate_demo,client,2,9998699,96292,,332540,20296,
migrate_demo,client,2,10003916,96292,,332540,20296,
migrate_demo,client,2,10009217,96292,,332540,20296,
migrate_demo,client,2,10014486,96292,,332540,20296,
migrate_demo,client,2,10019806,96292,,332540,20296,
migrate_demo,client,2,10025033,96292,,332540,20296,
migrate_demo,client,2,10030201,96292,,332540,20296,
migrate_demo,client,2,10035407,96292,,332540,20296,
migrate_demo,client,2,10040655,96292,,332540,20296,
migrate_demo,client,2,10045903,96292,,332540,20296,
migrate_demo,client,2,10051142,96292,,332540,20296,
migrate_demo,client,2,10056392,96292,,332540,20296,
migrate_demo,client,2,10061686,96292,,332540,20296,
migrate_demo,client,2,10066932,96292,,332540,20296,
migrate_demo,client,2,10072455,96292,,332540,20296,
migrate_demo,client,2,10077735,96292,,332540,20296,
migrate_demo,client,2,10082998,96292,,332540,20296,
migrate_demo,client,2,10088225,96292,,332540,20296,
migrate_demo,client,2,10093412,96292,,332540,20296,
migrate_demo,client,2,10098607,96292,,332540,20296,
migrate_demo,client,2,10103865,96292,,332540,20296,
migrate_demo,client,2,10109149,96292,,332540,20296,
migrate_demo,client,2,10114379,96292,,332540,20296,
migrate_demo,client,2,10119592,96292,,332540,20296,
migrate_demo,client,2,10124814,96292,,332540,20296,
migrate_demo,client,2,10130112,96292,,332540,20296,
migrate_demo,client,2,10135331,96292,,296084,20296,
migrate_demo,client,2,10140617,96292,,296084,20296,
migrate_demo,client,2,10145795,96292,,296084,20296,
migrate_demo,client,2,10151022,96292,,296084,20296,
migrate_demo,client,2,10156237,96292,,296084,20296,
migrate_demo,client,2,10161443,96292,,296084,20296,
migrate_demo,client,2,10166666,96292,,296084,20296,
migrate_demo,client,2,10171990,96292,,296084,20296,
migrate_demo,client,2,10177216,96292,,296084,20296,
migrate_demo,client,2,10182430,96292,,296084,20296,
migrate_demo,client,2,10187704,96292,,296084,20296,
migrate_demo,client,2,10192923,96292,,296084,20296,
migrate_demo,client,2,10198235,96292,,264186,20296,
migrate_demo,client,2,10203483,96292,,264186,20296,
migrate_demo,client,2,10208678,96292,,264186,20296,
migrate_demo,client,2,10213923,96292,,264186,20296,
migrate_demo,client,2,10219131,96292,,264186,20296,
migrate_demo,client,2,10224350,96292,,264186,20296,
migrate_demo,client,2,10229546,96292,,264186,20296,
migrate_demo,client,2,10234759,96292,,264186,20296,
migrate_demo,client,2,10240012,96292,,264186,20296,
migrate_demo,client,2,10245269,96292,,264186,20296,
migrate_demo,client,2,10250442,96292,,264186,20296,
migrate_demo,client,2,10255659,96292,,264186,20296,
migrate_demo,client,2,10260938,96292,,236270,20296,
migrate_demo,client,2,10266178,96292,,236270,20296,
migrate_demo,client,2,10271428,96292,,236270,20296,
migrate_demo,client,2,10276646,96292,,236270,20296,
migrate_demo,client,2,10281922,96292,,236270,20296,
migrate_demo,client,2,10287151,96292,,236270,20296,
migrate_demo,client,2,10292398,96292,,236270,20296,
migrate_demo,client,2,10297610,96292,,236270,20296,
migrate_demo,client,2,10302794,96292,,236270,20296,
migrate_demo,client,2,10308008,96292,,236270,20296,
migrate_demo,client,2,10313301,96292,,236270,20296,
migrate_demo,client,2,10318516,96292,,236270,20296,
migrate_demo,client,2,10323804,96292,,211824,20296,
migrate_demo,client,2,10328953,96292,,211824,20296,
migrate_demo,client,2,10334204,96292,,211824,20296,
migrate_demo,client,2,10339515,96292,,211824,20296,
migrate_demo,client,2,10344750,96292,,211824,20296,
migrate_demo,client,2,10349999,96292,,211824,20296,
migrate_demo,client,2,10355267,96292,,211824,20296,
migrate_demo,client,2,10360452,96292,,211824,20296,
migrate_demo,client,2,10365664,96292,,211824,20296,
migrate_demo,client,2,10371009,96292,,211824,20296,
migrate_demo,client,2,10376231,96292,,211824,20296,
migrate_demo,client,2,10381462,96292,,211824,20296,
migrate_demo,client,2,10386665,96292,,190473,20296,
migrate_demo,client,2,10391973,96292,,190473,20296,
migrate_demo,client,2,10397195,96292,,190473,20296,
migrate_demo,client,2,10402389,96292,,190473,20296,
migrate_demo,client,2,10407582,96292,,190473,20296,
migrate_demo,client,2,10412826,96292,,190473,20296,
migrate_demo,client,2,10418024,96292,,190473,20296,
migrate_demo,client,2,10423247,96292,,190473,20296,
migrate_demo,client,2,10428510,96292,,190473,20296,
migrate_demo,client,2,10433740,96292,,190473,20296,
migrate_demo,client,2,10438974,96292,,190473,20296,
migrate_demo,client,2,10444230,96292,,190473,20296,
migrate_demo,client,2,10449566,96292,,171783,20296,
migrate_demo,client,2,10454805,96292,,171783,20296,
migrate_demo,client,2,10460027,96292,,171783,20296,
migrate_demo,client,2,10465249,96292,,171783,20296,
migrate_demo,client,2,10470373,96292,,171783,20296,
migrate_demo,client,2,10475600,96292,,171783,20296,
migrate_demo,client,2,10480960,96292,,171783,20296,
migrate_demo,client,2,10486259,96292,,171783,20296,
migrate_demo,client,2,10491536,96292,,171783,20296,
migrate_demo,client,2,10496772,96292,,171783,20296,
migrate_demo,client,2,10502006,96292,,171783,20296,
migrate_demo,client,2,10507244,96292,,171783,20296,
migrate_demo,client,2,10512499,96292,,155430,20296,
migrate_demo,client,2,10517813,96292,,155430,20296,
migrate_demo,client,2,10523024,96292,,155430,20296,
migrate_demo,client,2,10528254,96292,,155430,20296,
migrate_demo,client,2,10533517,96292,,155430,20296,
migrate_demo,client,2,10538791,96292,,155430,20296,
migrate_demo,client,2,10543981,96292,,155430,20296,
migrate_demo,client,2,10549178,96292,,155430,20296,
migrate_demo,client,2,10554406,96292,,155430,20296,
migrate_demo,client,2,10559632,96292,,155430,20296,
migrate_demo,client,2,10564891,96292,,155430,20296,
migrate_demo,client,2,10570026,96292,,141115,20296,
migrate_demo,client,2,10575215,96292,,141115,20296,
migrate_demo,client,2,10580553,96292,,141115,20296,
migrate_demo,client,2,10585791,96292,,141115,20296,
migrate_demo,client,2,10591221,96292,,141115,20296,
migrate_demo,client,2,10596503,96292,,141115,20296,
migrate_demo,client,2,10601669,96292,,141115,20296,
migrate_demo,client,2,10606875,96292,,141115,20296,
migrate_demo,client,2,10612086,96292,,141115,20296,
migrate_demo,client,2,10617374,96292,,141115,20296,
migrate_demo,client,2,10622595,96292,,141115,20296,
migrate_demo,client,2,10627802,96292,,141115,20296,
migrate_demo,client,2,10633018,96292,,128617,20296,
migrate_demo,client,2,10638238,96292,,128617,20296,
migrate_demo,client,2,10643409,96292,,128617,20296,
migrate_demo,client,2,10648675,96292,,128617,20296,
migrate_demo,client,2,10653905,96292,,128617,20296,
migrate_demo,client,2,10659096,96292,,128617,20296,
migrate_demo,client,2,10664375,96292,,128617,20296,
migrate_demo,client,2,10669663,96292,,128617,20296,
migrate_demo,client,2,10674908,96292,,128617,20296,
migrate_demo,client,2,10680177,96292,,128617,20296,
migrate_demo,client,2,10685494,96292,,128617,20296,
migrate_demo,client,2,10690754,96292,,128617,20296,
migrate_demo,client,2,10695986,96292,,117635,20296,
migrate_demo,client,2,10701324,96292,,117635,20296,
migrate_demo,client,2,10706687,96292,,117635,20296,
migrate_demo,client,2,10711930,96292,,117635,20296,
migrate_demo,client,2,10717243,96292,,117635,20296,
migrate_demo,client,2,10722477,96292,,117635,20296,
migrate_demo,client,2,10727674,96292,,117635,20296,
migrate_demo,client,2,10733063,96292,,117635,20296,
migrate_demo,client,2,10738330,96292,,117635,20296,
migrate_demo,client,2,10743571,96292,,117635,20296,
migrate_demo,client,2,10748799,96292,,117635,20296,
migrate_demo,client,2,10754084,96292,,117635,20296,
migrate_demo,client,2,10759296,96292,,108045,20296,
migrate_demo,client,2,10764540,96292,,108045,20296,
migrate_demo,client,2,10769826,96292,,108045,20296,
migrate_demo,client,2,10775077,96292,,108045,20296,
migrate_demo,client,2,10780294,96292,,108045,20296,
migrate_demo,client,2,10785522,96292,,108045,20296,
migrate_demo,client,2,10790764,96292,,108045,20296,
migrate_demo,client,2,10795972,96292,,108045,20296,
migrate_demo,client,2,10801171,96292,,108045,20296,
migrate_demo,client,2,10806427,96292,,108045,20296,
migrate_demo,client,2,10811655,96292,,108045,20296,
migrate_demo,client,2,10816879,96292,,108045,20296,
migrate_demo,client,2,10822012,96292,,108045,20296,
migrate_demo,client,2,10827206,96292,,108045,20296,
migrate_demo,client,2,10832447,96292,,108045,20296,
migrate_demo,client,2,10837662,96292,,108045,20296,
migrate_demo,client,2,10843102,96292,,108045,20296,
migrate_demo,client,2,10848326,96292,,102237,20296,
migrate_demo,client,2,10853550,96292,,102237,20296,
migrate_demo,client,2,10858724,96292,,102237,20296,
migrate_demo,client,2,10863979,96292,,102237,20296,
migrate_demo,client,2,10869188,96292,,102237,20296,
migrate_demo,client,2,10874400,96292,,102237,20296,
migrate_demo,client,2,10879682,96292,,102237,20296,
migrate_demo,client,2,10885064,96292,,94576,20296,
migrate_demo,client,2,10890256,96292,,94576,20296,
migrate_demo,client,2,10895527,96292,,94576,20296,
migrate_demo,client,2,10900791,96292,,94576,20296,
migrate_demo,client,2,10906110,96292,,94576,20296,
migrate_demo,client,2,10911355,96292,,94576,20296,
migrate_demo,client,2,10916561,96292,,94576,20296,
migrate_demo,client,2,10921860,96292,,94576,20296,
migrate_demo,client,2,10927008,96292,,94576,20296,
migrate_demo,client,2,10932258,96292,,94576,20296,
migrate_demo,client,2,10937513,96292,,94576,20296,
migrate_demo,client,2,10942782,96292,,94576,20296,
migrate_demo,client,2,10948009,96292,,87889,20296,
migrate_demo,client,2,10953238,96292,,87889,20296,
migrate_demo,client,2,10958445,96292,,87889,20296,
migrate_demo,client,2,10963570,96292,,87889,20296,
migrate_demo,client,2,10968861,96292,,87889,20296,
migrate_demo,client,2,10974261,96292,,87889,20296,
migrate_demo,client,2,10979543,96292,,87889,20296,
migrate_demo,client,2,10984924,96292,,87889,20296,
migrate_demo,client,2,10990220,96292,,87889,20296,
migrate_demo,client,2,10995513,96292,,87889,20296,
migrate_demo,client,2,11000896,96292,,87889,20296,
migrate_demo,client,2,11006158,96292,,87889,20296,
migrate_demo,client,2,11011426,96292,,82039,20296,
migrate_demo,client,2,11016739,96292,,82039,20296,
migrate_demo,client,2,11022830,96292,,82039,20296,
migrate_demo,client,2,11028092,96292,,82039,20296,
migrate_demo,client,2,11033310,96292,,82039,20296,
migrate_demo,client,2,11038518,96292,,82039,20296,
migrate_demo,client,2,11043833,96292,,82039,20296,
migrate_demo,client,2,11049099,96292,,82039,20296,
migrate_demo,client,2,11054356,96292,,82039,20296,
migrate_demo,client,2,11059732,96292,,82039,20296,
migrate_demo,client,2,11065015,96292,,82039,20296,
migrate_demo,client,2,11070231,96292,,82039,20296,
migrate_demo,client,2,11075623,96292,,76943,20296,
migrate_demo,client,2,11080828,96292,,76943,20296,
migrate_demo,client,2,11086138,96292,,76943,20296,
migrate_demo,client,2,11091317,96292,,76943,20296,
migrate_demo,client,2,11096586,96292,,76943,20296,
migrate_demo,client,2,11101862,96292,,76943,20296,
migrate_demo,client,2,11107151,96292,,76943,20296,
migrate_demo,client,2,11112390,96292,,76943,20296,
migrate_demo,client,2,11117585,96292,,76943,20296,
migrate_demo,client,2,11122848,96292,,76943,20296,
migrate_demo,client,2,11128054,96292,,76943,20296,
migrate_demo,client,2,11133323,96292,,76943,20296,
migrate_demo,client,2,11138548,96292,,72463,20296,
migrate_demo,client,2,11143752,96292,,72463,20296,
migrate_demo,client,2,11148898,96292,,72463,20296,
migrate_demo,client,2,11154102,96292,,72463,20296,
migrate_demo,client,2,11159345,96292,,72463,20296,
migrate_demo,client,2,11164601,96292,,72463,20296,
migrate_demo,client,2,11169819,96292,,72463,20296,
migrate_demo,client,2,11175095,96292,,72463,20296,
migrate_demo,client,2,11180372,96292,,72463,20296,
migrate_demo,client,2,11185525,96292,,72463,20296,
migrate_demo,client,2,11190775,96292,,72463,20296,
migrate_demo,client,2,11196092,96292,,72463,20296,
migrate_demo,client,2,11201315,96292,,68492,20296,
migrate_demo,client,2,11206537,96292,,68492,20296,
migrate_demo,client,2,11211825,96292,,68492,20296,
migrate_demo,client,2,11217083,96292,,68492,20296,
migrate_demo,client,2,11222332,96292,,68492,20296,
migrate_demo,client,2,11227556,96292,,68492,20296,
migrate_demo,client,2,11232823,96292,,68492,20296,
migrate_demo,client,2,11238078,96292,,68492,20296,
migrate_demo,client,2,11243366,96292,,68492,20296,
migrate_demo,client,2,11248657,96292,,68492,20296,
migrate_demo,client,2,11253904,96292,,68492,20296,
migrate_demo,client,2,11259143,96292,,68492,20296,
migrate_demo,client,2,11264368,96292,,65048,20296,
migrate_demo,client,2,11269598,96292,,65048,20296,
migrate_demo,client,2,11274824,96292,,65048,20296,
migrate_demo,client,2,11280158,96292,,65048,20296,
migrate_demo,client,2,11285456,96292,,65048,20296,
migrate_demo,client,2,11290719,96292,,65048,20296,
migrate_demo,client,2,11296099,96292,,65048,20296,
migrate_demo,client,2,11301380,96292,,65048,20296,
migrate_demo,client,2,11306688,96292,,65048,20296,
migrate_demo,client,2,11312055,96292,,65048,20296,
migrate_demo,client,2,11317301,96292,,65048,20296,
migrate_demo,client,2,11322542,96292,,65048,20296,
migrate_demo,client,2,11327759,96292,,62053,20296,
migrate_demo,client,2,11333028,96292,,62053,20296,
migrate_demo,client,2,11338195,96292,,62053,20296,
migrate_demo,client,2,11343435,96292,,62053,20296,
migrate_demo,client,2,11348722,96292,,62053,20296,
migrate_demo,client,2,11354085,96292,,62053,20296,
migrate_demo,client,2,11359372,96292,,62053,20296,
migrate_demo,client,2,11364548,96292,,62053,20296,
migrate_demo,client,2,11369757,96292,,62053,20296,
migrate_demo,client,2,11374975,96292,,62053,20296,
migrate_demo,client,2,11380244,96292,,62053,20296,
migrate_demo,client,2,11385496,96292,,62053,20296,
migrate_demo,client,2,11390721,96292,,59414,20296,
migrate_demo,client,2,11395971,96292,,59414,20296,
migrate_demo,client,2,11401233,96292,,59414,20296,
migrate_demo,client,2,11406534,96292,,59414,20296,
migrate_demo,client,2,11411769,96292,,59414,20296,
migrate_demo,client,2,11417128,96292,,59414,20296,
migrate_demo,client,2,11422350,96292,,59414,20296,
migrate_demo,client,2,11427599,96292,,59414,20296,
migrate_demo,client,2,11432856,96292,,59414,20296,
migrate_demo,client,2,11438057,96292,,59414,20296,
migrate_demo,client,2,11443291,96292,,59414,20296,
migrate_demo,client,2,11448602,96292,,57101,20296,
migrate_demo,client,2,11453825,96292,,57101,20296,
migrate_demo,client,2,11459066,96292,,57101,20296,
migrate_demo,client,2,11464317,96292,,57101,20296,
migrate_demo,client,2,11469524,96292,,57101,20296,
migrate_demo,client,2,11475020,96292,,57101,20296,
migrate_demo,client,2,11480239,96292,,57101,20296,
migrate_demo,client,2,11485479,96292,,57101,20296,
migrate_demo,client,2,11490659,96292,,57101,20296,
migrate_demo,client,2,11495951,96292,,57101,20296,
migrate_demo,client,2,11501194,96292,,57101,20296,
migrate_demo,client,2,11506409,96292,,57101,20296,
migrate_demo,client,2,11511649,96292,,55090,20296,
migrate_demo,client,2,11517112,96292,,55090,20296,
migrate_demo,client,2,11522375,96292,,55090,20296,
migrate_demo,client,2,11527655,96292,,55090,20296,
migrate_demo,client,2,11532847,96292,,55090,20296,
migrate_demo,client,2,11538103,96292,,55090,20296,
migrate_demo,client,2,11543307,96292,,55090,20296,
migrate_demo,client,2,11548525,96292,,55090,20296,
migrate_demo,client,2,11553769,96292,,55090,20296,
migrate_demo,client,2,11558965,96292,,55090,20296,
migrate_demo,client,2,11564168,96292,,55090,20296,
migrate_demo,client,2,11569375,96292,,55090,20296,
migrate_demo,client,2,11574617,96292,,53301,20296,
migrate_demo,client,2,11579913,96292,,53301,20296,
migrate_demo,client,2,11585151,96292,,53301,20296,
migrate_demo,client,2,11590408,96292,,53301,20296,
migrate_demo,client,2,11595670,96292,,53301,20296,
migrate_demo,client,2,11600887,96292,,53301,20296,
migrate_demo,client,2,11606077,96292,,53301,20296,
migrate_demo,client,2,11611384,96292,,53301,20296,
migrate_demo,client,2,11616594,96292,,53301,20296,
migrate_demo,client,2,11621857,96292,,53301,20296,
migrate_demo,client,2,11627131,96292,,53301,20296,
migrate_demo,client,2,11632328,96292,,53301,20296,
migrate_demo,client,2,11637587,96292,,51748,20296,
migrate_demo,client,2,11642910,96292,,51748,20296,
migrate_demo,client,2,11648095,96292,,51748,20296,
migrate_demo,client,2,11653296,96292,,51748,20296,
migrate_demo,client,2,11658504,96292,,51748,20296,
migrate_demo,client,2,11663692,96292,,51748,20296,
migrate_demo,client,2,11668903,96292,,51748,20296,
migrate_demo,client,2,11674106,96292,,51748,20296,
migrate_demo,client,2,11679338,96292,,51748,20296,
migrate_demo,client,2,11684680,96292,,51748,20296,
migrate_demo,client,2,11689940,96292,,51748,20296,
migrate_demo,client,2,11695189,96292,,51748,20296,
migrate_demo,client,2,11700447,96292,,50398,20296,
migrate_demo,client,2,11705703,96292,,50398,20296,
migrate_demo,client,2,11710900,96292,,50398,20296,
migrate_demo,client,2,11716171,96292,,50398,20296,
migrate_demo,client,2,11721363,96292,,50398,20296,
migrate_demo,client,2,11726601,96292,,50398,20296,
migrate_demo,client,2,11731848,96292,,50398,20296,
migrate_demo,client,2,11737111,96292,,50398,20296,
migrate_demo,client,2,11742317,96292,,50398,20296,
migrate_demo,client,2,11747591,96292,,50398,20296,
migrate_demo,client,2,11752822,96292,,50398,20296,
migrate_demo,client,2,11758071,96292,,50398,20296,
migrate_demo,client,2,11763263,96292,,49187,20296,
migrate_demo,client,2,11768531,96292,,49187,20296,
migrate_demo,client,2,11773783,96292,,49187,20296,
migrate_demo,client,2,11778956,96292,,49187,20296,
migrate_demo,client,2,11784263,96292,,49187,20296,
migrate_demo,client,2,11789540,96292,,49187,20296,
migrate_demo,client,2,11794814,96292,,49187,20296,
migrate_demo,client,2,11800078,96292,,49187,20296,
migrate_demo,client,2,11805294,96292,,49187,20296,
migrate_demo,client,2,11810458,96292,,49187,20296,
migrate_demo,client,2,11815670,96292,,49187,20296,
migrate_demo,client,2,11820899,96292,,49187,20296,
migrate_demo,client,2,11826163,96292,,48134,20296,
migrate_demo,client,2,11831377,96292,,48134,20296,
migrate_demo,client,2,11836699,96292,,48134,20296,
migrate_demo,client,2,11841951,96292,,48134,20296,
migrate_demo,client,2,11847165,96292,,48134,20296,
migrate_demo,client,2,11852407,96292,,48134,20296,
migrate_demo,client,2,11857669,96292,,48134,20296,
migrate_demo,client,2,11862911,96292,,48134,20296,
migrate_demo,client,2,11868134,96292,,48134,20296,
migrate_demo,client,2,11873350,96292,,48134,20296,
migrate_demo,client,2,11878588,96292,,48134,20296,
migrate_demo,client,2,11883862,96292,,48134,20296,
migrate_demo,client,2,11889102,96292,,47230,20296,
migrate_demo,client,2,11894308,96292,,47230,20296,
migrate_demo,client,2,11899521,96292,,47230,20296,
migrate_demo,client,2,11904754,96292,,47230,20296,
migrate_demo,client,2,11910043,96292,,47230,20296,
migrate_demo,client,2,11915317,96292,,47230,20296,
migrate_demo,client,2,11920576,96292,,47230,20296,
migrate_demo,client,2,11925791,96292,,47230,20296,
migrate_demo,client,2,11931028,96292,,47230,20296,
migrate_demo,client,2,11936312,96292,,47230,20296,
migrate_demo,client,2,11941556,96292,,47230,20296,
migrate_demo,client,2,11946812,96292,,47230,20296,
migrate_demo,client,2,11952084,96292,,46430,20296,
migrate_demo,client,2,11957340,96292,,46430,20296,
migrate_demo,client,2,11962597,96292,,46430,20296,
migrate_demo,client,2,11967836,96292,,46430,20296,
migrate_demo,client,2,11973089,96292,,46430,20296,
migrate_demo,client,2,11978340,96292,,46430,20296,
migrate_demo,client,2,11983666,96292,,46430,20296,
migrate_demo,client,2,11988960,96292,,46430,20296,
migrate_demo,client,2,11994190,96292,,46430,20296,
migrate_demo,client,2,11999504,96292,,46430,20296,
migrate_demo,client,2,12004816,96292,,46430,20296,
migrate_demo,client,2,12010062,96292,,46430,20296,
migrate_demo,client,2,12015306,96292,,45715,20296,
migrate_demo,client,2,12020636,96292,,45715,20296,
migrate_demo,client,2,12025885,96292,,45715,20296,
migrate_demo,client,2,12031069,96292,,45715,20296,
migrate_demo,client,2,12036341,96292,,45715,20296,
migrate_demo,client,2,12041593,96292,,45715,20296,
migrate_demo,client,2,12046795,96292,,45715,20296,
migrate_demo,client,2,12052073,96292,,45715,20296,
migrate_demo,client,2,12057284,96292,,45715,20296,
migrate_demo,client,2,12062574,96292,,45715,20296,
migrate_demo,client,2,12067816,96292,,45715,20296,
migrate_demo,client,2,12072986,96292,,45715,20296,
migrate_demo,client,2,12078338,96292,,45715,20296,
migrate_demo,client,2,12083544,96292,,45715,20296,
migrate_demo,client,2,12088819,96292,,45715,20296,
migrate_demo,client,2,12094126,96292,,45715,20296,
migrate_demo,client,2,12099417,96292,,45715,20296,
migrate_demo,client,2,12104671,96292,,45715,20296,
migrate_demo,client,2,12109889,96292,,45715,20296,
migrate_demo,client,2,12115134,96292,,45715,20296,
migrate_demo,client,2,12120403,96292,,45715,20296,
migrate_demo,client,2,12125657,96292,,45715,20296,
migrate_demo,client,2,12130901,96292,,45715,20296,
migrate_demo,client,2,12136209,96292,,45715,20296,
migrate_demo,client,2,12144568,96292,,45715,20296,
migrate_demo,client,2,12149701,96292,,45715,20296,
migrate_demo,client,2,12157182,96292,,45715,20296,
migrate_demo,client,2,12162282,96292,,45715,20296,
migrate_demo,client,2,12167386,96292,,45715,20296,
migrate_demo,client,2,12172492,96292,,45715,20296,
migrate_demo,client,2,12177657,96292,,45715,20296,
migrate_demo,client,2,12182775,96292,,45715,20296,
migrate_demo,client,2,12188185,96292,,45715,20296,
migrate_demo,client,2,12193435,96292,,45715,20296,
migrate_demo,client,2,12198749,96292,,45715,20296,
migrate_demo,client,2,12204136,96292,,45715,20296,
migrate_demo,client,2,12209325,96292,,45715,20296,
migrate_demo,client,2,12214545,96292,,45715,20296,
migrate_demo,client,2,12219815,96292,,45715,20296,
migrate_demo,client,2,12225107,96292,,45715,20296,
migrate_demo,client,2,12230361,96292,,45715,20296,
migrate_demo,client,2,12235556,96292,,45715,20296,
migrate_demo,client,2,12240799,96292,,45715,20296,
migrate_demo,client,2,12246098,96292,,45715,20296,
migrate_demo,client,2,12251320,96292,,45715,20296,
migrate_demo,client,2,12256591,96292,,45715,20296,
migrate_demo,client,2,12261815,96292,,45196,20296,
migrate_demo,client,2,12267117,96292,,45196,20296,
migrate_demo,client,2,12272477,96292,,45196,20296,
migrate_demo,client,2,12277674,96292,,45196,20296,
migrate_demo,client,2,12282895,96292,,45196,20296,
migrate_demo,client,2,12288146,96292,,45196,20296,
migrate_demo,client,2,12293364,96292,,45196,20296,
migrate_demo,client,2,12298556,96292,,45196,20296,
migrate_demo,client,2,12303769,96292,,45196,20296,
migrate_demo,client,2,12309076,96292,,45196,20296,
migrate_demo,client,2,12314492,96292,,45196,20296,
migrate_demo,client,2,12319769,96292,,45196,20296,
migrate_demo,client,2,12324977,96292,,44664,20296,
migrate_demo,client,2,12330218,96292,,44664,20296,
migrate_demo,client,2,12335394,96292,,44664,20296,
migrate_demo,client,2,12340626,96292,,44664,20296,
migrate_demo,client,2,12345892,96292,,44345,20296,
migrate_demo,client,2,12351118,96292,,44345,20296,
migrate_demo,client,2,12356359,96292,,44345,20296,
migrate_demo,client,2,12361615,96292,,44345,20296,
migrate_demo,client,2,12366871,96292,,44345,20296,
migrate_demo,client,2,12372078,96292,,44345,20296,
migrate_demo,client,2,12377357,96292,,44345,20296,
migrate_demo,client,2,12382597,96292,,44345,20296,
migrate_demo,client,2,12387901,96292,,44345,20296,
migrate_demo,client,2,12393211,96292,,43910,20296,
migrate_demo,client,2,12398467,96292,,43910,20296,
migrate_demo,client,2,12403700,96292,,43910,20296,
migrate_demo,client,2,12408926,96292,,43910,20296,
migrate_demo,client,2,12414147,96292,,43910,20296,
migrate_demo,client,2,12419402,96292,,43910,20296,
migrate_demo,client,2,12424667,96292,,43910,20296,
migrate_demo,client,2,12429883,96292,,43910,20296,
migrate_demo,client,2,12435144,96292,,43910,20296,
migrate_demo,client,2,12440389,96292,,43910,20296,
migrate_demo,client,2,12445631,96292,,43910,20296,
migrate_demo,client,2,12450846,96292,,43910,20296,
migrate_demo,client,2,12456049,96292,,43521,20296,
migrate_demo,client,2,12461325,96292,,43521,20296,
migrate_demo,client,2,12466600,96292,,43521,20296,
migrate_demo,client,2,12471831,96292,,43521,20296,
migrate_demo,client,2,12477148,96292,,43521,20296,
migrate_demo,client,2,12482442,96292,,43521,20296,
migrate_demo,client,2,12487627,96292,,43521,20296,
migrate_demo,client,2,12492946,96292,,43521,20296,
migrate_demo,client,2,12498213,96292,,43521,20296,
migrate_demo,client,2,12503454,96292,,43521,20296,
migrate_demo,client,2,12508652,96292,,43521,20296,
migrate_demo,client,2,12513890,96292,,43521,20296,
migrate_demo,client,2,12519079,96292,,43231,20296,
migrate_demo,client,2,12524361,96292,,43231,20296,
migrate_demo,client,2,12529601,96292,,43231,20296,
migrate_demo,client,2,12534886,96292,,43231,20296,
migrate_demo,client,2,12540064,96292,,43231,20296,
migrate_demo,client,2,12545285,96292,,43231,20296,
migrate_demo,client,2,12550568,96292,,43231,20296,
migrate_demo,client,2,12555769,96292,,43231,20296,
migrate_demo,client,2,12560947,96292,,43231,20296,
migrate_demo,client,2,12566233,96292,,43231,20296,
migrate_demo,client,2,12571557,96292,,43231,20296,
migrate_demo,client,2,12576853,96292,,43231,20296,
migrate_demo,client,2,12582088,96292,,42933,20296,
migrate_demo,client,2,12587344,96292,,42933,20296,
migrate_demo,client,2,12592617,96292,,42933,20296,
migrate_demo,client,2,12597847,96292,,42933,20296,
migrate_demo,client,2,12603086,96292,,42933,20296,
migrate_demo,client,2,12608464,96292,,42933,20296,
migrate_demo,client,2,12613685,96292,,42933,20296,
migrate_demo,client,2,12618876,96292,,42933,20296,
migrate_demo,client,2,12624060,96292,,42933,20296,
migrate_demo,client,2,12629302,96292,,42933,20296,
migrate_demo,client,2,12634495,96292,,42933,20296,
migrate_demo,client,2,12639695,96292,,42933,20296,
migrate_demo,client,2,12644941,96292,,42681,20296,
migrate_demo,client,2,12650163,96292,,42681,20296,
migrate_demo,client,2,12655419,96292,,42681,20296,
migrate_demo,client,2,12660662,96292,,42681,20296,
migrate_demo,client,2,12665872,96292,,42681,20296,
migrate_demo,client,2,12671108,96292,,42470,20296,
migrate_demo,client,2,12676358,96292,,42470,20296,
migrate_demo,client,2,12681589,96292,,42470,20296,
migrate_demo,client,2,12686825,96292,,42470,20296,
migrate_demo,client,2,12692055,96292,,42470,20296,
migrate_demo,client,2,12697332,96292,,42470,20296,
migrate_demo,client,2,12702518,96292,,42470,20296,
migrate_demo,client,2,12707819,96292,,42273,20296,
migrate_demo,client,2,12713002,96292,,42273,20296,
migrate_demo,client,2,12718246,96292,,42273,20296,
migrate_demo,client,2,12723406,96292,,42273,20296,
migrate_demo,client,2,12728641,96292,,42273,20296,
migrate_demo,client,2,12733865,96292,,42123,20296,
migrate_demo,client,2,12739096,96292,,42123,20296,
migrate_demo,client,2,12744323,96292,,42123,20296,
migrate_demo,client,2,12749509,96292,,42123,20296,
migrate_demo,client,2,12754771,96292,,42123,20296,
migrate_demo,client,2,12760046,96292,,42123,20296,
migrate_demo,client,2,12765315,96292,,42123,20296,
migrate_demo,client,2,12770492,96292,,42123,20296,
migrate_demo,client,2,12775746,96292,,42123,20296,
migrate_demo,client,2,12781050,96292,,42123,20296,
migrate_demo,client,2,12786295,96292,,42018,20296,
migrate_demo,client,2,12791547,96292,,42018,20296,
migrate_demo,client,2,12796803,96292,,42018,20296,
migrate_demo,client,2,12802028,96292,,42018,20296,
migrate_demo,client,2,12807314,96292,,42018,20296,
migrate_demo,client,2,12812503,96292,,42018,20296,
migrate_demo,client,2,12817728,96292,,42018,20296,
migrate_demo,client,2,12822999,96292,,42018,20296,
migrate_demo,client,2,12828235,96292,,42018,20296,
migrate_demo,client,2,12833499,96292,,42018,20296,
migrate_demo,client,2,12838730,96292,,42018,20296,
migrate_demo,client,2,12843970,96292,,42018,20296,
migrate_demo,client,2,12849253,96292,,42018,20296,
migrate_demo,client,2,12854453,96292,,42018,20296,
migrate_demo,client,2,12860087,96292,,42018,20296,
migrate_demo,client,2,12865241,96292,,41872,20296,
migrate_demo,client,2,12870506,96292,,41872,20296,
migrate_demo,client,2,12875799,96292,,41872,20296,
migrate_demo,client,2,12881021,96292,,41872,20296,
migrate_demo,client,2,12886266,96292,,41872,20296,
migrate_demo,client,2,12891487,96292,,41802,20296,
migrate_demo,client,2,12896727,96292,,41802,20296,
migrate_demo,client,2,12901951,96292,,41802,20296,
migrate_demo,client,2,12907238,96292,,41802,20296,
migrate_demo,client,2,12912466,96292,,41802,20296,
migrate_demo,client,2,12917739,96292,,41802,20296,
migrate_demo,client,2,12922968,96292,,41802,20296,
migrate_demo,client,2,12928189,96292,,41802,20296,
migrate_demo,client,2,12933529,96292,,41802,20296,
migrate_demo,client,2,12938828,96292,,41802,20296,
migrate_demo,client,2,12944099,96292,,41802,20296,
migrate_demo,client,2,12949267,96292,,41802,20296,
migrate_demo,client,2,12954582,96292,,41802,20296,
migrate_demo,client,2,12959842,96292,,41802,20296,
migrate_demo,client,2,12965112,96292,,41802,20296,
migrate_demo,client,2,12970397,96292,,41687,20296,
migrate_demo,client,2,12975617,96292,,41687,20296,
migrate_demo,client,2,12980925,96292,,41687,20296,
migrate_demo,client,2,12986234,96292,,41687,20296,
migrate_demo,client,2,12991459,96292,,41687,20296,
migrate_demo,client,2,12996693,96292,,41687,20296,
migrate_demo,client,2,13002024,96292,,41687,20296,
migrate_demo,client,2,13007323,96292,,41687,20296,
migrate_demo,client,2,13012600,96292,,41687,20296,
migrate_demo,client,2,13017878,96292,,41687,20296,
migrate_demo,client,2,13023120,96292,,41589,20296,
migrate_demo,client,2,13028375,96292,,41589,20296,
migrate_demo,client,2,13033587,96292,,41589,20296,
migrate_demo,client,2,13038830,96292,,41589,20296,
migrate_demo,client,2,13044124,96292,,41589,20296,
migrate_demo,client,2,13049312,96292,,41589,20296,
migrate_demo,client,2,13054599,96292,,41589,20296,
migrate_demo,client,2,13059892,96292,,41589,20296,
migrate_demo,client,2,13065360,96292,,41589,20296,
migrate_demo,client,2,13070652,96292,,41589,20296,
migrate_demo,client,2,13075866,96292,,41589,20296,
migrate_demo,client,2,13081030,96292,,41589,20296,
migrate_demo,client,2,13086260,96292,,41589,20296,
migrate_demo,client,2,13091446,96292,,41589,20296,
migrate_demo,client,2,13096746,96292,,41507,20296,
migrate_demo,client,2,13102023,96292,,41507,20296,
migrate_demo,client,2,13107242,96292,,41507,20296,
migrate_demo,client,2,13112468,96292,,41507,20296,
migrate_demo,client,2,13117722,96292,,41507,20296,
migrate_demo,client,2,13123044,96292,,41507,20296,
migrate_demo,client,2,13128321,96292,,41507,20296,
migrate_demo,client,2,13133615,96292,,41507,20296,
migrate_demo,client,2,13138844,96292,,41507,20296,
migrate_demo,client,2,13144215,96292,,41507,20296,
migrate_demo,client,2,13149429,96292,,41507,20296,
migrate_demo,client,2,13154689,96292,,41507,20296,
migrate_demo,client,2,13159962,96292,,41507,20296,
migrate_demo,client,2,13165205,96292,,41507,20296,
migrate_demo,client,2,13170552,96292,,41507,20296,
migrate_demo,client,2,13175806,96292,,41507,20296,
migrate_demo,client,2,13180987,96292,,41507,20296,
migrate_demo,client,2,13186327,96292,,41507,20296,
migrate_demo,client,2,13191563,96292,,41507,20296,
migrate_demo,client,2,13196807,96292,,41507,20296,
migrate_demo,client,2,13202008,96292,,41507,20296,
migrate_demo,client,2,13207229,96292,,41507,20296,
migrate_demo,client,2,13212411,96292,,41507,20296,
migrate_demo,client,2,13217626,96292,,41507,20296,
migrate_demo,client,2,13222824,96292,,41507,20296,
migrate_demo,client,2,13228105,96292,,41507,20296,
migrate_demo,client,2,13233322,96292,,41507,20296,
migrate_demo,client,2,13238645,96292,,41507,20296,
migrate_demo,client,2,13243864,96292,,41507,20296,
migrate_demo,client,2,13249158,96292,,41507,20296,
migrate_demo,client,2,13254416,96292,,41507,20296,
migrate_demo,client,2,13259701,96292,,41507,20296,
migrate_demo,client,2,13265008,96292,,41507,20296,
migrate_demo,client,2,13270239,96292,,41507,20296,
migrate_demo,client,2,13275578,96292,,41507,20296,
migrate_demo,client,2,13280852,96292,,41446,20296,
migrate_demo,client,2,13286023,96292,,41446,20296,
migrate_demo,client,2,13291249,96292,,41446,20296,
migrate_demo,client,2,13296469,96292,,41446,20296,
migrate_demo,client,2,13301821,96292,,41446,20296,
migrate_demo,client,2,13307071,96292,,41446,20296,
migrate_demo,client,2,13312351,96292,,41446,20296,
migrate_demo,client,2,13317525,96292,,41446,20296,
migrate_demo,client,2,13322738,96292,,41446,20296,
migrate_demo,client,2,13328033,96292,,41446,20296,
migrate_demo,client,2,13333259,96292,,41382,20296,
migrate_demo,client,2,13338531,96292,,41382,20296,
migrate_demo,client,2,13343815,96292,,41382,20296,
migrate_demo,client,2,13349103,96292,,41382,20296,
migrate_demo,client,2,13354384,96292,,41382,20296,
migrate_demo,client,2,13359651,96292,,41382,20296,
migrate_demo,client,2,13364953,96292,,41382,20296,
migrate_demo,client,2,13370176,96292,,41382,20296,
migrate_demo,client,2,13375391,96292,,41382,20296,
migrate_demo,client,2,13380603,96292,,41382,20296,
migrate_demo,client,2,13385824,96292,,41382,20296,
migrate_demo,client,2,13391207,96292,,41382,20296,
migrate_demo,client,2,13396518,96292,,41382,20296,
migrate_demo,client,2,13401823,96292,,41382,20296,
migrate_demo,client,2,13407057,96292,,41382,20296,
migrate_demo,client,2,13412266,96292,,41336,20296,
migrate_demo,client,2,13417448,96292,,41336,20296,
migrate_demo,client,2,13422723,96292,,41336,20296,
migrate_demo,client,2,13427988,96292,,41336,20296,
migrate_demo,client,2,13433307,96292,,41336,20296,
migrate_demo,client,2,13438558,96292,,41336,20296,
migrate_demo,client,2,13443829,96292,,41336,20296,
migrate_demo,client,2,13449039,96292,,41336,20296,
migrate_demo,client,2,13454258,96292,,41336,20296,
migrate_demo,client,2,13459534,96292,,41336,20296,
migrate_demo,client,2,13464770,96292,,41336,20296,
migrate_demo,client,2,13469984,96292,,41336,20296,
migrate_demo,client,2,13475241,96292,,41336,20296,
migrate_demo,client,2,13480482,96292,,41336,20296,
migrate_demo,client,2,13485722,96292,,42684,20296,
migrate_demo,client,2,13490929,96292,,42684,20296,
migrate_demo,client,2,13496128,96292,,42684,20296,
migrate_demo,client,2,13501353,96292,,42441,20296,
migrate_demo,client,2,13506684,96292,,42441,20296,
migrate_demo,client,2,13511922,96292,,42441,20296,
migrate_demo,client,2,13517330,96292,,42441,20296,
migrate_demo,client,2,13522560,96292,,43139,20296,
migrate_demo,client,2,13527743,96292,,43139,20296,
migrate_demo,client,2,13533025,96292,,43139,20296,
migrate_demo,client,2,13538270,96292,,43139,20296,
migrate_demo,client,2,13543573,96292,,43139,20296,
migrate_demo,client,2,13548895,96292,,43139,20296,
migrate_demo,client,2,13554163,96292,,43139,20296,
migrate_demo,client,2,13559378,96292,,43139,20296,
migrate_demo,client,2,13564620,96292,,42856,20296,
migrate_demo,client,2,13569944,96292,,42856,20296,
migrate_demo,client,2,13575188,96292,,42856,20296,
migrate_demo,client,2,13580526,96292,,42856,20296,
migrate_demo,client,2,13585786,96292,,42856,20296,
migrate_demo,client,2,13590995,96292,,42856,20296,
migrate_demo,client,2,13596229,96292,,42856,20296,
migrate_demo,client,2,13601470,96292,,42856,20296,
migrate_demo,client,2,13606896,96292,,42856,20296,
migrate_demo,client,2,13612135,96292,,42856,20296,
migrate_demo,client,2,13617324,96292,,42620,20296,
migrate_demo,client,2,13622592,96292,,42620,20296,
migrate_demo,client,2,13627841,96292,,42620,20296,
migrate_demo,client,2,13633010,96292,,42620,20296,
migrate_demo,client,2,13638316,96292,,42620,20296,
migrate_demo,client,2,13643506,96292,,42620,20296,
migrate_demo,client,2,13648769,96292,,42620,20296,
migrate_demo,client,2,13654014,96292,,42620,20296,
migrate_demo,client,2,13659146,96292,,42620,20296,
migrate_demo,client,2,13664356,96292,,42620,20296,
migrate_demo,client,2,13669647,96292,,42620,20296,
migrate_demo,client,2,13674925,96292,,42620,20296,
migrate_demo,client,2,13680236,96292,,42620,20296,
migrate_demo,client,2,13685475,96292,,42620,20296,
migrate_demo,client,2,13690703,96292,,42620,20296,
migrate_demo,client,2,13695925,96292,,42411,20296,
migrate_demo,client,2,13701220,96292,,42411,20296,
migrate_demo,client,2,13706507,96292,,42411,20296,
migrate_demo,client,2,13711729,96292,,42411,20296,
migrate_demo,client,2,13717069,96292,,42411,20296,
migrate_demo,client,2,13722350,96292,,42220,20296,
migrate_demo,client,2,13727647,96292,,42220,20296,
migrate_demo,client,2,13732893,96292,,42220,20296,
migrate_demo,client,2,13738139,96292,,42220,20296,
migrate_demo,client,2,13743434,96292,,42220,20296,
migrate_demo,client,2,13748588,96292,,42220,20296,
migrate_demo,client,2,13753860,96292,,42220,20296,
migrate_demo,client,2,13759122,96292,,42220,20296,
migrate_demo,client,2,13764354,96292,,42220,20296,
migrate_demo,client,2,13769525,96292,,42220,20296,
migrate_demo,client,2,13774814,96292,,42070,20296,
migrate_demo,client,2,13780038,96292,,42070,20296,
migrate_demo,client,2,13785282,96292,,42070,20296,
migrate_demo,client,2,13790443,96292,,42070,20296,
migrate_demo,client,2,13795695,96292,,42070,20296,
migrate_demo,client,2,13800975,96292,,41941,20296,
migrate_demo,client,2,13806208,96292,,41941,20296,
migrate_demo,client,2,13811429,96292,,41941,20296,
migrate_demo,client,2,13816595,96292,,41941,20296,
migrate_demo,client,2,13821849,96292,,41941,20296,
migrate_demo,client,2,13827091,96292,,41941,20296,
migrate_demo,client,2,13832379,96292,,41941,20296,
migrate_demo,client,2,13837625,96292,,41941,20296,
migrate_demo,client,2,13842852,96292,,41941,20296,
migrate_demo,client,2,13848115,96292,,41941,20296,
migrate_demo,client,2,13853380,96292,,41792,20296,
migrate_demo,client,2,13858633,96292,,41792,20296,
migrate_demo,client,2,13863878,96292,,41792,20296,
migrate_demo,client,2,13869087,96292,,41792,20296,
migrate_demo,client,2,13874304,96292,,41792,20296,
migrate_demo,client,2,13879561,96292,,41665,20296,
migrate_demo,client,2,13884879,96292,,41665,20296,
migrate_demo,client,2,13890104,96292,,41665,20296,
migrate_demo,client,2,13895434,96292,,41665,20296,
migrate_demo,client,2,13900675,96292,,41665,20296,
migrate_demo,client,2,13905966,96292,,41581,20296,
migrate_demo,client,2,13911207,96292,,41581,20296,
migrate_demo,client,2,13916471,96292,,41581,20296,
migrate_demo,client,2,13921769,96292,,41581,20296,
migrate_demo,client,2,13927048,96292,,41581,20296,
migrate_demo,client,2,13932363,96292,,41541,20296,
migrate_demo,client,2,13937665,96292,,41541,20296,
migrate_demo,client,2,13942913,96292,,41541,20296,
migrate_demo,client,2,13948161,96292,,41541,20296,
migrate_demo,client,2,13953339,96292,,41541,20296,
migrate_demo,client,2,13958598,96292,,41453,20296,
migrate_demo,client,2,13963977,96292,,41453,20296,
migrate_demo,client,2,13969268,96292,,41453,20296,
migrate_demo,client,2,13974511,96292,,41453,20296,
migrate_demo,client,2,13979755,96292,,41453,20296,
migrate_demo,client,2,13985082,96292,,41373,20296,
migrate_demo,client,2,13990338,96292,,41373,20296,
migrate_demo,client,2,13995888,96292,,41373,20296,
migrate_demo,client,2,14001068,96292,,41373,20296,
migrate_demo,client,2,14006341,96292,,41373,20296,
migrate_demo,client,2,14011584,96292,,41361,20296,
migrate_demo,client,2,14016884,96292,,41361,20296,
migrate_demo,client,2,14022097,96292,,41361,20296,
migrate_demo,client,2,14027343,96292,,41361,20296,
migrate_demo,client,2,14032572,96292,,41292,20296,
migrate_demo,client,2,14037827,96292,,41292,20296,
migrate_demo,client,2,14043036,96292,,41292,20296,
migrate_demo,client,2,14048243,96292,,41292,20296,
migrate_demo,client,2,14053497,96292,,41292,20296,
migrate_demo,client,2,14058741,96292,,41240,20296,
migrate_demo,client,2,14063946,96292,,41240,20296,
migrate_demo,client,2,14069214,96292,,41240,20296,
migrate_demo,client,2,14074395,96292,,41240,20296,
migrate_demo,client,2,14079618,96292,,41240,20296,
migrate_demo,client,2,14084927,96292,,41181,20296,
migrate_demo,client,2,14090132,96292,,41181,20296,
migrate_demo,client,2,14095309,96292,,41181,20296,
migrate_demo,client,2,14100564,96292,,41181,20296,
migrate_demo,client,2,14105814,96292,,41181,20296,
migrate_demo,client,2,14111089,96292,,41157,20296,
migrate_demo,client,2,14116372,96292,,41157,20296,
migrate_demo,client,2,14121604,96292,,41157,20296,
migrate_demo,client,2,14126969,96292,,41157,20296,
migrate_demo,client,2,14132194,96292,,41157,20296,
migrate_demo,client,2,14137464,96292,,41116,20296,
migrate_demo,client,2,14142725,96292,,41116,20296,
migrate_demo,client,2,14147896,96292,,41116,20296,
migrate_demo,client,2,14153205,96292,,41116,20296,
migrate_demo,client,2,14158510,96292,,41116,20296,
migrate_demo,client,2,14163710,96292,,41088,20296,
migrate_demo,client,2,14168897,96292,,41088,20296,
migrate_demo,client,2,14174162,96292,,41088,20296,
migrate_demo,client,2,14179406,96292,,41088,20296,
migrate_demo,client,2,14184627,96292,,41051,20296,
migrate_demo,client,2,14189904,96292,,41051,20296,
migrate_demo,client,2,14195083,96292,,41051,20296,
migrate_demo,client,2,14200344,96292,,41051,20296,
migrate_demo,client,2,14205555,96292,,41051,20296,
migrate_demo,client,2,14210799,96292,,41037,20296,
migrate_demo,client,2,14216061,96292,,41037,20296,
migrate_demo,client,2,14221341,96292,,41037,20296,
migrate_demo,client,2,14226546,96292,,41037,20296,
migrate_demo,client,2,14231835,96292,,41037,20296,
migrate_demo,client,2,14237081,96292,,41004,20296,
migrate_demo,client,2,14242310,96292,,41004,20296,
migrate_demo,client,2,14247494,96292,,41004,20296,
migrate_demo,client,2,14252745,96292,,41004,20296,
migrate_demo,client,2,14257934,96292,,41004,20296,
migrate_demo,client,2,14263133,96292,,41007,20296,
migrate_demo,client,2,14268315,96292,,41007,20296,
migrate_demo,client,2,14273526,96292,,41007,20296,
migrate_demo,client,2,14278756,96292,,41007,20296,
migrate_demo,client,2,14284013,96292,,41003,20296,
migrate_demo,client,2,14289254,96292,,41003,20296,
migrate_demo,client,2,14294507,96292,,41003,20296,
migrate_demo,client,2,14299779,96292,,41003,20296,
migrate_demo,client,2,14304904,96292,,41003,20296,
migrate_demo,client,2,14310186,96292,,40996,20296,
migrate_demo,client,2,14315397,96292,,40996,20296,
migrate_demo,client,2,14320631,96292,,40996,20296,
migrate_demo,client,2,14325848,96292,,40996,20296,
migrate_demo,client,2,14331058,96292,,40996,20296,
migrate_demo,client,2,14336318,96292,,40973,20296,
migrate_demo,client,2,14341550,96292,,40973,20296,
migrate_demo,client,2,14346805,96292,,40973,20296,
migrate_demo,client,2,14352136,96292,,40973,20296,
migrate_demo,client,2,14357415,96292,,40973,20296,
migrate_demo,client,2,14362678,96292,,40960,20296,
migrate_demo,client,2,14367950,96292,,40960,20296,
migrate_demo,client,2,14373254,96292,,40960,20296,
migrate_demo,client,2,14378500,96292,,40960,20296,
migrate_demo,client,2,14383766,96292,,41004,20296,
migrate_demo,client,2,14389087,96292,,41004,20296,
migrate_demo,client,2,14394323,96292,,41004,20296,
migrate_demo,client,2,14399639,96292,,41004,20296,
migrate_demo,client,2,14405049,96292,,41004,20296,
migrate_demo,client,2,14410265,96292,,41026,20296,
migrate_demo,client,2,14415517,96292,,41026,20296,
migrate_demo,client,2,14420762,96292,,41026,20296,
migrate_demo,client,2,14425952,96292,,41026,20296,
migrate_demo,client,2,14431159,96292,,41015,20296,
migrate_demo,client,2,14436426,96292,,41015,20296,
migrate_demo,client,2,14441672,96292,,41015,20296,
migrate_demo,client,2,14447070,96292,,41015,20296,
migrate_demo,client,2,14452301,96292,,41015,20296,
migrate_demo,client,2,14457526,96292,,41001,20296,
migrate_demo,client,2,14462839,96292,,41001,20296,
migrate_demo,client,2,14468140,96292,,41001,20296,
migrate_demo,client,2,14473302,96292,,41001,20296,
migrate_demo,client,2,14478542,96292,,40984,20296,
migrate_demo,client,2,14483833,96292,,40984,20296,
migrate_demo,client,2,14489057,96292,,40984,20296,
migrate_demo,client,2,14494348,96292,,40984,20296,
migrate_demo,client,2,14499667,96292,,40984,20296,
migrate_demo,client,2,14504898,96292,,40967,20296,
migrate_demo,client,2,14510124,96292,,40967,20296,
migrate_demo,client,2,14515398,96292,,40967,20296,
migrate_demo,client,2,14520703,96292,,40967,20296,
migrate_demo,client,2,14525943,96292,,41993,20296,
migrate_demo,client,2,14531222,96292,,41993,20296,
migrate_demo,client,2,14536494,96292,,41993,20296,
migrate_demo,client,2,14541735,96292,,41842,20296,
migrate_demo,client,2,14547038,96292,,41842,20296,
migrate_demo,client,2,14552293,96292,,41842,20296,
migrate_demo,client,2,14557492,96292,,41842,20296,
migrate_demo,client,2,14562667,96292,,41842,20296,
migrate_demo,client,2,14567892,96292,,41720,20296,
migrate_demo,client,2,14573189,96292,,41720,20296,
migrate_demo,client,2,14578464,96292,,41720,20296,
migrate_demo,client,2,14583674,96292,,41720,20296,
migrate_demo,client,2,14588878,96292,,41610,20296,
migrate_demo,client,2,14594114,96292,,41610,20296,
migrate_demo,client,2,14599370,96292,,41610,20296,
migrate_demo,client,2,14604562,96292,,41610,20296,
migrate_demo,client,2,14609871,96292,,41610,20296,
migrate_demo,client,2,14615089,96292,,41518,20296,
migrate_demo,client,2,14620309,96292,,41518,20296,
migrate_demo,client,2,14625580,96292,,41518,20296,
migrate_demo,client,2,14630764,96292,,41518,20296,
migrate_demo,client,2,14636016,96292,,41432,20296,
migrate_demo,client,2,14641267,96292,,41432,20296,
migrate_demo,client,2,14646500,96292,,41432,20296,
migrate_demo,client,2,14651801,96292,,41432,20296,
migrate_demo,client,2,14657054,96292,,41432,20296,
migrate_demo,client,2,14662305,96292,,41364,20296,
migrate_demo,client,2,14667606,96292,,41364,20296,
migrate_demo,client,2,14672822,96292,,41364,20296,
migrate_demo,client,2,14678104,96292,,41364,20296,
migrate_demo,client,2,14683407,96292,,41304,20296,
migrate_demo,client,2,14688636,96292,,41304,20296,
migrate_demo,client,2,14693897,96292,,41304,20296,
migrate_demo,client,2,14699112,96292,,41304,20296,
migrate_demo,client,2,14704386,96292,,41238,20296,
migrate_demo,client,2,14709571,96292,,41238,20296,
migrate_demo,client,2,14714799,96292,,41238,20296,
migrate_demo,client,2,14720029,96292,,41238,20296,
migrate_demo,client,2,14725277,96292,,41238,20296,
migrate_demo,client,2,14730479,96292,,41210,20296,
migrate_demo,client,2,14735717,96292,,41210,20296,
migrate_demo,client,2,14741008,96292,,41210,20296,
migrate_demo,client,2,14746265,96292,,41210,20296,
migrate_demo,client,2,14751457,96292,,41189,20296,
migrate_demo,client,2,14756750,96292,,41189,20296,
migrate_demo,client,2,14762016,96292,,41189,20296,
migrate_demo,client,2,14767243,96292,,41189,20296,
migrate_demo,client,2,14772490,96292,,41189,20296,
migrate_demo,client,2,14777689,96292,,41142,20296,
migrate_demo,client,2,14782967,96292,,41142,20296,
migrate_demo,client,2,14788261,96292,,41142,20296,
migrate_demo,client,2,14793527,96292,,41142,20296,
migrate_demo,client,2,14798769,96292,,41111,20296,
migrate_demo,client,2,14804091,96292,,41111,20296,
migrate_demo,client,2,14809343,96292,,41111,20296,
migrate_demo,client,2,14814576,96292,,41111,20296,
migrate_demo,client,2,14819863,96292,,41092,20296,
migrate_demo,client,2,14825186,96292,,41092,20296,
migrate_demo,client,2,14830494,96292,,41092,20296,
migrate_demo,client,2,14835716,96292,,41092,20296,
migrate_demo,client,2,14841036,96292,,41092,20296,
migrate_demo,client,2,14846344,96292,,41061,20296,
migrate_demo,client,2,14851518,96292,,41061,20296,
migrate_demo,client,2,14856802,96292,,41061,20296,
migrate_demo,client,2,14862044,96292,,41061,20296,
migrate_demo,client,2,14867393,96292,,41026,20296,
migrate_demo,client,2,14872695,96292,,41026,20296,
migrate_demo,client,2,14877914,96292,,41026,20296,
migrate_demo,client,2,14883144,96292,,41026,20296,
migrate_demo,client,2,14888335,96292,,41065,20296,
migrate_demo,client,2,14893604,96292,,41065,20296,
migrate_demo,client,2,14898872,96292,,41065,20296,
migrate_demo,client,2,14904085,96292,,41065,20296,
migrate_demo,client,2,14909383,96292,,41065,20296,
migrate_demo,client,2,14914608,96292,,41068,20296,
migrate_demo,client,2,14919823,96292,,41068,20296,
migrate_demo,client,2,14924990,96292,,41068,20296,
migrate_demo,client,2,14930222,96292,,41068,20296,
migrate_demo,client,2,14935452,96292,,41160,20296,
migrate_demo,client,2,14940673,96292,,41160,20296,
migrate_demo,client,2,14945949,96292,,41160,20296,
migrate_demo,client,2,14951124,96292,,41160,20296,
migrate_demo,client,2,14956306,96292,,41240,20296,
migrate_demo,client,2,14961521,96292,,41240,20296,
migrate_demo,client,2,14966728,96292,,41240,20296,
migrate_demo,client,2,14971946,96292,,41240,20296,
migrate_demo,client,2,14977194,96292,,41240,20296,
migrate_demo,client,2,14982424,96292,,41307,20296,
migrate_demo,client,2,14987661,96292,,41307,20296,
migrate_demo,client,2,14992900,96292,,41307,20296,
migrate_demo,client,2,14998102,96292,,41307,20296,
migrate_demo,client,2,15003367,96292,,41372,20296,
migrate_demo,client,2,15008641,96292,,41372,20296,
migrate_demo,client,2,15013928,96292,,41372,20296,
migrate_demo,client,2,15019277,96292,,41372,20296,
migrate_demo,client,2,15024498,96292,,41432,20296,
migrate_demo,client,2,15029784,96292,,41432,20296,
migrate_demo,client,2,15035063,96292,,41432,20296,
migrate_demo,client,2,15040391,96292,,41432,20296,
migrate_demo,client,2,15045723,96292,,41432,20296,
migrate_demo,client,2,15050923,96292,,41488,20296,
migrate_demo,client,2,15056176,96292,,41488,20296,
migrate_demo,client,2,15061411,96292,,41488,20296,
migrate_demo,client,2,15066823,96292,,41488,20296,
migrate_demo,client,2,15072069,96292,,41527,20296,
migrate_demo,client,2,15077365,96292,,41527,20296,
migrate_demo,client,2,15082629,96292,,41527,20296,
migrate_demo,client,2,15087914,96292,,41527,20296,
migrate_demo,client,2,15093148,96292,,41564,20296,
migrate_demo,client,2,15098371,96292,,41564,20296,
migrate_demo,client,2,15103679,96292,,41564,20296,
migrate_demo,client,2,15108889,96292,,41564,20296,
migrate_demo,client,2,15114179,96292,,41564,20296,
migrate_demo,client,2,15119371,96292,,41598,20296,
migrate_demo,client,2,15124606,96292,,41598,20296,
migrate_demo,client,2,15129862,96292,,41598,20296,
migrate_demo,client,2,15135075,96292,,41598,20296,
migrate_demo,client,2,15140373,96292,,41621,20296,
migrate_demo,client,2,15145600,96292,,41621,20296,
migrate_demo,client,2,15150877,96292,,41621,20296,
migrate_demo,client,2,15156048,96292,,41621,20296,
migrate_demo,client,2,15161239,96292,,41648,20296,
migrate_demo,client,2,15166478,96292,,41648,20296,
migrate_demo,client,2,15171700,96292,,41648,20296,
migrate_demo,client,2,15176929,96292,,41648,20296,
migrate_demo,client,2,15182140,96292,,41648,20296,
migrate_demo,client,2,15187306,96292,,41687,20296,
migrate_demo,client,2,15192565,96292,,41687,20296,
migrate_demo,client,2,15197786,96292,,41687,20296,
migrate_demo,client,2,15203019,96292,,41687,20296,
migrate_demo,client,2,15208226,96292,,41710,20296,
migrate_demo,client,2,15213421,96292,,41710,20296,
migrate_demo,client,2,15218708,96292,,41710,20296,
migrate_demo,client,2,15223963,96292,,41710,20296,
migrate_demo,client,2,15229196,96292,,41728,20296,
migrate_demo,client,2,15234394,96292,,41728,20296,
migrate_demo,client,2,15239784,96292,,41728,20296,
migrate_demo,client,2,15245099,96292,,41728,20296,
migrate_demo,client,2,15250390,96292,,41728,20296,
migrate_demo,client,2,15255636,96292,,41814,20296,
migrate_demo,client,2,15260956,96292,,41814,20296,
migrate_demo,client,2,15266308,96292,,41814,20296,
migrate_demo,client,2,15271575,96292,,41814,20296,
migrate_demo,client,2,15276948,96292,,41877,20296,
migrate_demo,client,2,15282307,96292,,41877,20296,
migrate_demo,client,2,15287605,96292,,41877,20296,
migrate_demo,client,2,15293023,96292,,41877,20296,
migrate_demo,client,2,15298222,96292,,41914,20296,
migrate_demo,client,2,15303505,96292,,41914,20296,
migrate_demo,client,2,15308967,96292,,41914,20296,
migrate_demo,client,2,15314224,96292,,41914,20296,
migrate_demo,client,2,15319489,96292,,41914,20296,
migrate_demo,client,2,15324730,96292,,41976,20296,
migrate_demo,client,2,15329973,96292,,41976,20296,
migrate_demo,client,2,15335256,96292,,41976,20296,
migrate_demo,client,2,15340537,96292,,41976,20296,
migrate_demo,client,2,15345805,96292,,42022,20296,
migrate_demo,client,2,15351061,96292,,42022,20296,
migrate_demo,client,2,15356342,96292,,42022,20296,
migrate_demo,client,2,15361616,96292,,42022,20296,
migrate_demo,client,2,15366875,96292,,42061,20296,
migrate_demo,client,2,15372180,96292,,42061,20296,
migrate_demo,client,2,15377472,96292,,42061,20296,
migrate_demo,client,2,15382717,96292,,42061,20296,
migrate_demo,client,2,15387952,96292,,42061,20296,
migrate_demo,client,2,15393182,96292,,43045,20296,
migrate_demo,client,2,15398466,96292,,43045,20296,
migrate_demo,client,2,15403718,96292,,43045,20296,
migrate_demo,client,2,15408939,96292,,42998,20296,
migrate_demo,client,2,15414175,96292,,42998,20296,
migrate_demo,client,2,15419419,96292,,42998,20296,
migrate_demo,client,2,15424690,96292,,42998,20296,
migrate_demo,client,2,15429985,96292,,44479,20296,
migrate_demo,client,2,15435227,96292,,44479,20296,
migrate_demo,client,2,15440467,96292,,44282,20296,
migrate_demo,client,2,15445717,96292,,44282,20296,
migrate_demo,client,2,15450989,96292,,44282,20296,
migrate_demo,client,2,15456308,96292,,44282,20296,
migrate_demo,client,2,15461632,96292,,44159,20296,
migrate_demo,client,2,15466879,96292,,44159,20296,
migrate_demo,client,2,15472091,96292,,44159,20296,
migrate_demo,client,2,15477420,96292,,44159,20296,
migrate_demo,client,2,15482609,96292,,44159,20296,
migrate_demo,client,2,15487820,96292,,44022,20296,
migrate_demo,client,2,15493092,96292,,44022,20296,
migrate_demo,client,2,15498326,96292,,44022,20296,
migrate_demo,client,2,15503632,96292,,44022,20296,
migrate_demo,client,2,15508935,96292,,43936,20296,
migrate_demo,client,2,15514193,96292,,43936,20296,
migrate_demo,client,2,15519400,96292,,43936,20296,
migrate_demo,client,2,15524586,96292,,43936,20296,
migrate_demo,client,2,15529842,96292,,43830,20296,
migrate_demo,client,2,15535139,96292,,43830,20296,
migrate_demo,client,2,15540402,96292,,43830,20296,
migrate_demo,client,2,15545678,96292,,43830,20296,
migrate_demo,client,2,15550898,96292,,43830,20296,
migrate_demo,client,2,15556132,96292,,43739,20296,
migrate_demo,client,2,15561334,96292,,43739,20296,
migrate_demo,client,2,15566598,96292,,43739,20296,
migrate_demo,client,2,15571817,96292,,43739,20296,
migrate_demo,client,2,15577054,96292,,43743,20296,
migrate_demo,client,2,15582320,96292,,43743,20296,
migrate_demo,client,2,15587567,96292,,43743,20296,
migrate_demo,client,2,15592908,96292,,43743,20296,
migrate_demo,client,2,15598150,96292,,43759,20296,
migrate_demo,client,2,15603456,96292,,43759,20296,
migrate_demo,client,2,15608699,96292,,43759,20296,
migrate_demo,client,2,15614035,96292,,43759,20296,
migrate_demo,client,2,15619412,96292,,43759,20296,
migrate_demo,client,2,15624623,96292,,43764,20296,
migrate_demo,client,2,15629917,96292,,43764,20296,
migrate_demo,client,2,15635308,96292,,43764,20296,
migrate_demo,client,2,15640714,96292,,43764,20296,
migrate_demo,client,2,15645860,96292,,43800,20296,
migrate_demo,client,2,15651112,96292,,43800,20296,
migrate_demo,client,2,15656415,96292,,43800,20296,
migrate_demo,client,2,15661687,96292,,43800,20296,
migrate_demo,client,2,15666917,96292,,43868,20296,
migrate_demo,client,2,15672112,96292,,43868,20296,
migrate_demo,client,2,15677507,96292,,43868,20296,
migrate_demo,client,2,15682745,96292,,43868,20296,
migrate_demo,client,2,15687959,96292,,43868,20296,
migrate_demo,client,2,15693203,96292,,43928,20296,
migrate_demo,client,2,15698489,96292,,43928,20296,
migrate_demo,client,2,15704030,96292,,43928,20296,
migrate_demo,client,2,15709311,96292,,43928,20296,
migrate_demo,client,2,15714580,96292,,44037,20296,
migrate_demo,client,2,15720100,96292,,44037,20296,
migrate_demo,client,2,15725434,96292,,44037,20296,
migrate_demo,client,2,15730652,96292,,44037,20296,
migrate_demo,client,2,15735892,96292,,44147,20296,
migrate_demo,client,2,15741144,96292,,44147,20296,
migrate_demo,client,2,15746464,96292,,44147,20296,
migrate_demo,client,2,15751736,96292,,44147,20296,
migrate_demo,client,2,15756958,96292,,44147,20296,
migrate_demo,client,2,15762248,96292,,44211,20296,
migrate_demo,client,2,15767483,96292,,44211,20296,
migrate_demo,client,2,15772716,96292,,44211,20296,
migrate_demo,client,2,15777977,96292,,44211,20296,
migrate_demo,client,2,15783201,96292,,44356,20296,
migrate_demo,client,2,15788471,96292,,44356,20296,
migrate_demo,client,2,15793636,96292,,44356,20296,
migrate_demo,client,2,15798895,96292,,44356,20296,
migrate_demo,client,2,15804165,96292,,44491,20296,
migrate_demo,client,2,15809462,96292,,44491,20296,
migrate_demo,client,2,15814697,96292,,44491,20296,
migrate_demo,client,2,15819899,96292,,44491,20296,
migrate_demo,client,2,15825193,96292,,44491,20296,
migrate_demo,client,2,15830511,96292,,44608,20296,
migrate_demo,client,2,15835808,96292,,44608,20296,
migrate_demo,client,2,15841021,96292,,44608,20296,
migrate_demo,client,2,15846353,96292,,44608,20296,
migrate_demo,client,2,15851631,96292,,44754,20296,
migrate_demo,client,2,15856934,96292,,44754,20296,
migrate_demo,client,2,15862216,96292,,44754,20296,
migrate_demo,client,2,15867383,96292,,44754,20296,
migrate_demo,client,2,15872600,96292,,44888,20296,
migrate_demo,client,2,15877915,96292,,44888,20296,
migrate_demo,client,2,15883227,96292,,44888,20296,
migrate_demo,client,2,15888551,96292,,44888,20296,
migrate_demo,client,2,15893833,96292,,44888,20296,
migrate_demo,client,2,15899024,96292,,45012,20296,
migrate_demo,client,2,15904290,96292,,45012,20296,
migrate_demo,client,2,15909578,96292,,45012,20296,
migrate_demo,client,2,15914846,96292,,45012,20296,
migrate_demo,client,2,15920113,96292,,45173,20296,
migrate_demo,client,2,15925402,96292,,45173,20296,
migrate_demo,client,2,15930745,96292,,45173,20296,
migrate_demo,client,2,15936042,96292,,45173,20296,
migrate_demo,client,2,15941268,96292,,45331,20296,
migrate_demo,client,2,15946549,96292,,45331,20296,
migrate_demo,client,2,15951839,96292,,45331,20296,
migrate_demo,client,2,15957074,96292,,45331,20296,
migrate_demo,client,2,15962382,96292,,45331,20296,
migrate_demo,client,2,15967646,96292,,45560,20296,
migrate_demo,client,2,15972810,96292,,45560,20296,
migrate_demo,client,2,15978021,96292,,45560,20296,
migrate_demo,client,2,15983296,96292,,45560,20296,
migrate_demo,client,2,15988443,96292,,45729,20296,
migrate_demo,client,2,15993687,96292,,45729,20296,
migrate_demo,client,2,15998986,96292,,45729,20296,
migrate_demo,client,2,16004185,96292,,45729,20296,
migrate_demo,client,2,16009571,96292,,45841,20296,
migrate_demo,client,2,16014772,96292,,45841,20296,
migrate_demo,client,2,16020037,96292,,45841,20296,
migrate_demo,client,2,16025295,96292,,45841,20296,
migrate_demo,client,2,16030594,96292,,45841,20296,
migrate_demo,client,2,16035827,96292,,46034,20296,
migrate_demo,client,2,16040991,96292,,46034,20296,
migrate_demo,client,2,16046309,96292,,46034,20296,
migrate_demo,client,2,16051654,96292,,46034,20296,
migrate_demo,client,2,16056925,96292,,46206,20296,
migrate_demo,client,2,16062158,96292,,46206,20296,
migrate_demo,client,2,16067380,96292,,46206,20296,
migrate_demo,client,2,16072726,96292,,46206,20296,
migrate_demo,client,2,16077987,96292,,46206,20296,
migrate_demo,client,2,16083140,96292,,46410,20296,
migrate_demo,client,2,16088377,96292,,46410,20296,
migrate_demo,client,2,16093595,96292,,46410,20296,
migrate_demo,client,2,16099157,96292,,46410,20296,
migrate_demo,client,2,16104404,96292,,46661,20296,
migrate_demo,client,2,16109676,96292,,46661,20296,
migrate_demo,client,2,16114923,96292,,46661,20296,
migrate_demo,client,2,16120310,96292,,46661,20296,
migrate_demo,client,2,16125642,96292,,46878,20296,
migrate_demo,client,2,16130959,96292,,46878,20296,
migrate_demo,client,2,16136370,96292,,46878,20296,
migrate_demo,client,2,16141674,96292,,46878,20296,
migrate_demo,client,2,16147078,96292,,46878,20296,
migrate_demo,client,2,16152541,96292,,47062,20296,
migrate_demo,client,2,16157965,96292,,47062,20296,
migrate_demo,client,2,16163179,96292,,47062,20296,
migrate_demo,client,2,16168450,96292,,47062,20296,
migrate_demo,client,2,16173670,96292,,47250,20296,
migrate_demo,client,2,16178953,96292,,47250,20296,
migrate_demo,client,2,16184291,96292,,47250,20296,
migrate_demo,client,2,16190177,96292,,47250,20296,
migrate_demo,client,2,16195434,96292,,47422,20296,
migrate_demo,client,2,16200683,96292,,47422,20296,
migrate_demo,client,2,16205932,96292,,47422,20296,
migrate_demo,client,2,16211214,96292,,47422,20296,
migrate_demo,client,2,16216486,96292,,47673,20296,
migrate_demo,client,2,16221785,96292,,47673,20296,
migrate_demo,client,2,16227042,96292,,47673,20296,
migrate_demo,client,2,16232280,96292,,47673,20296,
migrate_demo,client,2,16237574,96292,,47673,20296,
migrate_demo,client,2,16242805,96292,,47898,20296,
migrate_demo,client,2,16248005,96292,,47898,20296,
migrate_demo,client,2,16253225,96292,,47898,20296,
migrate_demo,client,2,16258409,96292,,47898,20296,
migrate_demo,client,2,16263543,96292,,48115,20296,
migrate_demo,client,2,16268957,96292,,48115,20296,
migrate_demo,client,2,16274211,96292,,48115,20296,
migrate_demo,client,2,16279489,96292,,48115,20296,
migrate_demo,client,2,16284757,96292,,48115,20296,
migrate_demo,client,2,16290036,96292,,48341,20296,
migrate_demo,client,2,16295331,96292,,48341,20296,
migrate_demo,client,2,16300532,96292,,48341,20296,
migrate_demo,client,2,16305770,96292,,48341,20296,
migrate_demo,client,2,16310981,96292,,48597,20296,
migrate_demo,client,2,16316161,96292,,48597,20296,
migrate_demo,client,2,16321359,96292,,48597,20296,
migrate_demo,client,2,16326620,96292,,48597,20296,
migrate_demo,client,2,16331836,96292,,51224,20296,
migrate_demo,client,2,16337071,96292,,51190,20296,
migrate_demo,client,2,16342310,96292,,51190,20296,
migrate_demo,client,2,16347554,96292,,51190,20296,
migrate_demo,client,2,16352799,96292,,51190,20296,
migrate_demo,client,2,16358046,96292,,51169,20296,
migrate_demo,client,2,16363262,96292,,51169,20296,
migrate_demo,client,2,16368568,96292,,51169,20296,
migrate_demo,client,2,16373834,96292,,51169,20296,
migrate_demo,client,2,16379122,96292,,51169,20296,
migrate_demo,client,2,16384402,96292,,51208,20296,
migrate_demo,client,2,16389658,96292,,51208,20296,
migrate_demo,client,2,16394928,96292,,51208,20296,
migrate_demo,client,2,16400232,96292,,51208,20296,
migrate_demo,client,2,16405448,96292,,51248,20296,
migrate_demo,client,2,16410686,96292,,51248,20296,
migrate_demo,client,2,16415916,96292,,51248,20296,
migrate_demo,client,2,16421116,96292,,51248,20296,
migrate_demo,client,2,16426383,96292,,51248,20296,
migrate_demo,client,2,16431595,96292,,51335,20296,
migrate_demo,client,2,16436790,96292,,51335,20296,
migrate_demo,client,2,16442055,96292,,51335,20296,
migrate_demo,client,2,16447317,96292,,51335,20296,
migrate_demo,client,2,16452543,96292,,51365,20296,
migrate_demo,client,2,16457773,96292,,51365,20296,
migrate_demo,client,2,16463039,96292,,51365,20296,
migrate_demo,client,2,16468309,96292,,51365,20296,
migrate_demo,client,2,16473564,96292,,51499,20296,
migrate_demo,client,2,16478803,96292,,51499,20296,
migrate_demo,client,2,16484045,96292,,51499,20296,
migrate_demo,client,2,16489325,96292,,51499,20296,
migrate_demo,client,2,16494603,96292,,51499,20296,
migrate_demo,client,2,16499898,96292,,51627,20296,
migrate_demo,client,2,16505141,96292,,51627,20296,
migrate_demo,client,2,16510395,96292,,51627,20296,
migrate_demo,client,2,16515675,96292,,51627,20296,
migrate_demo,client,2,16520895,96292,,51791,20296,
migrate_demo,client,2,16526143,96292,,51791,20296,
migrate_demo,client,2,16531582,96292,,51791,20296,
migrate_demo,client,2,16536857,96292,,51791,20296,
migrate_demo,client,2,16542097,96292,,51957,20296,
migrate_demo,client,2,16547342,96292,,51957,20296,
migrate_demo,client,2,16552546,96292,,51957,20296,
migrate_demo,client,2,16557862,96292,,51957,20296,
migrate_demo,client,2,16563282,96292,,51957,20296,
migrate_demo,client,2,16568446,96292,,52099,20296,
migrate_demo,client,2,16573717,96292,,52099,20296,
migrate_demo,client,2,16579086,96292,,52099,20296,
migrate_demo,client,2,16584271,96292,,52099,20296,
migrate_demo,client,2,16589604,96292,,52278,20296,
migrate_demo,client,2,16594946,96292,,52278,20296,
migrate_demo,client,2,16600278,96292,,52278,20296,
migrate_demo,client,2,16605595,96292,,52278,20296,
migrate_demo,client,2,16611064,96292,,52516,20296,
migrate_demo,client,2,16616330,96292,,52516,20296,
migrate_demo,client,2,16621644,96292,,52516,20296,
migrate_demo,client,2,16627043,96292,,52516,20296,
migrate_demo,client,2,16632517,96292,,52516,20296,
migrate_demo,client,2,16637897,96292,,52704,20296,
migrate_demo,client,2,16643193,96292,,52704,20296,
migrate_demo,client,2,16648494,96292,,52704,20296,
migrate_demo,client,2,16653895,96292,,52704,20296,
migrate_demo,client,2,16659122,96292,,52923,20296,
migrate_demo,client,2,16664515,96292,,52923,20296,
migrate_demo,client,2,16669797,96292,,52923,20296,
migrate_demo,client,2,16675250,96292,,52923,20296,
migrate_demo,client,2,16680649,96292,,52965,20296,
migrate_demo,client,2,16685961,96292,,52965,20296,
migrate_demo,client,2,16691251,96292,,52965,20296,
migrate_demo,client,2,16696668,96292,,52965,20296,
migrate_demo,client,2,16702024,96292,,52965,20296,
migrate_demo,client,2,16707442,96292,,53190,20296,
migrate_demo,client,2,16712706,96292,,53190,20296,
migrate_demo,client,2,16718625,96292,,53190,20296,
migrate_demo,client,2,16724034,96292,,53190,20296,
migrate_demo,client,2,16729382,96292,,53425,20296,
migrate_demo,client,2,16734697,96292,,53425,20296,
migrate_demo,client,2,16740014,96292,,53425,20296,
migrate_demo,client,2,16745226,96292,,53425,20296,
migrate_demo,client,2,16750579,96292,,53649,20296,
migrate_demo,client,2,16756031,96292,,53649,20296,
migrate_demo,client,2,16761329,96292,,53649,20296,
migrate_demo,client,2,16766765,96292,,53649,20296,
migrate_demo,client,2,16772194,96292,,53840,20296,
migrate_demo,client,2,16777535,96292,,53840,20296,
migrate_demo,client,2,16782827,96292,,53840,20296,
migrate_demo,client,2,16788016,96292,,53840,20296,
migrate_demo,client,2,16793314,96292,,53840,20296,
migrate_demo,client,2,16798521,96292,,54038,20296,
migrate_demo,client,2,16803801,96292,,54038,20296,
migrate_demo,client,2,16809076,96292,,54038,20296,
migrate_demo,client,2,16814313,96292,,54038,20296,
migrate_demo,client,2,16819520,96292,,54254,20296,
migrate_demo,client,2,16824832,96292,,54254,20296,
migrate_demo,client,2,16830094,96292,,54254,20296,
migrate_demo,client,2,16835407,96292,,54254,20296,
migrate_demo,client,2,16840807,96292,,54254,20296,
migrate_demo,client,2,16846132,96292,,54563,20296,
migrate_demo,client,2,16851421,96292,,54563,20296,
migrate_demo,client,2,16856739,96292,,54563,20296,
migrate_demo,client,2,16861985,96292,,54563,20296,
migrate_demo,client,2,16867195,96292,,54813,20296,
migrate_demo,client,2,16872394,96292,,54813,20296,
migrate_demo,client,2,16877671,96292,,54813,20296,
migrate_demo,client,2,16882991,96292,,54813,20296,
migrate_demo,client,2,16888248,96292,,55045,20296,
migrate_demo,client,2,16893403,96292,,55045,20296,
migrate_demo,client,2,16898680,96292,,55045,20296,
migrate_demo,client,2,16903916,96292,,55045,20296,
migrate_demo,client,2,16909113,96292,,55045,20296,
migrate_demo,client,2,16914235,96292,,55293,20296,
migrate_demo,client,2,16919465,96292,,55293,20296,
migrate_demo,client,2,16924774,96292,,55293,20296,
migrate_demo,client,2,16930068,96292,,55293,20296,
migrate_demo,client,2,16935286,96292,,55531,20296,
migrate_demo,client,2,16940519,96292,,55531,20296,
migrate_demo,client,2,16945691,96292,,55531,20296,
migrate_demo,client,2,16950911,96292,,55531,20296,
migrate_demo,client,2,16956114,96292,,55773,20296,
migrate_demo,client,2,16961275,96292,,55773,20296,
migrate_demo,client,2,16966544,96292,,55773,20296,
migrate_demo,client,2,16971771,96292,,55773,20296,
migrate_demo,client,2,16976970,96292,,55773,20296,
migrate_demo,client,2,16982210,96292,,56054,20296,
migrate_demo,client,2,16987475,96292,,56054,20296,
migrate_demo,client,2,16992685,96292,,56054,20296,
migrate_demo,client,2,16998016,96292,,56054,20296,
migrate_demo,client,2,17003270,96292,,56300,20296,
migrate_demo,client,2,17008529,96292,,56300,20296,
migrate_demo,client,2,17013722,96292,,56300,20296,
migrate_demo,client,2,17018963,96292,,56300,20296,
migrate_demo,client,2,17024195,96292,,56300,20296,
migrate_demo,client,2,17029339,96292,,56577,20296,
migrate_demo,client,2,17034578,96292,,56577,20296,
migrate_demo,client,2,17039861,96292,,56577,20296,
migrate_demo,client,2,17045088,96292,,56577,20296,
migrate_demo,client,2,17050305,96292,,56816,20296,
migrate_demo,client,2,17055538,96292,,56816,20296,
migrate_demo,client,2,17060737,96292,,56816,20296,
migrate_demo,client,2,17065957,96292,,56816,20296,
migrate_demo,client,2,17071173,96292,,57087,20296,
migrate_demo,client,2,17076413,96292,,57087,20296,
migrate_demo,client,2,17081704,96292,,57087,20296,
migrate_demo,client,2,17086941,96292,,57087,20296,
migrate_demo,client,2,17092188,96292,,57087,20296,
migrate_demo,client,2,17097399,96292,,57308,20296,
migrate_demo,client,2,17102667,96292,,57308,20296,
migrate_demo,client,2,17107871,96292,,57308,20296,
migrate_demo,client,2,17113163,96292,,57308,20296,
migrate_demo,client,2,17118413,96292,,57594,20296,
migrate_demo,client,2,17123651,96292,,57594,20296,
migrate_demo,client,2,17128835,96292,,57594,20296,
migrate_demo,client,2,17134077,96292,,57594,20296,
migrate_demo,client,2,17139295,96292,,57844,20296,
migrate_demo,client,2,17144571,96292,,57844,20296,
migrate_demo,client,2,17149793,96292,,57844,20296,
migrate_demo,client,2,17155104,96292,,57844,20296,
migrate_demo,client,2,17160340,96292,,57844,20296,
migrate_demo,client,2,17165514,96292,,58105,20296,
migrate_demo,client,2,17170720,96292,,58105,20296,
migrate_demo,client,2,17175949,96292,,58105,20296,
migrate_demo,client,2,17181142,96292,,58105,20296,
migrate_demo,client,2,17186421,96292,,59346,20296,
migrate_demo,client,2,17191688,96292,,59346,20296,
migrate_demo,client,2,17196951,96292,,59346,20296,
migrate_demo,client,2,17202203,96292,,59502,20296,
migrate_demo,client,2,17207505,96292,,59502,20296,
migrate_demo,client,2,17212688,96292,,59502,20296,
migrate_demo,client,2,17217930,96292,,59502,20296,
migrate_demo,client,2,17223162,96292,,61084,20296,
migrate_demo,client,2,17228302,96292,,61084,20296,
migrate_demo,client,2,17233521,96292,,61084,20296,
migrate_demo,client,2,17238742,96292,,61086,20296,
migrate_demo,client,2,17243967,96292,,61086,20296,
migrate_demo,client,2,17249231,96292,,61086,20296,
migrate_demo,client,2,17254502,96292,,61086,20296,
migrate_demo,client,2,17259720,96292,,61088,20296,
migrate_demo,client,2,17264985,96292,,61088,20296,
migrate_demo,client,2,17270284,96292,,61088,20296,
migrate_demo,client,2,17275566,96292,,61088,20296,
migrate_demo,client,2,17280766,96292,,61169,20296,
migrate_demo,client,2,17286022,96292,,61169,20296,
migrate_demo,client,2,17291237,96292,,61169,20296,
migrate_demo,client,2,17296490,96292,,61169,20296,
migrate_demo,client,2,17301778,96292,,61169,20296,
migrate_demo,client,2,17307028,96292,,61213,20296,
migrate_demo,client,2,17312304,96292,,61213,20296,
migrate_demo,client,2,17317561,96292,,61213,20296,
migrate_demo,client,2,17322775,96292,,61213,20296,
migrate_demo,client,2,17327997,96292,,61313,20296,
migrate_demo,client,2,17333273,96292,,61313,20296,
migrate_demo,client,2,17338554,96292,,61313,20296,
migrate_demo,client,2,17343803,96292,,61313,20296,
migrate_demo,client,2,17349096,96292,,61412,20296,
migrate_demo,client,2,17354331,96292,,61412,20296,
migrate_demo,client,2,17359658,96292,,61412,20296,
migrate_demo,client,2,17364914,96292,,61412,20296,
migrate_demo,client,2,17370122,96292,,61412,20296,
migrate_demo,client,2,17375313,96292,,61562,20296,
migrate_demo,client,2,17380636,96292,,61562,20296,
migrate_demo,client,2,17385862,96292,,61562,20296,
migrate_demo,client,2,17391100,96292,,61562,20296,
migrate_demo,client,2,17396296,96292,,61673,20296,
migrate_demo,client,2,17401537,96292,,61673,20296,
migrate_demo,client,2,17406765,96292,,61673,20296,
migrate_demo,client,2,17411982,96292,,61673,20296,
migrate_demo,client,2,17417198,96292,,61673,20296,
migrate_demo,client,2,17422364,96292,,61837,20296,
migrate_demo,client,2,17427639,96292,,61837,20296,
migrate_demo,client,2,17432889,96292,,61837,20296,
migrate_demo,client,2,17438095,96292,,61837,20296,
migrate_demo,client,2,17443271,96292,,61953,20296,
migrate_demo,client,2,17448510,96292,,61953,20296,
migrate_demo,client,2,17453783,96292,,61953,20296,
migrate_demo,client,2,17458939,96292,,61953,20296,
migrate_demo,client,2,17464124,96292,,62152,20296,
migrate_demo,client,2,17469454,96292,,62152,20296,
migrate_demo,client,2,17474845,96292,,62152,20296,
migrate_demo,client,2,17480144,96292,,62152,20296,
migrate_demo,client,2,17485397,96292,,62152,20296,
migrate_demo,client,2,17490627,96292,,62334,20296,
migrate_demo,client,2,17495824,96292,,62334,20296,
migrate_demo,client,2,17501093,96292,,62334,20296,
migrate_demo,client,2,17506299,96292,,62334,20296,
migrate_demo,client,2,17511454,96292,,62517,20296,
migrate_demo,client,2,17516742,96292,,62517,20296,
migrate_demo,client,2,17521972,96292,,62517,20296,
migrate_demo,client,2,17527195,96292,,62517,20296,
migrate_demo,client,2,17532424,96292,,62517,20296,
migrate_demo,client,2,17537677,96292,,62712,20296,
migrate_demo,client,2,17542890,96292,,62712,20296,
migrate_demo,client,2,17548167,96292,,62712,20296,
migrate_demo,client,2,17553420,96292,,62712,20296,
migrate_demo,client,2,17558664,96292,,62940,20296,
migrate_demo,client,2,17563862,96292,,62940,20296,
migrate_demo,client,2,17569104,96292,,62940,20296,
migrate_demo,client,2,17574326,96292,,62940,20296,
migrate_demo,client,2,17579519,96292,,63144,20296,
migrate_demo,client,2,17584828,96292,,63144,20296,
migrate_demo,client,2,17590089,96292,,63144,20296,
migrate_demo,client,2,17595241,96292,,63144,20296,
migrate_demo,client,2,17600495,96292,,63144,20296,
migrate_demo,client,2,17605784,96292,,63389,20296,
migrate_demo,client,2,17610989,96292,,63389,20296,
migrate_demo,client,2,17616214,96292,,63389,20296,
migrate_demo,client,2,17621394,96292,,63389,20296,
migrate_demo,client,2,17626743,96292,,63601,20296,
migrate_demo,client,2,17631998,96292,,63601,20296,
migrate_demo,client,2,17637207,96292,,63601,20296,
migrate_demo,client,2,17642477,96292,,63601,20296,
migrate_demo,client,2,17647761,96292,,63601,20296,
migrate_demo,client,2,17653031,96292,,63857,20296,
migrate_demo,client,2,17658280,96292,,63857,20296,
migrate_demo,client,2,17663462,96292,,63857,20296,
migrate_demo,client,2,17668692,96292,,63857,20296,
migrate_demo,client,2,17673955,96292,,64041,20296,
migrate_demo,client,2,17679169,96292,,64041,20296,
migrate_demo,client,2,17684464,96292,,64041,20296,
migrate_demo,client,2,17689785,96292,,64041,20296,
migrate_demo,client,2,17695114,96292,,64272,20296,
migrate_demo,client,2,17700402,96292,,64272,20296,
migrate_demo,client,2,17705715,96292,,64272,20296,
migrate_demo,client,2,17710973,96292,,64272,20296,
migrate_demo,client,2,17716228,96292,,64272,20296,
migrate_demo,client,2,17721479,96292,,64500,20296,
migrate_demo,client,2,17726777,96292,,64500,20296,
migrate_demo,client,2,17732141,96292,,64500,20296,
migrate_demo,client,2,17737420,96292,,64500,20296,
migrate_demo,client,2,17742670,96292,,64729,20296,
migrate_demo,client,2,17747978,96292,,64729,20296,
migrate_demo,client,2,17753294,96292,,64729,20296,
migrate_demo,client,2,17758487,96292,,64729,20296,
migrate_demo,client,2,17763815,96292,,64963,20296,
migrate_demo,client,2,17769157,96292,,64963,20296,
migrate_demo,client,2,17774507,96292,,64963,20296,
migrate_demo,client,2,17779763,96292,,64963,20296,
migrate_demo,client,2,17785007,96292,,64963,20296,
migrate_demo,client,2,17790226,96292,,65203,20296,
migrate_demo,client,2,17795454,96292,,65203,20296,
migrate_demo,client,2,17800706,96292,,65203,20296,
migrate_demo,client,2,17805986,96292,,65203,20296,
migrate_demo,client,2,17811177,96292,,65440,20296,
migrate_demo,client,2,17816359,96292,,65440,20296,
migrate_demo,client,2,17821569,96292,,65440,20296,
migrate_demo,client,2,17826790,96292,,65440,20296,
migrate_demo,client,2,17832045,96292,,65666,20296,
migrate_demo,client,2,17837247,96292,,65666,20296,
migrate_demo,client,2,17842509,96292,,65666,20296,
migrate_demo,client,2,17847729,96292,,65666,20296,
migrate_demo,client,2,17852953,96292,,65666,20296,
migrate_demo,client,2,17858153,96292,,65873,20296,
migrate_demo,client,2,17863319,96292,,65873,20296,
migrate_demo,client,2,17868598,96292,,65873,20296,
migrate_demo,client,2,17873854,96292,,65873,20296,
migrate_demo,client,2,17879053,96292,,66146,20296,
migrate_demo,client,2,17884289,96292,,66146,20296,
migrate_demo,client,2,17889577,96292,,66146,20296,
migrate_demo,client,2,17894836,96292,,66146,20296,
migrate_demo,client,2,17900081,96292,,66146,20296,
migrate_demo,client,2,17905327,96292,,66395,20296,
migrate_demo,client,2,17910513,96292,,66395,20296,
migrate_demo,client,2,17915705,96292,,66395,20296,
migrate_demo,client,2,17920953,96292,,66395,20296,
migrate_demo,client,2,17926183,96292,,66661,20296,
migrate_demo,client,2,17931429,96292,,66661,20296,
migrate_demo,client,2,17936704,96292,,66661,20296,
migrate_demo,client,2,17941929,96292,,66661,20296,
migrate_demo,client,2,17947081,96292,,66904,20296,
migrate_demo,client,2,17952299,96292,,66904,20296,
migrate_demo,client,2,17957509,96292,,66904,20296,
migrate_demo,client,2,17962763,96292,,66904,20296,
migrate_demo,client,2,17968009,96292,,66904,20296,
migrate_demo,client,2,17973225,96292,,67173,20296,
migrate_demo,client,2,17978450,96292,,67173,20296,
migrate_demo,client,2,17983684,96292,,67173,20296,
migrate_demo,client,2,17988998,96292,,67173,20296,
migrate_demo,client,2,17994280,96292,,67412,20296,
migrate_demo,client,2,17999635,96292,,67412,20296,
migrate_demo,client,2,18004931,96292,,67412,20296,
migrate_demo,client,2,18010199,96292,,67412,20296,
migrate_demo,client,2,18015402,96292,,67681,20296,
migrate_demo,client,2,18020622,96292,,67681,20296,
migrate_demo,client,2,18025834,96292,,67681,20296,
migrate_demo,client,2,18031090,96292,,67681,20296,
migrate_demo,client,2,18036376,96292,,67681,20296,
migrate_demo,client,2,18041606,96292,,67919,20296,
migrate_demo,client,2,18046842,96292,,67919,20296,
migrate_demo,client,2,18052207,96292,,67919,20296,
migrate_demo,client,2,18057560,96292,,67919,20296,
migrate_demo,client,2,18062916,96292,,68202,20296,
migrate_demo,client,2,18068147,96292,,68202,20296,
migrate_demo,client,2,18073368,96292,,68202,20296,
migrate_demo,client,2,18078581,96292,,68202,20296,
migrate_demo,client,2,18083915,96292,,68202,20296,
migrate_demo,client,2,18089188,96292,,68452,20296,
migrate_demo,client,2,18094388,96292,,68452,20296,
migrate_demo,client,2,18099729,96292,,68452,20296,
migrate_demo,client,2,18104998,96292,,68452,20296,
migrate_demo,client,2,18110265,96292,,68713,20296,
migrate_demo,client,2,18115487,96292,,68713,20296,
migrate_demo,client,2,18120758,96292,,68713,20296,
migrate_demo,client,2,18125925,96292,,68713,20296,
migrate_demo,client,2,18131196,96292,,71351,20296,
migrate_demo,client,2,18136453,96292,,71315,20296,
migrate_demo,client,2,18141705,96292,,71315,20296,
migrate_demo,client,2,18146938,96292,,71315,20296,
migrate_demo,client,2,18152121,96292,,71315,20296,
migrate_demo,client,2,18157347,96292,,71279,20296,
migrate_demo,client,2,18162690,96292,,71279,20296,
migrate_demo,client,2,18167962,96292,,71279,20296,
migrate_demo,client,2,18173290,96292,,71279,20296,
migrate_demo,client,2,18178542,96292,,71279,20296,
migrate_demo,client,2,18183723,96292,,71322,20296,
migrate_demo,client,2,18188977,96292,,71322,20296,
migrate_demo,client,2,18194208,96292,,71322,20296,
migrate_demo,client,2,18199430,96292,,71322,20296,
migrate_demo,client,2,18204643,96292,,71368,20296,
migrate_demo,client,2,18209858,96292,,71368,20296,
migrate_demo,client,2,18215071,96292,,71368,20296,
migrate_demo,client,2,18220270,96292,,71368,20296,
migrate_demo,client,2,18225533,96292,,71368,20296,
migrate_demo,client,2,18230765,96292,,71460,20296,
migrate_demo,client,2,18236063,96292,,71460,20296,
migrate_demo,client,2,18241394,96292,,71460,20296,
migrate_demo,client,2,18246680,96292,,71460,20296,
migrate_demo,client,2,18251899,96292,,71533,20296,
migrate_demo,client,2,18257081,96292,,71533,20296,
migrate_demo,client,2,18262340,96292,,71533,20296,
migrate_demo,client,2,18267555,96292,,71533,20296,
migrate_demo,client,2,18272727,96292,,71674,20296,
migrate_demo,client,2,18278008,96292,,71674,20296,
migrate_demo,client,2,18283277,96292,,71674,20296,
migrate_demo,client,2,18288530,96292,,71674,20296,
migrate_demo,client,2,18293761,96292,,71674,20296,
migrate_demo,client,2,18298924,96292,,71808,20296,
migrate_demo,client,2,18304159,96292,,71808,20296,
migrate_demo,client,2,18309377,96292,,71808,20296,
migrate_demo,client,2,18314590,96292,,71808,20296,
migrate_demo,client,2,18319865,96292,,71970,20296,
migrate_demo,client,2,18325238,96292,,71970,20296,
migrate_demo,client,2,18330501,96292,,71970,20296,
migrate_demo,client,2,18336018,96292,,71970,20296,
migrate_demo,client,2,18341241,96292,,72119,20296,
migrate_demo,client,2,18346515,96292,,72119,20296,
migrate_demo,client,2,18351757,96292,,72119,20296,
migrate_demo,client,2,18357061,96292,,72119,20296,
migrate_demo,client,2,18362320,96292,,72119,20296,
migrate_demo,client,2,18367572,96292,,72315,20296,
migrate_demo,client,2,18372810,96292,,72315,20296,
migrate_demo,client,2,18378006,96292,,72315,20296,
migrate_demo,client,2,18383230,96292,,72315,20296,
migrate_demo,client,2,18388468,96292,,72489,20296,
migrate_demo,client,2,18393699,96292,,72489,20296,
migrate_demo,client,2,18398926,96292,,72489,20296,
migrate_demo,client,2,18404199,96292,,72489,20296,
migrate_demo,client,2,18409473,96292,,72489,20296,
migrate_demo,client,2,18414740,96292,,72687,20296,
migrate_demo,client,2,18420010,96292,,72687,20296,
migrate_demo,client,2,18425201,96292,,72687,20296,
migrate_demo,client,2,18430526,96292,,72687,20296,
migrate_demo,client,2,18435729,96292,,72860,20296,
migrate_demo,client,2,18440994,96292,,72860,20296,
migrate_demo,client,2,18446228,96292,,72860,20296,
migrate_demo,client,2,18451516,96292,,72860,20296,
migrate_demo,client,2,18456752,96292,,73050,20296,
migrate_demo,client,2,18462073,96292,,73050,20296,
migrate_demo,client,2,18467336,96292,,73050,20296,
migrate_demo,client,2,18472606,96292,,73050,20296,
migrate_demo,client,2,18477884,96292,,73050,20296,
migrate_demo,client,2,18483108,96292,,73258,20296,
migrate_demo,client,2,18488422,96292,,73258,20296,
migrate_demo,client,2,18493646,96292,,73258,20296,
migrate_demo,client,2,18498974,96292,,73258,20296,
migrate_demo,client,2,18504188,96292,,73490,20296,
migrate_demo,client,2,18509510,96292,,73490,20296,
migrate_demo,client,2,18514736,96292,,73490,20296,
migrate_demo,client,2,18520073,96292,,73490,20296,
migrate_demo,client,2,18525303,96292,,73702,20296,
migrate_demo,client,2,18530641,96292,,73702,20296,
migrate_demo,client,2,18535911,96292,,73702,20296,
migrate_demo,client,2,18541184,96292,,73702,20296,
migrate_demo,client,2,18546443,96292,,73702,20296,
migrate_demo,client,2,18551736,96292,,73954,20296,
migrate_demo,client,2,18557030,96292,,73954,20296,
migrate_demo,client,2,18562306,96292,,73954,20296,
migrate_demo,client,2,18567523,96292,,73954,20296,
migrate_demo,client,2,18572800,96292,,74163,20296,
migrate_demo,client,2,18578078,96292,,74163,20296,
migrate_demo,client,2,18583290,96292,,74163,20296,
migrate_demo,client,2,18588503,96292,,74163,20296,
migrate_demo,client,2,18593731,96292,,74418,20296,
migrate_demo,client,2,18599040,96292,,74418,20296,
migrate_demo,client,2,18604296,96292,,74418,20296,
migrate_demo,client,2,18609510,96292,,74418,20296,
migrate_demo,client,2,18614778,96292,,74418,20296,
migrate_demo,client,2,18620026,96292,,74606,20296,
migrate_demo,client,2,18625273,96292,,74606,20296,
migrate_demo,client,2,18630557,96292,,74606,20296,
migrate_demo,client,2,18635769,96292,,74606,20296,
migrate_demo,client,2,18640965,96292,,74861,20296,
migrate_demo,client,2,18646233,96292,,74861,20296,
migrate_demo,client,2,18651441,96292,,74861,20296,
migrate_demo,client,2,18656737,96292,,74861,20296,
migrate_demo,client,2,18661980,96292,,74861,20296,
migrate_demo,client,2,18667183,96292,,75093,20296,
migrate_demo,client,2,18672413,96292,,75093,20296,
migrate_demo,client,2,18677576,96292,,75093,20296,
migrate_demo,client,2,18682828,96292,,75093,20296,
migrate_demo,client,2,18688036,96292,,75362,20296,
migrate_demo,client,2,18693246,96292,,75362,20296,
migrate_demo,client,2,18698474,96292,,75362,20296,
migrate_demo,client,2,18703812,96292,,75362,20296,
migrate_demo,client,2,18709044,96292,,75578,20296,
migrate_demo,client,2,18714293,96292,,75578,20296,
migrate_demo,client,2,18719434,96292,,75578,20296,
migrate_demo,client,2,18724661,96292,,75578,20296,
migrate_demo,client,2,18729957,96292,,75578,20296,
migrate_demo,client,2,18735084,96292,,75841,20296,
migrate_demo,client,2,18740304,96292,,75841,20296,
migrate_demo,client,2,18745493,96292,,75841,20296,
migrate_demo,client,2,18750747,96292,,75841,20296,
migrate_demo,client,2,18755941,96292,,76070,20296,
migrate_demo,client,2,18761159,96292,,76070,20296,
migrate_demo,client,2,18766454,96292,,76070,20296,
migrate_demo,client,2,18771737,96292,,76070,20296,
migrate_demo,client,2,18776967,96292,,76070,20296,
migrate_demo,client,2,18782175,96292,,76342,20296,
migrate_demo,client,2,18787479,96292,,76342,20296,
migrate_demo,client,2,18792772,96292,,76342,20296,
migrate_demo,client,2,18798057,96292,,76342,20296,
migrate_demo,client,2,18803248,96292,,76575,20296,
migrate_demo,client,2,18808501,96292,,76575,20296,
migrate_demo,client,2,18813736,96292,,76575,20296,
migrate_demo,client,2,18818986,96292,,76575,20296,
migrate_demo,client,2,18824204,96292,,76806,20296,
migrate_demo,client,2,18829523,96292,,76806,20296,
migrate_demo,client,2,18834788,96292,,76806,20296,
migrate_demo,client,2,18840100,96292,,76806,20296,
migrate_demo,client,2,18845336,96292,,76806,20296,
migrate_demo,client,2,18850557,96292,,77042,20296,
migrate_demo,client,2,18855787,96292,,77042,20296,
migrate_demo,client,2,18861035,96292,,77042,20296,
migrate_demo,client,2,18866235,96292,,77042,20296,
migrate_demo,client,2,18871476,96292,,77317,20296,
migrate_demo,client,2,18876740,96292,,77317,20296,
migrate_demo,client,2,18882011,96292,,77317,20296,
migrate_demo,client,2,18887294,96292,,77317,20296,
migrate_demo,client,2,18892561,96292,,77555,20296,
migrate_demo,client,2,18897816,96292,,77555,20296,
migrate_demo,client,2,18903075,96292,,77555,20296,
migrate_demo,client,2,18908257,96292,,77555,20296,
migrate_demo,client,2,18913457,96292,,77555,20296,
migrate_demo,client,2,18918710,96292,,77830,20296,
migrate_demo,client,2,18923926,96292,,77830,20296,
migrate_demo,client,2,18929134,96292,,77830,20296,
migrate_demo,client,2,18934464,96292,,77830,20296,
migrate_demo,client,2,18939751,96292,,78057,20296,
migrate_demo,client,2,18944982,96292,,78057,20296,
migrate_demo,client,2,18950195,96292,,78057,20296,
migrate_demo,client,2,18955438,96292,,78057,20296,
migrate_demo,client,2,18960636,96292,,78057,20296,
migrate_demo,client,2,18965758,96292,,78340,20296,
migrate_demo,client,2,18970997,96292,,78340,20296,
migrate_demo,client,2,18976295,96292,,78340,20296,
migrate_demo,client,2,18981540,96292,,78340,20296,
migrate_demo,client,2,18986781,96292,,79585,20296,
migrate_demo,client,2,18992044,96292,,79585,20296,
migrate_demo,client,2,18997267,96292,,79585,20296,
migrate_demo,client,2,19002513,96292,,79733,20296,
migrate_demo,client,2,19007709,96292,,79733,20296,
migrate_demo,client,2,19012890,96292,,79733,20296,
migrate_demo,client,2,19018111,96292,,79733,20296,
migrate_demo,client,2,19023377,96292,,81249,20296,
migrate_demo,client,2,19028667,96292,,81249,20296,
migrate_demo,client,2,19034025,96292,,81252,20296,
migrate_demo,client,2,19039271,96292,,81252,20296,
migrate_demo,client,2,19044627,96292,,81252,20296,
migrate_demo,client,2,19049859,96292,,81252,20296,
migrate_demo,client,2,19055188,96292,,81252,20296,
migrate_demo,client,2,19060406,96292,,81250,20296,
migrate_demo,client,2,19065784,96292,,81250,20296,
migrate_demo,client,2,19071025,96292,,81250,20296,
migrate_demo,client,2,19076329,96292,,81250,20296,
migrate_demo,client,2,19081572,96292,,81308,20296,
migrate_demo,client,2,19086799,96292,,81308,20296,
migrate_demo,client,2,19092017,96292,,81308,20296,
migrate_demo,client,2,19097281,96292,,81308,20296,
migrate_demo,client,2,19102513,96292,,81327,20296,
migrate_demo,client,2,19107838,96292,,81327,20296,
migrate_demo,client,2,19113065,96292,,81327,20296,
migrate_demo,client,2,19118341,96292,,81327,20296,
migrate_demo,client,2,19123603,96292,,81327,20296,
migrate_demo,client,2,19128833,96292,,81437,20296,
migrate_demo,client,2,19134159,96292,,81437,20296,
migrate_demo,client,2,19139427,96292,,81437,20296,
migrate_demo,client,2,19144680,96292,,81437,20296,
migrate_demo,client,2,19149901,96292,,81534,20296,
migrate_demo,client,2,19155080,96292,,81534,20296,
migrate_demo,client,2,19160353,96292,,81534,20296,
migrate_demo,client,2,19165585,96292,,81534,20296,
migrate_demo,client,2,19170812,96292,,81534,20296,
migrate_demo,client,2,19176005,96292,,81692,20296,
migrate_demo,client,2,19181209,96292,,81692,20296,
migrate_demo,client,2,19186446,96292,,81692,20296,
migrate_demo,client,2,19191706,96292,,81692,20296,
migrate_demo,client,2,19196985,96292,,81816,20296,
migrate_demo,client,2,19202210,96292,,81816,20296,
migrate_demo,client,2,19207447,96292,,81816,20296,
migrate_demo,client,2,19212697,96292,,81816,20296,
migrate_demo,client,2,19217934,96292,,81988,20296,
migrate_demo,client,2,19223187,96292,,81988,20296,
migrate_demo,client,2,19228495,96292,,81988,20296,
migrate_demo,client,2,19233737,96292,,81988,20296,
migrate_demo,client,2,19239001,96292,,81988,20296,
migrate_demo,client,2,19244216,96292,,82143,20296,
migrate_demo,client,2,19249508,96292,,82143,20296,
migrate_demo,client,2,19254763,96292,,82143,20296,
migrate_demo,client,2,19259988,96292,,82143,20296,
migrate_demo,client,2,19265207,96292,,82349,20296,
migrate_demo,client,2,19270514,96292,,82349,20296,
migrate_demo,client,2,19275694,96292,,82349,20296,
migrate_demo,client,2,19280923,96292,,82349,20296,
migrate_demo,client,2,19286250,96292,,82489,20296,
migrate_demo,client,2,19291556,96292,,82489,20296,
migrate_demo,client,2,19296782,96292,,82489,20296,
migrate_demo,client,2,19302032,96292,,82489,20296,
migrate_demo,client,2,19307359,96292,,82489,20296,
migrate_demo,client,2,19312641,96292,,82704,20296,
migrate_demo,client,2,19317883,96292,,82704,20296,
migrate_demo,client,2,19323104,96292,,82704,20296,
migrate_demo,client,2,19328349,96292,,82704,20296,
migrate_demo,client,2,19333578,96292,,82903,20296,
migrate_demo,client,2,19338945,96292,,82903,20296,
migrate_demo,client,2,19344203,96292,,82903,20296,
migrate_demo,client,2,19349436,96292,,82903,20296,
migrate_demo,client,2,19354628,96292,,82903,20296,
migrate_demo,client,2,19359841,96292,,83134,20296,
migrate_demo,client,2,19365044,96292,,83134,20296,
migrate_demo,client,2,19370322,96292,,83134,20296,
migrate_demo,client,2,19375562,96292,,83134,20296,
migrate_demo,client,2,19381056,96292,,83337,20296,
migrate_demo,client,2,19386326,96292,,83337,20296,
migrate_demo,client,2,19391616,96292,,83337,20296,
migrate_demo,client,2,19396970,96292,,83337,20296,
migrate_demo,client,2,19402159,96292,,83586,20296,
migrate_demo,client,2,19407417,96292,,83586,20296,
migrate_demo,client,2,19412534,96292,,83586,20296,
migrate_demo,client,2,19417870,96292,,83586,20296,
migrate_demo,client,2,19423174,96292,,83586,20296,
migrate_demo,client,2,19428370,96292,,83787,20296,
migrate_demo,client,2,19433620,96292,,83787,20296,
migrate_demo,client,2,19438882,96292,,83787,20296,
migrate_demo,client,2,19444190,96292,,83787,20296,
migrate_demo,client,2,19449464,96292,,84041,20296,
migrate_demo,client,2,19454735,96292,,84041,20296,
migrate_demo,client,2,19459981,96292,,84041,20296,
migrate_demo,client,2,19465232,96292,,84041,20296,
migrate_demo,client,2,19470464,96292,,84245,20296,
migrate_demo,client,2,19475752,96292,,84245,20296,
migrate_demo,client,2,19480998,96292,,84245,20296,
migrate_demo,client,2,19486263,96292,,84245,20296,
migrate_demo,client,2,19491595,96292,,84245,20296,
migrate_demo,client,2,19496835,96292,,84500,20296,
migrate_demo,client,2,19502184,96292,,84500,20296,
migrate_demo,client,2,19507522,96292,,84500,20296,
migrate_demo,client,2,19512759,96292,,84500,20296,
migrate_demo,client,2,19517961,96292,,84733,20296,
migrate_demo,client,2,19523171,96292,,84733,20296,
migrate_demo,client,2,19528485,96292,,84733,20296,
migrate_demo,client,2,19533687,96292,,84733,20296,
migrate_demo,client,2,19538891,96292,,84979,20296,
migrate_demo,client,2,19544176,96292,,84979,20296,
migrate_demo,client,2,19549358,96292,,84979,20296,
migrate_demo,client,2,19554578,96292,,84979,20296,
migrate_demo,client,2,19559834,96292,,84979,20296,
migrate_demo,client,2,19565021,96292,,85189,20296,
migrate_demo,client,2,19570275,96292,,85189,20296,
migrate_demo,client,2,19575512,96292,,85189,20296,
migrate_demo,client,2,19580800,96292,,85189,20296,
migrate_demo,client,2,19586069,96292,,85455,20296,
migrate_demo,client,2,19591245,96292,,85455,20296,
migrate_demo,client,2,19596516,96292,,85455,20296,
migrate_demo,client,2,19601747,96292,,85455,20296,
migrate_demo,client,2,19607045,96292,,85455,20296,
migrate_demo,client,2,19612255,96292,,85694,20296,
migrate_demo,client,2,19617441,96292,,85694,20296,
migrate_demo,client,2,19622666,96292,,85694,20296,
migrate_demo,client,2,19627959,96292,,85694,20296,
migrate_demo,client,2,19633180,96292,,85958,20296,
migrate_demo,client,2,19638432,96292,,85958,20296,
migrate_demo,client,2,19643684,96292,,85958,20296,
migrate_demo,client,2,19648972,96292,,85958,20296,
migrate_demo,client,2,19654196,96292,,86185,20296,
migrate_demo,client,2,19659344,96292,,86185,20296,
migrate_demo,client,2,19664591,96292,,86185,20296,
migrate_demo,client,2,19669856,96292,,86185,20296,
migrate_demo,client,2,19675096,96292,,86185,20296,
migrate_demo,client,2,19680310,96292,,86454,20296,
migrate_demo,client,2,19685641,96292,,86454,20296,
migrate_demo,client,2,19690887,96292,,86454,20296,
migrate_demo,client,2,19696245,96292,,86454,20296,
migrate_demo,client,2,19701448,96292,,86692,20296,
migrate_demo,client,2,19706727,96292,,86692,20296,
migrate_demo,client,2,19712044,96292,,86692,20296,
migrate_demo,client,2,19717348,96292,,86692,20296,
migrate_demo,client,2,19722617,96292,,86692,20296,
migrate_demo,client,2,19727987,96292,,86982,20296,
migrate_demo,client,2,19733157,96292,,86982,20296,
migrate_demo,client,2,19738333,96292,,86982,20296,
migrate_demo,client,2,19743612,96292,,86982,20296,
migrate_demo,client,2,19748721,96292,,87215,20296,
migrate_demo,client,2,19753985,96292,,87215,20296,
migrate_demo,client,2,19759219,96292,,87215,20296,
migrate_demo,client,2,19764489,96292,,87215,20296,
migrate_demo,client,2,19769755,96292,,87483,20296,
migrate_demo,client,2,19775084,96292,,87483,20296,
migrate_demo,client,2,19780390,96292,,87483,20296,
migrate_demo,client,2,19785575,96292,,87483,20296,
migrate_demo,client,2,19790836,96292,,87483,20296,
migrate_demo,client,2,19796056,96292,,87704,20296,
migrate_demo,client,2,19801246,96292,,87704,20296,
migrate_demo,client,2,19806509,96292,,87704,20296,
migrate_demo,client,2,19811855,96292,,87704,20296,
migrate_demo,client,2,19817135,96292,,87961,20296,
migrate_demo,client,2,19822456,96292,,87961,20296,
migrate_demo,client,2,19827687,96292,,87961,20296,
migrate_demo,client,2,19832905,96292,,87961,20296,
migrate_demo,client,2,19838121,96292,,88192,20296,
migrate_demo,client,2,19843382,96292,,88192,20296,
migrate_demo,client,2,19848687,96292,,88192,20296,
migrate_demo,client,2,19853965,96292,,88192,20296,
migrate_demo,client,2,19859224,96292,,88192,20296,
migrate_demo,client,2,19864516,96292,,88452,20296,
migrate_demo,client,2,19869763,96292,,88452,20296,
migrate_demo,client,2,19875012,96292,,88452,20296,
migrate_demo,client,2,19880259,96292,,88452,20296,
migrate_demo,client,2,19885571,96292,,88697,20296,
migrate_demo,client,2,19890966,96292,,88697,20296,
migrate_demo,client,2,19896303,96292,,88697,20296,
migrate_demo,client,2,19901623,96292,,88697,20296,
migrate_demo,client,2,19906976,96292,,88983,20296,
migrate_demo,client,2,19912229,96292,,88983,20296,
migrate_demo,client,2,19917465,96292,,88983,20296,
migrate_demo,client,2,19922769,96292,,88983,20296,
migrate_demo,client,2,19928032,96292,,88983,20296,
migrate_demo,client,2,19933215,96292,,91581,20296,
migrate_demo,client,2,19938464,96292,,91581,20296,
migrate_demo,client,2,19943811,96292,,91581,20296,
migrate_demo,client,2,19949182,96292,,91581,20296,
migrate_demo,client,2,19954517,96292,,91581,20296,
migrate_demo,client,2,19959885,96292,,91527,20296,
migrate_demo,client,2,19965205,96292,,91527,20296,
migrate_demo,client,2,19970449,96292,,91527,20296,
migrate_demo,client,2,19975921,96292,,91527,20296,
migrate_demo,client,2,19981191,96292,,91529,20296,
migrate_demo,client,2,19986510,96292,,91529,20296,
migrate_demo,client,2,19991766,96292,,91529,20296,
migrate_demo,client,2,19997193,96292,,91529,20296,
migrate_demo,client,2,20002448,96292,,91550,20296,
migrate_demo,client,2,20007732,96292,,91550,20296,
migrate_demo,client,2,20013149,96292,,91550,20296,
migrate_demo,client,2,20018523,96292,,91550,20296,
migrate_demo,client,2,20023971,96292,,91550,20296,
migrate_demo,client,2,20029158,96292,,91622,20296,
migrate_demo,client,2,20034520,96292,,91622,20296,
migrate_demo,client,2,20039772,96292,,91622,20296,
migrate_demo,client,2,20045149,96292,,91622,20296,
migrate_demo,client,2,20050339,96292,,91690,20296,
migrate_demo,client,2,20055553,96292,,91690,20296,
migrate_demo,client,2,20060787,96292,,91690,20296,
migrate_demo,client,2,20066062,96292,,91690,20296,
migrate_demo,client,2,20071304,96292,,91820,20296,
migrate_demo,client,2,20076593,96292,,91820,20296,
migrate_demo,client,2,20081833,96292,,91820,20296,
migrate_demo,client,2,20087199,96292,,91820,20296,
migrate_demo,client,2,20092508,96292,,91820,20296,
migrate_demo,client,2,20097940,96292,,91934,20296,
migrate_demo,client,2,20103243,96292,,91934,20296,
migrate_demo,client,2,20108579,96292,,91934,20296,
migrate_demo,client,2,20113815,96292,,91934,20296,
migrate_demo,client,2,20118987,96292,,92090,20296,
migrate_demo,client,2,20124237,96292,,92090,20296,
migrate_demo,client,2,20129454,96292,,92090,20296,
migrate_demo,client,2,20134716,96292,,92090,20296,
migrate_demo,client,2,20140016,96292,,92247,20296,
migrate_demo,client,2,20145257,96292,,92247,20296,
migrate_demo,client,2,20150432,96292,,92247,20296,
migrate_demo,client,2,20155716,96292,,92247,20296,
migrate_demo,client,2,20160965,96292,,92247,20296,
migrate_demo,client,2,20166162,96292,,92457,20296,
migrate_demo,client,2,20171375,96292,,92457,20296,
migrate_demo,client,2,20176766,96292,,92457,20296,
migrate_demo,client,2,20182000,96292,,92457,20296,
migrate_demo,client,2,20187235,96292,,92595,20296,
migrate_demo,client,2,20192519,96292,,92595,20296,
migrate_demo,client,2,20197843,96292,,92595,20296,
migrate_demo,client,2,20203110,96292,,92595,20296,
migrate_demo,client,2,20208362,96292,,92595,20296,
migrate_demo,client,2,20213632,96292,,92802,20296,
migrate_demo,client,2,20218895,96292,,92802,20296,
migrate_demo,client,2,20224113,96292,,92802,20296,
migrate_demo,client,2,20229339,96292,,92802,20296,
migrate_demo,client,2,20234564,96292,,92991,20296,
migrate_demo,client,2,20239830,96292,,92991,20296,
migrate_demo,client,2,20245264,96292,,92991,20296,
migrate_demo,client,2,20250441,96292,,92991,20296,
migrate_demo,client,2,20255675,96292,,93231,20296,
migrate_demo,client,2,20260976,96292,,93231,20296,
migrate_demo,client,2,20266204,96292,,93231,20296,
migrate_demo,client,2,20271474,96292,,93231,20296,
migrate_demo,client,2,20276739,96292,,93231,20296,
migrate_demo,client,2,20282100,96292,,93395,20296,
migrate_demo,client,2,20287363,96292,,93395,20296,
migrate_demo,client,2,20292581,96292,,93395,20296,
migrate_demo,client,2,20297855,96292,,93395,20296,
migrate_demo,client,2,20303322,96292,,93628,20296,
migrate_demo,client,2,20308595,96292,,93628,20296,
migrate_demo,client,2,20313792,96292,,93628,20296,
migrate_demo,client,2,20319102,96292,,93628,20296,
migrate_demo,client,2,20324320,96292,,93844,20296,
migrate_demo,client,2,20329643,96292,,93844,20296,
migrate_demo,client,2,20334896,96292,,93844,20296,
migrate_demo,client,2,20340133,96292,,93844,20296,
migrate_demo,client,2,20345443,96292,,93844,20296,
migrate_demo,client,2,20350659,96292,,94091,20296,
migrate_demo,client,2,20355912,96292,,94091,20296,
migrate_demo,client,2,20361145,96292,,94091,20296,
migrate_demo,client,2,20366471,96292,,94091,20296,
migrate_demo,client,2,20371691,96292,,94323,20296,
migrate_demo,client,2,20377014,96292,,94323,20296,
migrate_demo,client,2,20382175,96292,,94323,20296,
migrate_demo,client,2,20387355,96292,,94323,20296,
migrate_demo,client,2,20392590,96292,,94587,20296,
migrate_demo,client,2,20397798,96292,,94587,20296,
migrate_demo,client,2,20403051,96292,,94587,20296,
migrate_demo,client,2,20408354,96292,,94587,20296,
migrate_demo,client,2,20413557,96292,,94587,20296,
migrate_demo,client,2,20418777,96292,,94817,20296,
migrate_demo,client,2,20423999,96292,,94817,20296,
migrate_demo,client,2,20429246,96292,,94817,20296,
migrate_demo,client,2,20434542,96292,,94817,20296,
migrate_demo,client,2,20439806,96292,,95035,20296,
migrate_demo,client,2,20445039,96292,,95035,20296,
migrate_demo,client,2,20450269,96292,,95035,20296,
migrate_demo,client,2,20455452,96292,,95035,20296,
migrate_demo,client,2,20460612,96292,,95035,20296,
migrate_demo,client,2,20465826,96292,,95247,20296,
migrate_demo,client,2,20471148,96292,,95247,20296,
migrate_demo,client,2,20476452,96292,,95247,20296,
migrate_demo,client,2,20481721,96292,,95247,20296,
migrate_demo,client,2,20486964,96292,,95508,20296,
migrate_demo,client,2,20492234,96292,,95508,20296,
migrate_demo,client,2,20497471,96292,,95508,20296,
migrate_demo,client,2,20502783,96292,,95508,20296,
migrate_demo,client,2,20508086,96292,,95739,20296,
migrate_demo,client,2,20513395,96292,,95739,20296,
migrate_demo,client,2,20518657,96292,,95739,20296,
migrate_demo,client,2,20524007,96292,,95739,20296,
migrate_demo,client,2,20529199,96292,,95739,20296,
migrate_demo,client,2,20534437,96292,,95968,20296,
migrate_demo,client,2,20539721,96292,,95968,20296,
migrate_demo,client,2,20544992,96292,,95968,20296,
migrate_demo,client,2,20550269,96292,,95968,20296,
migrate_demo,client,2,20555446,96292,,96206,20296,
migrate_demo,client,2,20560703,96292,,96206,20296,
migrate_demo,client,2,20565969,96292,,96206,20296,
migrate_demo,client,2,20571142,96292,,96206,20296,
migrate_demo,client,2,20576335,96292,,96474,20296,
migrate_demo,client,2,20581594,96292,,96474,20296,
migrate_demo,client,2,20586841,96292,,96474,20296,
migrate_demo,client,2,20592162,96292,,96474,20296,
migrate_demo,client,2,20597430,96292,,96474,20296,
migrate_demo,client,2,20602761,96292,,96719,20296,
migrate_demo,client,2,20608053,96292,,96719,20296,
migrate_demo,client,2,20613350,96292,,96719,20296,
migrate_demo,client,2,20618524,96292,,96719,20296,
migrate_demo,client,2,20623742,96292,,97001,20296,
migrate_demo,client,2,20629040,96292,,97001,20296,
migrate_demo,client,2,20634255,96292,,97001,20296,
migrate_demo,client,2,20639517,96292,,97001,20296,
migrate_demo,client,2,20644869,96292,,97001,20296,
migrate_demo,client,2,20650090,96292,,97255,20296,
migrate_demo,client,2,20655407,96292,,97255,20296,
migrate_demo,client,2,20660632,96292,,97255,20296,
migrate_demo,client,2,20665857,96292,,97255,20296,
migrate_demo,client,2,20671078,96292,,97491,20296,
migrate_demo,client,2,20676303,96292,,97491,20296,
migrate_demo,client,2,20681637,96292,,97491,20296,
migrate_demo,client,2,20686908,96292,,97491,20296,
migrate_demo,client,2,20692154,96292,,97737,20296,
migrate_demo,client,2,20697508,96292,,97737,20296,
migrate_demo,client,2,20702842,96292,,97737,20296,
migrate_demo,client,2,20708122,96292,,97737,20296,
migrate_demo,client,2,20713401,96292,,97737,20296,
migrate_demo,client,2,20718672,96292,,98002,20296,
migrate_demo,client,2,20723952,96292,,98002,20296,
migrate_demo,client,2,20729205,96292,,98002,20296,
migrate_demo,client,2,20734530,96292,,98002,20296,
migrate_demo,client,2,20739692,96292,,98243,20296,
migrate_demo,client,2,20745001,96292,,98243,20296,
migrate_demo,client,2,20750285,96292,,98243,20296,
migrate_demo,client,2,20755536,96292,,98243,20296,
migrate_demo,client,2,20760764,96292,,98541,20296,
migrate_demo,client,2,20766036,96292,,98541,20296,
migrate_demo,client,2,20771391,96292,,98541,20296,
migrate_demo,client,2,20776735,96292,,98541,20296,
migrate_demo,client,2,20782009,96292,,98541,20296,
migrate_demo,client,2,20787297,96292,,99844,20296,
migrate_demo,client,2,20792622,96292,,99844,20296,
migrate_demo,client,2,20797860,96292,,99980,20296,
migrate_demo,client,2,20803145,96292,,99980,20296,
migrate_demo,client,2,20808409,96292,,99980,20296,
migrate_demo,client,2,20813752,96292,,99980,20296,
migrate_demo,client,2,20818992,96292,,99980,20296,
migrate_demo,client,2,20824190,96292,,101422,20296,
migrate_demo,client,2,20829463,96292,,101422,20296,
migrate_demo,client,2,20834679,96292,,101425,20296,
migrate_demo,client,2,20839911,96292,,101425,20296,
migrate_demo,client,2,20845154,96292,,101425,20296,
migrate_demo,client,2,20850646,96292,,101425,20296,
migrate_demo,client,2,20855924,96292,,101417,20296,
migrate_demo,client,2,20861185,96292,,101417,20296,
migrate_demo,client,2,20866381,96292,,101417,20296,
migrate_demo,client,2,20871584,96292,,101417,20296,
migrate_demo,client,2,20876815,96292,,101417,20296,
migrate_demo,client,2,20882023,96292,,101444,20296,
migrate_demo,client,2,20887324,96292,,101444,20296,
migrate_demo,client,2,20892613,96292,,101444,20296,
migrate_demo,client,2,20897865,96292,,101444,20296,
migrate_demo,client,2,20903081,96292,,101509,20296,
migrate_demo,client,2,20908346,96292,,101509,20296,
migrate_demo,client,2,20913576,96292,,101509,20296,
migrate_demo,client,2,20918726,96292,,101509,20296,
migrate_demo,client,2,20923918,96292,,101509,20296,
migrate_demo,client,2,20929144,96292,,101628,20296,
migrate_demo,client,2,20934456,96292,,101628,20296,
migrate_demo,client,2,20939660,96292,,101628,20296,
migrate_demo,client,2,20944937,96292,,101628,20296,
migrate_demo,client,2,20950187,96292,,101728,20296,
migrate_demo,client,2,20955467,96292,,101728,20296,
migrate_demo,client,2,20960874,96292,,101728,20296,
migrate_demo,client,2,20966129,96292,,101728,20296,
migrate_demo,client,2,20971337,96292,,101880,20296,
migrate_demo,client,2,20976554,96292,,101880,20296,
migrate_demo,client,2,20981849,96292,,101880,20296,
migrate_demo,client,2,20987079,96292,,101880,20296,
migrate_demo,client,2,20992296,96292,,101880,20296,
migrate_demo,client,2,20997525,96292,,102009,20296,
migrate_demo,client,2,21002809,96292,,102009,20296,
migrate_demo,client,2,21008098,96292,,102009,20296,
migrate_demo,client,2,21013266,96292,,102009,20296,
migrate_demo,client,2,21018450,96292,,102161,20296,
migrate_demo,client,2,21023851,96292,,102161,20296,
migrate_demo,client,2,21029059,96292,,102161,20296,
migrate_demo,client,2,21034285,96292,,102161,20296,
migrate_demo,client,2,21039497,96292,,102330,20296,
migrate_demo,client,2,21044830,96292,,102330,20296,
migrate_demo,client,2,21050069,96292,,102330,20296,
migrate_demo,client,2,21055383,96292,,102330,20296,
migrate_demo,client,2,21060586,96292,,102330,20296,
migrate_demo,client,2,21065803,96292,,102529,20296,
migrate_demo,client,2,21071094,96292,,102529,20296,
migrate_demo,client,2,21076380,96292,,102529,20296,
migrate_demo,client,2,21081618,96292,,102529,20296,
migrate_demo,client,2,21086866,96292,,102680,20296,
migrate_demo,client,2,21092076,96292,,102680,20296,
migrate_demo,client,2,21097339,96292,,102680,20296,
migrate_demo,client,2,21102597,96292,,102680,20296,
migrate_demo,client,2,21107837,96292,,102680,20296,
migrate_demo,client,2,21113052,96292,,102894,20296,
migrate_demo,client,2,21118288,96292,,102894,20296,
migrate_demo,client,2,21123525,96292,,102894,20296,
migrate_demo,client,2,21128788,96292,,102894,20296,
migrate_demo,client,2,21134030,96292,,103077,20296,
migrate_demo,client,2,21139270,96292,,103077,20296,
migrate_demo,client,2,21144531,96292,,103077,20296,
migrate_demo,client,2,21149791,96292,,103077,20296,
migrate_demo,client,2,21154977,96292,,103305,20296,
migrate_demo,client,2,21160150,96292,,103305,20296,
migrate_demo,client,2,21165386,96292,,103305,20296,
migrate_demo,client,2,21170604,96292,,103305,20296,
migrate_demo,client,2,21175774,96292,,103305,20296,
migrate_demo,client,2,21180956,96292,,103498,20296,
migrate_demo,client,2,21186207,96292,,103498,20296,
migrate_demo,client,2,21191496,96292,,103498,20296,
migrate_demo,client,2,21196753,96292,,103498,20296,
migrate_demo,client,2,21201991,96292,,103743,20296,
migrate_demo,client,2,21207252,96292,,103743,20296,
migrate_demo,client,2,21212522,96292,,103743,20296,
migrate_demo,client,2,21217716,96292,,103743,20296,
migrate_demo,client,2,21222932,96292,,103959,20296,
migrate_demo,client,2,21228179,96292,,103959,20296,
migrate_demo,client,2,21233363,96292,,103959,20296,
migrate_demo,client,2,21238665,96292,,103959,20296,
migrate_demo,client,2,21243882,96292,,103959,20296,
migrate_demo,client,2,21249160,96292,,104220,20296,
migrate_demo,client,2,21254432,96292,,104220,20296,
migrate_demo,client,2,21259689,96292,,104220,20296,
migrate_demo,client,2,21264972,96292,,104220,20296,
migrate_demo,client,2,21270157,96292,,104426,20296,
migrate_demo,client,2,21275373,96292,,104426,20296,
migrate_demo,client,2,21280587,96292,,104426,20296,
migrate_demo,client,2,21285809,96292,,104426,20296,
migrate_demo,client,2,21291075,96292,,104426,20296,
migrate_demo,client,2,21296301,96292,,104689,20296,
migrate_demo,client,2,21301628,96292,,104689,20296,
migrate_demo,client,2,21306945,96292,,104689,20296,
migrate_demo,client,2,21312229,96292,,104689,20296,
migrate_demo,client,2,21317436,96292,,104876,20296,
migrate_demo,client,2,21322732,96292,,104876,20296,
migrate_demo,client,2,21327997,96292,,104876,20296,
migrate_demo,client,2,21333249,96292,,104876,20296,
migrate_demo,client,2,21338532,96292,,105136,20296,
migrate_demo,client,2,21343843,96292,,105136,20296,
migrate_demo,client,2,21349088,96292,,105136,20296,
migrate_demo,client,2,21354336,96292,,105136,20296,
migrate_demo,client,2,21359566,96292,,105136,20296,
migrate_demo,client,2,21364778,96292,,105363,20296,
migrate_demo,client,2,21370042,96292,,105363,20296,
migrate_demo,client,2,21375303,96292,,105363,20296,
migrate_demo,client,2,21380673,96292,,105363,20296,
migrate_demo,client,2,21385960,96292,,105632,20296,
migrate_demo,client,2,21391175,96292,,105632,20296,
migrate_demo,client,2,21396362,96292,,105632,20296,
migrate_demo,client,2,21401545,96292,,105632,20296,
migrate_demo,client,2,21406749,96292,,105866,20296,
migrate_demo,client,2,21412066,96292,,105866,20296,
migrate_demo,client,2,21417311,96292,,105866,20296,
migrate_demo,client,2,21422610,96292,,105866,20296,
migrate_demo,client,2,21427865,96292,,105866,20296,
migrate_demo,client,2,21433143,96292,,106127,20296,
migrate_demo,client,2,21438384,96292,,106127,20296,
migrate_demo,client,2,21443690,96292,,106127,20296,
migrate_demo,client,2,21448963,96292,,106127,20296,
migrate_demo,client,2,21454246,96292,,106362,20296,
migrate_demo,client,2,21459502,96292,,106362,20296,
migrate_demo,client,2,21464818,96292,,106362,20296,
migrate_demo,client,2,21470088,96292,,106362,20296,
migrate_demo,client,2,21475324,96292,,106362,20296,
migrate_demo,client,2,21480569,96292,,106633,20296,
migrate_demo,client,2,21485795,96292,,106633,20296,
migrate_demo,client,2,21491031,96292,,106633,20296,
migrate_demo,client,2,21496362,96292,,106633,20296,
migrate_demo,client,2,21501628,96292,,106862,20296,
migrate_demo,client,2,21506900,96292,,106862,20296,
migrate_demo,client,2,21512122,96292,,106862,20296,
migrate_demo,client,2,21517355,96292,,106862,20296,
migrate_demo,client,2,21522556,96292,,107084,20296,
migrate_demo,client,2,21527906,96292,,107084,20296,
migrate_demo,client,2,21533167,96292,,107084,20296,
migrate_demo,client,2,21538443,96292,,107084,20296,
migrate_demo,client,2,21543687,96292,,107084,20296,
migrate_demo,client,2,21548940,96292,,107282,20296,
migrate_demo,client,2,21554315,96292,,107282,20296,
migrate_demo,client,2,21559581,96292,,107282,20296,
migrate_demo,client,2,21564833,96292,,107282,20296,
migrate_demo,client,2,21570030,96292,,107556,20296,
migrate_demo,client,2,21575278,96292,,107556,20296,
migrate_demo,client,2,21580527,96292,,107556,20296,
migrate_demo,client,2,21585728,96292,,107556,20296,
migrate_demo,client,2,21590965,96292,,107797,20296,
migrate_demo,client,2,21596174,96292,,107797,20296,
migrate_demo,client,2,21601432,96292,,107797,20296,
migrate_demo,client,2,21606682,96292,,107797,20296,
migrate_demo,client,2,21611951,96292,,107797,20296,
migrate_demo,client,2,21617154,96292,,108067,20296,
migrate_demo,client,2,21622458,96292,,108067,20296,
migrate_demo,client,2,21627740,96292,,108067,20296,
migrate_demo,client,2,21632955,96292,,108067,20296,
migrate_demo,client,2,21638177,96292,,108321,20296,
migrate_demo,client,2,21643387,96292,,108321,20296,
migrate_demo,client,2,21648708,96292,,108321,20296,
migrate_demo,client,2,21653905,96292,,108321,20296,
migrate_demo,client,2,21659131,96292,,108321,20296,
migrate_demo,client,2,21664325,96292,,108573,20296,
migrate_demo,client,2,21669845,96292,,108573,20296,
migrate_demo,client,2,21675141,96292,,108573,20296,
migrate_demo,client,2,21680375,96292,,108573,20296,
migrate_demo,client,2,21685565,96292,,108816,20296,
migrate_demo,client,2,21690849,96292,,108816,20296,
migrate_demo,client,2,21696159,96292,,108816,20296,
migrate_demo,client,2,21701420,96292,,108816,20296,
migrate_demo,client,2,21706649,96292,,109059,20296,
migrate_demo,client,2,21711941,96292,,109059,20296,
migrate_demo,client,2,21717209,96292,,109059,20296,
migrate_demo,client,2,21722545,96292,,109059,20296,
migrate_demo,client,2,21727809,96292,,109059,20296,
migrate_demo,client,2,21733119,96292,,111653,20296,
migrate_demo,client,2,21738410,96292,,111653,20296,
migrate_demo,client,2,21743681,96292,,111653,20296,
migrate_demo,client,2,21748921,96292,,111653,20296,
migrate_demo,client,2,21754125,96292,,111653,20296,
migrate_demo,client,2,21759348,96292,,111635,20296,
migrate_demo,client,2,21764599,96292,,111635,20296,
migrate_demo,client,2,21769913,96292,,111635,20296,
migrate_demo,client,2,21775187,96292,,111635,20296,
migrate_demo,client,2,21780481,96292,,111690,20296,
migrate_demo,client,2,21785695,96292,,111690,20296,
migrate_demo,client,2,21790933,96292,,111690,20296,
migrate_demo,client,2,21796251,96292,,111690,20296,
migrate_demo,client,2,21801505,96292,,111736,20296,
migrate_demo,client,2,21806714,96292,,111736,20296,
migrate_demo,client,2,21811912,96292,,111736,20296,
migrate_demo,client,2,21817155,96292,,111736,20296,
migrate_demo,client,2,21822496,96292,,111736,20296,
migrate_demo,client,2,21827738,96292,,111793,20296,
migrate_demo,client,2,21833125,96292,,111793,20296,
migrate_demo,client,2,21838412,96292,,111793,20296,
migrate_demo,client,2,21843741,96292,,111793,20296,
migrate_demo,client,2,21849002,96292,,111851,20296,
migrate_demo,client,2,21854263,96292,,111851,20296,
migrate_demo,client,2,21859533,96292,,111851,20296,
migrate_demo,client,2,21864834,96292,,111851,20296,
migrate_demo,client,2,21870234,96292,,112009,20296,
migrate_demo,client,2,21875568,96292,,112009,20296,
migrate_demo,client,2,21880973,96292,,112009,20296,
migrate_demo,client,2,21886214,96292,,112009,20296,
migrate_demo,client,2,21891488,96292,,112009,20296,
migrate_demo,client,2,21896604,96292,,112115,20296,
migrate_demo,client,2,21901886,96292,,112115,20296,
migrate_demo,client,2,21907134,96292,,112115,20296,
migrate_demo,client,2,21912290,96292,,112115,20296,
migrate_demo,client,2,21917488,96292,,112253,20296,
migrate_demo,client,2,21922762,96292,,112253,20296,
migrate_demo,client,2,21928008,96292,,112253,20296,
migrate_demo,client,2,21933344,96292,,112253,20296,
migrate_demo,client,2,21938647,96292,,112379,20296,
migrate_demo,client,2,21943867,96292,,112379,20296,
migrate_demo,client,2,21949047,96292,,112379,20296,
migrate_demo,client,2,21954285,96292,,112379,20296,
migrate_demo,client,2,21959562,96292,,112379,20296,
migrate_demo,client,2,21964792,96292,,112548,20296,
migrate_demo,client,2,21970051,96292,,112548,20296,
migrate_demo,client,2,21975274,96292,,112548,20296,
migrate_demo,client,2,21980516,96292,,112548,20296,
migrate_demo,client,2,21985706,96292,,112659,20296,
migrate_demo,client,2,21990930,96292,,112659,20296,
migrate_demo,client,2,21996232,96292,,112659,20296,
migrate_demo,client,2,22001497,96292,,112659,20296,
migrate_demo,client,2,22006734,96292,,112659,20296,
migrate_demo,client,2,22011911,96292,,112816,20296,
migrate_demo,client,2,22017162,96292,,112816,20296,
migrate_demo,client,2,22022431,96292,,112816,20296,
migrate_demo,client,2,22027695,96292,,112816,20296,
migrate_demo,client,2,22032950,96292,,113040,20296,
migrate_demo,client,2,22038184,96292,,113040,20296,
migrate_demo,client,2,22043442,96292,,113040,20296,
migrate_demo,client,2,22048604,96292,,113040,20296,
migrate_demo,client,2,22053817,96292,,113273,20296,
migrate_demo,client,2,22059182,96292,,113273,20296,
migrate_demo,client,2,22064412,96292,,113273,20296,
migrate_demo,client,2,22069652,96292,,113273,20296,
migrate_demo,client,2,22074868,96292,,113273,20296,
migrate_demo,client,2,22080062,96292,,113458,20296,
migrate_demo,client,2,22085345,96292,,113458,20296,
migrate_demo,client,2,22090516,96292,,113458,20296,
migrate_demo,client,2,22095745,96292,,113458,20296,
migrate_demo,client,2,22100977,96292,,113725,20296,
migrate_demo,client,2,22106148,96292,,113725,20296,
migrate_demo,client,2,22111481,96292,,113725,20296,
migrate_demo,client,2,22116739,96292,,113725,20296,
migrate_demo,client,2,22121934,96292,,113725,20296,
migrate_demo,client,2,22127164,96292,,113908,20296,
migrate_demo,client,2,22132462,96292,,113908,20296,
migrate_demo,client,2,22137818,96292,,113908,20296,
migrate_demo,client,2,22143056,96292,,113908,20296,
migrate_demo,client,2,22148371,96292,,114178,20296,
migrate_demo,client,2,22153658,96292,,114178,20296,
migrate_demo,client,2,22158929,96292,,114178,20296,
migrate_demo,client,2,22164296,96292,,114178,20296,
migrate_demo,client,2,22169522,96292,,114408,20296,
migrate_demo,client,2,22174882,96292,,114408,20296,
migrate_demo,client,2,22180123,96292,,114408,20296,
migrate_demo,client,2,22185342,96292,,114408,20296,
migrate_demo,client,2,22190599,96292,,114408,20296,
migrate_demo,client,2,22195874,96292,,114644,20296,
migrate_demo,client,2,22201026,96292,,114644,20296,
migrate_demo,client,2,22206237,96292,,114644,20296,
migrate_demo,client,2,22211537,96292,,114644,20296,
migrate_demo,client,2,22216793,96292,,114851,20296,
migrate_demo,client,2,22222064,96292,,114851,20296,
migrate_demo,client,2,22227314,96292,,114851,20296,
migrate_demo,client,2,22232564,96292,,114851,20296,
migrate_demo,client,2,22237819,96292,,115097,20296,
migrate_demo,client,2,22243056,96292,,115097,20296,
migrate_demo,client,2,22248288,96292,,115097,20296,
migrate_demo,client,2,22253544,96292,,115097,20296,
migrate_demo,client,2,22258765,96292,,115097,20296,
migrate_demo,client,2,22263979,96292,,115323,20296,
migrate_demo,client,2,22269294,96292,,115323,20296,
migrate_demo,client,2,22274563,96292,,115323,20296,
migrate_demo,client,2,22279801,96292,,115323,20296,
migrate_demo,client,2,22285103,96292,,115626,20296,
migrate_demo,client,2,22290404,96292,,115626,20296,
migrate_demo,client,2,22295682,96292,,115626,20296,
migrate_demo,client,2,22301032,96292,,115626,20296,
migrate_demo,client,2,22306280,96292,,115833,20296,
migrate_demo,client,2,22311539,96292,,115833,20296,
migrate_demo,client,2,22316827,96292,,115833,20296,
migrate_demo,client,2,22322158,96292,,115833,20296,
migrate_demo,client,2,22327439,96292,,115833,20296,
migrate_demo,client,2,22332689,96292,,116126,20296,
migrate_demo,client,2,22337948,96292,,116126,20296,
migrate_demo,client,2,22343243,96292,,116126,20296,
migrate_demo,client,2,22348515,96292,,116126,20296,
migrate_demo,client,2,22353744,96292,,116374,20296,
migrate_demo,client,2,22359038,96292,,116374,20296,
migrate_demo,client,2,22364383,96292,,116374,20296,
migrate_demo,client,2,22369680,96292,,116374,20296,
migrate_demo,client,2,22374940,96292,,116374,20296,
migrate_demo,client,2,22380186,96292,,116615,20296,
migrate_demo,client,2,22385458,96292,,116615,20296,
migrate_demo,client,2,22390748,96292,,116615,20296,
migrate_demo,client,2,22395924,96292,,116615,20296,
migrate_demo,client,2,22401135,96292,,116856,20296,
migrate_demo,client,2,22406381,96292,,116856,20296,
migrate_demo,client,2,22411586,96292,,116856,20296,
migrate_demo,client,2,22416834,96292,,116856,20296,
migrate_demo,client,2,22422128,96292,,117134,20296,
migrate_demo,client,2,22427456,96292,,117134,20296,
migrate_demo,client,2,22432805,96292,,117134,20296,
migrate_demo,client,2,22438048,96292,,117134,20296,
migrate_demo,client,2,22443288,96292,,117134,20296,
migrate_demo,client,2,22448595,96292,,117378,20296,
migrate_demo,client,2,22453853,96292,,117378,20296,
migrate_demo,client,2,22459066,96292,,117378,20296,
migrate_demo,client,2,22464272,96292,,117378,20296,
migrate_demo,client,2,22469440,96292,,117657,20296,
migrate_demo,client,2,22474644,96292,,117657,20296,
migrate_demo,client,2,22479867,96292,,117657,20296,
migrate_demo,client,2,22485069,96292,,117657,20296,
migrate_demo,client,2,22490364,96292,,117903,20296,
migrate_demo,client,2,22495632,96292,,117903,20296,
migrate_demo,client,2,22500989,96292,,117903,20296,
migrate_demo,client,2,22506168,96292,,117903,20296,
migrate_demo,client,2,22511385,96292,,117903,20296,
migrate_demo,client,2,22516546,96292,,118156,20296,
migrate_demo,client,2,22521779,96292,,118156,20296,
migrate_demo,client,2,22527063,96292,,118156,20296,
migrate_demo,client,2,22532343,96292,,118156,20296,
migrate_demo,client,2,22537578,96292,,118408,20296,
migrate_demo,client,2,22542857,96292,,118408,20296,
migrate_demo,client,2,22548114,96292,,118408,20296,
migrate_demo,client,2,22553442,96292,,118408,20296,
migrate_demo,client,2,22558738,96292,,118408,20296,
migrate_demo,client,2,22563940,96292,,118682,20296,
migrate_demo,client,2,22569189,96292,,118682,20296,
migrate_demo,client,2,22574512,96292,,118682,20296,
migrate_demo,client,2,22579681,96292,,118682,20296,
migrate_demo,client,2,22584881,96292,,120058,20296,
migrate_demo,client,2,22590119,96292,,120058,20296,
migrate_demo,client,2,22595319,96292,,120058,20296,
migrate_demo,client,2,22600554,96292,,120183,20296,
migrate_demo,client,2,22605795,96292,,120183,20296,
migrate_demo,client,2,22610999,96292,,120183,20296,
migrate_demo,client,2,22616206,96292,,120183,20296,
migrate_demo,client,2,22621446,96292,,121554,20296,
migrate_demo,client,2,22626675,96292,,121554,20296,
migrate_demo,client,2,22631962,96292,,121570,20296,
migrate_demo,client,2,22637206,96292,,121570,20296,
migrate_demo,client,2,22642453,96292,,121570,20296,
migrate_demo,client,2,22647706,96292,,121570,20296,
migrate_demo,client,2,22653032,96292,,121570,20296,
migrate_demo,client,2,22658275,96292,,121537,20296,
migrate_demo,client,2,22663577,96292,,121537,20296,
migrate_demo,client,2,22668876,96292,,121537,20296,
migrate_demo,client,2,22674073,96292,,121537,20296,
migrate_demo,client,2,22679320,96292,,121614,20296,
migrate_demo,client,2,22684543,96292,,121614,20296,
migrate_demo,client,2,22689927,96292,,121614,20296,
migrate_demo,client,2,22695117,96292,,121614,20296,
migrate_demo,client,2,22700355,96292,,121614,20296,
migrate_demo,client,2,22705623,96292,,121671,20296,
migrate_demo,client,2,22710987,96292,,121671,20296,
migrate_demo,client,2,22716168,96292,,121671,20296,
migrate_demo,client,2,22721487,96292,,121671,20296,
migrate_demo,client,2,22726774,96292,,121756,20296,
migrate_demo,client,2,22732053,96292,,121756,20296,
migrate_demo,client,2,22737307,96292,,121756,20296,
migrate_demo,client,2,22742616,96292,,121756,20296,
migrate_demo,client,2,22747836,96292,,121871,20296,
migrate_demo,client,2,22753070,96292,,121871,20296,
migrate_demo,client,2,22758288,96292,,121871,20296,
migrate_demo,client,2,22763597,96292,,121871,20296,
migrate_demo,client,2,22769094,96292,,121871,20296,
migrate_demo,client,2,22774445,96292,,122046,20296,
migrate_demo,client,2,22779673,96292,,122046,20296,
migrate_demo,client,2,22784908,96292,,122046,20296,
migrate_demo,client,2,22790186,96292,,122046,20296,
migrate_demo,client,2,22795382,96292,,122193,20296,
migrate_demo,client,2,22800712,96292,,122193,20296,
migrate_demo,client,2,22806017,96292,,122193,20296,
migrate_demo,client,2,22811363,96292,,122193,20296,
migrate_demo,client,2,22816614,96292,,122391,20296,
migrate_demo,client,2,22822019,96292,,122391,20296,
migrate_demo,client,2,22827402,96292,,122391,20296,
migrate_demo,client,2,22832749,96292,,122391,20296,
migrate_demo,client,2,22838042,96292,,122391,20296,
migrate_demo,client,2,22843371,96292,,122545,20296,
migrate_demo,client,2,22848634,96292,,122545,20296,
migrate_demo,client,2,22853802,96292,,122545,20296,
migrate_demo,client,2,22859060,96292,,122545,20296,
migrate_demo,client,2,22864305,96292,,122737,20296,
migrate_demo,client,2,22869570,96292,,122737,20296,
migrate_demo,client,2,22874854,96292,,122737,20296,
migrate_demo,client,2,22880086,96292,,122737,20296,
migrate_demo,client,2,22885299,96292,,122911,20296,
migrate_demo,client,2,22890543,96292,,122911,20296,
migrate_demo,client,2,22895768,96292,,122911,20296,
migrate_demo,client,2,22901017,96292,,122911,20296,
migrate_demo,client,2,22906331,96292,,122911,20296,
migrate_demo,client,2,22911571,96292,,123108,20296,
migrate_demo,client,2,22916924,96292,,123108,20296,
migrate_demo,client,2,22922204,96292,,123108,20296,
migrate_demo,client,2,22927623,96292,,123108,20296,
migrate_demo,client,2,22932886,96292,,123255,20296,
migrate_demo,client,2,22938129,96292,,123255,20296,
migrate_demo,client,2,22943367,96292,,123255,20296,
migrate_demo,client,2,22948661,96292,,123255,20296,
migrate_demo,client,2,22953948,96292,,123418,20296,
migrate_demo,client,2,22959195,96292,,123418,20296,
migrate_demo,client,2,22964435,96292,,123418,20296,
migrate_demo,client,2,22969670,96292,,123418,20296,
migrate_demo,client,2,22974937,96292,,123418,20296,
migrate_demo,client,2,22980133,96292,,123637,20296,
migrate_demo,client,2,22985476,96292,,123637,20296,
migrate_demo,client,2,22990713,96292,,123637,20296,
migrate_demo,client,2,22995991,96292,,123637,20296,
migrate_demo,client,2,23001149,96292,,123888,20296,
migrate_demo,client,2,23006355,96292,,123888,20296,
migrate_demo,client,2,23011612,96292,,123888,20296,
migrate_demo,client,2,23016881,96292,,123888,20296,
migrate_demo,client,2,23022129,96292,,124103,20296,
migrate_demo,client,2,23027479,96292,,124103,20296,
migrate_demo,client,2,23032779,96292,,124103,20296,
migrate_demo,client,2,23038078,96292,,124103,20296,
migrate_demo,client,2,23043299,96292,,124103,20296,
migrate_demo,client,2,23048495,96292,,124357,20296,
migrate_demo,client,2,23053659,96292,,124357,20296,
migrate_demo,client,2,23058862,96292,,124357,20296,
migrate_demo,client,2,23064085,96292,,124357,20296,
migrate_demo,client,2,23069318,96292,,124574,20296,
migrate_demo,client,2,23074555,96292,,124574,20296,
migrate_demo,client,2,23079803,96292,,124574,20296,
migrate_demo,client,2,23085023,96292,,124574,20296,
migrate_demo,client,2,23090284,96292,,124574,20296,
migrate_demo,client,2,23095552,96292,,124808,20296,
migrate_demo,client,2,23100909,96292,,124808,20296,
migrate_demo,client,2,23106239,96292,,124808,20296,
migrate_demo,client,2,23111461,96292,,124808,20296,
migrate_demo,client,2,23116676,96292,,125042,20296,
migrate_demo,client,2,23121917,96292,,125042,20296,
migrate_demo,client,2,23127215,96292,,125042,20296,
migrate_demo,client,2,23132487,96292,,125042,20296,
migrate_demo,client,2,23137706,96292,,125307,20296,
migrate_demo,client,2,23142924,96292,,125307,20296,
migrate_demo,client,2,23148238,96292,,125307,20296,
migrate_demo,client,2,23153453,96292,,125307,20296,
migrate_demo,client,2,23158682,96292,,125307,20296,
migrate_demo,client,2,23163880,96292,,125533,20296,
migrate_demo,client,2,23169199,96292,,125533,20296,
migrate_demo,client,2,23174397,96292,,125533,20296,
migrate_demo,client,2,23179616,96292,,125533,20296,
migrate_demo,client,2,23184789,96292,,125799,20296,
migrate_demo,client,2,23190085,96292,,125799,20296,
migrate_demo,client,2,23195420,96292,,125799,20296,
migrate_demo,client,2,23200687,96292,,125799,20296,
migrate_demo,client,2,23205906,96292,,126035,20296,
migrate_demo,client,2,23211240,96292,,126035,20296,
migrate_demo,client,2,23216473,96292,,126035,20296,
migrate_demo,client,2,23221652,96292,,126035,20296,
migrate_demo,client,2,23226916,96292,,126035,20296,
migrate_demo,client,2,23232120,96292,,126299,20296,
migrate_demo,client,2,23237360,96292,,126299,20296,
migrate_demo,client,2,23242603,96292,,126299,20296,
migrate_demo,client,2,23247826,96292,,126299,20296,
migrate_demo,client,2,23253138,96292,,126528,20296,
migrate_demo,client,2,23258407,96292,,126528,20296,
migrate_demo,client,2,23263651,96292,,126528,20296,
migrate_demo,client,2,23268885,96292,,126528,20296,
migrate_demo,client,2,23274082,96292,,126528,20296,
migrate_demo,client,2,23279311,96292,,126791,20296,
migrate_demo,client,2,23284622,96292,,126791,20296,
migrate_demo,client,2,23289965,96292,,126791,20296,
migrate_demo,client,2,23295222,96292,,126791,20296,
migrate_demo,client,2,23300406,96292,,127026,20296,
migrate_demo,client,2,23305623,96292,,127026,20296,
migrate_demo,client,2,23310875,96292,,127026,20296,
migrate_demo,client,2,23316097,96292,,127026,20296,
migrate_demo,client,2,23321399,96292,,127258,20296,
migrate_demo,client,2,23326657,96292,,127258,20296,
migrate_demo,client,2,23331844,96292,,127258,20296,
migrate_demo,client,2,23337148,96292,,127258,20296,
migrate_demo,client,2,23342440,96292,,127258,20296,
migrate_demo,client,2,23347638,96292,,127497,20296,
migrate_demo,client,2,23352905,96292,,127497,20296,
migrate_demo,client,2,23358130,96292,,127497,20296,
migrate_demo,client,2,23363351,96292,,127497,20296,
migrate_demo,client,2,23368574,96292,,127772,20296,
migrate_demo,client,2,23373858,96292,,127772,20296,
migrate_demo,client,2,23379102,96292,,127772,20296,
migrate_demo,client,2,23384346,96292,,127772,20296,
migrate_demo,client,2,23389591,96292,,128003,20296,
migrate_demo,client,2,23394852,96292,,128003,20296,
migrate_demo,client,2,23400108,96292,,128003,20296,
migrate_demo,client,2,23405361,96292,,128003,20296,
migrate_demo,client,2,23410565,96292,,128003,20296,
migrate_demo,client,2,23415810,96292,,128244,20296,
migrate_demo,client,2,23421047,96292,,128244,20296,
migrate_demo,client,2,23426239,96292,,128244,20296,
migrate_demo,client,2,23431505,96292,,128244,20296,
migrate_demo,client,2,23436819,96292,,128485,20296,
migrate_demo,client,2,23442065,96292,,128485,20296,
migrate_demo,client,2,23447284,96292,,128485,20296,
migrate_demo,client,2,23452498,96292,,128485,20296,
migrate_demo,client,2,23457750,96292,,128485,20296,
migrate_demo,client,2,23463013,96292,,128757,20296,
migrate_demo,client,2,23468235,96292,,128757,20296,
migrate_demo,client,2,23473559,96292,,128757,20296,
migrate_demo,client,2,23478851,96292,,128757,20296,
migrate_demo,client,2,23484077,96292,,129001,20296,
migrate_demo,client,2,23489354,96292,,129001,20296,
migrate_demo,client,2,23494589,96292,,129001,20296,
migrate_demo,client,2,23499898,96292,,129001,20296,
migrate_demo,client,2,23505172,96292,,129276,20296,
migrate_demo,client,2,23510517,96292,,129276,20296,
migrate_demo,client,2,23515792,96292,,129276,20296,
migrate_demo,client,2,23521052,96292,,129276,20296,
migrate_demo,client,2,23526276,96292,,129276,20296,
migrate_demo,client,2,23531536,96292,,131898,20296,
migrate_demo,client,2,23536829,96292,,131898,20296,
migrate_demo,client,2,23542071,96292,,131898,20296,
migrate_demo,client,2,23547290,96292,,131898,20296,
migrate_demo,client,2,23552509,96292,,131898,20296,
migrate_demo,client,2,23557710,96292,,131870,20296,
migrate_demo,client,2,23563201,96292,,131870,20296,
migrate_demo,client,2,23568533,96292,,131870,20296,
migrate_demo,client,2,23573772,96292,,131870,20296,
migrate_demo,client,2,23578965,96292,,131917,20296,
migrate_demo,client,2,23584269,96292,,131917,20296,
migrate_demo,client,2,23589538,96292,,131917,20296,
migrate_demo,client,2,23594865,96292,,131917,20296,
migrate_demo,client,2,23600122,96292,,131955,20296,
migrate_demo,client,2,23605444,96292,,131955,20296,
migrate_demo,client,2,23610779,96292,,131955,20296,
migrate_demo,client,2,23616161,96292,,131955,20296,
migrate_demo,client,2,23621562,96292,,131955,20296,
migrate_demo,client,2,23626681,96292,,132051,20296,
migrate_demo,client,2,23631956,96292,,132051,20296,
migrate_demo,client,2,23637231,96292,,132051,20296,
migrate_demo,client,2,23642494,96292,,132051,20296,
migrate_demo,client,2,23647687,96292,,132135,20296,
migrate_demo,client,2,23652984,96292,,132135,20296,
migrate_demo,client,2,23658246,96292,,132135,20296,
migrate_demo,client,2,23663549,96292,,132135,20296,
migrate_demo,client,2,23668816,96292,,132135,20296,
migrate_demo,client,2,23674010,96292,,132267,20296,
migrate_demo,client,2,23679286,96292,,132267,20296,
migrate_demo,client,2,23684637,96292,,132267,20296,
migrate_demo,client,2,23689808,96292,,132267,20296,
migrate_demo,client,2,23695059,96292,,132379,20296,
migrate_demo,client,2,23700356,96292,,132379,20296,
migrate_demo,client,2,23705660,96292,,132379,20296,
migrate_demo,client,2,23711037,96292,,132379,20296,
migrate_demo,client,2,23716296,96292,,132546,20296,
migrate_demo,client,2,23721575,96292,,132546,20296,
migrate_demo,client,2,23727155,96292,,132546,20296,
migrate_demo,client,2,23732434,96292,,132546,20296,
migrate_demo,client,2,23737705,96292,,132546,20296,
migrate_demo,client,2,23742969,96292,,132701,20296,
migrate_demo,client,2,23748345,96292,,132701,20296,
migrate_demo,client,2,23753689,96292,,132701,20296,
migrate_demo,client,2,23758955,96292,,132701,20296,
migrate_demo,client,2,23764164,96292,,132900,20296,
migrate_demo,client,2,23769522,96292,,132900,20296,
migrate_demo,client,2,23774810,96292,,132900,20296,
migrate_demo,client,2,23780110,96292,,132900,20296,
migrate_demo,client,2,23785339,96292,,133056,20296,
migrate_demo,client,2,23790585,96292,,133056,20296,
migrate_demo,client,2,23795834,96292,,133056,20296,
migrate_demo,client,2,23801319,96292,,133056,20296,
migrate_demo,client,2,23806556,96292,,133056,20296,
migrate_demo,client,2,23811783,96292,,133267,20296,
migrate_demo,client,2,23817018,96292,,133267,20296,
migrate_demo,client,2,23822283,96292,,133267,20296,
migrate_demo,client,2,23827571,96292,,133267,20296,
migrate_demo,client,2,23832780,96292,,133454,20296,
migrate_demo,client,2,23838037,96292,,133454,20296,
migrate_demo,client,2,23843261,96292,,133454,20296,
migrate_demo,client,2,23848543,96292,,133454,20296,
migrate_demo,client,2,23853766,96292,,133634,20296,
migrate_demo,client,2,23859026,96292,,133634,20296,
migrate_demo,client,2,23864246,96292,,133634,20296,
migrate_demo,client,2,23869515,96292,,133634,20296,
migrate_demo,client,2,23874733,96292,,133634,20296,
migrate_demo,client,2,23879917,96292,,133756,20296,
migrate_demo,client,2,23885086,96292,,133756,20296,
migrate_demo,client,2,23890343,96292,,133756,20296,
migrate_demo,client,2,23895644,96292,,133756,20296,
migrate_demo,client,2,23900855,96292,,134002,20296,
migrate_demo,client,2,23906193,96292,,134002,20296,
migrate_demo,client,2,23911498,96292,,134002,20296,
migrate_demo,client,2,23916756,96292,,134002,20296,
migrate_demo,client,2,23922018,96292,,134225,20296,
migrate_demo,client,2,23927279,96292,,134225,20296,
migrate_demo,client,2,23932528,96292,,134225,20296,
migrate_demo,client,2,23937753,96292,,134225,20296,
migrate_demo,client,2,23943000,96292,,134225,20296,
migrate_demo,client,2,23948222,96292,,134462,20296,
migrate_demo,client,2,23953509,96292,,134462,20296,
migrate_demo,client,2,23958781,96292,,134462,20296,
migrate_demo,client,2,23964041,96292,,134462,20296,
migrate_demo,client,2,23969270,96292,,134688,20296,
migrate_demo,client,2,23974659,96292,,134688,20296,
migrate_demo,client,2,23979883,96292,,134688,20296,
migrate_demo,client,2,23985271,96292,,134688,20296,
migrate_demo,client,2,23990551,96292,,134688,20296,
migrate_demo,client,2,23995789,96292,,134937,20296,
migrate_demo,client,2,24001019,96292,,134937,20296,
migrate_demo,client,2,24006282,96292,,134937,20296,
migrate_demo,client,2,24011536,96292,,134937,20296,
migrate_demo,client,2,24016763,96292,,135165,20296,
migrate_demo,client,2,24021986,96292,,135165,20296,
migrate_demo,client,2,24027211,96292,,135165,20296,
migrate_demo,client,2,24032510,96292,,135165,20296,
migrate_demo,client,2,24037748,96292,,135432,20296,
migrate_demo,client,2,24043024,96292,,135432,20296,
migrate_demo,client,2,24048246,96292,,135432,20296,
migrate_demo,client,2,24053462,96292,,135432,20296,
migrate_demo,client,2,24058693,96292,,135432,20296,
migrate_demo,client,2,24063894,96292,,135648,20296,
migrate_demo,client,2,24069135,96292,,135648,20296,
migrate_demo,client,2,24074362,96292,,135648,20296,
migrate_demo,client,2,24079698,96292,,135648,20296,
migrate_demo,client,2,24084955,96292,,135916,20296,
migrate_demo,client,2,24090211,96292,,135916,20296,
migrate_demo,client,2,24095437,96292,,135916,20296,
migrate_demo,client,2,24100596,96292,,135916,20296,
migrate_demo,client,2,24105778,96292,,136105,20296,
migrate_demo,client,2,24111036,96292,,136105,20296,
migrate_demo,client,2,24116326,96292,,136105,20296,
migrate_demo,client,2,24121629,96292,,136105,20296,
migrate_demo,client,2,24126873,96292,,136105,20296,
migrate_demo,client,2,24132145,96292,,136362,20296,
migrate_demo,client,2,24137466,96292,,136362,20296,
migrate_demo,client,2,24142799,96292,,136362,20296,
migrate_demo,client,2,24148030,96292,,136362,20296,
migrate_demo,client,2,24153265,96292,,136603,20296,
migrate_demo,client,2,24158516,96292,,136603,20296,
migrate_demo,client,2,24163716,96292,,136603,20296,
migrate_demo,client,2,24168894,96292,,136603,20296,
migrate_demo,client,2,24174207,96292,,136603,20296,
migrate_demo,client,2,24179463,96292,,136872,20296,
migrate_demo,client,2,24184806,96292,,136872,20296,
migrate_demo,client,2,24189985,96292,,136872,20296,
migrate_demo,client,2,24195268,96292,,136872,20296,
migrate_demo,client,2,24200514,96292,,137068,20296,
migrate_demo,client,2,24205810,96292,,137068,20296,
migrate_demo,client,2,24211049,96292,,137068,20296,
migrate_demo,client,2,24216321,96292,,137068,20296,
migrate_demo,client,2,24221591,96292,,137339,20296,
migrate_demo,client,2,24226878,96292,,122875,20296,
migrate_demo,client,2,24232186,96292,,122875,20296,
migrate_demo,client,2,24237531,96292,,122875,20296,
migrate_demo,client,2,24242859,96292,,122875,20296,
migrate_demo,client,2,24248154,96292,,122875,20296,
migrate_demo,client,2,24253483,96292,,122875,20296,
migrate_demo,client,2,24258772,96292,,112592,20296,
migrate_demo,client,2,24264064,96292,,112592,20296,
