arm,role,rep,time_us,cwnd,bytes_in_flight,smoothed_rtt,min_rtt,latest_rtt
migrate_demo,client,3,45781,12200,,22308,22308,
migrate_demo,client,3,51048,12200,,22308,22308,
migrate_demo,client,3,56341,12200,,22308,22308,
migrate_demo,client,3,61569,12200,,22308,22308,
migrate_demo,client,3,66811,12200,,22132,20902,
migrate_demo,client,3,72102,12200,,22132,20902,
migrate_demo,client,3,77391,12200,,22132,20902,
migrate_demo,client,3,82656,12200,,22132,20902,
migrate_demo,client,3,87868,12200,,21392,20267,
migrate_demo,client,3,93083,12200,,21392,20267,
migrate_demo,client,3,98337,12200,,21392,20267,
migrate_demo,client,3,103584,12200,,21392,20267,
migrate_demo,client,3,108870,12200,,21177,20267,
migrate_demo,client,3,114117,12200,,21607,20267,
migrate_demo,client,3,119391,12200,,22368,20267,
migrate_demo,client,3,124633,12200,,22368,20267,
migrate_demo,client,3,129860,12200,,21723,20267,
migrate_demo,client,3,135119,12200,,22228,20267,
migrate_demo,client,3,140370,12200,,23912,20267,
migrate_demo,client,3,145612,12200,,25417,20267,
migrate_demo,client,3,150813,12200,,26927,20267,
migrate_demo,client,3,156045,12200,,29457,20267,
migrate_demo,client,3,161296,12200,,31356,20267,
migrate_demo,client,3,166580,12200,,32982,20267,
migrate_demo,client,3,171825,12200,,34786,20267,
migrate_demo,client,3,177096,12200,,36801,20267,
migrate_demo,client,3,182363,12200,,38878,20267,
migrate_demo,client,3,187601,12200,,42073,20267,
migrate_demo,client,3,192815,12200,,45221,20267,
migrate_demo,client,3,198045,12200,,46400,20267,
migrate_demo,client,3,203250,12200,,50632,20267,
migrate_demo,client,3,208531,12200,,52801,20267,
migrate_demo,client,3,213764,12200,,55129,20267,
migrate_demo,client,3,219015,12200,,57296,20267,
migrate_demo,client,3,224261,12200,,59365,20267,
migrate_demo,client,3,229473,12200,,62708,20267,
migrate_demo,client,3,234706,12200,,64797,20267,
migrate_demo,client,3,239931,12200,,68256,20267,
migrate_demo,client,3,245277,12200,,70367,20267,
migrate_demo,client,3,250507,12200,,73743,20267,
migrate_demo,client,3,255723,12200,,75729,20267,
migrate_demo,client,3,261015,12200,,76976,20267,
migrate_demo,client,3,266355,12200,,79385,20267,
migrate_demo,client,3,271573,12200,,83169,20267,
migrate_demo,client,3,276776,12200,,85492,20267,
migrate_demo,client,3,281967,12200,,88064,20267,
migrate_demo,client,3,287245,12200,,90239,20267,
migrate_demo,client,3,292535,12200,,93746,20267,
migrate_demo,client,3,297835,12200,,96076,20267,
migrate_demo,client,3,303160,12200,,99528,20267,
migrate_demo,client,3,308396,12200,,100785,20267,
migrate_demo,client,3,313660,12200,,104428,20267,
migrate_demo,client,3,318984,12200,,106846,20267,
migrate_demo,client,3,324251,12200,,109284,20267,
migrate_demo,client,3,329466,12200,,112785,20267,
migrate_demo,client,3,334734,12200,,114968,20267,
migrate_demo,client,3,339965,12200,,117203,20267,
migrate_demo,client,3,345173,12200,,119351,20267,
migrate_demo,client,3,350495,12200,,121816,20267,
migrate_demo,client,3,355728,12200,,124230,20267,
migrate_demo,client,3,361034,12200,,127810,20267,
migrate_demo,client,3,366239,12200,,130369,20267,
migrate_demo,client,3,371731,12200,,132652,20267,
migrate_demo,client,3,377069,12200,,136138,20267,
migrate_demo,client,3,382393,12200,,138598,20267,
migrate_demo,client,3,387615,12200,,141989,20267,
migrate_demo,client,3,392841,12200,,143235,20267,
migrate_demo,client,3,398075,12200,,145719,20267,
migrate_demo,client,3,403285,12344,,149404,20267,
migrate_demo,client,3,408495,12440,,151663,20267,
migrate_demo,client,3,413687,12584,,155163,20267,
migrate_demo,client,3,418880,12632,,156438,20267,
migrate_demo,client,3,424123,12728,,158938,20267,
migrate_demo,client,3,429319,12872,,162434,20267,
migrate_demo,client,3,434505,12920,,163700,20267,
migrate_demo,client,3,439743,13064,,167208,20267,
migrate_demo,client,3,445055,13160,,169743,20267,
migrate_demo,client,3,450289,13256,,172058,20267,
migrate_demo,client,3,455591,13352,,174370,20267,
migrate_demo,client,3,460830,13448,,176930,20267,
migrate_demo,client,3,466060,13544,,179452,20267,
migrate_demo,client,3,471280,13688,,182979,20267,
migrate_demo,client,3,476532,13784,,185430,20267,
migrate_demo,client,3,481786,13832,,186770,20267,
migrate_demo,client,3,487006,13976,,190522,20267,
migrate_demo,client,3,492253,14072,,193132,20267,
migrate_demo,client,3,497595,14168,,195462,20267,
migrate_demo,client,3,502801,14312,,199094,20267,
migrate_demo,client,3,508169,14360,,200393,20267,
migrate_demo,client,3,513468,14456,,202725,20267,
migrate_demo,client,3,518706,14600,,206614,20267,
migrate_demo,client,3,523970,14696,,208953,20267,
migrate_demo,client,3,529185,14792,,211513,20267,
migrate_demo,client,3,534390,14936,,215058,20267,
migrate_demo,client,3,539642,14984,,216328,20267,
migrate_demo,client,3,544916,15080,,218854,20267,
migrate_demo,client,3,550152,15224,,222382,20267,
migrate_demo,client,3,555400,15320,,224919,20267,
migrate_demo,client,3,560647,15416,,227343,20267,
migrate_demo,client,3,565899,15512,,229979,20267,
migrate_demo,client,3,571124,15608,,232331,20267,
migrate_demo,client,3,576441,15704,,234936,20267,
migrate_demo,client,3,581719,15800,,237268,20267,
migrate_demo,client,3,586950,15896,,239843,20267,
migrate_demo,client,3,592206,15992,,242159,20267,
migrate_demo,client,3,597421,16184,,245940,20267,
migrate_demo,client,3,602646,16280,,247666,20267,
migrate_demo,client,3,607920,16376,,250513,20267,
migrate_demo,client,3,613152,16472,,253255,20267,
migrate_demo,client,3,618362,16568,,255927,20267,
migrate_demo,client,3,623575,16664,,258331,20267,
migrate_demo,client,3,628845,16760,,260946,20267,
migrate_demo,client,3,634085,16856,,263513,20267,
migrate_demo,client,3,639377,16952,,265801,20267,
migrate_demo,client,3,644626,17096,,269639,20267,
migrate_demo,client,3,649857,17192,,272167,20267,
migrate_demo,client,3,655149,17288,,274669,20267,
migrate_demo,client,3,660495,17384,,276918,20267,
migrate_demo,client,3,665731,17528,,280458,20267,
migrate_demo,client,3,671089,17576,,281726,20267,
migrate_demo,client,3,676316,17672,,284188,20267,
migrate_demo,client,3,681594,17768,,286845,20267,
migrate_demo,client,3,686888,17912,,290508,20267,
migrate_demo,client,3,692086,18008,,293124,20267,
migrate_demo,client,3,697287,18104,,295690,20267,
migrate_demo,client,3,702515,18200,,297986,20267,
migrate_demo,client,3,707781,18344,,301562,20267,
migrate_demo,client,3,712991,18392,,302839,20267,
migrate_demo,client,3,718236,18536,,306460,20267,
migrate_demo,client,3,723483,18632,,309010,20267,
migrate_demo,client,3,728739,18728,,311529,20267,
migrate_demo,client,3,733990,18872,,315046,20267,
migrate_demo,client,3,739189,18920,,316311,20267,
migrate_demo,client,3,744417,19016,,318824,20267,
migrate_demo,client,3,749639,19160,,322321,20267,
migrate_demo,client,3,754816,19256,,324841,20267,
migrate_demo,client,3,760022,19352,,327331,20267,
migrate_demo,client,3,765208,19496,,330807,20267,
migrate_demo,client,3,770396,19544,,332071,20267,
migrate_demo,client,3,775703,19640,,334583,20267,
migrate_demo,client,3,780952,19736,,337074,20267,
migrate_demo,client,3,786225,19880,,340608,20267,
migrate_demo,client,3,791388,19976,,343117,20267,
migrate_demo,client,3,796621,20072,,345599,20267,
migrate_demo,client,3,801817,20168,,348069,20267,
migrate_demo,client,3,807058,20264,,350285,20267,
migrate_demo,client,3,812251,20408,,353795,20267,
migrate_demo,client,3,817538,20504,,356307,20267,
migrate_demo,client,3,822728,20600,,358613,20267,
migrate_demo,client,3,827938,20696,,361152,20267,
migrate_demo,client,3,833202,20840,,364675,20267,
migrate_demo,client,3,838459,20888,,365938,20267,
migrate_demo,client,3,843690,20984,,368468,20267,
migrate_demo,client,3,848925,21128,,371992,20267,
migrate_demo,client,3,854070,21224,,374510,20267,
migrate_demo,client,3,859317,21320,,377017,20267,
migrate_demo,client,3,864806,21416,,379501,20267,
migrate_demo,client,3,870128,21512,,381965,20267,
migrate_demo,client,3,875323,21608,,384420,20267,
migrate_demo,client,3,880547,21752,,388088,20267,
migrate_demo,client,3,885861,21848,,390515,20267,
migrate_demo,client,3,891060,21944,,392759,20267,
migrate_demo,client,3,896297,22040,,395241,20267,
migrate_demo,client,3,901535,22136,,397469,20267,
migrate_demo,client,3,906733,22232,,399978,20267,
migrate_demo,client,3,912044,22328,,402237,20267,
migrate_demo,client,3,917262,22472,,406030,20267,
migrate_demo,client,3,922524,22616,,409536,20267,
migrate_demo,client,3,928146,22664,,410804,20267,
migrate_demo,client,3,933393,22760,,413314,20267,
migrate_demo,client,3,938621,22904,,416842,20267,
migrate_demo,client,3,943922,23000,,419347,20267,
migrate_demo,client,3,949141,23096,,421604,20267,
migrate_demo,client,3,954352,23192,,424145,20267,
migrate_demo,client,3,959605,23288,,426654,20267,
migrate_demo,client,3,964804,23384,,429125,20267,
migrate_demo,client,3,970049,23480,,431586,20267,
migrate_demo,client,3,975285,23624,,435271,20267,
migrate_demo,client,3,980475,23720,,437721,20267,
migrate_demo,client,3,985713,23816,,440170,20267,
migrate_demo,client,3,990973,23960,,443605,20267,
migrate_demo,client,3,996168,24008,,444852,20267,
migrate_demo,client,3,1001422,24104,,447329,20267,
migrate_demo,client,3,1006675,24248,,451031,20267,
migrate_demo,client,3,1011959,24344,,453475,20267,
migrate_demo,client,3,1017182,24440,,455929,20267,
migrate_demo,client,3,1022434,24584,,459363,20267,
migrate_demo,client,3,1027684,24632,,460594,20267,
migrate_demo,client,3,1032910,24728,,463066,20267,
migrate_demo,client,3,1038136,24872,,466608,20267,
migrate_demo,client,3,1043383,24968,,468955,20267,
migrate_demo,client,3,1048571,25112,,472262,20267,
migrate_demo,client,3,1053763,25208,,474698,20267,
migrate_demo,client,3,1059003,25304,,477133,20267,
migrate_demo,client,3,1064256,25400,,479335,20267,
migrate_demo,client,3,1069428,25496,,481820,20267,
migrate_demo,client,3,1074619,25640,,485308,20267,
migrate_demo,client,3,1079799,25688,,486563,20267,
migrate_demo,client,3,1085067,25784,,489060,20267,
migrate_demo,client,3,1090288,25928,,492775,20267,
migrate_demo,client,3,1095460,26024,,495042,20267,
migrate_demo,client,3,1100709,26120,,497307,20267,
migrate_demo,client,3,1105968,26216,,499600,20267,
migrate_demo,client,3,1111226,26312,,502166,20267,
migrate_demo,client,3,1116459,26408,,504700,20267,
migrate_demo,client,3,1121870,26552,,508451,20267,
migrate_demo,client,3,1127086,26696,,511925,20267,
migrate_demo,client,3,1132339,26744,,513186,20267,
migrate_demo,client,3,1137590,26840,,515473,20267,
migrate_demo,client,3,1142830,26936,,518011,20267,
migrate_demo,client,3,1148175,27032,,520517,20267,
migrate_demo,client,3,1153350,27176,,524236,20267,
migrate_demo,client,3,1158584,27272,,526500,20267,
migrate_demo,client,3,1163880,27368,,528770,20267,
migrate_demo,client,3,1169094,27512,,532335,20267,
migrate_demo,client,3,1174351,27560,,533618,20267,
migrate_demo,client,3,1179583,27656,,536164,20267,
migrate_demo,client,3,1184867,27800,,539734,20267,
migrate_demo,client,3,1190120,27896,,542260,20267,
migrate_demo,client,3,1195389,27992,,544528,20267,
migrate_demo,client,3,1200684,28136,,548079,20267,
migrate_demo,client,3,1205887,28184,,549358,20267,
migrate_demo,client,3,1211136,28280,,551669,20267,
migrate_demo,client,3,1216342,28424,,555502,20267,
migrate_demo,client,3,1221581,28520,,557820,20267,
migrate_demo,client,3,1226811,28616,,560362,20267,
migrate_demo,client,3,1232028,28712,,562858,20267,
migrate_demo,client,3,1237250,28808,,565117,20267,
migrate_demo,client,3,1242490,28952,,568663,20267,
migrate_demo,client,3,1247717,29048,,571211,20267,
migrate_demo,client,3,1252994,29144,,573534,20267,
migrate_demo,client,3,1258259,29240,,575827,20267,
migrate_demo,client,3,1263507,29336,,578410,20267,
migrate_demo,client,3,1268756,29432,,580950,20267,
migrate_demo,client,3,1274039,29528,,583450,20267,
migrate_demo,client,3,1279258,29672,,587187,20267,
migrate_demo,client,3,1284475,29816,,590648,20267,
migrate_demo,client,3,1289629,29864,,591918,20267,
migrate_demo,client,3,1295191,29960,,594200,20267,
migrate_demo,client,3,1300449,30104,,597631,20267,
migrate_demo,client,3,1305710,30104,,597631,20267,
migrate_demo,client,3,1310971,30440,,599489,20267,
migrate_demo,client,3,1316176,30632,,600910,20267,
migrate_demo,client,3,1321348,30968,,602002,20267,
migrate_demo,client,3,1326551,31112,,603355,20267,
migrate_demo,client,3,1331793,31112,,603355,20267,
migrate_demo,client,3,1337186,31448,,603868,20267,
migrate_demo,client,3,1342425,31448,,603868,20267,
migrate_demo,client,3,1347635,31928,,604275,20267,
migrate_demo,client,3,1352880,31928,,604275,20267,
migrate_demo,client,3,1358148,32312,,604569,20267,
migrate_demo,client,3,1363348,32312,,604569,20267,
migrate_demo,client,3,1368575,32744,,604881,20267,
migrate_demo,client,3,1373905,32936,,605044,20267,
migrate_demo,client,3,1379139,33224,,605168,20267,
migrate_demo,client,3,1384403,33416,,605259,20267,
migrate_demo,client,3,1389657,33656,,605279,20267,
migrate_demo,client,3,1394854,33848,,605396,20267,
migrate_demo,client,3,1400099,34040,,605435,20267,
migrate_demo,client,3,1405394,34232,,605466,20267,
migrate_demo,client,3,1410582,34472,,605482,20267,
migrate_demo,client,3,1415750,34520,,605495,20267,
migrate_demo,client,3,1421027,34520,,605495,20267,
migrate_demo,client,3,1426207,35096,,605519,20267,
migrate_demo,client,3,1431409,35288,,605529,20267,
migrate_demo,client,3,1436645,35288,,605529,20267,
migrate_demo,client,3,1441895,35288,,605529,20267,
migrate_demo,client,3,1447110,35288,,605529,20267,
migrate_demo,client,3,1452342,36152,,605532,20267,
migrate_demo,client,3,1457612,36344,,605528,20267,
migrate_demo,client,3,1462835,36488,,605537,20267,
migrate_demo,client,3,1468073,36632,,605538,20267,
migrate_demo,client,3,1473344,36920,,605724,20267,
migrate_demo,client,3,1478550,36968,,605784,20267,
migrate_demo,client,3,1483804,36968,,605784,20267,
migrate_demo,client,3,1489034,36968,,605784,20267,
migrate_demo,client,3,1494244,37784,,605731,20267,
migrate_demo,client,3,1499603,38024,,605708,20267,
migrate_demo,client,3,1504875,38216,,605667,20267,
migrate_demo,client,3,1510090,38408,,605657,20267,
migrate_demo,client,3,1515330,38648,,605632,20267,
migrate_demo,client,3,1521029,38840,,605778,20267,
migrate_demo,client,3,1526254,38840,,605778,20267,
migrate_demo,client,3,1531514,39224,,605739,20267,
migrate_demo,client,3,1536707,39464,,605697,20267,
migrate_demo,client,3,1541916,39464,,605697,20267,
migrate_demo,client,3,1547130,39896,,605677,20267,
migrate_demo,client,3,1552326,39896,,605677,20267,
migrate_demo,client,3,1557606,40280,,605647,20267,
migrate_demo,client,3,1562836,40520,,605625,20267,
migrate_demo,client,3,1568050,40712,,605614,20267,
migrate_demo,client,3,1573336,40856,,605602,20267,
migrate_demo,client,3,1578782,41144,,605601,20267,
migrate_demo,client,3,1584000,41144,,605601,20267,
migrate_demo,client,3,1589214,41480,,605824,20267,
migrate_demo,client,3,1594483,41768,,605739,20267,
migrate_demo,client,3,1599698,41816,,605716,20267,
migrate_demo,client,3,1604920,42056,,605680,20267,
migrate_demo,client,3,1610216,42392,,605657,20267,
migrate_demo,client,3,1615416,42392,,605657,20267,
migrate_demo,client,3,1620655,42776,,605534,20267,
migrate_demo,client,3,1628318,43112,,605537,20267,
migrate_demo,client,3,1633558,43160,,605549,20267,
migrate_demo,client,3,1638886,43544,,605568,20267,
migrate_demo,client,3,1644094,43592,,605573,20267,
migrate_demo,client,3,1649309,43592,,605573,20267,
migrate_demo,client,3,1654530,44024,,605585,20267,
migrate_demo,client,3,1659768,44024,,605585,20267,
migrate_demo,client,3,1665256,44552,,605583,20267,
migrate_demo,client,3,1670396,44792,,605575,20267,
migrate_demo,client,3,1675495,44984,,605650,20267,
migrate_demo,client,3,1680631,44984,,605650,20267,
migrate_demo,client,3,1685923,44984,,605650,20267,
migrate_demo,client,3,1691287,44984,,605650,20267,
migrate_demo,client,3,1696519,44984,,605650,20267,
migrate_demo,client,3,1701726,44984,,605650,20267,
migrate_demo,client,3,1708660,44984,,605650,20267,
migrate_demo,client,3,1713840,46520,,605631,20267,
migrate_demo,client,3,1719137,46520,,605631,20267,
migrate_demo,client,3,1724348,46856,,605613,20267,
migrate_demo,client,3,1729737,47096,,605593,20267,
migrate_demo,client,3,1734921,47336,,605595,20267,
migrate_demo,client,3,1740152,47336,,605595,20267,
migrate_demo,client,3,1745365,47624,,605643,20267,
migrate_demo,client,3,1750609,47912,,605835,20267,
migrate_demo,client,3,1755812,48000,,605841,20267,
migrate_demo,client,3,1761073,48000,,605803,20267,
migrate_demo,client,3,1766288,48000,,605803,20267,
migrate_demo,client,3,1771518,48000,,605772,20267,
migrate_demo,client,3,1776807,48000,,605710,20267,
migrate_demo,client,3,1782007,48000,,605710,20267,
migrate_demo,client,3,1787237,48000,,605667,20267,
migrate_demo,client,3,1792411,48000,,605643,20267,
migrate_demo,client,3,1797720,48000,,605634,20267,
migrate_demo,client,3,1802867,48000,,605619,20267,
migrate_demo,client,3,1808059,48000,,605600,20267,
migrate_demo,client,3,1813238,48000,,605592,20267,
migrate_demo,client,3,1818448,48000,,605712,20267,
migrate_demo,client,3,1823634,48000,,605768,20267,
migrate_demo,client,3,1828830,48000,,605739,20267,
migrate_demo,client,3,1834017,48000,,605681,20267,
migrate_demo,client,3,1839254,48000,,605675,20267,
migrate_demo,client,3,1844499,48000,,605675,20267,
migrate_demo,client,3,1849723,48000,,605675,20267,
migrate_demo,client,3,1854934,48000,,605675,20267,
migrate_demo,client,3,1860136,48000,,605675,20267,
migrate_demo,client,3,1865376,48000,,605648,20267,
migrate_demo,client,3,1870562,48000,,605632,20267,
migrate_demo,client,3,1875758,48000,,605618,20267,
migrate_demo,client,3,1881101,48000,,605614,20267,
migrate_demo,client,3,1886280,48000,,605604,20267,
migrate_demo,client,3,1891513,48000,,605600,20267,
migrate_demo,client,3,1896743,48000,,605600,20267,
migrate_demo,client,3,1902014,48000,,605651,20267,
migrate_demo,client,3,1907300,48000,,605643,20267,
migrate_demo,client,3,1912540,48000,,605643,20267,
migrate_demo,client,3,1917783,48000,,605643,20267,
migrate_demo,client,3,1923040,48000,,605643,20267,
migrate_demo,client,3,1928221,48000,,605643,20267,
migrate_demo,client,3,1933453,48000,,605643,20267,
migrate_demo,client,3,1938637,48000,,605643,20267,
migrate_demo,client,3,1943830,48000,,605643,20267,
migrate_demo,client,3,1949083,48000,,605643,20267,
migrate_demo,client,3,1954286,48000,,605643,20267,
migrate_demo,client,3,1959564,48000,,605643,20267,
migrate_demo,client,3,1964810,48000,,605643,20267,
migrate_demo,client,3,1969978,48000,,605643,20267,
migrate_demo,client,3,1975198,48000,,605643,20267,
migrate_demo,client,3,1980379,48000,,605643,20267,
migrate_demo,client,3,1985669,48000,,605643,20267,
migrate_demo,client,3,1990881,48000,,605643,20267,
migrate_demo,client,3,1996091,48000,,605643,20267,
migrate_demo,client,3,2001336,48000,,605643,20267,
migrate_demo,client,3,2006541,48000,,605643,20267,
migrate_demo,client,3,2011739,48000,,605643,20267,
migrate_demo,client,3,2016960,48000,,605643,20267,
migrate_demo,client,3,2022283,48000,,605643,20267,
migrate_demo,client,3,2027531,48000,,605643,20267,
migrate_demo,client,3,2032790,48000,,605643,20267,
migrate_demo,client,3,2038072,48000,,605643,20267,
migrate_demo,client,3,2043330,48000,,605643,20267,
migrate_demo,client,3,2048551,48000,,605643,20267,
migrate_demo,client,3,2053744,48000,,605643,20267,
migrate_demo,client,3,2058926,48000,,605643,20267,
migrate_demo,client,3,2064107,48000,,605643,20267,
migrate_demo,client,3,2069363,48000,,605643,20267,
migrate_demo,client,3,2074632,48000,,605643,20267,
migrate_demo,client,3,2079819,48000,,605643,20267,
migrate_demo,client,3,2085075,48000,,605643,20267,
migrate_demo,client,3,2090354,48000,,605643,20267,
migrate_demo,client,3,2095571,48000,,605643,20267,
migrate_demo,client,3,2101024,48000,,605643,20267,
migrate_demo,client,3,2106238,48000,,605643,20267,
migrate_demo,client,3,2111477,48000,,605643,20267,
migrate_demo,client,3,2116705,48000,,605643,20267,
migrate_demo,client,3,2121890,48000,,605643,20267,
migrate_demo,client,3,2127174,48000,,605643,20267,
migrate_demo,client,3,2132355,48000,,605643,20267,
migrate_demo,client,3,2137564,48000,,605643,20267,
migrate_demo,client,3,2142799,48000,,605643,20267,
migrate_demo,client,3,2148040,48000,,605643,20267,
migrate_demo,client,3,2153295,48000,,605643,20267,
migrate_demo,client,3,2158536,48000,,605643,20267,
migrate_demo,client,3,2163840,48000,,605643,20267,
migrate_demo,client,3,2169101,48000,,605643,20267,
migrate_demo,client,3,2174377,48000,,605643,20267,
migrate_demo,client,3,2179639,48000,,605643,20267,
migrate_demo,client,3,2184925,48000,,605643,20267,
migrate_demo,client,3,2190163,48000,,605643,20267,
migrate_demo,client,3,2195419,48000,,605643,20267,
migrate_demo,client,3,2200680,48000,,605643,20267,
migrate_demo,client,3,2205896,48000,,605643,20267,
migrate_demo,client,3,2211183,48000,,605643,20267,
migrate_demo,client,3,2216396,48000,,605643,20267,
migrate_demo,client,3,2221616,48000,,605643,20267,
migrate_demo,client,3,2226847,48000,,605643,20267,
migrate_demo,client,3,2232170,48000,,605643,20267,
migrate_demo,client,3,2237405,48000,,605643,20267,
migrate_demo,client,3,2242686,48000,,605643,20267,
migrate_demo,client,3,2247902,48000,,605643,20267,
migrate_demo,client,3,2253109,48000,,605643,20267,
migrate_demo,client,3,2258367,48000,,605643,20267,
migrate_demo,client,3,2263673,48000,,605643,20267,
migrate_demo,client,3,2268908,48000,,605643,20267,
migrate_demo,client,3,2274212,48000,,605643,20267,
migrate_demo,client,3,2279419,48000,,605643,20267,
migrate_demo,client,3,2284614,48000,,605643,20267,
migrate_demo,client,3,2290029,48000,,605643,20267,
migrate_demo,client,3,2295322,48000,,605643,20267,
migrate_demo,client,3,2300549,48000,,605643,20267,
migrate_demo,client,3,2305801,48000,,605643,20267,
migrate_demo,client,3,2311029,48000,,605643,20267,
migrate_demo,client,3,2316254,48000,,605643,20267,
migrate_demo,client,3,2321436,48000,,605643,20267,
migrate_demo,client,3,2326586,48000,,605643,20267,
migrate_demo,client,3,2331805,48000,,605643,20267,
migrate_demo,client,3,2337038,48000,,605643,20267,
migrate_demo,client,3,2342277,48000,,605643,20267,
migrate_demo,client,3,2347457,48000,,605643,20267,
migrate_demo,client,3,2352703,48000,,605643,20267,
migrate_demo,client,3,2357997,48000,,605643,20267,
migrate_demo,client,3,2363172,48000,,605643,20267,
migrate_demo,client,3,2368418,48000,,605643,20267,
migrate_demo,client,3,2373671,48000,,605643,20267,
migrate_demo,client,3,2378889,48000,,605643,20267,
migrate_demo,client,3,2384140,48000,,605643,20267,
migrate_demo,client,3,2389426,48000,,605643,20267,
migrate_demo,client,3,2394702,48000,,605643,20267,
migrate_demo,client,3,2400007,48000,,605643,20267,
migrate_demo,client,3,2405208,48000,,605643,20267,
migrate_demo,client,3,2410455,48000,,605643,20267,
migrate_demo,client,3,2415663,48000,,605643,20267,
migrate_demo,client,3,2420869,48000,,605643,20267,
migrate_demo,client,3,2426028,48000,,605643,20267,
migrate_demo,client,3,2431220,48000,,605643,20267,
migrate_demo,client,3,2437681,48000,,605643,20267,
migrate_demo,client,3,2442891,48000,,605643,20267,
migrate_demo,client,3,2448135,48000,,605643,20267,
migrate_demo,client,3,2453348,48000,,605643,20267,
migrate_demo,client,3,2458716,48000,,605643,20267,
migrate_demo,client,3,2463920,48000,,605643,20267,
migrate_demo,client,3,2469106,48000,,605643,20267,
migrate_demo,client,3,2474422,48000,,605643,20267,
migrate_demo,client,3,2479606,48000,,605643,20267,
migrate_demo,client,3,2484875,48000,,605643,20267,
migrate_demo,client,3,2490215,48000,,605643,20267,
migrate_demo,client,3,2495590,48000,,605643,20267,
migrate_demo,client,3,2500734,48000,,605643,20267,
migrate_demo,client,3,2505948,48000,,605643,20267,
migrate_demo,client,3,2511185,48000,,605643,20267,
migrate_demo,client,3,2516391,48000,,605643,20267,
migrate_demo,client,3,2521618,48302,,606538,20267,
migrate_demo,client,3,2526787,96145,,443558,20267,
migrate_demo,client,3,2531966,96145,,443558,20267,
migrate_demo,client,3,2537199,96145,,443558,20267,
migrate_demo,client,3,2542421,96145,,443558,20267,
migrate_demo,client,3,2547660,96145,,443558,20267,
migrate_demo,client,3,2552902,96145,,443558,20267,
migrate_demo,client,3,2558097,96145,,443558,20267,
migrate_demo,client,3,2563308,96145,,443558,20267,
migrate_demo,client,3,2568565,96145,,443558,20267,
migrate_demo,client,3,2573792,96145,,443558,20267,
migrate_demo,client,3,2578977,96145,,443558,20267,
migrate_demo,client,3,2584225,96145,,443558,20267,
migrate_demo,client,3,2589493,96145,,443558,20267,
migrate_demo,client,3,2594821,96145,,443558,20267,
migrate_demo,client,3,2600117,96145,,443558,20267,
migrate_demo,client,3,2605330,96145,,443558,20267,
migrate_demo,client,3,2610578,96145,,443558,20267,
migrate_demo,client,3,2615784,96145,,443558,20267,
migrate_demo,client,3,2621073,96145,,443558,20267,
migrate_demo,client,3,2626343,96145,,443558,20267,
migrate_demo,client,3,2631580,96145,,443558,20267,
migrate_demo,client,3,2636882,96145,,443558,20267,
migrate_demo,client,3,2642199,96145,,443558,20267,
migrate_demo,client,3,2647374,96145,,443558,20267,
migrate_demo,client,3,2652622,96145,,443558,20267,
migrate_demo,client,3,2657836,96145,,443558,20267,
migrate_demo,client,3,2663072,96145,,443558,20267,
migrate_demo,client,3,2668347,96145,,443558,20267,
migrate_demo,client,3,2673588,96145,,443558,20267,
migrate_demo,client,3,2678824,96145,,443558,20267,
migrate_demo,client,3,2684044,96145,,443558,20267,
migrate_demo,client,3,2689256,96145,,443558,20267,
migrate_demo,client,3,2694454,96145,,443558,20267,
migrate_demo,client,3,2699677,96145,,443558,20267,
migrate_demo,client,3,2704866,96145,,443558,20267,
migrate_demo,client,3,2710106,96145,,443558,20267,
migrate_demo,client,3,2715389,96145,,443558,20267,
migrate_demo,client,3,2720612,96145,,443558,20267,
migrate_demo,client,3,2725814,96145,,443558,20267,
migrate_demo,client,3,2731124,96145,,443558,20267,
migrate_demo,client,3,2736421,96145,,443558,20267,
migrate_demo,client,3,2741655,96145,,443558,20267,
migrate_demo,client,3,2746884,96145,,443558,20267,
migrate_demo,client,3,2752149,96145,,443558,20267,
migrate_demo,client,3,2757408,96145,,443558,20267,
migrate_demo,client,3,2762773,96145,,443558,20267,
migrate_demo,client,3,2768030,96145,,443558,20267,
migrate_demo,client,3,2773271,96145,,443558,20267,
migrate_demo,client,3,2778536,96145,,443558,20267,
migrate_demo,client,3,2783749,96145,,443558,20267,
migrate_demo,client,3,2789014,96145,,443558,20267,
migrate_demo,client,3,2794209,96145,,443558,20267,
migrate_demo,client,3,2799407,96145,,443558,20267,
migrate_demo,client,3,2804566,96145,,443558,20267,
migrate_demo,client,3,2809822,96145,,443558,20267,
migrate_demo,client,3,2815083,96145,,443558,20267,
migrate_demo,client,3,2820943,96145,,443558,20267,
migrate_demo,client,3,2826176,96145,,443558,20267,
migrate_demo,client,3,2831370,96145,,443558,20267,
migrate_demo,client,3,2836729,96145,,443558,20267,
migrate_demo,client,3,2841947,96145,,443558,20267,
migrate_demo,client,3,2847183,96145,,443558,20267,
migrate_demo,client,3,2852499,96145,,443558,20267,
migrate_demo,client,3,2857820,96145,,443558,20267,
migrate_demo,client,3,2863084,96145,,443558,20267,
migrate_demo,client,3,2868330,96145,,443558,20267,
migrate_demo,client,3,2873702,96145,,443558,20267,
migrate_demo,client,3,2879054,96145,,443558,20267,
migrate_demo,client,3,2884264,96145,,443558,20267,
migrate_demo,client,3,2889502,96145,,443558,20267,
migrate_demo,client,3,2894813,96145,,443558,20267,
migrate_demo,client,3,2900027,96145,,443558,20267,
migrate_demo,client,3,2905215,96145,,443558,20267,
migrate_demo,client,3,2910463,96145,,443558,20267,
migrate_demo,client,3,2915713,96145,,443558,20267,
migrate_demo,client,3,2920948,96145,,443558,20267,
migrate_demo,client,3,2926147,96145,,443558,20267,
migrate_demo,client,3,2931366,96145,,443558,20267,
migrate_demo,client,3,2936609,96145,,443558,20267,
migrate_demo,client,3,2941823,96145,,443558,20267,
migrate_demo,client,3,2947044,96145,,443558,20267,
migrate_demo,client,3,2952276,96145,,443558,20267,
migrate_demo,client,3,2957470,96145,,443558,20267,
migrate_demo,client,3,2962690,96145,,443558,20267,
migrate_demo,client,3,2968004,96145,,443558,20267,
migrate_demo,client,3,2973224,96145,,443558,20267,
migrate_demo,client,3,2978424,96145,,443558,20267,
migrate_demo,client,3,2983631,96145,,443558,20267,
migrate_demo,client,3,2988808,96145,,443558,20267,
migrate_demo,client,3,2994031,96145,,443558,20267,
migrate_demo,client,3,2999300,96145,,443558,20267,
migrate_demo,client,3,3004513,96145,,443558,20267,
migrate_demo,client,3,3009727,96145,,443558,20267,
migrate_demo,client,3,3014943,96145,,443558,20267,
migrate_demo,client,3,3020129,96145,,443558,20267,
migrate_demo,client,3,3025300,96145,,443558,20267,
migrate_demo,client,3,3030511,96145,,443558,20267,
migrate_demo,client,3,3035792,96145,,443558,20267,
migrate_demo,client,3,3041032,96290,,452855,20267,
migrate_demo,client,3,3046205,96290,,452855,20267,
migrate_demo,client,3,3051431,96290,,461225,20267,
migrate_demo,client,3,3056684,96290,,461225,20267,
migrate_demo,client,3,3061952,96290,,469184,20267,
migrate_demo,client,3,3067155,96290,,476766,20267,
migrate_demo,client,3,3072355,96290,,483625,20267,
migrate_demo,client,3,3077568,96290,,483625,20267,
migrate_demo,client,3,3082737,96290,,483625,20267,
migrate_demo,client,3,3087967,96290,,490761,20267,
migrate_demo,client,3,3093212,96290,,497611,20267,
migrate_demo,client,3,3098441,96290,,497611,20267,
migrate_demo,client,3,3103724,96290,,497611,20267,
migrate_demo,client,3,3108931,96290,,504737,20267,
migrate_demo,client,3,3114186,96290,,504737,20267,
migrate_demo,client,3,3119480,96290,,504737,20267,
migrate_demo,client,3,3124680,96290,,504737,20267,
migrate_demo,client,3,3129933,96290,,504737,20267,
migrate_demo,client,3,3135187,96290,,504737,20267,
migrate_demo,client,3,3140414,96290,,504737,20267,
migrate_demo,client,3,3145599,96290,,504737,20267,
migrate_demo,client,3,3150844,96290,,504737,20267,
migrate_demo,client,3,3156027,96290,,504737,20267,
migrate_demo,client,3,3161347,96290,,504737,20267,
migrate_demo,client,3,3166601,96290,,504737,20267,
migrate_demo,client,3,3171786,96290,,504737,20267,
migrate_demo,client,3,3177035,96290,,504737,20267,
migrate_demo,client,3,3182236,96290,,504737,20267,
migrate_demo,client,3,3187416,96290,,504737,20267,
migrate_demo,client,3,3192728,96290,,504737,20267,
migrate_demo,client,3,3197986,96290,,504737,20267,
migrate_demo,client,3,3203201,96290,,504737,20267,
migrate_demo,client,3,3208511,96290,,504737,20267,
migrate_demo,client,3,3213753,96290,,504737,20267,
migrate_demo,client,3,3218980,96290,,504737,20267,
migrate_demo,client,3,3224203,96290,,504737,20267,
migrate_demo,client,3,3229437,96290,,504737,20267,
migrate_demo,client,3,3234659,96290,,504737,20267,
migrate_demo,client,3,3239874,96290,,504737,20267,
migrate_demo,client,3,3245077,96290,,504737,20267,
migrate_demo,client,3,3250300,96290,,504737,20267,
migrate_demo,client,3,3255485,96290,,504737,20267,
migrate_demo,client,3,3260773,96290,,504737,20267,
migrate_demo,client,3,3266023,96290,,504737,20267,
migrate_demo,client,3,3271233,96290,,504737,20267,
migrate_demo,client,3,3276487,96290,,504737,20267,
migrate_demo,client,3,3281736,96290,,504737,20267,
migrate_demo,client,3,3286969,96290,,504737,20267,
migrate_demo,client,3,3292177,96290,,504737,20267,
migrate_demo,client,3,3297395,96290,,504737,20267,
migrate_demo,client,3,3302630,96290,,504737,20267,
migrate_demo,client,3,3307907,96290,,504737,20267,
migrate_demo,client,3,3313131,96290,,504737,20267,
migrate_demo,client,3,3318304,96290,,504737,20267,
migrate_demo,client,3,3323584,96290,,504737,20267,
migrate_demo,client,3,3328865,96290,,504737,20267,
migrate_demo,client,3,3334157,96290,,504737,20267,
migrate_demo,client,3,3339405,96290,,504737,20267,
migrate_demo,client,3,3344723,96290,,504737,20267,
migrate_demo,client,3,3349927,96290,,504737,20267,
migrate_demo,client,3,3355178,96290,,504737,20267,
migrate_demo,client,3,3360410,96290,,504737,20267,
migrate_demo,client,3,3365703,96290,,504737,20267,
migrate_demo,client,3,3370860,96290,,504737,20267,
migrate_demo,client,3,3376116,96290,,504737,20267,
migrate_demo,client,3,3381379,96290,,504737,20267,
migrate_demo,client,3,3386669,96290,,504737,20267,
migrate_demo,client,3,3391897,96290,,504737,20267,
migrate_demo,client,3,3397140,96290,,504737,20267,
migrate_demo,client,3,3402413,96290,,504737,20267,
migrate_demo,client,3,3407757,96290,,504737,20267,
migrate_demo,client,3,3413009,96290,,504737,20267,
migrate_demo,client,3,3418229,96290,,504737,20267,
migrate_demo,client,3,3423469,96290,,504737,20267,
migrate_demo,client,3,3428799,96290,,504737,20267,
migrate_demo,client,3,3434037,96290,,504737,20267,
migrate_demo,client,3,3439284,96290,,504737,20267,
migrate_demo,client,3,3444520,96290,,504737,20267,
migrate_demo,client,3,3449766,96290,,504737,20267,
migrate_demo,client,3,3455014,96290,,504737,20267,
migrate_demo,client,3,3460252,96290,,504737,20267,
migrate_demo,client,3,3465463,96290,,504737,20267,
migrate_demo,client,3,3470703,96290,,504737,20267,
migrate_demo,client,3,3475984,96290,,504737,20267,
migrate_demo,client,3,3481201,96290,,504737,20267,
migrate_demo,client,3,3486427,96290,,504737,20267,
migrate_demo,client,3,3491723,96290,,504737,20267,
migrate_demo,client,3,3496999,96290,,504737,20267,
migrate_demo,client,3,3502155,96290,,504737,20267,
migrate_demo,client,3,3507409,96290,,504737,20267,
migrate_demo,client,3,3512618,96290,,504737,20267,
migrate_demo,client,3,3517859,96290,,504737,20267,
migrate_demo,client,3,3523105,96290,,504737,20267,
migrate_demo,client,3,3528340,96290,,504737,20267,
migrate_demo,client,3,3533588,96290,,504737,20267,
migrate_demo,client,3,3538868,96290,,504737,20267,
migrate_demo,client,3,3544166,96290,,504737,20267,
migrate_demo,client,3,3549404,96290,,504737,20267,
migrate_demo,client,3,3554644,96290,,504737,20267,
migrate_demo,client,3,3559869,96290,,504737,20267,
migrate_demo,client,3,3565241,96290,,504737,20267,
migrate_demo,client,3,3570461,96290,,504737,20267,
migrate_demo,client,3,3575673,96290,,504737,20267,
migrate_demo,client,3,3580935,96290,,504737,20267,
migrate_demo,client,3,3586168,96290,,504737,20267,
migrate_demo,client,3,3591372,96290,,504737,20267,
migrate_demo,client,3,3596645,96290,,504737,20267,
migrate_demo,client,3,3601875,96290,,504737,20267,
migrate_demo,client,3,3607120,96290,,504737,20267,
migrate_demo,client,3,3612411,96290,,504737,20267,
migrate_demo,client,3,3617667,96290,,504737,20267,
migrate_demo,client,3,3622918,96290,,504737,20267,
migrate_demo,client,3,3628182,96290,,504737,20267,
migrate_demo,client,3,3633400,96290,,504737,20267,
migrate_demo,client,3,3638623,96290,,504737,20267,
migrate_demo,client,3,3643930,96290,,504737,20267,
migrate_demo,client,3,3649129,96290,,504737,20267,
migrate_demo,client,3,3654372,96290,,504737,20267,
migrate_demo,client,3,3659605,96290,,504737,20267,
migrate_demo,client,3,3664856,96290,,504737,20267,
migrate_demo,client,3,3670089,96290,,504737,20267,
migrate_demo,client,3,3675441,96290,,504737,20267,
migrate_demo,client,3,3680662,96290,,504737,20267,
migrate_demo,client,3,3685973,96290,,504737,20267,
migrate_demo,client,3,3691176,96290,,504737,20267,
migrate_demo,client,3,3696422,96290,,504737,20267,
migrate_demo,client,3,3701628,96290,,504737,20267,
migrate_demo,client,3,3706867,96290,,504737,20267,
migrate_demo,client,3,3712081,96290,,504737,20267,
migrate_demo,client,3,3717282,96290,,504737,20267,
migrate_demo,client,3,3722506,96290,,504737,20267,
migrate_demo,client,3,3727772,96290,,504737,20267,
migrate_demo,client,3,3733040,96290,,504737,20267,
migrate_demo,client,3,3738291,96290,,504737,20267,
migrate_demo,client,3,3743585,96290,,504737,20267,
migrate_demo,client,3,3748823,96290,,504737,20267,
migrate_demo,client,3,3754152,96290,,504737,20267,
migrate_demo,client,3,3759406,96290,,504737,20267,
migrate_demo,client,3,3764699,96290,,504737,20267,
migrate_demo,client,3,3769873,96290,,504737,20267,
migrate_demo,client,3,3775115,96290,,504737,20267,
migrate_demo,client,3,3780318,96290,,504737,20267,
migrate_demo,client,3,3785585,96290,,504737,20267,
migrate_demo,client,3,3790796,96290,,504737,20267,
migrate_demo,client,3,3796090,96290,,504737,20267,
migrate_demo,client,3,3801443,96290,,504737,20267,
migrate_demo,client,3,3806646,96290,,504737,20267,
migrate_demo,client,3,3811833,96290,,504737,20267,
migrate_demo,client,3,3817022,96290,,504737,20267,
migrate_demo,client,3,3822232,96290,,504737,20267,
migrate_demo,client,3,3827475,96290,,515145,20267,
migrate_demo,client,3,3832652,96290,,515145,20267,
migrate_demo,client,3,3837865,96290,,515145,20267,
migrate_demo,client,3,3843141,96290,,515145,20267,
migrate_demo,client,3,3848398,96290,,515145,20267,
migrate_demo,client,3,3853575,96290,,515145,20267,
migrate_demo,client,3,3858735,96290,,515145,20267,
migrate_demo,client,3,3863968,96290,,515145,20267,
migrate_demo,client,3,3869237,96290,,515145,20267,
migrate_demo,client,3,3874534,96290,,515145,20267,
migrate_demo,client,3,3879733,96290,,515145,20267,
migrate_demo,client,3,3884956,96290,,515145,20267,
migrate_demo,client,3,3890150,96290,,515145,20267,
migrate_demo,client,3,3895388,96290,,515145,20267,
migrate_demo,client,3,3900597,96290,,515145,20267,
migrate_demo,client,3,3905818,96290,,515145,20267,
migrate_demo,client,3,3911084,96290,,515145,20267,
migrate_demo,client,3,3916358,96290,,515145,20267,
migrate_demo,client,3,3921678,96290,,515145,20267,
migrate_demo,client,3,3926885,96290,,515145,20267,
migrate_demo,client,3,3932188,96290,,515145,20267,
migrate_demo,client,3,3937465,96290,,515145,20267,
migrate_demo,client,3,3942739,96290,,515145,20267,
migrate_demo,client,3,3947975,96290,,515145,20267,
migrate_demo,client,3,3953182,96290,,515145,20267,
migrate_demo,client,3,3958362,96290,,515145,20267,
migrate_demo,client,3,3963627,96290,,515145,20267,
migrate_demo,client,3,3968850,96290,,515145,20267,
migrate_demo,client,3,3974159,96290,,515145,20267,
migrate_demo,client,3,3979427,96290,,515145,20267,
migrate_demo,client,3,3984665,96290,,515145,20267,
migrate_demo,client,3,3989901,96290,,515145,20267,
migrate_demo,client,3,3995176,96290,,515145,20267,
migrate_demo,client,3,4000390,96290,,515145,20267,
migrate_demo,client,3,4005703,96290,,515145,20267,
migrate_demo,client,3,4010959,96290,,515145,20267,
migrate_demo,client,3,4016209,96290,,515145,20267,
migrate_demo,client,3,4021459,96290,,515145,20267,
migrate_demo,client,3,4026664,96290,,515145,20267,
migrate_demo,client,3,4031899,96290,,515145,20267,
migrate_demo,client,3,4037212,96290,,515145,20267,
migrate_demo,client,3,4042460,96290,,515145,20267,
migrate_demo,client,3,4047695,96290,,515145,20267,
migrate_demo,client,3,4052879,96290,,515145,20267,
migrate_demo,client,3,4058113,96290,,515145,20267,
migrate_demo,client,3,4063391,96290,,515145,20267,
migrate_demo,client,3,4068687,96290,,515145,20267,
migrate_demo,client,3,4073988,96290,,515145,20267,
migrate_demo,client,3,4079237,96290,,515145,20267,
migrate_demo,client,3,4084419,96290,,515145,20267,
migrate_demo,client,3,4089691,96290,,515145,20267,
migrate_demo,client,3,4094952,96290,,515145,20267,
migrate_demo,client,3,4100158,96290,,515145,20267,
migrate_demo,client,3,4105359,96290,,515145,20267,
migrate_demo,client,3,4110596,96290,,515145,20267,
migrate_demo,client,3,4115862,96290,,515145,20267,
migrate_demo,client,3,4121130,96290,,515145,20267,
migrate_demo,client,3,4126365,96290,,515145,20267,
migrate_demo,client,3,4131644,96290,,515145,20267,
migrate_demo,client,3,4136841,96290,,515145,20267,
migrate_demo,client,3,4142060,96290,,515145,20267,
migrate_demo,client,3,4147247,96290,,515145,20267,
migrate_demo,client,3,4152462,96290,,515145,20267,
migrate_demo,client,3,4157653,96290,,515145,20267,
migrate_demo,client,3,4162873,96290,,515145,20267,
migrate_demo,client,3,4168085,96290,,515145,20267,
migrate_demo,client,3,4173305,96290,,515145,20267,
migrate_demo,client,3,4178543,96290,,515145,20267,
migrate_demo,client,3,4183792,96290,,515145,20267,
migrate_demo,client,3,4189014,96290,,515145,20267,
migrate_demo,client,3,4194212,96290,,515145,20267,
migrate_demo,client,3,4199458,96290,,515145,20267,
migrate_demo,client,3,4204726,96290,,515145,20267,
migrate_demo,client,3,4209960,96290,,515145,20267,
migrate_demo,client,3,4215245,96290,,515145,20267,
migrate_demo,client,3,4220413,96290,,515145,20267,
migrate_demo,client,3,4225736,96290,,515145,20267,
migrate_demo,client,3,4230944,96290,,515145,20267,
migrate_demo,client,3,4236153,96290,,515145,20267,
migrate_demo,client,3,4241364,96290,,515145,20267,
migrate_demo,client,3,4246583,96290,,515145,20267,
migrate_demo,client,3,4251803,96290,,515145,20267,
migrate_demo,client,3,4257011,96290,,515145,20267,
migrate_demo,client,3,4262208,96290,,515145,20267,
migrate_demo,client,3,4267431,96290,,515145,20267,
migrate_demo,client,3,4272653,96290,,515145,20267,
migrate_demo,client,3,4277883,96290,,515145,20267,
migrate_demo,client,3,4283139,96290,,515145,20267,
migrate_demo,client,3,4288363,96290,,515145,20267,
migrate_demo,client,3,4293593,96290,,515145,20267,
migrate_demo,client,3,4298807,96290,,515145,20267,
migrate_demo,client,3,4304030,96290,,515145,20267,
migrate_demo,client,3,4309341,96290,,515145,20267,
migrate_demo,client,3,4314568,96290,,515145,20267,
migrate_demo,client,3,4319766,96290,,515145,20267,
migrate_demo,client,3,4324976,96290,,515145,20267,
migrate_demo,client,3,4330216,96290,,515145,20267,
migrate_demo,client,3,4335516,96290,,515145,20267,
migrate_demo,client,3,4340769,96290,,515145,20267,
migrate_demo,client,3,4346129,96290,,515145,20267,
migrate_demo,client,3,4351323,96290,,515145,20267,
migrate_demo,client,3,4356530,96290,,515145,20267,
migrate_demo,client,3,4361778,96290,,515145,20267,
migrate_demo,client,3,4367064,96290,,515145,20267,
migrate_demo,client,3,4372491,96290,,515145,20267,
migrate_demo,client,3,4377817,96290,,515145,20267,
migrate_demo,client,3,4383036,96290,,515145,20267,
migrate_demo,client,3,4388202,96290,,515145,20267,
migrate_demo,client,3,4393436,96290,,515145,20267,
migrate_demo,client,3,4398652,96290,,515145,20267,
migrate_demo,client,3,4403972,96290,,515145,20267,
migrate_demo,client,3,4409172,96290,,515145,20267,
migrate_demo,client,3,4414433,96290,,515145,20267,
migrate_demo,client,3,4419732,96290,,515145,20267,
migrate_demo,client,3,4424901,96290,,515145,20267,
migrate_demo,client,3,4430107,96290,,515145,20267,
migrate_demo,client,3,4435305,96290,,515145,20267,
migrate_demo,client,3,4440485,96290,,515145,20267,
migrate_demo,client,3,4445694,96290,,515145,20267,
migrate_demo,client,3,4450890,96290,,515145,20267,
migrate_demo,client,3,4456109,96290,,515145,20267,
migrate_demo,client,3,4461344,96290,,515145,20267,
migrate_demo,client,3,4466551,96290,,515145,20267,
migrate_demo,client,3,4471812,96290,,515145,20267,
migrate_demo,client,3,4477021,96290,,515145,20267,
migrate_demo,client,3,4482223,96290,,515145,20267,
migrate_demo,client,3,4487513,96290,,515145,20267,
migrate_demo,client,3,4492791,96290,,515145,20267,
migrate_demo,client,3,4498079,96290,,515145,20267,
migrate_demo,client,3,4503338,96290,,515145,20267,
migrate_demo,client,3,4508513,96290,,515145,20267,
migrate_demo,client,3,4513701,96290,,515145,20267,
migrate_demo,client,3,4518969,96290,,515145,20267,
migrate_demo,client,3,4524236,96290,,515145,20267,
migrate_demo,client,3,4529557,96290,,515145,20267,
migrate_demo,client,3,4534751,96290,,515145,20267,
migrate_demo,client,3,4540032,96290,,515145,20267,
migrate_demo,client,3,4545348,96290,,515145,20267,
migrate_demo,client,3,4550515,96290,,515145,20267,
migrate_demo,client,3,4555815,96290,,515145,20267,
migrate_demo,client,3,4561037,96290,,515145,20267,
migrate_demo,client,3,4566315,96290,,515145,20267,
migrate_demo,client,3,4571563,96290,,515145,20267,
migrate_demo,client,3,4576782,96290,,515145,20267,
migrate_demo,client,3,4581976,96290,,515145,20267,
migrate_demo,client,3,4587181,96290,,515145,20267,
migrate_demo,client,3,4592392,96290,,515145,20267,
migrate_demo,client,3,4597783,96290,,515145,20267,
migrate_demo,client,3,4603023,96290,,515145,20267,
migrate_demo,client,3,4608351,96290,,515145,20267,
migrate_demo,client,3,4613560,96290,,515145,20267,
migrate_demo,client,3,4618878,96290,,515145,20267,
migrate_demo,client,3,4624206,96290,,515145,20267,
migrate_demo,client,3,4629442,96290,,515145,20267,
migrate_demo,client,3,4634653,96290,,515145,20267,
migrate_demo,client,3,4639982,96290,,515145,20267,
migrate_demo,client,3,4645172,96290,,515145,20267,
migrate_demo,client,3,4650456,96290,,515145,20267,
migrate_demo,client,3,4655680,96290,,515145,20267,
migrate_demo,client,3,4660934,96290,,515145,20267,
migrate_demo,client,3,4666160,96290,,515145,20267,
migrate_demo,client,3,4671530,96290,,523400,20267,
migrate_demo,client,3,4676877,96290,,523400,20267,
migrate_demo,client,3,4682159,96290,,523400,20267,
migrate_demo,client,3,4687391,96290,,523400,20267,
migrate_demo,client,3,4692618,96290,,523400,20267,
migrate_demo,client,3,4697835,96290,,523400,20267,
migrate_demo,client,3,4703158,96290,,523400,20267,
migrate_demo,client,3,4708348,96290,,531092,20267,
migrate_demo,client,3,4713589,96290,,531092,20267,
migrate_demo,client,3,4718847,96290,,531092,20267,
migrate_demo,client,3,4724069,96290,,531092,20267,
migrate_demo,client,3,4729454,96290,,531092,20267,
migrate_demo,client,3,4734718,96290,,531092,20267,
migrate_demo,client,3,4739926,96290,,531092,20267,
migrate_demo,client,3,4745107,96290,,531092,20267,
migrate_demo,client,3,4750321,96290,,531092,20267,
migrate_demo,client,3,4755545,96290,,531092,20267,
migrate_demo,client,3,4760814,96290,,531092,20267,
migrate_demo,client,3,4766020,96290,,531092,20267,
migrate_demo,client,3,4771278,96290,,531092,20267,
migrate_demo,client,3,4776509,96290,,531092,20267,
migrate_demo,client,3,4781789,96290,,531092,20267,
migrate_demo,client,3,4787061,96290,,531092,20267,
migrate_demo,client,3,4792323,96290,,531092,20267,
migrate_demo,client,3,4797574,96290,,531092,20267,
migrate_demo,client,3,4802818,96290,,531092,20267,
migrate_demo,client,3,4808002,96290,,531092,20267,
migrate_demo,client,3,4813236,96290,,531092,20267,
migrate_demo,client,3,4818477,96290,,531092,20267,
migrate_demo,client,3,4823667,96290,,531092,20267,
migrate_demo,client,3,4828891,96290,,531092,20267,
migrate_demo,client,3,4834157,96290,,531092,20267,
migrate_demo,client,3,4839346,96290,,531092,20267,
migrate_demo,client,3,4844566,96290,,531092,20267,
migrate_demo,client,3,4849779,96290,,531092,20267,
migrate_demo,client,3,4854994,96290,,531092,20267,
migrate_demo,client,3,4860210,96290,,531092,20267,
migrate_demo,client,3,4865396,96290,,531092,20267,
migrate_demo,client,3,4870644,96290,,531092,20267,
migrate_demo,client,3,4875871,96290,,531092,20267,
migrate_demo,client,3,4881127,96290,,531092,20267,
migrate_demo,client,3,4886482,96290,,531092,20267,
migrate_demo,client,3,4891740,96290,,531092,20267,
migrate_demo,client,3,4896970,96290,,531092,20267,
migrate_demo,client,3,4902176,96290,,531092,20267,
migrate_demo,client,3,4907425,96290,,531092,20267,
migrate_demo,client,3,4912626,96290,,531092,20267,
migrate_demo,client,3,4917856,96290,,531092,20267,
migrate_demo,client,3,4923149,96290,,531092,20267,
migrate_demo,client,3,4928412,96290,,531092,20267,
migrate_demo,client,3,4933659,96290,,531092,20267,
migrate_demo,client,3,4938899,96290,,531092,20267,
migrate_demo,client,3,4944104,96290,,531092,20267,
migrate_demo,client,3,4949323,96290,,531092,20267,
migrate_demo,client,3,4954575,96290,,531092,20267,
migrate_demo,client,3,4959781,96290,,531092,20267,
migrate_demo,client,3,4964999,96290,,531092,20267,
migrate_demo,client,3,4970199,96290,,531092,20267,
migrate_demo,client,3,4975444,96290,,531092,20267,
migrate_demo,client,3,4980694,96290,,531092,20267,
migrate_demo,client,3,4985936,96290,,531092,20267,
migrate_demo,client,3,4991254,96290,,531092,20267,
migrate_demo,client,3,4996519,96290,,531092,20267,
migrate_demo,client,3,5001757,96290,,531092,20267,
migrate_demo,client,3,5007007,96290,,531092,20267,
migrate_demo,client,3,5012235,96290,,531092,20267,
migrate_demo,client,3,5017427,96290,,531092,20267,
migrate_demo,client,3,5022684,96290,,531092,20267,
migrate_demo,client,3,5028092,96290,,531092,20267,
migrate_demo,client,3,5033374,96290,,531092,20267,
migrate_demo,client,3,5038611,96290,,531092,20267,
migrate_demo,client,3,5043856,96290,,531092,20267,
migrate_demo,client,3,5049091,96290,,531092,20267,
migrate_demo,client,3,5054350,96290,,531092,20267,
migrate_demo,client,3,5059640,96290,,531092,20267,
migrate_demo,client,3,5064877,96290,,531092,20267,
migrate_demo,client,3,5070121,96290,,531092,20267,
migrate_demo,client,3,5075465,96290,,531092,20267,
migrate_demo,client,3,5080781,96290,,531092,20267,
migrate_demo,client,3,5086032,96290,,531092,20267,
migrate_demo,client,3,5091408,96290,,531092,20267,
migrate_demo,client,3,5096692,96290,,469764,20267,
migrate_demo,client,3,5101995,96290,,469764,20267,
migrate_demo,client,3,5107231,96290,,469764,20267,
migrate_demo,client,3,5112489,96290,,416121,20267,
migrate_demo,client,3,5117744,96290,,416121,20267,
migrate_demo,client,3,5123074,96290,,416121,20267,
migrate_demo,client,3,5128359,96290,,416121,20267,
migrate_demo,client,3,5133678,96290,,416121,20267,
migrate_demo,client,3,5138904,96290,,416121,20267,
migrate_demo,client,3,5144154,96290,,416121,20267,
migrate_demo,client,3,5149431,96290,,416121,20267,
migrate_demo,client,3,5154735,96290,,416121,20267,
migrate_demo,client,3,5160009,96290,,416121,20267,
migrate_demo,client,3,5165273,96290,,416121,20267,
migrate_demo,client,3,5170548,96290,,416121,20267,
migrate_demo,client,3,5175883,96290,,416121,20267,
migrate_demo,client,3,5181131,96290,,416121,20267,
migrate_demo,client,3,5186363,96290,,416121,20267,
migrate_demo,client,3,5191591,96290,,416121,20267,
migrate_demo,client,3,5196854,96290,,416121,20267,
migrate_demo,client,3,5202151,96290,,416121,20267,
migrate_demo,client,3,5207416,96290,,416121,20267,
migrate_demo,client,3,5212698,96290,,416121,20267,
migrate_demo,client,3,5217992,96290,,416121,20267,
migrate_demo,client,3,5223303,96290,,416121,20267,
migrate_demo,client,3,5228555,96290,,416121,20267,
migrate_demo,client,3,5233876,96290,,416121,20267,
migrate_demo,client,3,5239163,96290,,416121,20267,
migrate_demo,client,3,5244427,96290,,416121,20267,
migrate_demo,client,3,5249781,96290,,416121,20267,
migrate_demo,client,3,5255064,96290,,416121,20267,
migrate_demo,client,3,5260317,96290,,416121,20267,
migrate_demo,client,3,5265642,96290,,416121,20267,
migrate_demo,client,3,5270932,96290,,416121,20267,
migrate_demo,client,3,5276231,96290,,416121,20267,
migrate_demo,client,3,5281571,96290,,416121,20267,
migrate_demo,client,3,5286898,96290,,416121,20267,
migrate_demo,client,3,5292216,96290,,416121,20267,
migrate_demo,client,3,5297452,96290,,416121,20267,
migrate_demo,client,3,5302749,96290,,416121,20267,
migrate_demo,client,3,5308122,96290,,416121,20267,
migrate_demo,client,3,5313400,96290,,416121,20267,
migrate_demo,client,3,5318719,96290,,416121,20267,
migrate_demo,client,3,5323969,96290,,416121,20267,
migrate_demo,client,3,5329301,96290,,416121,20267,
migrate_demo,client,3,5334581,96290,,416121,20267,
migrate_demo,client,3,5339818,96290,,416121,20267,
migrate_demo,client,3,5345079,96290,,416121,20267,
migrate_demo,client,3,5350356,96290,,416121,20267,
migrate_demo,client,3,5355596,96290,,416121,20267,
migrate_demo,client,3,5360891,96290,,416121,20267,
migrate_demo,client,3,5366249,96290,,416121,20267,
migrate_demo,client,3,5371567,96290,,416121,20267,
migrate_demo,client,3,5376851,96290,,416121,20267,
migrate_demo,client,3,5382234,96290,,416121,20267,
migrate_demo,client,3,5387473,96290,,416121,20267,
migrate_demo,client,3,5392742,96290,,416121,20267,
migrate_demo,client,3,5398067,96290,,416121,20267,
migrate_demo,client,3,5403396,96290,,416121,20267,
migrate_demo,client,3,5408695,96290,,416121,20267,
migrate_demo,client,3,5414011,96290,,416121,20267,
migrate_demo,client,3,5419307,96290,,416121,20267,
migrate_demo,client,3,5424579,96290,,416121,20267,
migrate_demo,client,3,5429834,96290,,416121,20267,
migrate_demo,client,3,5435128,96290,,416121,20267,
migrate_demo,client,3,5440417,96290,,416121,20267,
migrate_demo,client,3,5445775,96290,,416121,20267,
migrate_demo,client,3,5451124,96290,,416121,20267,
migrate_demo,client,3,5456428,96290,,416121,20267,
migrate_demo,client,3,5461680,96290,,416121,20267,
migrate_demo,client,3,5466952,96290,,416121,20267,
migrate_demo,client,3,5472244,96290,,416121,20267,
migrate_demo,client,3,5477476,96290,,416121,20267,
migrate_demo,client,3,5482732,96290,,416121,20267,
migrate_demo,client,3,5488018,96290,,416121,20267,
migrate_demo,client,3,5493355,96290,,416121,20267,
migrate_demo,client,3,5498653,96290,,416121,20267,
migrate_demo,client,3,5503917,96290,,416121,20267,
migrate_demo,client,3,5509164,96290,,416121,20267,
migrate_demo,client,3,5514452,96290,,416121,20267,
migrate_demo,client,3,5519718,96290,,416121,20267,
migrate_demo,client,3,5524984,96290,,416121,20267,
migrate_demo,client,3,5530288,96290,,416121,20267,
migrate_demo,client,3,5535555,96290,,416121,20267,
migrate_demo,client,3,5540879,96290,,416121,20267,
migrate_demo,client,3,5546139,96290,,416121,20267,
migrate_demo,client,3,5551432,96290,,416121,20267,
migrate_demo,client,3,5556640,96290,,416121,20267,
migrate_demo,client,3,5561891,96290,,416121,20267,
migrate_demo,client,3,5567193,96290,,416121,20267,
migrate_demo,client,3,5572447,96290,,416121,20267,
migrate_demo,client,3,5577738,96290,,416121,20267,
migrate_demo,client,3,5583021,96290,,416121,20267,
migrate_demo,client,3,5588278,96290,,416121,20267,
migrate_demo,client,3,5593565,96290,,416121,20267,
migrate_demo,client,3,5598832,96290,,416121,20267,
migrate_demo,client,3,5604182,96290,,416121,20267,
migrate_demo,client,3,5609421,96290,,416121,20267,
migrate_demo,client,3,5614701,96290,,416121,20267,
migrate_demo,client,3,5619990,96290,,416121,20267,
migrate_demo,client,3,5625274,96290,,416121,20267,
migrate_demo,client,3,5630463,96290,,416121,20267,
migrate_demo,client,3,5635729,96290,,416121,20267,
migrate_demo,client,3,5641024,96290,,416121,20267,
migrate_demo,client,3,5646303,96290,,416121,20267,
migrate_demo,client,3,5651578,96290,,416121,20267,
migrate_demo,client,3,5656878,96290,,416121,20267,
migrate_demo,client,3,5662200,96290,,416121,20267,
migrate_demo,client,3,5667476,96290,,416121,20267,
migrate_demo,client,3,5672759,96290,,416121,20267,
migrate_demo,client,3,5678094,96290,,416121,20267,
migrate_demo,client,3,5683409,96290,,416121,20267,
migrate_demo,client,3,5688724,96290,,416121,20267,
migrate_demo,client,3,5694020,96290,,416121,20267,
migrate_demo,client,3,5699306,96290,,416121,20267,
migrate_demo,client,3,5704637,96290,,416121,20267,
migrate_demo,client,3,5709939,96290,,416121,20267,
migrate_demo,client,3,5715189,96290,,416121,20267,
migrate_demo,client,3,5720498,96290,,416121,20267,
migrate_demo,client,3,5725821,96290,,416121,20267,
migrate_demo,client,3,5731127,96290,,416121,20267,
migrate_demo,client,3,5736454,96290,,416121,20267,
migrate_demo,client,3,5741736,96290,,416121,20267,
migrate_demo,client,3,5746966,96290,,416121,20267,
migrate_demo,client,3,5752295,96290,,416121,20267,
migrate_demo,client,3,5757577,96290,,416121,20267,
migrate_demo,client,3,5762867,96290,,416121,20267,
migrate_demo,client,3,5768155,96290,,416121,20267,
migrate_demo,client,3,5773443,96290,,416121,20267,
migrate_demo,client,3,5778699,96290,,416121,20267,
migrate_demo,client,3,5783975,96290,,416121,20267,
migrate_demo,client,3,5789269,96290,,416121,20267,
migrate_demo,client,3,5794592,96290,,416121,20267,
migrate_demo,client,3,5799899,96290,,416121,20267,
migrate_demo,client,3,5805224,96290,,416121,20267,
migrate_demo,client,3,5810511,96290,,416121,20267,
migrate_demo,client,3,5816093,96290,,416121,20267,
migrate_demo,client,3,5821417,96290,,416121,20267,
migrate_demo,client,3,5826698,96290,,416121,20267,
migrate_demo,client,3,5831974,96290,,416121,20267,
migrate_demo,client,3,5837257,96290,,416121,20267,
migrate_demo,client,3,5842601,96290,,416121,20267,
migrate_demo,client,3,5847928,96290,,416121,20267,
migrate_demo,client,3,5853154,96290,,416121,20267,
migrate_demo,client,3,5858420,96290,,416121,20267,
migrate_demo,client,3,5863732,96290,,416121,20267,
migrate_demo,client,3,5869008,96290,,416121,20267,
migrate_demo,client,3,5874296,96290,,416121,20267,
migrate_demo,client,3,5879611,96290,,416121,20267,
migrate_demo,client,3,5884921,96290,,416121,20267,
migrate_demo,client,3,5890200,96290,,416121,20267,
migrate_demo,client,3,5895463,96290,,416121,20267,
migrate_demo,client,3,5900716,96290,,416121,20267,
migrate_demo,client,3,5906018,96290,,416121,20267,
migrate_demo,client,3,5911279,96290,,416121,20267,
migrate_demo,client,3,5916534,96290,,416121,20267,
migrate_demo,client,3,5921783,96290,,416121,20267,
migrate_demo,client,3,5927104,96290,,416121,20267,
migrate_demo,client,3,5932390,96290,,416121,20267,
migrate_demo,client,3,5937672,96290,,416121,20267,
migrate_demo,client,3,5942915,96290,,416121,20267,
migrate_demo,client,3,5948213,96290,,416121,20267,
migrate_demo,client,3,5953503,96290,,416121,20267,
migrate_demo,client,3,5958867,96290,,416121,20267,
migrate_demo,client,3,5964166,96290,,416121,20267,
migrate_demo,client,3,5969550,96290,,416121,20267,
migrate_demo,client,3,5974806,96290,,416121,20267,
migrate_demo,client,3,5980093,96290,,416121,20267,
migrate_demo,client,3,5985367,96290,,416121,20267,
migrate_demo,client,3,5990637,96290,,416121,20267,
migrate_demo,client,3,5995952,96290,,416121,20267,
migrate_demo,client,3,6001263,96290,,416121,20267,
migrate_demo,client,3,6006607,96290,,416121,20267,
migrate_demo,client,3,6011879,96290,,416121,20267,
migrate_demo,client,3,6017191,96290,,416121,20267,
migrate_demo,client,3,6022467,96290,,416121,20267,
migrate_demo,client,3,6027788,96290,,416121,20267,
migrate_demo,client,3,6033073,96290,,416121,20267,
migrate_demo,client,3,6038427,96290,,416121,20267,
migrate_demo,client,3,6043682,96290,,416121,20267,
migrate_demo,client,3,6048971,96290,,416121,20267,
migrate_demo,client,3,6054260,96290,,416121,20267,
migrate_demo,client,3,6059525,96290,,416121,20267,
migrate_demo,client,3,6064801,96290,,416121,20267,
migrate_demo,client,3,6070140,96290,,416121,20267,
migrate_demo,client,3,6075429,96290,,416121,20267,
migrate_demo,client,3,6080723,96290,,416121,20267,
migrate_demo,client,3,6086032,96290,,416121,20267,
migrate_demo,client,3,6091317,96290,,416121,20267,
migrate_demo,client,3,6096617,96290,,416121,20267,
migrate_demo,client,3,6101907,96290,,416121,20267,
migrate_demo,client,3,6107205,96290,,416121,20267,
migrate_demo,client,3,6112409,96290,,416121,20267,
migrate_demo,client,3,6117688,96290,,416121,20267,
migrate_demo,client,3,6122920,96290,,416121,20267,
migrate_demo,client,3,6128190,96290,,416121,20267,
migrate_demo,client,3,6133470,96290,,416121,20267,
migrate_demo,client,3,6138709,96290,,416121,20267,
migrate_demo,client,3,6143981,96290,,416121,20267,
migrate_demo,client,3,6149320,96290,,416121,20267,
migrate_demo,client,3,6154587,96290,,416121,20267,
migrate_demo,client,3,6159871,96290,,369185,20267,
migrate_demo,client,3,6165116,96290,,369185,20267,
migrate_demo,client,3,6170373,96290,,369185,20267,
migrate_demo,client,3,6175681,96290,,369185,20267,
migrate_demo,client,3,6180997,96290,,369185,20267,
migrate_demo,client,3,6186265,96290,,369185,20267,
migrate_demo,client,3,6191555,96290,,369185,20267,
migrate_demo,client,3,6196836,96290,,369185,20267,
migrate_demo,client,3,6202097,96290,,369185,20267,
migrate_demo,client,3,6207371,96290,,369185,20267,
migrate_demo,client,3,6212692,96290,,369185,20267,
migrate_demo,client,3,6218015,96290,,369185,20267,
migrate_demo,client,3,6223347,96290,,369185,20267,
migrate_demo,client,3,6228686,96290,,369185,20267,
migrate_demo,client,3,6233989,96290,,369185,20267,
migrate_demo,client,3,6239275,96290,,369185,20267,
migrate_demo,client,3,6244525,96290,,369185,20267,
migrate_demo,client,3,6250008,96290,,369185,20267,
migrate_demo,client,3,6255335,96290,,369185,20267,
migrate_demo,client,3,6260633,96290,,369185,20267,
migrate_demo,client,3,6265911,96290,,369185,20267,
migrate_demo,client,3,6271176,96290,,369185,20267,
migrate_demo,client,3,6276465,96290,,369185,20267,
migrate_demo,client,3,6281821,96290,,369185,20267,
migrate_demo,client,3,6287136,96290,,369185,20267,
migrate_demo,client,3,6292434,96290,,369185,20267,
migrate_demo,client,3,6297708,96290,,369185,20267,
migrate_demo,client,3,6302977,96290,,369185,20267,
migrate_demo,client,3,6308234,96290,,369185,20267,
migrate_demo,client,3,6313454,96290,,369185,20267,
migrate_demo,client,3,6318666,96290,,369185,20267,
migrate_demo,client,3,6323852,96290,,369185,20267,
migrate_demo,client,3,6329140,96290,,369185,20267,
migrate_demo,client,3,6334403,96290,,369185,20267,
migrate_demo,client,3,6339704,96290,,369185,20267,
migrate_demo,client,3,6344977,96290,,369185,20267,
migrate_demo,client,3,6350253,96290,,369185,20267,
migrate_demo,client,3,6355496,96290,,369185,20267,
migrate_demo,client,3,6360791,96290,,369185,20267,
migrate_demo,client,3,6366046,96290,,369185,20267,
migrate_demo,client,3,6371314,96290,,369185,20267,
migrate_demo,client,3,6376601,96290,,369185,20267,
migrate_demo,client,3,6381874,96290,,369185,20267,
migrate_demo,client,3,6387155,96290,,369185,20267,
migrate_demo,client,3,6392423,96290,,369185,20267,
migrate_demo,client,3,6397714,96290,,369185,20267,
migrate_demo,client,3,6403091,96290,,369185,20267,
migrate_demo,client,3,6408399,96290,,369185,20267,
migrate_demo,client,3,6413728,96290,,369185,20267,
migrate_demo,client,3,6419039,96290,,369185,20267,
migrate_demo,client,3,6424323,96290,,369185,20267,
migrate_demo,client,3,6429564,96290,,369185,20267,
migrate_demo,client,3,6434861,96290,,369185,20267,
migrate_demo,client,3,6440181,96290,,369185,20267,
migrate_demo,client,3,6445469,96290,,369185,20267,
migrate_demo,client,3,6450799,96290,,369185,20267,
migrate_demo,client,3,6456096,96290,,369185,20267,
migrate_demo,client,3,6461364,96290,,369185,20267,
migrate_demo,client,3,6466727,96290,,369185,20267,
migrate_demo,client,3,6472060,96290,,369185,20267,
migrate_demo,client,3,6477338,96290,,369185,20267,
migrate_demo,client,3,6482630,96290,,369185,20267,
migrate_demo,client,3,6487944,96290,,369185,20267,
migrate_demo,client,3,6493225,96290,,369185,20267,
migrate_demo,client,3,6498526,96290,,369185,20267,
migrate_demo,client,3,6503818,96290,,369185,20267,
migrate_demo,client,3,6509088,96290,,369185,20267,
migrate_demo,client,3,6514388,96290,,369185,20267,
migrate_demo,client,3,6519659,96290,,369185,20267,
migrate_demo,client,3,6524964,96290,,369185,20267,
migrate_demo,client,3,6530259,96290,,369185,20267,
migrate_demo,client,3,6535575,96290,,369185,20267,
migrate_demo,client,3,6540794,96290,,369185,20267,
migrate_demo,client,3,6546013,96290,,369185,20267,
migrate_demo,client,3,6551313,96290,,369185,20267,
migrate_demo,client,3,6556574,96290,,369185,20267,
migrate_demo,client,3,6561869,96290,,369185,20267,
migrate_demo,client,3,6567194,96290,,369185,20267,
migrate_demo,client,3,6572571,96290,,369185,20267,
migrate_demo,client,3,6577823,96290,,369185,20267,
migrate_demo,client,3,6583055,96290,,369185,20267,
migrate_demo,client,3,6588318,96290,,369185,20267,
migrate_demo,client,3,6593616,96290,,369185,20267,
migrate_demo,client,3,6598894,96290,,369185,20267,
migrate_demo,client,3,6604195,96290,,369185,20267,
migrate_demo,client,3,6609448,96290,,369185,20267,
migrate_demo,client,3,6614738,96290,,369185,20267,
migrate_demo,client,3,6620027,96290,,369185,20267,
migrate_demo,client,3,6625315,96290,,369185,20267,
migrate_demo,client,3,6630527,96290,,369185,20267,
migrate_demo,client,3,6635837,96290,,369185,20267,
migrate_demo,client,3,6641155,96290,,369185,20267,
migrate_demo,client,3,6646446,96290,,369185,20267,
migrate_demo,client,3,6651836,96290,,369185,20267,
migrate_demo,client,3,6657193,96290,,369185,20267,
migrate_demo,client,3,6662468,96290,,369185,20267,
migrate_demo,client,3,6667751,96290,,369185,20267,
migrate_demo,client,3,6673060,96290,,369185,20267,
migrate_demo,client,3,6678374,96290,,369185,20267,
migrate_demo,client,3,6683720,96290,,369185,20267,
migrate_demo,client,3,6689054,96290,,369185,20267,
migrate_demo,client,3,6694520,96290,,369185,20267,
migrate_demo,client,3,6699907,96290,,369185,20267,
migrate_demo,client,3,6705324,96290,,369185,20267,
migrate_demo,client,3,6710728,96290,,369185,20267,
migrate_demo,client,3,6716141,96290,,369185,20267,
migrate_demo,client,3,6721459,96290,,369185,20267,
migrate_demo,client,3,6726842,96290,,369185,20267,
migrate_demo,client,3,6732268,96290,,369185,20267,
migrate_demo,client,3,6737574,96290,,369185,20267,
migrate_demo,client,3,6742925,96290,,369185,20267,
migrate_demo,client,3,6748444,96290,,369185,20267,
migrate_demo,client,3,6754072,96290,,369185,20267,
migrate_demo,client,3,6759506,96290,,369185,20267,
migrate_demo,client,3,6764836,96290,,369185,20267,
migrate_demo,client,3,6770138,96290,,369185,20267,
migrate_demo,client,3,6775460,96290,,369185,20267,
migrate_demo,client,3,6780740,96290,,369185,20267,
migrate_demo,client,3,6786035,96290,,369185,20267,
migrate_demo,client,3,6791254,96290,,369185,20267,
migrate_demo,client,3,6796515,96290,,369185,20267,
migrate_demo,client,3,6801783,96290,,369185,20267,
migrate_demo,client,3,6807076,96290,,369185,20267,
migrate_demo,client,3,6812432,96290,,369185,20267,
migrate_demo,client,3,6817775,96290,,369185,20267,
migrate_demo,client,3,6823071,96290,,369185,20267,
migrate_demo,client,3,6828365,96290,,369185,20267,
migrate_demo,client,3,6833701,96290,,369185,20267,
migrate_demo,client,3,6838998,96290,,369185,20267,
migrate_demo,client,3,6844288,96290,,369185,20267,
migrate_demo,client,3,6849603,96290,,369185,20267,
migrate_demo,client,3,6854953,96290,,369185,20267,
migrate_demo,client,3,6860195,96290,,369185,20267,
migrate_demo,client,3,6865456,96290,,369185,20267,
migrate_demo,client,3,6870733,96290,,369185,20267,
migrate_demo,client,3,6876067,96290,,369185,20267,
migrate_demo,client,3,6881357,96290,,369185,20267,
migrate_demo,client,3,6886643,96290,,369185,20267,
migrate_demo,client,3,6891912,96290,,369185,20267,
migrate_demo,client,3,6897140,96290,,369185,20267,
migrate_demo,client,3,6902379,96290,,369185,20267,
migrate_demo,client,3,6907644,96290,,369185,20267,
migrate_demo,client,3,6912887,96290,,369185,20267,
migrate_demo,client,3,6918185,96290,,369185,20267,
migrate_demo,client,3,6923424,96290,,369185,20267,
migrate_demo,client,3,6928707,96290,,369185,20267,
migrate_demo,client,3,6933959,96290,,369185,20267,
migrate_demo,client,3,6939216,96290,,369185,20267,
migrate_demo,client,3,6944527,96290,,369185,20267,
migrate_demo,client,3,6949769,96290,,369185,20267,
migrate_demo,client,3,6955087,96290,,369185,20267,
migrate_demo,client,3,6960383,96290,,369185,20267,
migrate_demo,client,3,6965685,96290,,369185,20267,
migrate_demo,client,3,6970944,96290,,369185,20267,
migrate_demo,client,3,6976232,96290,,369185,20267,
migrate_demo,client,3,6981565,96290,,369185,20267,
migrate_demo,client,3,6986839,96290,,369185,20267,
migrate_demo,client,3,6992067,96290,,369185,20267,
migrate_demo,client,3,6997334,96290,,369185,20267,
migrate_demo,client,3,7002623,96290,,369185,20267,
migrate_demo,client,3,7007896,96290,,369185,20267,
migrate_demo,client,3,7013209,96290,,369185,20267,
migrate_demo,client,3,7018461,96290,,369185,20267,
migrate_demo,client,3,7023747,96290,,369185,20267,
migrate_demo,client,3,7029041,96290,,369185,20267,
migrate_demo,client,3,7034270,96290,,369185,20267,
migrate_demo,client,3,7039556,96290,,369185,20267,
migrate_demo,client,3,7044826,96290,,369185,20267,
migrate_demo,client,3,7050111,96290,,369185,20267,
migrate_demo,client,3,7055415,96290,,369185,20267,
migrate_demo,client,3,7060683,96290,,369185,20267,
migrate_demo,client,3,7065953,96290,,369185,20267,
migrate_demo,client,3,7071268,96290,,369185,20267,
migrate_demo,client,3,7076568,96290,,369185,20267,
migrate_demo,client,3,7081816,96290,,369185,20267,
migrate_demo,client,3,7087096,96290,,369185,20267,
migrate_demo,client,3,7092448,96290,,369185,20267,
migrate_demo,client,3,7097761,96290,,369185,20267,
migrate_demo,client,3,7103053,96290,,369185,20267,
migrate_demo,client,3,7108429,96290,,369185,20267,
migrate_demo,client,3,7113770,96290,,369185,20267,
migrate_demo,client,3,7119119,96290,,369185,20267,
migrate_demo,client,3,7124523,96290,,369185,20267,
migrate_demo,client,3,7129834,96290,,369185,20267,
migrate_demo,client,3,7135151,96290,,369185,20267,
migrate_demo,client,3,7140443,96290,,369185,20267,
migrate_demo,client,3,7145739,96290,,369185,20267,
migrate_demo,client,3,7151017,96290,,369185,20267,
migrate_demo,client,3,7156242,96290,,369185,20267,
migrate_demo,client,3,7161569,96290,,369185,20267,
migrate_demo,client,3,7166889,96290,,369185,20267,
migrate_demo,client,3,7172354,96290,,369185,20267,
migrate_demo,client,3,7177733,96290,,369185,20267,
migrate_demo,client,3,7183088,96290,,369185,20267,
migrate_demo,client,3,7188440,96290,,369185,20267,
migrate_demo,client,3,7193726,96290,,369185,20267,
migrate_demo,client,3,7199053,96290,,369185,20267,
migrate_demo,client,3,7204326,96290,,369185,20267,
migrate_demo,client,3,7209653,96290,,369185,20267,
migrate_demo,client,3,7214915,96290,,369185,20267,
migrate_demo,client,3,7220228,96290,,369185,20267,
migrate_demo,client,3,7225579,96290,,369185,20267,
migrate_demo,client,3,7230887,96290,,369185,20267,
migrate_demo,client,3,7236188,96290,,369185,20267,
migrate_demo,client,3,7241482,96290,,369185,20267,
migrate_demo,client,3,7246741,96290,,369185,20267,
migrate_demo,client,3,7252063,96290,,369185,20267,
migrate_demo,client,3,7257329,96290,,369185,20267,
migrate_demo,client,3,7262921,96290,,369185,20267,
migrate_demo,client,3,7268221,96290,,369185,20267,
migrate_demo,client,3,7273531,96290,,369185,20267,
migrate_demo,client,3,7278749,96290,,369185,20267,
migrate_demo,client,3,7283967,96290,,369185,20267,
migrate_demo,client,3,7289298,96290,,369185,20267,
migrate_demo,client,3,7294595,96290,,369185,20267,
migrate_demo,client,3,7299830,96290,,369185,20267,
migrate_demo,client,3,7305088,96290,,369185,20267,
migrate_demo,client,3,7310421,96290,,369185,20267,
migrate_demo,client,3,7315728,96290,,369185,20267,
migrate_demo,client,3,7321006,96290,,369185,20267,
migrate_demo,client,3,7326260,96290,,369185,20267,
migrate_demo,client,3,7331568,96290,,369185,20267,
migrate_demo,client,3,7336920,96290,,369185,20267,
migrate_demo,client,3,7342300,96290,,369185,20267,
migrate_demo,client,3,7347567,96290,,369185,20267,
migrate_demo,client,3,7352893,96290,,369185,20267,
migrate_demo,client,3,7358205,96290,,369185,20267,
migrate_demo,client,3,7363556,96290,,369185,20267,
migrate_demo,client,3,7368834,96290,,369185,20267,
migrate_demo,client,3,7374156,96290,,369185,20267,
migrate_demo,client,3,7379471,96290,,369185,20267,
migrate_demo,client,3,7384765,96290,,369185,20267,
migrate_demo,client,3,7390050,96290,,369185,20267,
migrate_demo,client,3,7395359,96290,,369185,20267,
migrate_demo,client,3,7400729,96290,,369185,20267,
migrate_demo,client,3,7406047,96290,,369185,20267,
migrate_demo,client,3,7411371,96290,,369185,20267,
migrate_demo,client,3,7416680,96290,,369185,20267,
migrate_demo,client,3,7422029,96290,,369185,20267,
migrate_demo,client,3,7427356,96290,,369185,20267,
migrate_demo,client,3,7432664,96290,,369185,20267,
migrate_demo,client,3,7437959,96290,,369185,20267,
migrate_demo,client,3,7443223,96290,,369185,20267,
migrate_demo,client,3,7448518,96290,,369185,20267,
migrate_demo,client,3,7453806,96290,,369185,20267,
migrate_demo,client,3,7459162,96290,,369185,20267,
migrate_demo,client,3,7464440,96290,,369185,20267,
migrate_demo,client,3,7469669,96290,,369185,20267,
migrate_demo,client,3,7474991,96290,,369185,20267,
migrate_demo,client,3,7480255,96290,,369185,20267,
migrate_demo,client,3,7485634,96290,,369185,20267,
migrate_demo,client,3,7490894,96290,,369185,20267,
migrate_demo,client,3,7496170,96290,,369185,20267,
migrate_demo,client,3,7501441,96290,,369185,20267,
migrate_demo,client,3,7506769,96290,,369185,20267,
migrate_demo,client,3,7512150,96290,,369185,20267,
migrate_demo,client,3,7517510,96290,,369185,20267,
migrate_demo,client,3,7522852,96290,,369185,20267,
migrate_demo,client,3,7528149,96290,,369185,20267,
migrate_demo,client,3,7533471,96290,,369185,20267,
migrate_demo,client,3,7538800,96290,,369185,20267,
migrate_demo,client,3,7544127,96290,,369185,20267,
migrate_demo,client,3,7549451,96290,,369185,20267,
migrate_demo,client,3,7554811,96290,,369185,20267,
migrate_demo,client,3,7560097,96290,,369185,20267,
migrate_demo,client,3,7565412,96290,,369185,20267,
migrate_demo,client,3,7570734,96290,,369185,20267,
migrate_demo,client,3,7576048,96290,,369185,20267,
migrate_demo,client,3,7581377,96290,,369185,20267,
migrate_demo,client,3,7586658,96290,,369185,20267,
migrate_demo,client,3,7591988,96290,,369185,20267,
migrate_demo,client,3,7597292,96290,,369185,20267,
migrate_demo,client,3,7602586,96290,,369185,20267,
migrate_demo,client,3,7607880,96290,,369185,20267,
migrate_demo,client,3,7613189,96290,,369185,20267,
migrate_demo,client,3,7618502,96290,,369185,20267,
migrate_demo,client,3,7623845,96290,,369185,20267,
migrate_demo,client,3,7629185,96290,,369185,20267,
migrate_demo,client,3,7634465,96290,,369185,20267,
migrate_demo,client,3,7639743,96290,,369185,20267,
migrate_demo,client,3,7645089,96290,,369185,20267,
migrate_demo,client,3,7650420,96290,,369185,20267,
migrate_demo,client,3,7655754,96290,,369185,20267,
migrate_demo,client,3,7661198,96290,,369185,20267,
migrate_demo,client,3,7666455,96290,,369185,20267,
migrate_demo,client,3,7671781,96290,,369185,20267,
migrate_demo,client,3,7677036,96290,,369185,20267,
migrate_demo,client,3,7682288,96290,,369185,20267,
migrate_demo,client,3,7687592,96290,,369185,20267,
migrate_demo,client,3,7692873,96290,,369185,20267,
migrate_demo,client,3,7698145,96290,,369185,20267,
migrate_demo,client,3,7703411,96290,,369185,20267,
migrate_demo,client,3,7708763,96290,,369185,20267,
migrate_demo,client,3,7714064,96290,,369185,20267,
migrate_demo,client,3,7719316,96290,,369185,20267,
migrate_demo,client,3,7724615,96290,,369185,20267,
migrate_demo,client,3,7729884,96290,,369185,20267,
migrate_demo,client,3,7735182,96290,,369185,20267,
migrate_demo,client,3,7740488,96290,,369185,20267,
migrate_demo,client,3,7745780,96290,,369185,20267,
migrate_demo,client,3,7751099,96290,,369185,20267,
migrate_demo,client,3,7756423,96290,,369185,20267,
migrate_demo,client,3,7761743,96290,,369185,20267,
migrate_demo,client,3,7767031,96290,,369185,20267,
migrate_demo,client,3,7772289,96290,,369185,20267,
migrate_demo,client,3,7777604,96290,,369185,20267,
migrate_demo,client,3,7782905,96290,,369185,20267,
migrate_demo,client,3,7788207,96290,,369185,20267,
migrate_demo,client,3,7793501,96290,,369185,20267,
migrate_demo,client,3,7798789,96290,,369185,20267,
migrate_demo,client,3,7804072,96290,,369185,20267,
migrate_demo,client,3,7809383,96290,,369185,20267,
migrate_demo,client,3,7814680,96290,,369185,20267,
migrate_demo,client,3,7819973,96290,,369185,20267,
migrate_demo,client,3,7825215,96290,,369185,20267,
migrate_demo,client,3,7830538,96290,,369185,20267,
migrate_demo,client,3,7835877,96290,,369185,20267,
migrate_demo,client,3,7841142,96290,,369185,20267,
migrate_demo,client,3,7846425,96290,,369185,20267,
migrate_demo,client,3,7851778,96290,,369185,20267,
migrate_demo,client,3,7857179,96290,,369185,20267,
migrate_demo,client,3,7862514,96290,,369185,20267,
migrate_demo,client,3,7867911,96290,,369185,20267,
migrate_demo,client,3,7873269,96290,,369185,20267,
migrate_demo,client,3,7878592,96290,,369185,20267,
migrate_demo,client,3,7883957,96290,,369185,20267,
migrate_demo,client,3,7889332,96290,,369185,20267,
migrate_demo,client,3,7894615,96290,,369185,20267,
migrate_demo,client,3,7900062,96290,,369185,20267,
migrate_demo,client,3,7905342,96290,,369185,20267,
migrate_demo,client,3,7910644,96290,,369185,20267,
migrate_demo,client,3,7915976,96290,,369185,20267,
migrate_demo,client,3,7921346,96290,,369185,20267,
migrate_demo,client,3,7926671,96290,,369185,20267,
migrate_demo,client,3,7931947,96290,,369185,20267,
migrate_demo,client,3,7937269,96290,,369185,20267,
migrate_demo,client,3,7942654,96290,,369185,20267,
migrate_demo,client,3,7948026,96290,,369185,20267,
migrate_demo,client,3,7953358,96290,,369185,20267,
migrate_demo,client,3,7958688,96290,,369185,20267,
migrate_demo,client,3,7964023,96290,,369185,20267,
migrate_demo,client,3,7969358,96290,,369185,20267,
migrate_demo,client,3,7974757,96290,,369185,20267,
migrate_demo,client,3,7980029,96290,,369185,20267,
migrate_demo,client,3,7985374,96290,,369185,20267,
migrate_demo,client,3,7990723,96290,,369185,20267,
migrate_demo,client,3,7996001,96290,,369185,20267,
migrate_demo,client,3,8001333,96290,,369185,20267,
migrate_demo,client,3,8006672,96290,,369185,20267,
migrate_demo,client,3,8012018,96290,,369185,20267,
migrate_demo,client,3,8017365,96290,,369185,20267,
migrate_demo,client,3,8022679,96290,,369185,20267,
migrate_demo,client,3,8027991,96290,,369185,20267,
migrate_demo,client,3,8033278,96290,,369185,20267,
migrate_demo,client,3,8038572,96290,,369185,20267,
migrate_demo,client,3,8043894,96290,,369185,20267,
migrate_demo,client,3,8049209,96290,,369185,20267,
migrate_demo,client,3,8054565,96290,,369185,20267,
migrate_demo,client,3,8059915,96290,,369185,20267,
migrate_demo,client,3,8065272,96290,,369185,20267,
migrate_demo,client,3,8070584,96290,,369185,20267,
migrate_demo,client,3,8075928,96290,,369185,20267,
migrate_demo,client,3,8081300,96290,,369185,20267,
migrate_demo,client,3,8086620,96290,,369185,20267,
migrate_demo,client,3,8091930,96290,,369185,20267,
migrate_demo,client,3,8097214,96290,,369185,20267,
migrate_demo,client,3,8102610,96290,,369185,20267,
migrate_demo,client,3,8107845,96290,,369185,20267,
migrate_demo,client,3,8113136,96290,,369185,20267,
migrate_demo,client,3,8118372,96290,,369185,20267,
migrate_demo,client,3,8123679,96290,,369185,20267,
migrate_demo,client,3,8129017,96290,,369185,20267,
migrate_demo,client,3,8134277,96290,,369185,20267,
migrate_demo,client,3,8139566,96290,,369185,20267,
migrate_demo,client,3,8144836,96290,,369185,20267,
migrate_demo,client,3,8150111,96290,,369185,20267,
migrate_demo,client,3,8155412,96290,,369185,20267,
migrate_demo,client,3,8160682,96290,,369185,20267,
migrate_demo,client,3,8165981,96290,,369185,20267,
migrate_demo,client,3,8171275,96290,,369185,20267,
migrate_demo,client,3,8176576,96290,,369185,20267,
migrate_demo,client,3,8181823,96290,,369185,20267,
migrate_demo,client,3,8187107,96290,,369185,20267,
migrate_demo,client,3,8192420,96290,,369185,20267,
migrate_demo,client,3,8197699,96290,,369185,20267,
migrate_demo,client,3,8202932,96290,,369185,20267,
migrate_demo,client,3,8208217,96290,,369185,20267,
migrate_demo,client,3,8213490,96290,,369185,20267,
migrate_demo,client,3,8218725,96290,,369185,20267,
migrate_demo,client,3,8224051,96290,,369185,20267,
migrate_demo,client,3,8229357,96290,,369185,20267,
migrate_demo,client,3,8234694,96290,,369185,20267,
migrate_demo,client,3,8240024,96290,,369185,20267,
migrate_demo,client,3,8245239,96290,,369185,20267,
migrate_demo,client,3,8250528,96290,,369185,20267,
migrate_demo,client,3,8255859,96290,,369185,20267,
migrate_demo,client,3,8261171,96290,,369185,20267,
migrate_demo,client,3,8266472,96290,,369185,20267,
migrate_demo,client,3,8271747,96290,,369185,20267,
migrate_demo,client,3,8277077,96290,,369185,20267,
migrate_demo,client,3,8282379,96290,,369185,20267,
migrate_demo,client,3,8287694,96290,,369185,20267,
migrate_demo,client,3,8292976,96290,,369185,20267,
migrate_demo,client,3,8298276,96290,,369185,20267,
migrate_demo,client,3,8303590,96290,,369185,20267,
migrate_demo,client,3,8308862,96290,,369185,20267,
migrate_demo,client,3,8314202,96290,,369185,20267,
migrate_demo,client,3,8319506,96290,,369185,20267,
migrate_demo,client,3,8324785,96290,,369185,20267,
migrate_demo,client,3,8330336,96290,,369185,20267,
migrate_demo,client,3,8335569,96290,,369185,20267,
migrate_demo,client,3,8340909,96290,,369185,20267,
migrate_demo,client,3,8346184,96290,,369185,20267,
migrate_demo,client,3,8351489,96290,,369185,20267,
migrate_demo,client,3,8356836,96290,,369185,20267,
migrate_demo,client,3,8362146,96290,,369185,20267,
migrate_demo,client,3,8367441,96290,,369185,20267,
migrate_demo,client,3,8372771,96290,,369185,20267,
migrate_demo,client,3,8377977,96290,,369185,20267,
migrate_demo,client,3,8383226,96290,,369185,20267,
migrate_demo,client,3,8388512,96290,,369185,20267,
migrate_demo,client,3,8393834,96290,,369185,20267,
migrate_demo,client,3,8399160,96290,,369185,20267,
migrate_demo,client,3,8404425,96290,,369185,20267,
migrate_demo,client,3,8409716,96290,,369185,20267,
migrate_demo,client,3,8415030,96290,,369185,20267,
migrate_demo,client,3,8420331,96290,,369185,20267,
migrate_demo,client,3,8425618,96290,,369185,20267,
migrate_demo,client,3,8430942,96290,,369185,20267,
migrate_demo,client,3,8436270,96290,,369185,20267,
migrate_demo,client,3,8441573,96290,,369185,20267,
migrate_demo,client,3,8446856,96290,,369185,20267,
migrate_demo,client,3,8452151,96290,,369185,20267,
migrate_demo,client,3,8457448,96290,,369185,20267,
migrate_demo,client,3,8462766,96290,,369185,20267,
migrate_demo,client,3,8468048,96290,,369185,20267,
migrate_demo,client,3,8473300,96290,,369185,20267,
migrate_demo,client,3,8478623,96290,,369185,20267,
migrate_demo,client,3,8483931,96290,,369185,20267,
migrate_demo,client,3,8489247,96290,,369185,20267,
migrate_demo,client,3,8494561,96290,,369185,20267,
migrate_demo,client,3,8499877,96290,,369185,20267,
migrate_demo,client,3,8505182,96290,,369185,20267,
migrate_demo,client,3,8510417,96290,,369185,20267,
migrate_demo,client,3,8515643,96290,,369185,20267,
migrate_demo,client,3,8520886,96290,,369185,20267,
migrate_demo,client,3,8526172,96290,,369185,20267,
migrate_demo,client,3,8531488,96290,,369185,20267,
migrate_demo,client,3,8536983,96290,,369185,20267,
migrate_demo,client,3,8542300,96290,,369185,20267,
migrate_demo,client,3,8547587,96290,,369185,20267,
migrate_demo,client,3,8552879,96290,,369185,20267,
migrate_demo,client,3,8558177,96290,,369185,20267,
migrate_demo,client,3,8563434,96290,,369185,20267,
migrate_demo,client,3,8568698,96290,,369185,20267,
migrate_demo,client,3,8573990,96290,,369185,20267,
migrate_demo,client,3,8579349,96290,,369185,20267,
migrate_demo,client,3,8584584,96290,,369185,20267,
migrate_demo,client,3,8589844,96290,,369185,20267,
migrate_demo,client,3,8595097,96290,,369185,20267,
migrate_demo,client,3,8600402,96290,,369185,20267,
migrate_demo,client,3,8605676,96290,,369185,20267,
migrate_demo,client,3,8610938,96290,,369185,20267,
migrate_demo,client,3,8616206,96290,,369185,20267,
migrate_demo,client,3,8621481,96290,,369185,20267,
migrate_demo,client,3,8626800,96290,,369185,20267,
migrate_demo,client,3,8632090,96290,,369185,20267,
migrate_demo,client,3,8637332,96290,,369185,20267,
migrate_demo,client,3,8642764,96290,,369185,20267,
migrate_demo,client,3,8648017,96290,,369185,20267,
migrate_demo,client,3,8653301,96290,,369185,20267,
migrate_demo,client,3,8658624,96290,,369185,20267,
migrate_demo,client,3,8663888,96290,,369185,20267,
migrate_demo,client,3,8669172,96290,,369185,20267,
migrate_demo,client,3,8674377,96290,,369185,20267,
migrate_demo,client,3,8679587,96290,,369185,20267,
migrate_demo,client,3,8684862,96290,,369185,20267,
migrate_demo,client,3,8690204,96290,,369185,20267,
migrate_demo,client,3,8695533,96290,,369185,20267,
migrate_demo,client,3,8700883,96290,,369185,20267,
migrate_demo,client,3,8706203,96290,,369185,20267,
migrate_demo,client,3,8711511,96290,,369185,20267,
migrate_demo,client,3,8716785,96290,,369185,20267,
migrate_demo,client,3,8722051,96290,,369185,20267,
migrate_demo,client,3,8727280,96290,,369185,20267,
migrate_demo,client,3,8732531,96290,,369185,20267,
migrate_demo,client,3,8737817,96290,,369185,20267,
migrate_demo,client,3,8743106,96290,,369185,20267,
migrate_demo,client,3,8748435,96290,,369185,20267,
migrate_demo,client,3,8753908,96290,,369185,20267,
migrate_demo,client,3,8759169,96290,,369185,20267,
migrate_demo,client,3,8764452,96290,,369185,20267,
migrate_demo,client,3,8769726,96290,,369185,20267,
migrate_demo,client,3,8775016,96290,,369185,20267,
migrate_demo,client,3,8780344,96290,,369185,20267,
migrate_demo,client,3,8785566,96290,,369185,20267,
migrate_demo,client,3,8790919,96290,,369185,20267,
migrate_demo,client,3,8796190,96290,,369185,20267,
migrate_demo,client,3,8801565,96290,,369185,20267,
migrate_demo,client,3,8806820,96290,,369185,20267,
migrate_demo,client,3,8812101,96290,,369185,20267,
migrate_demo,client,3,8817402,96290,,369185,20267,
migrate_demo,client,3,8822673,96290,,369185,20267,
migrate_demo,client,3,8827945,96290,,369185,20267,
migrate_demo,client,3,8833222,96290,,369185,20267,
migrate_demo,client,3,8838527,96290,,369185,20267,
migrate_demo,client,3,8843808,96290,,369185,20267,
migrate_demo,client,3,8849058,96290,,369185,20267,
migrate_demo,client,3,8854299,96290,,369185,20267,
migrate_demo,client,3,8859454,96290,,369185,20267,
migrate_demo,client,3,8864726,96290,,369185,20267,
migrate_demo,client,3,8869987,96290,,369185,20267,
migrate_demo,client,3,8875357,96290,,369185,20267,
migrate_demo,client,3,8880580,96290,,369185,20267,
migrate_demo,client,3,8885821,96290,,369185,20267,
migrate_demo,client,3,8891089,96290,,369185,20267,
migrate_demo,client,3,8896371,96290,,369185,20267,
migrate_demo,client,3,8901665,96290,,369185,20267,
migrate_demo,client,3,8906946,96290,,369185,20267,
migrate_demo,client,3,8912212,96290,,369185,20267,
migrate_demo,client,3,8917572,96290,,369185,20267,
migrate_demo,client,3,8922821,96290,,369185,20267,
migrate_demo,client,3,8928112,96290,,369185,20267,
migrate_demo,client,3,8933413,96290,,369185,20267,
migrate_demo,client,3,8938700,96290,,369185,20267,
migrate_demo,client,3,8943944,96290,,369185,20267,
migrate_demo,client,3,8949214,96290,,369185,20267,
migrate_demo,client,3,8954490,96290,,369185,20267,
migrate_demo,client,3,8959751,96290,,369185,20267,
migrate_demo,client,3,8965039,96290,,369185,20267,
migrate_demo,client,3,8970303,96290,,369185,20267,
migrate_demo,client,3,8975583,96290,,369185,20267,
migrate_demo,client,3,8980852,96290,,369185,20267,
migrate_demo,client,3,8986117,96290,,369185,20267,
migrate_demo,client,3,8991344,96290,,369185,20267,
migrate_demo,client,3,8996640,96290,,369185,20267,
migrate_demo,client,3,9001989,96290,,369185,20267,
migrate_demo,client,3,9007249,96290,,369185,20267,
migrate_demo,client,3,9012507,96290,,369185,20267,
migrate_demo,client,3,9017830,96290,,369185,20267,
migrate_demo,client,3,9023106,96290,,369185,20267,
migrate_demo,client,3,9028388,96290,,369185,20267,
migrate_demo,client,3,9033658,96290,,369185,20267,
migrate_demo,client,3,9039009,96290,,369185,20267,
migrate_demo,client,3,9044323,96290,,369185,20267,
migrate_demo,client,3,9049626,96290,,369185,20267,
migrate_demo,client,3,9054872,96290,,369185,20267,
migrate_demo,client,3,9060246,96290,,369185,20267,
migrate_demo,client,3,9065493,96290,,369185,20267,
migrate_demo,client,3,9070797,96290,,369185,20267,
migrate_demo,client,3,9076142,96290,,369185,20267,
migrate_demo,client,3,9081390,96290,,369185,20267,
migrate_demo,client,3,9086741,96290,,369185,20267,
migrate_demo,client,3,9092087,96290,,369185,20267,
migrate_demo,client,3,9097400,96290,,369185,20267,
migrate_demo,client,3,9102736,96290,,369185,20267,
migrate_demo,client,3,9108037,96290,,369185,20267,
migrate_demo,client,3,9113357,96290,,369185,20267,
migrate_demo,client,3,9118669,96290,,369185,20267,
migrate_demo,client,3,9123913,96290,,369185,20267,
migrate_demo,client,3,9129329,96290,,369185,20267,
migrate_demo,client,3,9134599,96290,,369185,20267,
migrate_demo,client,3,9139874,96290,,369185,20267,
migrate_demo,client,3,9145160,96290,,369185,20267,
migrate_demo,client,3,9150448,96290,,369185,20267,
migrate_demo,client,3,9155695,96290,,369185,20267,
migrate_demo,client,3,9160993,96290,,369185,20267,
migrate_demo,client,3,9166287,96290,,369185,20267,
migrate_demo,client,3,9171633,96290,,369185,20267,
migrate_demo,client,3,9176883,96290,,369185,20267,
migrate_demo,client,3,9182158,96290,,369185,20267,
migrate_demo,client,3,9187535,96290,,369185,20267,
migrate_demo,client,3,9192789,96290,,369185,20267,
migrate_demo,client,3,9198000,96290,,369185,20267,
migrate_demo,client,3,9203280,96290,,369185,20267,
migrate_demo,client,3,9208544,96290,,369185,20267,
migrate_demo,client,3,9213911,96290,,369185,20267,
migrate_demo,client,3,9219176,96290,,369185,20267,
migrate_demo,client,3,9224481,96290,,369185,20267,
migrate_demo,client,3,9229778,96290,,369185,20267,
migrate_demo,client,3,9235034,96290,,369185,20267,
migrate_demo,client,3,9240359,96290,,369185,20267,
migrate_demo,client,3,9245756,96290,,369185,20267,
migrate_demo,client,3,9251043,96290,,369185,20267,
migrate_demo,client,3,9256289,96290,,369185,20267,
migrate_demo,client,3,9261582,96290,,369185,20267,
migrate_demo,client,3,9266827,96290,,369185,20267,
migrate_demo,client,3,9272122,96290,,369185,20267,
migrate_demo,client,3,9277436,96290,,369185,20267,
migrate_demo,client,3,9282859,96290,,369185,20267,
migrate_demo,client,3,9288166,96290,,369185,20267,
migrate_demo,client,3,9293438,96290,,369185,20267,
migrate_demo,client,3,9298713,96290,,369185,20267,
migrate_demo,client,3,9303983,96290,,369185,20267,
migrate_demo,client,3,9309322,96290,,369185,20267,
migrate_demo,client,3,9314618,96290,,369185,20267,
migrate_demo,client,3,9319957,96290,,369185,20267,
migrate_demo,client,3,9325254,96290,,369185,20267,
migrate_demo,client,3,9330572,96290,,369185,20267,
migrate_demo,client,3,9335792,96290,,369185,20267,
migrate_demo,client,3,9341094,96290,,369185,20267,
migrate_demo,client,3,9346429,96290,,369185,20267,
migrate_demo,client,3,9351731,96290,,369185,20267,
migrate_demo,client,3,9357026,96290,,369185,20267,
migrate_demo,client,3,9362331,96290,,369185,20267,
migrate_demo,client,3,9367659,96290,,369185,20267,
migrate_demo,client,3,9372931,96290,,369185,20267,
migrate_demo,client,3,9378224,96290,,369185,20267,
migrate_demo,client,3,9383498,96290,,369185,20267,
migrate_demo,client,3,9388786,96290,,369185,20267,
migrate_demo,client,3,9394029,96290,,369185,20267,
migrate_demo,client,3,9399285,96290,,369185,20267,
migrate_demo,client,3,9404634,96290,,369185,20267,
migrate_demo,client,3,9409896,96290,,369185,20267,
migrate_demo,client,3,9415230,96290,,369185,20267,
migrate_demo,client,3,9420530,96290,,369185,20267,
migrate_demo,client,3,9425839,96290,,369185,20267,
migrate_demo,client,3,9431115,96290,,369185,20267,
migrate_demo,client,3,9436413,96290,,369185,20267,
migrate_demo,client,3,9441746,96290,,369185,20267,
migrate_demo,client,3,9447048,96290,,369185,20267,
migrate_demo,client,3,9452328,96290,,369185,20267,
migrate_demo,client,3,9457569,96290,,369185,20267,
migrate_demo,client,3,9462801,96290,,369185,20267,
migrate_demo,client,3,9468065,96290,,369185,20267,
migrate_demo,client,3,9473299,96290,,369185,20267,
migrate_demo,client,3,9478612,96290,,369185,20267,
migrate_demo,client,3,9483889,96290,,369185,20267,
migrate_demo,client,3,9489156,96290,,369185,20267,
migrate_demo,client,3,9494471,96290,,369185,20267,
migrate_demo,client,3,9499795,96290,,369185,20267,
migrate_demo,client,3,9505078,96290,,369185,20267,
migrate_demo,client,3,9510405,96290,,369185,20267,
migrate_demo,client,3,9515742,96290,,369185,20267,
migrate_demo,client,3,9521071,96290,,369185,20267,
migrate_demo,client,3,9526344,96290,,369185,20267,
migrate_demo,client,3,9531621,96290,,369185,20267,
migrate_demo,client,3,9536884,96290,,369185,20267,
migrate_demo,client,3,9542161,96290,,369185,20267,
migrate_demo,client,3,9547377,96290,,369185,20267,
migrate_demo,client,3,9552792,96290,,369185,20267,
migrate_demo,client,3,9558117,96290,,369185,20267,
migrate_demo,client,3,9563408,96290,,369185,20267,
migrate_demo,client,3,9568666,96290,,369185,20267,
migrate_demo,client,3,9574049,96290,,369185,20267,
migrate_demo,client,3,9579375,96290,,369185,20267,
migrate_demo,client,3,9584669,96290,,369185,20267,
migrate_demo,client,3,9589964,96290,,369185,20267,
migrate_demo,client,3,9595287,96290,,369185,20267,
migrate_demo,client,3,9600473,96290,,369185,20267,
migrate_demo,client,3,9605761,96290,,369185,20267,
migrate_demo,client,3,9611031,96290,,369185,20267,
migrate_demo,client,3,9616331,96290,,369185,20267,
migrate_demo,client,3,9621672,96290,,369185,20267,
migrate_demo,client,3,9626990,96290,,369185,20267,
migrate_demo,client,3,9632286,96290,,369185,20267,
migrate_demo,client,3,9637585,96290,,369185,20267,
migrate_demo,client,3,9642870,96290,,369185,20267,
migrate_demo,client,3,9648171,96290,,369185,20267,
migrate_demo,client,3,9653490,96290,,369185,20267,
migrate_demo,client,3,9658776,96290,,369185,20267,
migrate_demo,client,3,9664029,96290,,369185,20267,
migrate_demo,client,3,9669275,96290,,369185,20267,
migrate_demo,client,3,9674565,96290,,369185,20267,
migrate_demo,client,3,9679891,96290,,369185,20267,
migrate_demo,client,3,9685159,96290,,369185,20267,
migrate_demo,client,3,9690421,96290,,369185,20267,
migrate_demo,client,3,9695747,96290,,369185,20267,
migrate_demo,client,3,9701090,96290,,369185,20267,
migrate_demo,client,3,9706365,96290,,369185,20267,
migrate_demo,client,3,9711675,96290,,369185,20267,
migrate_demo,client,3,9716973,96290,,369185,20267,
migrate_demo,client,3,9722310,96290,,369185,20267,
migrate_demo,client,3,9727613,96290,,369185,20267,
migrate_demo,client,3,9732909,96290,,369185,20267,
migrate_demo,client,3,9738193,96290,,369185,20267,
migrate_demo,client,3,9743461,96290,,369185,20267,
migrate_demo,client,3,9748684,96290,,369185,20267,
migrate_demo,client,3,9753962,96290,,369185,20267,
migrate_demo,client,3,9759257,96290,,369185,20267,
migrate_demo,client,3,9764495,96290,,369185,20267,
migrate_demo,client,3,9769753,96290,,369185,20267,
migrate_demo,client,3,9775234,96290,,369185,20267,
migrate_demo,client,3,9780551,96290,,369185,20267,
migrate_demo,client,3,9785840,96290,,369185,20267,
migrate_demo,client,3,9791099,96290,,369185,20267,
migrate_demo,client,3,9796413,96290,,369185,20267,
migrate_demo,client,3,9801676,96290,,369185,20267,
migrate_demo,client,3,9806961,96290,,369185,20267,
migrate_demo,client,3,9812205,96290,,369185,20267,
migrate_demo,client,3,9817463,96290,,369185,20267,
migrate_demo,client,3,9822748,96290,,369185,20267,
migrate_demo,client,3,9828064,96290,,369185,20267,
migrate_demo,client,3,9833420,96290,,369185,20267,
migrate_demo,client,3,9838695,96290,,369185,20267,
migrate_demo,client,3,9843984,96290,,369185,20267,
migrate_demo,client,3,9849248,96290,,369185,20267,
migrate_demo,client,3,9854553,96290,,369185,20267,
migrate_demo,client,3,9859824,96290,,369185,20267,
migrate_demo,client,3,9865066,96290,,369185,20267,
migrate_demo,client,3,9870348,96290,,369185,20267,
migrate_demo,client,3,9875671,96290,,369185,20267,
migrate_demo,client,3,9880873,96290,,369185,20267,
migrate_demo,client,3,9886173,96290,,369185,20267,
migrate_demo,client,3,9891554,96290,,369185,20267,
migrate_demo,client,3,9896848,96290,,369185,20267,
migrate_demo,client,3,9902142,96290,,369185,20267,
migrate_demo,client,3,9907467,96290,,369185,20267,
migrate_demo,client,3,9912757,96290,,369185,20267,
migrate_demo,client,3,9918068,96290,,369185,20267,
migrate_demo,client,3,9923387,96290,,369185,20267,
migrate_demo,client,3,9928687,96290,,369185,20267,
migrate_demo,client,3,9934003,96290,,369185,20267,
migrate_demo,client,3,9939191,96290,,369185,20267,
migrate_demo,client,3,9944510,96290,,369185,20267,
migrate_demo,client,3,9949806,96290,,369185,20267,
migrate_demo,client,3,9955009,96290,,369185,20267,
migrate_demo,client,3,9960280,96290,,369185,20267,
migrate_demo,client,3,9965640,96290,,369185,20267,
migrate_demo,client,3,9970862,96290,,369185,20267,
migrate_demo,client,3,9976181,96290,,369185,20267,
migrate_demo,client,3,9981459,96290,,369185,20267,
migrate_demo,client,3,9986780,96290,,369185,20267,
migrate_demo,client,3,9992071,96290,,369185,20267,
migrate_demo,client,3,9997456,96290,,369185,20267,
migrate_demo,client,3,10002678,96290,,369185,20267,
migrate_demo,client,3,10007898,96290,,369185,20267,
migrate_demo,client,3,10013122,96290,,369185,20267,
migrate_demo,client,3,10018377,96290,,369185,20267,
migrate_demo,client,3,10023633,96290,,369185,20267,
migrate_demo,client,3,10028909,96290,,369185,20267,
migrate_demo,client,3,10034253,96290,,369185,20267,
migrate_demo,client,3,10039526,96290,,369185,20267,
migrate_demo,client,3,10044802,96290,,369185,20267,
migrate_demo,client,3,10050088,96290,,369185,20267,
migrate_demo,client,3,10055371,96290,,369185,20267,
migrate_demo,client,3,10060627,96290,,369185,20267,
migrate_demo,client,3,10065904,96290,,369185,20267,
migrate_demo,client,3,10071135,96290,,369185,20267,
migrate_demo,client,3,10076373,96290,,369185,20267,
migrate_demo,client,3,10081589,96290,,369185,20267,
migrate_demo,client,3,10086822,96290,,369185,20267,
migrate_demo,client,3,10092118,96290,,369185,20267,
migrate_demo,client,3,10097402,96290,,369185,20267,
migrate_demo,client,3,10102631,96290,,369185,20267,
migrate_demo,client,3,10108028,96290,,369185,20267,
migrate_demo,client,3,10113303,96290,,369185,20267,
migrate_demo,client,3,10118641,96290,,369185,20267,
migrate_demo,client,3,10123915,96290,,369185,20267,
migrate_demo,client,3,10129215,96290,,369185,20267,
migrate_demo,client,3,10134521,96290,,328155,20267,
migrate_demo,client,3,10139765,96290,,328155,20267,
migrate_demo,client,3,10145012,96290,,328155,20267,
migrate_demo,client,3,10150231,96290,,328155,20267,
migrate_demo,client,3,10155521,96290,,328155,20267,
migrate_demo,client,3,10160780,96290,,328155,20267,
migrate_demo,client,3,10166054,96290,,328155,20267,
migrate_demo,client,3,10171329,96290,,328155,20267,
migrate_demo,client,3,10176611,96290,,328155,20267,
migrate_demo,client,3,10181871,96290,,328155,20267,
migrate_demo,client,3,10187149,96290,,328155,20267,
migrate_demo,client,3,10192412,96290,,328155,20267,
migrate_demo,client,3,10197606,96290,,292243,20267,
migrate_demo,client,3,10202853,96290,,292243,20267,
migrate_demo,client,3,10208132,96290,,292243,20267,
migrate_demo,client,3,10213370,96290,,292243,20267,
migrate_demo,client,3,10218663,96290,,292243,20267,
migrate_demo,client,3,10223891,96290,,292243,20267,
migrate_demo,client,3,10229160,96290,,292243,20267,
migrate_demo,client,3,10234406,96290,,292243,20267,
migrate_demo,client,3,10239675,96290,,292243,20267,
migrate_demo,client,3,10244989,96290,,292243,20267,
migrate_demo,client,3,10250312,96290,,292243,20267,
migrate_demo,client,3,10255596,96290,,292243,20267,
migrate_demo,client,3,10261052,96290,,260849,20267,
migrate_demo,client,3,10266273,96290,,260849,20267,
migrate_demo,client,3,10271496,96290,,260849,20267,
migrate_demo,client,3,10276769,96290,,260849,20267,
migrate_demo,client,3,10282086,96290,,260849,20267,
migrate_demo,client,3,10287419,96290,,260849,20267,
migrate_demo,client,3,10292717,96290,,260849,20267,
migrate_demo,client,3,10297959,96290,,260849,20267,
migrate_demo,client,3,10303237,96290,,260849,20267,
migrate_demo,client,3,10308521,96290,,260849,20267,
migrate_demo,client,3,10313838,96290,,260849,20267,
migrate_demo,client,3,10319166,96290,,233350,20267,
migrate_demo,client,3,10324458,96290,,233350,20267,
migrate_demo,client,3,10329819,96290,,233350,20267,
migrate_demo,client,3,10335113,96290,,233350,20267,
migrate_demo,client,3,10340346,96290,,233350,20267,
migrate_demo,client,3,10345559,96290,,233350,20267,
migrate_demo,client,3,10350916,96290,,233350,20267,
migrate_demo,client,3,10356275,96290,,233350,20267,
migrate_demo,client,3,10361622,96290,,233350,20267,
migrate_demo,client,3,10367003,96290,,233350,20267,
migrate_demo,client,3,10372273,96290,,233350,20267,
migrate_demo,client,3,10377617,96290,,233350,20267,
migrate_demo,client,3,10382880,96290,,209321,20267,
migrate_demo,client,3,10388193,96290,,209321,20267,
migrate_demo,client,3,10393445,96290,,209321,20267,
migrate_demo,client,3,10398690,96290,,209321,20267,
migrate_demo,client,3,10403954,96290,,209321,20267,
migrate_demo,client,3,10409220,96290,,209321,20267,
migrate_demo,client,3,10414517,96290,,209321,20267,
migrate_demo,client,3,10419822,96290,,209321,20267,
migrate_demo,client,3,10425119,96290,,209321,20267,
migrate_demo,client,3,10430355,96290,,209321,20267,
migrate_demo,client,3,10435718,96290,,209321,20267,
migrate_demo,client,3,10441031,96290,,209321,20267,
migrate_demo,client,3,10446232,96290,,188239,20267,
migrate_demo,client,3,10451530,96290,,188239,20267,
migrate_demo,client,3,10456710,96290,,188239,20267,
migrate_demo,client,3,10461973,96290,,188239,20267,
migrate_demo,client,3,10467223,96290,,188239,20267,
migrate_demo,client,3,10472497,96290,,188239,20267,
migrate_demo,client,3,10477752,96290,,188239,20267,
migrate_demo,client,3,10483038,96290,,188239,20267,
migrate_demo,client,3,10488308,96290,,188239,20267,
migrate_demo,client,3,10493571,96290,,188239,20267,
migrate_demo,client,3,10498825,96290,,188239,20267,
migrate_demo,client,3,10504114,96290,,188239,20267,
migrate_demo,client,3,10509344,96290,,169810,20267,
migrate_demo,client,3,10514617,96290,,169810,20267,
migrate_demo,client,3,10519836,96290,,169810,20267,
migrate_demo,client,3,10525026,96290,,169810,20267,
migrate_demo,client,3,10530371,96290,,169810,20267,
migrate_demo,client,3,10535602,96290,,169810,20267,
migrate_demo,client,3,10540831,96290,,169810,20267,
migrate_demo,client,3,10546115,96290,,169810,20267,
migrate_demo,client,3,10551426,96290,,169810,20267,
migrate_demo,client,3,10556739,96290,,169810,20267,
migrate_demo,client,3,10561990,96290,,169810,20267,
migrate_demo,client,3,10567275,96290,,169810,20267,
migrate_demo,client,3,10572516,96290,,153696,20267,
migrate_demo,client,3,10577771,96290,,153696,20267,
migrate_demo,client,3,10582986,96290,,153696,20267,
migrate_demo,client,3,10588183,96290,,153696,20267,
migrate_demo,client,3,10593507,96290,,153696,20267,
migrate_demo,client,3,10598788,96290,,153696,20267,
migrate_demo,client,3,10604066,96290,,153696,20267,
migrate_demo,client,3,10609312,96290,,153696,20267,
migrate_demo,client,3,10614639,96290,,153696,20267,
migrate_demo,client,3,10619956,96290,,153696,20267,
migrate_demo,client,3,10625277,96290,,153696,20267,
migrate_demo,client,3,10630474,96290,,139606,20267,
migrate_demo,client,3,10635786,96290,,139606,20267,
migrate_demo,client,3,10641042,96290,,139606,20267,
migrate_demo,client,3,10646353,96290,,139606,20267,
migrate_demo,client,3,10651547,96290,,139606,20267,
migrate_demo,client,3,10656820,96290,,139606,20267,
migrate_demo,client,3,10662099,96290,,139606,20267,
migrate_demo,client,3,10667440,96290,,139606,20267,
migrate_demo,client,3,10672727,96290,,139606,20267,
migrate_demo,client,3,10678047,96290,,139606,20267,
migrate_demo,client,3,10683347,96290,,139606,20267,
migrate_demo,client,3,10688688,96290,,139606,20267,
migrate_demo,client,3,10693958,96290,,127255,20267,
migrate_demo,client,3,10699195,96290,,127255,20267,
migrate_demo,client,3,10704525,96290,,127255,20267,
migrate_demo,client,3,10709781,96290,,127255,20267,
migrate_demo,client,3,10715079,96290,,127255,20267,
migrate_demo,client,3,10720275,96290,,127255,20267,
migrate_demo,client,3,10725575,96290,,127255,20267,
migrate_demo,client,3,10730860,96290,,127255,20267,
migrate_demo,client,3,10736114,96290,,127255,20267,
migrate_demo,client,3,10741386,96290,,127255,20267,
migrate_demo,client,3,10746804,96290,,127255,20267,
migrate_demo,client,3,10752059,96290,,127255,20267,
migrate_demo,client,3,10757380,96290,,116486,20267,
migrate_demo,client,3,10762593,96290,,116486,20267,
migrate_demo,client,3,10768051,96290,,116486,20267,
migrate_demo,client,3,10773355,96290,,116486,20267,
migrate_demo,client,3,10778589,96290,,109113,20267,
migrate_demo,client,3,10783864,96290,,109113,20267,
migrate_demo,client,3,10789243,96290,,109113,20267,
migrate_demo,client,3,10794486,96290,,109113,20267,
migrate_demo,client,3,10799736,96290,,109113,20267,
migrate_demo,client,3,10804999,96290,,109113,20267,
migrate_demo,client,3,10810256,96290,,109113,20267,
migrate_demo,client,3,10815475,96290,,109113,20267,
migrate_demo,client,3,10820690,96290,,100603,20267,
migrate_demo,client,3,10825891,96290,,100603,20267,
migrate_demo,client,3,10831100,96290,,100603,20267,
migrate_demo,client,3,10836394,96290,,100603,20267,
migrate_demo,client,3,10841714,96290,,94583,20267,
migrate_demo,client,3,10846987,96290,,94583,20267,
migrate_demo,client,3,10852282,96290,,94583,20267,
migrate_demo,client,3,10857619,96290,,94583,20267,
migrate_demo,client,3,10862890,96290,,94583,20267,
migrate_demo,client,3,10868156,96290,,94583,20267,
migrate_demo,client,3,10873380,96290,,94583,20267,
migrate_demo,client,3,10878661,96290,,94583,20267,
migrate_demo,client,3,10883896,96290,,87877,20267,
migrate_demo,client,3,10889215,96290,,87877,20267,
migrate_demo,client,3,10894432,96290,,87877,20267,
migrate_demo,client,3,10899760,96290,,87877,20267,
migrate_demo,client,3,10905010,96290,,87877,20267,
migrate_demo,client,3,10910287,96290,,87877,20267,
migrate_demo,client,3,10915590,96290,,87877,20267,
migrate_demo,client,3,10920945,96290,,87877,20267,
migrate_demo,client,3,10926210,96290,,87877,20267,
migrate_demo,client,3,10931468,96290,,87877,20267,
migrate_demo,client,3,10936719,96290,,87877,20267,
migrate_demo,client,3,10941984,96290,,87877,20267,
migrate_demo,client,3,10947232,96290,,82020,20267,
migrate_demo,client,3,10952482,96290,,82020,20267,
migrate_demo,client,3,10957765,96290,,82020,20267,
migrate_demo,client,3,10963022,96290,,82020,20267,
migrate_demo,client,3,10968256,96290,,82020,20267,
migrate_demo,client,3,10973503,96290,,82020,20267,
migrate_demo,client,3,10978785,96290,,82020,20267,
migrate_demo,client,3,10984120,96290,,82020,20267,
migrate_demo,client,3,10989364,96290,,82020,20267,
migrate_demo,client,3,10994622,96290,,82020,20267,
migrate_demo,client,3,10999901,96290,,82020,20267,
migrate_demo,client,3,11005153,96290,,76874,20267,
migrate_demo,client,3,11010443,96290,,76874,20267,
migrate_demo,client,3,11015640,96290,,76874,20267,
migrate_demo,client,3,11020852,96290,,76874,20267,
migrate_demo,client,3,11026077,96290,,76874,20267,
migrate_demo,client,3,11031351,96290,,76874,20267,
migrate_demo,client,3,11036626,96290,,76874,20267,
migrate_demo,client,3,11041850,96290,,76874,20267,
migrate_demo,client,3,11047139,96290,,76874,20267,
migrate_demo,client,3,11052328,96290,,76874,20267,
migrate_demo,client,3,11057601,96290,,76874,20267,
migrate_demo,client,3,11062867,96290,,76874,20267,
migrate_demo,client,3,11068256,96290,,72371,20267,
migrate_demo,client,3,11073597,96290,,72371,20267,
migrate_demo,client,3,11078817,96290,,72371,20267,
migrate_demo,client,3,11084001,96290,,72371,20267,
migrate_demo,client,3,11089261,96290,,72371,20267,
migrate_demo,client,3,11094504,96290,,72371,20267,
migrate_demo,client,3,11099755,96290,,72371,20267,
migrate_demo,client,3,11104973,96290,,72371,20267,
migrate_demo,client,3,11110217,96290,,72371,20267,
migrate_demo,client,3,11115493,96290,,72371,20267,
migrate_demo,client,3,11120702,96290,,72371,20267,
migrate_demo,client,3,11125980,96290,,72371,20267,
migrate_demo,client,3,11131199,96290,,72371,20267,
migrate_demo,client,3,11136429,96290,,72371,20267,
migrate_demo,client,3,11141714,96290,,72371,20267,
migrate_demo,client,3,11147025,96290,,72371,20267,
migrate_demo,client,3,11152272,96290,,72371,20267,
migrate_demo,client,3,11157634,96290,,72371,20267,
migrate_demo,client,3,11162947,96290,,72371,20267,
migrate_demo,client,3,11168257,96290,,72371,20267,
migrate_demo,client,3,11173562,96290,,72371,20267,
migrate_demo,client,3,11178815,96290,,72371,20267,
migrate_demo,client,3,11184087,96290,,72371,20267,
migrate_demo,client,3,11189321,96290,,72371,20267,
migrate_demo,client,3,11194535,96290,,72371,20267,
migrate_demo,client,3,11199796,96290,,72371,20267,
migrate_demo,client,3,11205052,96290,,72371,20267,
migrate_demo,client,3,11210278,96290,,72371,20267,
migrate_demo,client,3,11215522,96290,,72371,20267,
migrate_demo,client,3,11220762,96290,,72371,20267,
migrate_demo,client,3,11226010,96290,,72371,20267,
migrate_demo,client,3,11231267,96290,,72371,20267,
migrate_demo,client,3,11236505,96290,,72371,20267,
migrate_demo,client,3,11241710,96290,,72371,20267,
migrate_demo,client,3,11246899,96290,,72371,20267,
migrate_demo,client,3,11252181,96290,,72371,20267,
migrate_demo,client,3,11257482,96290,,72371,20267,
migrate_demo,client,3,11262768,96290,,72371,20267,
migrate_demo,client,3,11268036,96290,,72371,20267,
migrate_demo,client,3,11273234,96290,,72371,20267,
migrate_demo,client,3,11278586,96290,,72371,20267,
migrate_demo,client,3,11283777,96290,,72371,20267,
migrate_demo,client,3,11288960,96290,,72371,20267,
migrate_demo,client,3,11294216,96290,,72371,20267,
migrate_demo,client,3,11299496,96290,,72371,20267,
migrate_demo,client,3,11304810,96290,,72371,20267,
migrate_demo,client,3,11310095,96290,,72371,20267,
migrate_demo,client,3,11315310,96290,,72371,20267,
migrate_demo,client,3,11320570,96290,,72371,20267,
migrate_demo,client,3,11325821,96290,,72371,20267,
migrate_demo,client,3,11331097,96290,,72371,20267,
migrate_demo,client,3,11336380,96290,,72371,20267,
migrate_demo,client,3,11341597,96290,,72371,20267,
migrate_demo,client,3,11346930,96290,,72371,20267,
migrate_demo,client,3,11352149,96290,,72371,20267,
migrate_demo,client,3,11357432,96290,,72371,20267,
migrate_demo,client,3,11362697,96290,,72371,20267,
migrate_demo,client,3,11367930,96290,,72371,20267,
migrate_demo,client,3,11373214,96290,,72371,20267,
migrate_demo,client,3,11378462,96290,,72371,20267,
migrate_demo,client,3,11383834,96290,,72371,20267,
migrate_demo,client,3,11389094,96290,,72371,20267,
migrate_demo,client,3,11394320,96290,,72371,20267,
migrate_demo,client,3,11399595,96290,,72371,20267,
migrate_demo,client,3,11404926,96290,,72371,20267,
migrate_demo,client,3,11410204,96290,,72371,20267,
migrate_demo,client,3,11415431,96290,,72371,20267,
migrate_demo,client,3,11420685,96290,,72371,20267,
migrate_demo,client,3,11425897,96290,,72371,20267,
migrate_demo,client,3,11431129,96290,,72371,20267,
migrate_demo,client,3,11436456,96290,,72371,20267,
migrate_demo,client,3,11441765,96290,,72371,20267,
migrate_demo,client,3,11447110,96290,,72371,20267,
migrate_demo,client,3,11452393,96290,,72371,20267,
migrate_demo,client,3,11457719,96290,,72371,20267,
migrate_demo,client,3,11462978,96290,,72371,20267,
migrate_demo,client,3,11468264,96290,,72371,20267,
migrate_demo,client,3,11473560,96290,,72371,20267,
migrate_demo,client,3,11478808,96290,,72371,20267,
migrate_demo,client,3,11484089,96290,,72371,20267,
migrate_demo,client,3,11489231,96290,,72371,20267,
migrate_demo,client,3,11494484,96290,,72371,20267,
migrate_demo,client,3,11499729,96290,,72371,20267,
migrate_demo,client,3,11505002,96290,,72371,20267,
migrate_demo,client,3,11510235,96290,,72371,20267,
migrate_demo,client,3,11515442,96290,,72371,20267,
migrate_demo,client,3,11520684,96290,,72371,20267,
migrate_demo,client,3,11525894,96290,,72371,20267,
migrate_demo,client,3,11531181,96290,,72371,20267,
migrate_demo,client,3,11536499,96290,,72371,20267,
migrate_demo,client,3,11541756,96290,,72371,20267,
migrate_demo,client,3,11546958,96290,,72371,20267,
migrate_demo,client,3,11552261,96290,,72371,20267,
migrate_demo,client,3,11557493,96290,,72371,20267,
migrate_demo,client,3,11562753,96290,,72371,20267,
migrate_demo,client,3,11568088,96290,,72371,20267,
migrate_demo,client,3,11573386,96290,,72371,20267,
migrate_demo,client,3,11578699,96290,,72371,20267,
migrate_demo,client,3,11583997,96290,,72371,20267,
migrate_demo,client,3,11589228,96290,,72371,20267,
migrate_demo,client,3,11594468,96290,,72371,20267,
migrate_demo,client,3,11599725,96290,,72371,20267,
migrate_demo,client,3,11605016,96290,,72371,20267,
migrate_demo,client,3,11610249,96290,,72371,20267,
migrate_demo,client,3,11615586,96290,,72371,20267,
migrate_demo,client,3,11620839,96290,,72371,20267,
migrate_demo,client,3,11626087,96290,,72371,20267,
migrate_demo,client,3,11631323,96290,,72371,20267,
migrate_demo,client,3,11636565,96290,,72371,20267,
migrate_demo,client,3,11641856,96290,,72371,20267,
migrate_demo,client,3,11647180,96290,,72371,20267,
migrate_demo,client,3,11652391,96290,,72371,20267,
migrate_demo,client,3,11657574,96290,,72371,20267,
migrate_demo,client,3,11662799,96290,,72371,20267,
migrate_demo,client,3,11668126,96290,,72371,20267,
migrate_demo,client,3,11673411,96290,,72371,20267,
migrate_demo,client,3,11678631,96290,,72371,20267,
migrate_demo,client,3,11683946,96290,,72371,20267,
migrate_demo,client,3,11689159,96290,,72371,20267,
migrate_demo,client,3,11694398,96290,,72371,20267,
migrate_demo,client,3,11699664,96290,,72371,20267,
migrate_demo,client,3,11704903,96290,,72371,20267,
migrate_demo,client,3,11710187,96290,,72371,20267,
migrate_demo,client,3,11715426,96290,,72371,20267,
migrate_demo,client,3,11720713,96290,,72371,20267,
migrate_demo,client,3,11726009,96290,,72371,20267,
migrate_demo,client,3,11731190,96290,,72371,20267,
migrate_demo,client,3,11736519,96290,,72371,20267,
migrate_demo,client,3,11741881,96290,,72371,20267,
migrate_demo,client,3,11747013,96290,,72371,20267,
migrate_demo,client,3,11752281,96290,,72371,20267,
migrate_demo,client,3,11757479,96290,,72371,20267,
migrate_demo,client,3,11762705,96290,,72371,20267,
migrate_demo,client,3,11768021,96290,,72371,20267,
migrate_demo,client,3,11773220,96290,,72371,20267,
migrate_demo,client,3,11778505,96290,,72371,20267,
migrate_demo,client,3,11783765,96290,,72371,20267,
migrate_demo,client,3,11788990,96290,,72371,20267,
migrate_demo,client,3,11794276,96290,,72371,20267,
migrate_demo,client,3,11799469,96290,,72371,20267,
migrate_demo,client,3,11804742,96290,,72371,20267,
migrate_demo,client,3,11810134,96290,,72371,20267,
migrate_demo,client,3,11815374,96290,,72371,20267,
migrate_demo,client,3,11820640,96290,,72371,20267,
migrate_demo,client,3,11825903,96290,,72371,20267,
migrate_demo,client,3,11831104,96290,,72371,20267,
migrate_demo,client,3,11836361,96290,,72371,20267,
migrate_demo,client,3,11841699,96290,,72371,20267,
migrate_demo,client,3,11846983,96290,,72371,20267,
migrate_demo,client,3,11852218,96290,,72371,20267,
migrate_demo,client,3,11857426,96290,,72371,20267,
migrate_demo,client,3,11862630,96290,,72371,20267,
migrate_demo,client,3,11867895,96290,,72371,20267,
migrate_demo,client,3,11873159,96290,,72371,20267,
migrate_demo,client,3,11878556,96290,,72371,20267,
migrate_demo,client,3,11883785,96290,,72371,20267,
migrate_demo,client,3,11889052,96290,,72371,20267,
migrate_demo,client,3,11894304,96290,,72371,20267,
migrate_demo,client,3,11899559,96290,,72371,20267,
migrate_demo,client,3,11904813,96290,,72371,20267,
migrate_demo,client,3,11910107,96290,,72371,20267,
migrate_demo,client,3,11915364,96290,,72371,20267,
migrate_demo,client,3,11920605,96290,,72371,20267,
migrate_demo,client,3,11925878,96290,,72371,20267,
migrate_demo,client,3,11931087,96290,,72371,20267,
migrate_demo,client,3,11936291,96290,,72371,20267,
migrate_demo,client,3,11941543,96290,,72371,20267,
migrate_demo,client,3,11946782,96290,,72371,20267,
migrate_demo,client,3,11952145,96290,,72371,20267,
migrate_demo,client,3,11957478,96290,,72371,20267,
migrate_demo,client,3,11962767,96290,,72371,20267,
migrate_demo,client,3,11968110,96290,,72371,20267,
migrate_demo,client,3,11973395,96290,,72371,20267,
migrate_demo,client,3,11978723,96290,,72371,20267,
migrate_demo,client,3,11984131,96290,,72371,20267,
migrate_demo,client,3,11989383,96290,,72371,20267,
migrate_demo,client,3,11994594,96290,,72371,20267,
migrate_demo,client,3,11999785,96290,,72371,20267,
migrate_demo,client,3,12005053,96290,,72371,20267,
migrate_demo,client,3,12010371,96290,,72371,20267,
migrate_demo,client,3,12015630,96290,,72371,20267,
migrate_demo,client,3,12020889,96290,,72371,20267,
migrate_demo,client,3,12026119,96290,,72371,20267,
migrate_demo,client,3,12031394,96290,,72371,20267,
migrate_demo,client,3,12036676,96290,,72371,20267,
migrate_demo,client,3,12041927,96290,,72371,20267,
migrate_demo,client,3,12047199,96290,,72371,20267,
migrate_demo,client,3,12052486,96290,,72371,20267,
migrate_demo,client,3,12057717,96290,,72371,20267,
migrate_demo,client,3,12062958,96290,,72371,20267,
migrate_demo,client,3,12068229,96290,,72371,20267,
migrate_demo,client,3,12073485,96290,,72371,20267,
migrate_demo,client,3,12078706,96290,,72371,20267,
migrate_demo,client,3,12083962,96290,,72371,20267,
migrate_demo,client,3,12089191,96290,,72371,20267,
migrate_demo,client,3,12094433,96290,,72371,20267,
migrate_demo,client,3,12099689,96290,,72371,20267,
migrate_demo,client,3,12104963,96290,,72371,20267,
migrate_demo,client,3,12110207,96290,,72371,20267,
migrate_demo,client,3,12115562,96290,,72371,20267,
migrate_demo,client,3,12120894,96290,,72371,20267,
migrate_demo,client,3,12126129,96290,,72371,20267,
migrate_demo,client,3,12131386,96290,,72371,20267,
migrate_demo,client,3,12136612,96290,,72371,20267,
migrate_demo,client,3,12141829,96290,,72371,20267,
migrate_demo,client,3,12147096,96290,,72371,20267,
migrate_demo,client,3,12152323,96290,,72371,20267,
migrate_demo,client,3,12157559,96290,,72371,20267,
migrate_demo,client,3,12162849,96290,,72371,20267,
migrate_demo,client,3,12168094,96290,,72371,20267,
migrate_demo,client,3,12173333,96290,,72371,20267,
migrate_demo,client,3,12178596,96290,,72371,20267,
migrate_demo,client,3,12183994,96290,,72371,20267,
migrate_demo,client,3,12189285,96290,,72371,20267,
migrate_demo,client,3,12194498,96290,,72371,20267,
migrate_demo,client,3,12199759,96290,,72371,20267,
migrate_demo,client,3,12205033,96290,,72371,20267,
migrate_demo,client,3,12210247,96290,,72371,20267,
migrate_demo,client,3,12215609,96290,,72371,20267,
migrate_demo,client,3,12220932,96290,,72371,20267,
migrate_demo,client,3,12226150,96290,,72371,20267,
migrate_demo,client,3,12231433,96290,,72371,20267,
migrate_demo,client,3,12236684,96290,,72371,20267,
migrate_demo,client,3,12241964,96290,,72371,20267,
migrate_demo,client,3,12247130,96290,,72371,20267,
migrate_demo,client,3,12252383,96290,,72371,20267,
migrate_demo,client,3,12257746,96290,,72371,20267,
migrate_demo,client,3,12262941,96290,,72371,20267,
migrate_demo,client,3,12268176,96290,,72371,20267,
migrate_demo,client,3,12273395,96290,,72371,20267,
migrate_demo,client,3,12278631,96290,,72371,20267,
migrate_demo,client,3,12283847,96290,,72371,20267,
migrate_demo,client,3,12289176,96290,,72371,20267,
migrate_demo,client,3,12294452,96290,,72371,20267,
migrate_demo,client,3,12299686,96290,,72371,20267,
migrate_demo,client,3,12304927,96290,,72371,20267,
migrate_demo,client,3,12310219,96290,,72371,20267,
migrate_demo,client,3,12315519,96290,,72371,20267,
migrate_demo,client,3,12320814,96290,,72371,20267,
migrate_demo,client,3,12326046,96290,,72371,20267,
migrate_demo,client,3,12331270,96290,,72371,20267,
migrate_demo,client,3,12336539,96290,,72371,20267,
migrate_demo,client,3,12341781,96290,,72371,20267,
migrate_demo,client,3,12346994,96290,,72371,20267,
migrate_demo,client,3,12352264,96290,,72371,20267,
migrate_demo,client,3,12357439,96290,,72371,20267,
migrate_demo,client,3,12362708,96290,,72371,20267,
migrate_demo,client,3,12367984,96290,,72371,20267,
migrate_demo,client,3,12373240,96290,,72371,20267,
migrate_demo,client,3,12378509,96290,,72371,20267,
migrate_demo,client,3,12383847,96290,,72371,20267,
migrate_demo,client,3,12389128,96290,,68459,20267,
migrate_demo,client,3,12394365,96290,,68459,20267,
migrate_demo,client,3,12399645,96290,,68459,20267,
migrate_demo,client,3,12404870,96290,,68459,20267,
migrate_demo,client,3,12410108,96290,,65648,20267,
migrate_demo,client,3,12415320,96290,,65648,20267,
migrate_demo,client,3,12420584,96290,,65648,20267,
migrate_demo,client,3,12425853,96290,,65648,20267,
migrate_demo,client,3,12431112,96290,,65648,20267,
migrate_demo,client,3,12436442,96290,,65648,20267,
migrate_demo,client,3,12441690,96290,,65648,20267,
migrate_demo,client,3,12446980,96290,,65648,20267,
migrate_demo,client,3,12452399,96290,,62559,20267,
migrate_demo,client,3,12457612,96290,,62559,20267,
migrate_demo,client,3,12462832,96290,,62559,20267,
migrate_demo,client,3,12468085,96290,,62559,20267,
migrate_demo,client,3,12473354,96290,,62559,20267,
migrate_demo,client,3,12478680,96290,,62559,20267,
migrate_demo,client,3,12484009,96290,,62559,20267,
migrate_demo,client,3,12489216,96290,,62559,20267,
migrate_demo,client,3,12494469,96290,,62559,20267,
migrate_demo,client,3,12499747,96290,,62559,20267,
migrate_demo,client,3,12505108,96290,,62559,20267,
migrate_demo,client,3,12510347,96290,,62559,20267,
migrate_demo,client,3,12515570,96290,,62559,20267,
migrate_demo,client,3,12520808,96290,,62559,20267,
migrate_demo,client,3,12526077,96290,,62559,20267,
migrate_demo,client,3,12531329,96290,,59840,20267,
migrate_demo,client,3,12536574,96290,,59840,20267,
migrate_demo,client,3,12541796,96290,,59840,20267,
migrate_demo,client,3,12547021,96290,,59840,20267,
migrate_demo,client,3,12552377,96290,,59840,20267,
migrate_demo,client,3,12557720,96290,,59840,20267,
migrate_demo,client,3,12562967,96290,,59840,20267,
migrate_demo,client,3,12568233,96290,,59840,20267,
migrate_demo,client,3,12573579,96290,,59840,20267,
migrate_demo,client,3,12578941,96290,,59840,20267,
migrate_demo,client,3,12584248,96290,,59840,20267,
migrate_demo,client,3,12589487,96290,,59840,20267,
migrate_demo,client,3,12594733,96290,,59840,20267,
migrate_demo,client,3,12599950,96290,,59840,20267,
migrate_demo,client,3,12605239,96290,,59840,20267,
migrate_demo,client,3,12610528,96290,,57443,20267,
migrate_demo,client,3,12615884,96290,,57443,20267,
migrate_demo,client,3,12621129,96290,,57443,20267,
migrate_demo,client,3,12626400,96290,,57443,20267,
migrate_demo,client,3,12631622,96290,,57443,20267,
migrate_demo,client,3,12636908,96290,,57443,20267,
migrate_demo,client,3,12642188,96290,,57443,20267,
migrate_demo,client,3,12647407,96290,,57443,20267,
migrate_demo,client,3,12652644,96290,,57443,20267,
migrate_demo,client,3,12657941,96290,,57443,20267,
migrate_demo,client,3,12663300,96290,,57443,20267,
migrate_demo,client,3,12668818,96290,,57443,20267,
migrate_demo,client,3,12674117,96290,,57443,20267,
migrate_demo,client,3,12679440,96290,,57443,20267,
migrate_demo,client,3,12684884,96290,,57443,20267,
migrate_demo,client,3,12690213,96290,,57443,20267,
migrate_demo,client,3,12695517,96290,,57443,20267,
migrate_demo,client,3,12700765,96290,,57443,20267,
migrate_demo,client,3,12706017,96290,,57443,20267,
migrate_demo,client,3,12711311,96290,,57443,20267,
migrate_demo,client,3,12716515,96290,,57443,20267,
migrate_demo,client,3,12721748,96290,,57443,20267,
migrate_demo,client,3,12727149,96290,,57443,20267,
migrate_demo,client,3,12732379,96290,,57443,20267,
migrate_demo,client,3,12737747,96290,,57443,20267,
migrate_demo,client,3,12742992,96290,,57443,20267,
migrate_demo,client,3,12748366,96290,,57443,20267,
migrate_demo,client,3,12753871,96290,,57443,20267,
migrate_demo,client,3,12759163,96290,,57443,20267,
migrate_demo,client,3,12764488,96290,,57443,20267,
migrate_demo,client,3,12769754,96290,,57443,20267,
migrate_demo,client,3,12775105,96290,,57443,20267,
migrate_demo,client,3,12780301,96290,,57443,20267,
migrate_demo,client,3,12785572,96290,,57443,20267,
migrate_demo,client,3,12790879,96290,,57443,20267,
migrate_demo,client,3,12796216,96290,,57443,20267,
migrate_demo,client,3,12801568,96290,,57443,20267,
migrate_demo,client,3,12806826,96290,,57443,20267,
migrate_demo,client,3,12812208,96290,,57443,20267,
migrate_demo,client,3,12817703,96290,,57443,20267,
migrate_demo,client,3,12822969,96290,,57443,20267,
migrate_demo,client,3,12828279,96290,,57443,20267,
migrate_demo,client,3,12833638,96290,,57443,20267,
migrate_demo,client,3,12838904,96290,,57443,20267,
migrate_demo,client,3,12844404,96290,,57443,20267,
migrate_demo,client,3,12849672,96290,,57443,20267,
migrate_demo,client,3,12854895,96290,,57443,20267,
migrate_demo,client,3,12860151,96290,,57443,20267,
migrate_demo,client,3,12865442,96290,,57443,20267,
migrate_demo,client,3,12870675,96290,,57443,20267,
migrate_demo,client,3,12875907,96290,,57443,20267,
migrate_demo,client,3,12881187,96290,,57443,20267,
migrate_demo,client,3,12886441,96290,,57443,20267,
migrate_demo,client,3,12891698,96290,,57443,20267,
migrate_demo,client,3,12897067,96290,,57443,20267,
migrate_demo,client,3,12902290,96290,,57443,20267,
migrate_demo,client,3,12907582,96290,,57443,20267,
migrate_demo,client,3,12912680,96290,,57443,20267,
migrate_demo,client,3,12917922,96290,,57443,20267,
migrate_demo,client,3,12923290,96290,,57443,20267,
migrate_demo,client,3,12928546,96290,,55370,20267,
migrate_demo,client,3,12933815,96290,,55370,20267,
migrate_demo,client,3,12939012,96290,,55370,20267,
migrate_demo,client,3,12944339,96290,,55370,20267,
migrate_demo,client,3,12949586,96290,,55370,20267,
migrate_demo,client,3,12954868,96290,,55370,20267,
migrate_demo,client,3,12960135,96290,,55370,20267,
migrate_demo,client,3,12965292,96290,,55370,20267,
migrate_demo,client,3,12970547,96290,,55370,20267,
migrate_demo,client,3,12975845,96290,,55370,20267,
migrate_demo,client,3,12981062,96290,,55370,20267,
migrate_demo,client,3,12986251,96290,,55370,20267,
migrate_demo,client,3,12991493,96290,,55370,20267,
migrate_demo,client,3,12996744,96290,,55370,20267,
migrate_demo,client,3,13002043,96290,,55370,20267,
migrate_demo,client,3,13007264,96290,,55370,20267,
migrate_demo,client,3,13012502,96290,,55370,20267,
migrate_demo,client,3,13017749,96290,,55370,20267,
migrate_demo,client,3,13023048,96290,,55370,20267,
migrate_demo,client,3,13028361,96290,,55370,20267,
migrate_demo,client,3,13033556,96290,,55370,20267,
migrate_demo,client,3,13038886,96290,,55370,20267,
migrate_demo,client,3,13044143,96290,,55370,20267,
migrate_demo,client,3,13049381,96290,,55370,20267,
migrate_demo,client,3,13054716,96290,,55370,20267,
migrate_demo,client,3,13059939,96290,,55370,20267,
migrate_demo,client,3,13065167,96290,,55370,20267,
migrate_demo,client,3,13070557,96290,,55370,20267,
migrate_demo,client,3,13075799,96290,,55370,20267,
migrate_demo,client,3,13081047,96290,,55370,20267,
migrate_demo,client,3,13086288,96290,,55370,20267,
migrate_demo,client,3,13091562,96290,,55370,20267,
migrate_demo,client,3,13096943,96290,,55370,20267,
migrate_demo,client,3,13102186,96290,,55370,20267,
migrate_demo,client,3,13107435,96290,,55370,20267,
migrate_demo,client,3,13112737,96290,,55370,20267,
migrate_demo,client,3,13118072,96290,,55370,20267,
migrate_demo,client,3,13123362,96290,,55370,20267,
migrate_demo,client,3,13128592,96290,,55370,20267,
migrate_demo,client,3,13133956,96290,,55370,20267,
migrate_demo,client,3,13139190,96290,,55370,20267,
migrate_demo,client,3,13144431,96290,,55370,20267,
migrate_demo,client,3,13149665,96290,,55370,20267,
migrate_demo,client,3,13154862,96290,,55370,20267,
migrate_demo,client,3,13160143,96290,,55370,20267,
migrate_demo,client,3,13165377,96290,,55370,20267,
migrate_demo,client,3,13170668,96290,,55370,20267,
migrate_demo,client,3,13176032,96290,,55370,20267,
migrate_demo,client,3,13181259,96290,,55370,20267,
migrate_demo,client,3,13186467,96290,,55370,20267,
migrate_demo,client,3,13191759,96290,,55370,20267,
migrate_demo,client,3,13197011,96290,,55370,20267,
migrate_demo,client,3,13202329,96290,,55370,20267,
migrate_demo,client,3,13207584,96290,,55370,20267,
migrate_demo,client,3,13212883,96290,,55370,20267,
migrate_demo,client,3,13218162,96290,,55370,20267,
migrate_demo,client,3,13223431,96290,,55370,20267,
migrate_demo,client,3,13228645,96290,,55370,20267,
migrate_demo,client,3,13233796,96290,,55370,20267,
migrate_demo,client,3,13239042,96290,,55370,20267,
migrate_demo,client,3,13244238,96290,,55370,20267,
migrate_demo,client,3,13249483,96290,,55370,20267,
migrate_demo,client,3,13254704,96290,,55370,20267,
migrate_demo,client,3,13260025,96290,,55370,20267,
migrate_demo,client,3,13265268,96290,,55370,20267,
migrate_demo,client,3,13270480,96290,,55370,20267,
migrate_demo,client,3,13275704,96290,,55370,20267,
migrate_demo,client,3,13280879,96290,,55370,20267,
migrate_demo,client,3,13286120,96290,,55370,20267,
migrate_demo,client,3,13291448,96290,,55370,20267,
migrate_demo,client,3,13296694,96290,,53537,20267,
migrate_demo,client,3,13301868,96290,,53537,20267,
migrate_demo,client,3,13307032,96290,,53537,20267,
migrate_demo,client,3,13312271,96290,,53537,20267,
migrate_demo,client,3,13317621,96290,,53537,20267,
migrate_demo,client,3,13322979,96290,,53537,20267,
migrate_demo,client,3,13328207,96290,,53537,20267,
migrate_demo,client,3,13333760,96290,,53537,20267,
migrate_demo,client,3,13338975,96290,,53537,20267,
migrate_demo,client,3,13344279,96290,,53537,20267,
migrate_demo,client,3,13349412,96290,,53537,20267,
migrate_demo,client,3,13354615,96290,,53537,20267,
migrate_demo,client,3,13359913,96290,,53537,20267,
migrate_demo,client,3,13365142,96290,,53537,20267,
migrate_demo,client,3,13370402,96290,,53537,20267,
migrate_demo,client,3,13375602,96290,,51958,20267,
migrate_demo,client,3,13380836,96290,,51958,20267,
migrate_demo,client,3,13386091,96290,,51958,20267,
migrate_demo,client,3,13391241,96290,,51958,20267,
migrate_demo,client,3,13396487,96290,,51958,20267,
migrate_demo,client,3,13401784,96290,,51958,20267,
migrate_demo,client,3,13407053,96290,,51958,20267,
migrate_demo,client,3,13412402,96290,,51958,20267,
migrate_demo,client,3,13417585,96290,,51958,20267,
migrate_demo,client,3,13422855,96290,,51958,20267,
migrate_demo,client,3,13428169,96290,,51958,20267,
migrate_demo,client,3,13433533,96290,,51958,20267,
migrate_demo,client,3,13438846,96290,,51958,20267,
migrate_demo,client,3,13444084,96290,,51958,20267,
migrate_demo,client,3,13449435,96290,,51958,20267,
migrate_demo,client,3,13454740,96290,,51958,20267,
migrate_demo,client,3,13459971,96290,,51958,20267,
migrate_demo,client,3,13465254,96290,,51958,20267,
migrate_demo,client,3,13470507,96290,,51958,20267,
migrate_demo,client,3,13475761,96290,,51958,20267,
migrate_demo,client,3,13481036,96290,,51958,20267,
migrate_demo,client,3,13486245,96290,,51958,20267,
migrate_demo,client,3,13491521,96290,,51958,20267,
migrate_demo,client,3,13496744,96290,,51958,20267,
migrate_demo,client,3,13501954,96290,,51958,20267,
migrate_demo,client,3,13507172,96290,,51958,20267,
migrate_demo,client,3,13512380,96290,,51958,20267,
migrate_demo,client,3,13517627,96290,,51958,20267,
migrate_demo,client,3,13522824,96290,,51958,20267,
migrate_demo,client,3,13527989,96290,,50865,20267,
migrate_demo,client,3,13533290,96290,,50865,20267,
migrate_demo,client,3,13538543,96290,,50865,20267,
migrate_demo,client,3,13543850,96290,,50865,20267,
migrate_demo,client,3,13549088,96290,,50865,20267,
migrate_demo,client,3,13554329,96290,,49616,20267,
migrate_demo,client,3,13559615,96290,,49616,20267,
migrate_demo,client,3,13564918,96290,,49616,20267,
migrate_demo,client,3,13570174,96290,,49616,20267,
migrate_demo,client,3,13575360,96290,,49952,20267,
migrate_demo,client,3,13580552,96290,,49952,20267,
migrate_demo,client,3,13585852,96290,,49952,20267,
migrate_demo,client,3,13591092,96290,,49952,20267,
migrate_demo,client,3,13596287,96290,,49952,20267,
migrate_demo,client,3,13601615,96290,,49952,20267,
migrate_demo,client,3,13606856,96290,,49952,20267,
migrate_demo,client,3,13612106,96290,,49952,20267,
migrate_demo,client,3,13617406,96290,,48846,20267,
migrate_demo,client,3,13622680,96290,,48846,20267,
migrate_demo,client,3,13627879,96290,,48846,20267,
migrate_demo,client,3,13633224,96290,,48846,20267,
migrate_demo,client,3,13638479,96290,,48846,20267,
migrate_demo,client,3,13643747,96290,,47878,20267,
migrate_demo,client,3,13649009,96290,,47878,20267,
migrate_demo,client,3,13654324,96290,,47878,20267,
migrate_demo,client,3,13659520,96290,,47878,20267,
migrate_demo,client,3,13664780,96290,,47878,20267,
migrate_demo,client,3,13670055,96290,,47878,20267,
migrate_demo,client,3,13675335,96290,,47878,20267,
migrate_demo,client,3,13680551,96290,,47878,20267,
migrate_demo,client,3,13685770,96290,,47878,20267,
migrate_demo,client,3,13691155,96290,,46984,20267,
migrate_demo,client,3,13696398,96290,,46984,20267,
migrate_demo,client,3,13701630,96290,,46984,20267,
migrate_demo,client,3,13706887,96290,,46984,20267,
migrate_demo,client,3,13712141,96290,,46984,20267,
migrate_demo,client,3,13717480,96290,,46228,20267,
migrate_demo,client,3,13722660,96290,,46228,20267,
migrate_demo,client,3,13727905,96290,,46228,20267,
migrate_demo,client,3,13733207,96290,,46228,20267,
migrate_demo,client,3,13738484,96290,,46228,20267,
migrate_demo,client,3,13743846,96290,,46228,20267,
migrate_demo,client,3,13749193,96290,,46228,20267,
migrate_demo,client,3,13754477,96290,,46228,20267,
migrate_demo,client,3,13759779,96290,,46228,20267,
migrate_demo,client,3,13765067,96290,,46228,20267,
migrate_demo,client,3,13770398,96290,,45580,20267,
migrate_demo,client,3,13775778,96290,,45580,20267,
migrate_demo,client,3,13781065,96290,,45580,20267,
migrate_demo,client,3,13786329,96290,,45580,20267,
migrate_demo,client,3,13791631,96290,,45580,20267,
migrate_demo,client,3,13796980,96290,,45580,20267,
migrate_demo,client,3,13802318,96290,,45580,20267,
migrate_demo,client,3,13807618,96290,,45580,20267,
migrate_demo,client,3,13812926,96290,,45580,20267,
migrate_demo,client,3,13818146,96290,,45580,20267,
migrate_demo,client,3,13823419,96290,,45059,20267,
migrate_demo,client,3,13828726,96290,,45059,20267,
migrate_demo,client,3,13833940,96290,,45059,20267,
migrate_demo,client,3,13839201,96290,,45059,20267,
migrate_demo,client,3,13844428,96290,,45059,20267,
migrate_demo,client,3,13849721,96290,,45059,20267,
migrate_demo,client,3,13854931,96290,,45059,20267,
migrate_demo,client,3,13860230,96290,,45059,20267,
migrate_demo,client,3,13865440,96290,,45059,20267,
migrate_demo,client,3,13870664,96290,,45059,20267,
migrate_demo,client,3,13875902,96290,,44538,20267,
migrate_demo,client,3,13881215,96290,,44538,20267,
migrate_demo,client,3,13886519,96290,,44538,20267,
migrate_demo,client,3,13891739,96290,,44538,20267,
migrate_demo,client,3,13897027,96290,,44538,20267,
migrate_demo,client,3,13902332,96290,,44122,20267,
migrate_demo,client,3,13907567,96290,,44122,20267,
migrate_demo,client,3,13912852,96290,,44122,20267,
migrate_demo,client,3,13918114,96290,,44122,20267,
migrate_demo,client,3,13923461,96290,,44122,20267,
migrate_demo,client,3,13928713,96290,,44122,20267,
migrate_demo,client,3,13933955,96290,,44122,20267,
migrate_demo,client,3,13939119,96290,,44122,20267,
migrate_demo,client,3,13944403,96290,,44122,20267,
migrate_demo,client,3,13949713,96290,,44122,20267,
migrate_demo,client,3,13954961,96290,,43751,20267,
migrate_demo,client,3,13960249,96290,,43751,20267,
migrate_demo,client,3,13965541,96290,,43751,20267,
migrate_demo,client,3,13970767,96290,,43751,20267,
migrate_demo,client,3,13976016,96290,,43751,20267,
migrate_demo,client,3,13981274,96290,,43456,20267,
migrate_demo,client,3,13986525,96290,,43456,20267,
migrate_demo,client,3,13991747,96290,,43456,20267,
migrate_demo,client,3,13997056,96290,,43456,20267,
migrate_demo,client,3,14002277,96290,,43456,20267,
migrate_demo,client,3,14007531,96290,,43169,20267,
migrate_demo,client,3,14012798,96290,,43169,20267,
migrate_demo,client,3,14018103,96290,,43169,20267,
migrate_demo,client,3,14023413,96290,,43169,20267,
migrate_demo,client,3,14028636,96290,,43169,20267,
migrate_demo,client,3,14033903,96290,,42901,20267,
migrate_demo,client,3,14039158,96290,,42901,20267,
migrate_demo,client,3,14044401,96290,,42901,20267,
migrate_demo,client,3,14049620,96290,,42901,20267,
migrate_demo,client,3,14054834,96290,,42901,20267,
migrate_demo,client,3,14060038,96290,,42686,20267,
migrate_demo,client,3,14065311,96290,,42686,20267,
migrate_demo,client,3,14070582,96290,,42686,20267,
migrate_demo,client,3,14075818,96290,,42686,20267,
migrate_demo,client,3,14081074,96290,,42686,20267,
migrate_demo,client,3,14086325,96290,,42462,20267,
migrate_demo,client,3,14091610,96290,,42462,20267,
migrate_demo,client,3,14096823,96290,,42462,20267,
migrate_demo,client,3,14102049,96290,,42462,20267,
migrate_demo,client,3,14107365,96290,,42462,20267,
migrate_demo,client,3,14112593,96290,,42256,20267,
migrate_demo,client,3,14117890,96290,,42256,20267,
migrate_demo,client,3,14123185,96290,,42256,20267,
migrate_demo,client,3,14128440,96290,,42256,20267,
migrate_demo,client,3,14133684,96290,,42078,20267,
migrate_demo,client,3,14138938,96290,,42078,20267,
migrate_demo,client,3,14144242,96290,,42078,20267,
migrate_demo,client,3,14149503,96290,,42078,20267,
migrate_demo,client,3,14154847,96290,,42078,20267,
migrate_demo,client,3,14160145,96290,,41926,20267,
migrate_demo,client,3,14165506,96290,,41926,20267,
migrate_demo,client,3,14170827,96290,,41926,20267,
migrate_demo,client,3,14176128,96290,,41926,20267,
migrate_demo,client,3,14181394,96290,,41926,20267,
migrate_demo,client,3,14186669,96290,,41779,20267,
migrate_demo,client,3,14191944,96290,,41779,20267,
migrate_demo,client,3,14197205,96290,,41779,20267,
migrate_demo,client,3,14202442,96290,,41779,20267,
migrate_demo,client,3,14207689,96290,,41779,20267,
migrate_demo,client,3,14212859,96290,,41654,20267,
migrate_demo,client,3,14218155,96290,,41654,20267,
migrate_demo,client,3,14223422,96290,,41654,20267,
migrate_demo,client,3,14228673,96290,,41654,20267,
migrate_demo,client,3,14233938,96290,,41654,20267,
migrate_demo,client,3,14239165,96290,,41554,20267,
migrate_demo,client,3,14244516,96290,,41554,20267,
migrate_demo,client,3,14249823,96290,,41554,20267,
migrate_demo,client,3,14255076,96290,,41554,20267,
migrate_demo,client,3,14260283,96290,,41480,20267,
migrate_demo,client,3,14265515,96290,,41480,20267,
migrate_demo,client,3,14270752,96290,,41480,20267,
migrate_demo,client,3,14276038,96290,,41480,20267,
migrate_demo,client,3,14281227,96290,,41480,20267,
migrate_demo,client,3,14286503,96290,,41412,20267,
migrate_demo,client,3,14291736,96290,,41412,20267,
migrate_demo,client,3,14296997,96290,,41412,20267,
migrate_demo,client,3,14302230,96290,,41412,20267,
migrate_demo,client,3,14307414,96290,,41412,20267,
migrate_demo,client,3,14312681,96290,,41342,20267,
migrate_demo,client,3,14317891,96290,,41342,20267,
migrate_demo,client,3,14323154,96290,,41342,20267,
migrate_demo,client,3,14328439,96290,,41342,20267,
migrate_demo,client,3,14333639,96290,,41288,20267,
migrate_demo,client,3,14338838,96290,,41288,20267,
migrate_demo,client,3,14344199,96290,,41288,20267,
migrate_demo,client,3,14349420,96290,,41288,20267,
migrate_demo,client,3,14354610,96290,,41288,20267,
migrate_demo,client,3,14359950,96290,,41307,20267,
migrate_demo,client,3,14365276,96290,,41307,20267,
migrate_demo,client,3,14370538,96290,,41307,20267,
migrate_demo,client,3,14375780,96290,,41307,20267,
migrate_demo,client,3,14381061,96290,,41307,20267,
migrate_demo,client,3,14386393,96290,,41254,20267,
migrate_demo,client,3,14391619,96290,,41254,20267,
migrate_demo,client,3,14396852,96290,,41254,20267,
migrate_demo,client,3,14402041,96290,,41254,20267,
migrate_demo,client,3,14407464,96290,,41254,20267,
migrate_demo,client,3,14412761,96290,,41237,20267,
migrate_demo,client,3,14418037,96290,,41237,20267,
migrate_demo,client,3,14423319,96290,,41237,20267,
migrate_demo,client,3,14428476,96290,,41237,20267,
migrate_demo,client,3,14433706,96290,,41196,20267,
migrate_demo,client,3,14438928,96290,,41196,20267,
migrate_demo,client,3,14444176,96290,,41196,20267,
migrate_demo,client,3,14449516,96290,,41196,20267,
migrate_demo,client,3,14454782,96290,,41196,20267,
migrate_demo,client,3,14460029,96290,,41157,20267,
migrate_demo,client,3,14465260,96290,,41157,20267,
migrate_demo,client,3,14470536,96290,,41157,20267,
migrate_demo,client,3,14475843,96290,,41157,20267,
migrate_demo,client,3,14481187,96290,,41107,20267,
migrate_demo,client,3,14486448,96290,,41107,20267,
migrate_demo,client,3,14491683,96290,,41107,20267,
migrate_demo,client,3,14497016,96290,,41107,20267,
migrate_demo,client,3,14502307,96290,,41107,20267,
migrate_demo,client,3,14507589,96290,,41088,20267,
migrate_demo,client,3,14512850,96290,,41088,20267,
migrate_demo,client,3,14518151,96290,,41088,20267,
migrate_demo,client,3,14523436,96290,,41088,20267,
migrate_demo,client,3,14528767,96290,,41108,20267,
migrate_demo,client,3,14534018,96290,,41108,20267,
migrate_demo,client,3,14539327,96290,,41108,20267,
migrate_demo,client,3,14544604,96290,,41108,20267,
migrate_demo,client,3,14549842,96290,,41108,20267,
migrate_demo,client,3,14555158,96290,,41126,20267,
migrate_demo,client,3,14560447,96290,,41126,20267,
migrate_demo,client,3,14565669,96290,,41126,20267,
migrate_demo,client,3,14570922,96290,,41126,20267,
migrate_demo,client,3,14576124,96290,,42191,20267,
migrate_demo,client,3,14581364,96290,,42191,20267,
migrate_demo,client,3,14586613,96290,,42191,20267,
migrate_demo,client,3,14591854,96290,,42070,20267,
migrate_demo,client,3,14597123,96290,,42070,20267,
migrate_demo,client,3,14602336,96290,,42070,20267,
migrate_demo,client,3,14607595,96290,,42070,20267,
migrate_demo,client,3,14612910,96290,,42070,20267,
migrate_demo,client,3,14618222,96290,,41914,20267,
migrate_demo,client,3,14623477,96290,,41914,20267,
migrate_demo,client,3,14628705,96290,,41914,20267,
migrate_demo,client,3,14633921,96290,,41914,20267,
migrate_demo,client,3,14639119,96290,,41795,20267,
migrate_demo,client,3,14644321,96290,,41795,20267,
migrate_demo,client,3,14649654,96290,,41795,20267,
migrate_demo,client,3,14654943,96290,,41795,20267,
migrate_demo,client,3,14660199,96290,,41795,20267,
migrate_demo,client,3,14665469,96290,,41729,20267,
migrate_demo,client,3,14670723,96290,,41729,20267,
migrate_demo,client,3,14675951,96290,,41729,20267,
migrate_demo,client,3,14681167,96290,,41729,20267,
migrate_demo,client,3,14686383,96290,,41629,20267,
migrate_demo,client,3,14691685,96290,,41629,20267,
migrate_demo,client,3,14696872,96290,,41629,20267,
migrate_demo,client,3,14702088,96290,,41629,20267,
migrate_demo,client,3,14707439,96290,,41577,20267,
migrate_demo,client,3,14712697,96290,,41577,20267,
migrate_demo,client,3,14717989,96290,,41577,20267,
migrate_demo,client,3,14723261,96290,,41577,20267,
migrate_demo,client,3,14728471,96290,,41577,20267,
migrate_demo,client,3,14733651,96290,,41487,20267,
migrate_demo,client,3,14738922,96290,,41487,20267,
migrate_demo,client,3,14744227,96290,,41487,20267,
migrate_demo,client,3,14749498,96290,,41487,20267,
migrate_demo,client,3,14754758,96290,,41444,20267,
migrate_demo,client,3,14759956,96290,,41444,20267,
migrate_demo,client,3,14765304,96290,,41444,20267,
migrate_demo,client,3,14770589,96290,,41444,20267,
migrate_demo,client,3,14775844,96290,,41444,20267,
migrate_demo,client,3,14781143,96290,,41369,20267,
migrate_demo,client,3,14786404,96290,,41369,20267,
migrate_demo,client,3,14791690,96290,,41369,20267,
migrate_demo,client,3,14796874,96290,,41369,20267,
migrate_demo,client,3,14802125,96290,,41297,20267,
migrate_demo,client,3,14807381,96290,,41297,20267,
migrate_demo,client,3,14812629,96290,,41297,20267,
migrate_demo,client,3,14817891,96290,,41297,20267,
migrate_demo,client,3,14823074,96290,,41277,20267,
migrate_demo,client,3,14828312,96290,,41277,20267,
migrate_demo,client,3,14833530,96290,,41277,20267,
migrate_demo,client,3,14838781,96290,,41277,20267,
migrate_demo,client,3,14844052,96290,,41277,20267,
migrate_demo,client,3,14849337,96290,,41215,20267,
migrate_demo,client,3,14854575,96290,,41215,20267,
migrate_demo,client,3,14859837,96290,,41215,20267,
migrate_demo,client,3,14865084,96290,,41215,20267,
migrate_demo,client,3,14870268,96290,,41170,20267,
migrate_demo,client,3,14875535,96290,,41170,20267,
migrate_demo,client,3,14880843,96290,,41170,20267,
migrate_demo,client,3,14886114,96290,,41170,20267,
migrate_demo,client,3,14891310,96290,,41118,20267,
migrate_demo,client,3,14896550,96290,,41118,20267,
migrate_demo,client,3,14901786,96290,,41118,20267,
migrate_demo,client,3,14907017,96290,,41118,20267,
migrate_demo,client,3,14912266,96290,,41118,20267,
migrate_demo,client,3,14917511,96290,,41151,20267,
migrate_demo,client,3,14922839,96290,,41151,20267,
migrate_demo,client,3,14928124,96290,,41151,20267,
migrate_demo,client,3,14933425,96290,,41151,20267,
migrate_demo,client,3,14938638,96290,,41149,20267,
migrate_demo,client,3,14943904,96290,,41149,20267,
migrate_demo,client,3,14949133,96290,,41149,20267,
migrate_demo,client,3,14954367,96290,,41149,20267,
migrate_demo,client,3,14959566,96290,,41176,20267,
migrate_demo,client,3,14964872,96290,,41176,20267,
migrate_demo,client,3,14970141,96290,,41176,20267,
migrate_demo,client,3,14975414,96290,,41176,20267,
migrate_demo,client,3,14980646,96290,,41176,20267,
migrate_demo,client,3,14985858,96290,,41203,20267,
migrate_demo,client,3,14991142,96290,,41203,20267,
migrate_demo,client,3,14996456,96290,,41203,20267,
migrate_demo,client,3,15001571,96290,,41203,20267,
migrate_demo,client,3,15006865,96290,,41201,20267,
migrate_demo,client,3,15012175,96290,,41201,20267,
migrate_demo,client,3,15017443,96290,,41201,20267,
migrate_demo,client,3,15022682,96290,,41201,20267,
migrate_demo,client,3,15027934,96290,,41200,20267,
migrate_demo,client,3,15033151,96290,,41200,20267,
migrate_demo,client,3,15038403,96290,,41200,20267,
migrate_demo,client,3,15043570,96290,,41200,20267,
migrate_demo,client,3,15048816,96290,,41200,20267,
migrate_demo,client,3,15054038,96290,,41219,20267,
migrate_demo,client,3,15059314,96290,,41219,20267,
migrate_demo,client,3,15064649,96290,,41219,20267,
migrate_demo,client,3,15069816,96290,,41219,20267,
migrate_demo,client,3,15075035,96290,,41200,20267,
migrate_demo,client,3,15080354,96290,,41200,20267,
migrate_demo,client,3,15085564,96290,,41200,20267,
migrate_demo,client,3,15090759,96290,,41200,20267,
migrate_demo,client,3,15096001,96290,,41215,20267,
migrate_demo,client,3,15101313,96290,,41215,20267,
migrate_demo,client,3,15106585,96290,,41215,20267,
migrate_demo,client,3,15111842,96290,,41215,20267,
migrate_demo,client,3,15117109,96290,,41215,20267,
migrate_demo,client,3,15122292,96290,,41230,20267,
migrate_demo,client,3,15127579,96290,,41230,20267,
migrate_demo,client,3,15132821,96290,,41230,20267,
migrate_demo,client,3,15138044,96290,,41230,20267,
migrate_demo,client,3,15143225,96290,,41212,20267,
migrate_demo,client,3,15148466,96290,,41212,20267,
migrate_demo,client,3,15153646,96290,,41212,20267,
migrate_demo,client,3,15158882,96290,,41212,20267,
migrate_demo,client,3,15164102,96290,,41222,20267,
migrate_demo,client,3,15169410,96290,,41222,20267,
migrate_demo,client,3,15174665,96290,,41222,20267,
migrate_demo,client,3,15179977,96290,,41222,20267,
migrate_demo,client,3,15185234,96290,,41222,20267,
migrate_demo,client,3,15190397,96290,,41239,20267,
migrate_demo,client,3,15195669,96290,,41239,20267,
migrate_demo,client,3,15200909,96290,,41239,20267,
migrate_demo,client,3,15206104,96290,,41239,20267,
migrate_demo,client,3,15211354,96290,,41219,20267,
migrate_demo,client,3,15216633,96290,,41219,20267,
migrate_demo,client,3,15221854,96290,,41219,20267,
migrate_demo,client,3,15227060,96290,,41219,20267,
migrate_demo,client,3,15232342,96290,,41219,20267,
migrate_demo,client,3,15237659,96290,,41266,20267,
migrate_demo,client,3,15242936,96290,,41266,20267,
migrate_demo,client,3,15248208,96290,,41266,20267,
migrate_demo,client,3,15253508,96290,,41266,20267,
migrate_demo,client,3,15258902,96290,,41303,20267,
migrate_demo,client,3,15264168,96290,,41303,20267,
migrate_demo,client,3,15269392,96290,,41303,20267,
migrate_demo,client,3,15274632,96290,,41303,20267,
migrate_demo,client,3,15279870,96290,,41373,20267,
migrate_demo,client,3,15285225,96290,,41373,20267,
migrate_demo,client,3,15290527,96290,,41373,20267,
migrate_demo,client,3,15295817,96290,,41373,20267,
migrate_demo,client,3,15301187,96290,,41408,20267,
migrate_demo,client,3,15306479,96290,,41408,20267,
migrate_demo,client,3,15311756,96290,,41408,20267,
migrate_demo,client,3,15316989,96290,,41408,20267,
migrate_demo,client,3,15322301,96290,,41408,20267,
migrate_demo,client,3,15327510,96290,,41470,20267,
migrate_demo,client,3,15332791,96290,,41470,20267,
migrate_demo,client,3,15338194,96290,,41470,20267,
migrate_demo,client,3,15343470,96290,,41470,20267,
migrate_demo,client,3,15348725,96290,,41477,20267,
migrate_demo,client,3,15353936,96290,,41477,20267,
migrate_demo,client,3,15359137,96290,,41477,20267,
migrate_demo,client,3,15364460,96290,,41477,20267,
migrate_demo,client,3,15369769,96290,,41586,20267,
migrate_demo,client,3,15375087,96290,,41586,20267,
migrate_demo,client,3,15380311,96290,,41586,20267,
migrate_demo,client,3,15385637,96290,,41586,20267,
migrate_demo,client,3,15390884,96290,,41586,20267,
migrate_demo,client,3,15396110,96290,,41690,20267,
migrate_demo,client,3,15401381,96290,,41690,20267,
migrate_demo,client,3,15406694,96290,,41690,20267,
migrate_demo,client,3,15411935,96290,,41690,20267,
migrate_demo,client,3,15417183,96290,,41769,20267,
migrate_demo,client,3,15422393,96290,,41769,20267,
migrate_demo,client,3,15427642,96290,,41769,20267,
migrate_demo,client,3,15432872,96290,,41769,20267,
migrate_demo,client,3,15438059,96290,,42851,20267,
migrate_demo,client,3,15443330,96290,,42851,20267,
migrate_demo,client,3,15448651,96290,,42851,20267,
migrate_demo,client,3,15453965,96290,,42845,20267,
migrate_demo,client,3,15459265,96290,,42845,20267,
migrate_demo,client,3,15464478,96290,,42845,20267,
migrate_demo,client,3,15469740,96290,,42845,20267,
migrate_demo,client,3,15475005,96290,,42845,20267,
migrate_demo,client,3,15480173,96290,,44238,20267,
migrate_demo,client,3,15485469,96290,,44238,20267,
migrate_demo,client,3,15490706,96290,,44062,20267,
migrate_demo,client,3,15495976,96290,,44062,20267,
migrate_demo,client,3,15501287,96290,,44062,20267,
migrate_demo,client,3,15506517,96290,,44062,20267,
migrate_demo,client,3,15511833,96290,,43923,20267,
migrate_demo,client,3,15517134,96290,,43923,20267,
migrate_demo,client,3,15522415,96290,,43923,20267,
migrate_demo,client,3,15527624,96290,,43923,20267,
migrate_demo,client,3,15532885,96290,,43856,20267,
migrate_demo,client,3,15538232,96290,,43856,20267,
migrate_demo,client,3,15543487,96290,,43856,20267,
migrate_demo,client,3,15548763,96290,,43856,20267,
migrate_demo,client,3,15553980,96290,,43856,20267,
migrate_demo,client,3,15559252,96290,,43752,20267,
migrate_demo,client,3,15564588,96290,,43752,20267,
migrate_demo,client,3,15569843,96290,,43752,20267,
migrate_demo,client,3,15575148,96290,,43752,20267,
migrate_demo,client,3,15580353,96290,,43704,20267,
migrate_demo,client,3,15585565,96290,,43704,20267,
migrate_demo,client,3,15590787,96290,,43704,20267,
migrate_demo,client,3,15596060,96290,,43704,20267,
migrate_demo,client,3,15601283,96290,,43660,20267,
migrate_demo,client,3,15606498,96290,,43660,20267,
migrate_demo,client,3,15611759,96290,,43660,20267,
migrate_demo,client,3,15616959,96290,,43660,20267,
migrate_demo,client,3,15622239,96290,,43660,20267,
migrate_demo,client,3,15627589,96290,,43694,20267,
migrate_demo,client,3,15632875,96290,,43694,20267,
migrate_demo,client,3,15638118,96290,,43694,20267,
migrate_demo,client,3,15643322,96290,,43694,20267,
migrate_demo,client,3,15648605,96290,,43718,20267,
migrate_demo,client,3,15653854,96290,,43718,20267,
migrate_demo,client,3,15659134,96290,,43718,20267,
migrate_demo,client,3,15664490,96290,,43718,20267,
migrate_demo,client,3,15669736,96290,,43734,20267,
migrate_demo,client,3,15675002,96290,,43734,20267,
migrate_demo,client,3,15680284,96290,,43734,20267,
migrate_demo,client,3,15685554,96290,,43734,20267,
migrate_demo,client,3,15690777,96290,,43734,20267,
migrate_demo,client,3,15695997,96290,,43824,20267,
migrate_demo,client,3,15701229,96290,,43824,20267,
migrate_demo,client,3,15706527,96290,,43824,20267,
migrate_demo,client,3,15711763,96290,,43824,20267,
migrate_demo,client,3,15716976,96290,,43879,20267,
migrate_demo,client,3,15722240,96290,,43879,20267,
migrate_demo,client,3,15727576,96290,,43879,20267,
migrate_demo,client,3,15732786,96290,,43879,20267,
migrate_demo,client,3,15738250,96290,,43879,20267,
migrate_demo,client,3,15743587,96290,,43951,20267,
migrate_demo,client,3,15748845,96290,,43951,20267,
migrate_demo,client,3,15754139,96290,,43951,20267,
migrate_demo,client,3,15759318,96290,,43951,20267,
migrate_demo,client,3,15764596,96290,,44061,20267,
migrate_demo,client,3,15769872,96290,,44061,20267,
migrate_demo,client,3,15775179,96290,,44061,20267,
migrate_demo,client,3,15780507,96290,,44061,20267,
migrate_demo,client,3,15785869,96290,,44170,20267,
migrate_demo,client,3,15791162,96290,,44170,20267,
migrate_demo,client,3,15796450,96290,,44170,20267,
migrate_demo,client,3,15801709,96290,,44170,20267,
migrate_demo,client,3,15806982,96290,,44258,20267,
migrate_demo,client,3,15812237,96290,,44258,20267,
migrate_demo,client,3,15817610,96290,,44258,20267,
migrate_demo,client,3,15822762,96290,,44258,20267,
migrate_demo,client,3,15827996,96290,,44258,20267,
migrate_demo,client,3,15833184,96290,,44398,20267,
migrate_demo,client,3,15838440,96290,,44398,20267,
migrate_demo,client,3,15843588,96290,,44398,20267,
migrate_demo,client,3,15848830,96290,,44398,20267,
migrate_demo,client,3,15853997,96290,,44514,20267,
migrate_demo,client,3,15859281,96290,,44514,20267,
migrate_demo,client,3,15864508,96290,,44514,20267,
migrate_demo,client,3,15869712,96290,,44514,20267,
migrate_demo,client,3,15874858,96290,,44514,20267,
migrate_demo,client,3,15880022,96290,,44614,20267,
migrate_demo,client,3,15885195,96290,,44614,20267,
migrate_demo,client,3,15890411,96290,,44614,20267,
migrate_demo,client,3,15895701,96290,,44614,20267,
migrate_demo,client,3,15900901,96290,,44773,20267,
migrate_demo,client,3,15906221,96290,,44773,20267,
migrate_demo,client,3,15911408,96290,,44773,20267,
migrate_demo,client,3,15916614,96290,,44773,20267,
migrate_demo,client,3,15921782,96290,,44916,20267,
migrate_demo,client,3,15926999,96290,,44916,20267,
migrate_demo,client,3,15932218,96290,,44916,20267,
migrate_demo,client,3,15937485,96290,,44916,20267,
migrate_demo,client,3,15942696,96290,,44916,20267,
migrate_demo,client,3,15947908,96290,,45115,20267,
migrate_demo,client,3,15953188,96290,,45115,20267,
migrate_demo,client,3,15958416,96290,,45115,20267,
migrate_demo,client,3,15963603,96290,,45115,20267,
migrate_demo,client,3,15968749,96290,,45270,20267,
migrate_demo,client,3,15973943,96290,,45270,20267,
migrate_demo,client,3,15979140,96290,,45270,20267,
migrate_demo,client,3,15984402,96290,,45270,20267,
migrate_demo,client,3,15989608,96290,,45270,20267,
migrate_demo,client,3,15994753,96290,,45481,20267,
migrate_demo,client,3,15999893,96290,,45481,20267,
migrate_demo,client,3,16005094,96290,,45481,20267,
migrate_demo,client,3,16010296,96290,,45481,20267,
migrate_demo,client,3,16015455,96290,,45667,20267,
migrate_demo,client,3,16020612,96290,,45667,20267,
migrate_demo,client,3,16025840,96290,,45667,20267,
migrate_demo,client,3,16031054,96290,,45667,20267,
migrate_demo,client,3,16036253,96290,,45822,20267,
migrate_demo,client,3,16041425,96290,,45822,20267,
migrate_demo,client,3,16046524,96290,,45822,20267,
migrate_demo,client,3,16051730,96290,,45822,20267,
migrate_demo,client,3,16056914,96290,,45822,20267,
migrate_demo,client,3,16062058,96290,,46023,20267,
migrate_demo,client,3,16067310,96290,,46023,20267,
migrate_demo,client,3,16072488,96290,,46023,20267,
migrate_demo,client,3,16077650,96290,,46023,20267,
migrate_demo,client,3,16082847,96290,,46195,20267,
migrate_demo,client,3,16088075,96290,,46195,20267,
migrate_demo,client,3,16093273,96290,,46195,20267,
migrate_demo,client,3,16098481,96290,,46195,20267,
migrate_demo,client,3,16103698,96290,,46195,20267,
migrate_demo,client,3,16108861,96290,,46408,20267,
migrate_demo,client,3,16114042,96290,,46408,20267,
migrate_demo,client,3,16119225,96290,,46408,20267,
migrate_demo,client,3,16124413,96290,,46408,20267,
migrate_demo,client,3,16129556,96290,,46599,20267,
migrate_demo,client,3,16134743,96290,,46599,20267,
migrate_demo,client,3,16139916,96290,,46599,20267,
migrate_demo,client,3,16145093,96290,,46599,20267,
migrate_demo,client,3,16150316,96290,,46599,20267,
migrate_demo,client,3,16155498,96290,,46829,20267,
migrate_demo,client,3,16160782,96290,,46829,20267,
migrate_demo,client,3,16165937,96290,,46829,20267,
migrate_demo,client,3,16171160,96290,,46829,20267,
migrate_demo,client,3,16176329,96290,,47029,20267,
migrate_demo,client,3,16181489,96290,,47029,20267,
migrate_demo,client,3,16186654,96290,,47029,20267,
migrate_demo,client,3,16191839,96290,,47029,20267,
migrate_demo,client,3,16196991,96290,,47264,20267,
migrate_demo,client,3,16202228,96290,,47264,20267,
migrate_demo,client,3,16207387,96290,,47264,20267,
migrate_demo,client,3,16212605,96290,,47264,20267,
migrate_demo,client,3,16217771,96290,,47264,20267,
migrate_demo,client,3,16222952,96290,,47471,20267,
migrate_demo,client,3,16228199,96290,,47471,20267,
migrate_demo,client,3,16233411,96290,,47471,20267,
migrate_demo,client,3,16238585,96290,,47471,20267,
migrate_demo,client,3,16243752,96290,,47712,20267,
migrate_demo,client,3,16249011,96290,,47712,20267,
migrate_demo,client,3,16254239,96290,,47712,20267,
migrate_demo,client,3,16259432,96290,,47712,20267,
migrate_demo,client,3,16264604,96290,,47712,20267,
migrate_demo,client,3,16269795,96290,,47931,20267,
migrate_demo,client,3,16274978,96290,,47931,20267,
migrate_demo,client,3,16280185,96290,,47931,20267,
migrate_demo,client,3,16285357,96290,,47931,20267,
migrate_demo,client,3,16290524,96290,,48187,20267,
migrate_demo,client,3,16295693,96290,,48187,20267,
migrate_demo,client,3,16300856,96290,,48187,20267,
migrate_demo,client,3,16306075,96290,,48187,20267,
migrate_demo,client,3,16311240,96290,,48187,20267,
migrate_demo,client,3,16316412,96290,,48402,20267,
migrate_demo,client,3,16321632,96290,,48402,20267,
migrate_demo,client,3,16326789,96290,,48402,20267,
migrate_demo,client,3,16331993,96290,,48402,20267,
migrate_demo,client,3,16337141,96290,,48658,20267,
migrate_demo,client,3,16342377,96290,,48658,20267,
migrate_demo,client,3,16347572,96290,,48658,20267,
migrate_demo,client,3,16352796,96290,,48658,20267,
migrate_demo,client,3,16357983,96290,,48883,20267,
migrate_demo,client,3,16363164,96290,,48883,20267,
migrate_demo,client,3,16368334,96290,,48883,20267,
migrate_demo,client,3,16373485,96290,,48883,20267,
migrate_demo,client,3,16378668,96290,,48883,20267,
migrate_demo,client,3,16383855,96290,,51541,20267,
migrate_demo,client,3,16389002,96290,,51469,20267,
migrate_demo,client,3,16394178,96290,,51469,20267,
migrate_demo,client,3,16399382,96290,,51469,20267,
migrate_demo,client,3,16404542,96290,,51469,20267,
migrate_demo,client,3,16409694,96290,,51471,20267,
migrate_demo,client,3,16414963,96290,,51471,20267,
migrate_demo,client,3,16420161,96290,,51471,20267,
migrate_demo,client,3,16425356,96290,,51471,20267,
migrate_demo,client,3,16430515,96290,,51468,20267,
migrate_demo,client,3,16435710,96290,,51468,20267,
migrate_demo,client,3,16440923,96290,,51468,20267,
migrate_demo,client,3,16446119,96290,,51468,20267,
migrate_demo,client,3,16451314,96290,,51468,20267,
migrate_demo,client,3,16456479,96290,,51494,20267,
migrate_demo,client,3,16461669,96290,,51494,20267,
migrate_demo,client,3,16466822,96290,,51494,20267,
migrate_demo,client,3,16472040,96290,,51494,20267,
migrate_demo,client,3,16477227,96290,,51552,20267,
migrate_demo,client,3,16482446,96290,,51552,20267,
migrate_demo,client,3,16487603,96290,,51552,20267,
migrate_demo,client,3,16492826,96290,,51552,20267,
migrate_demo,client,3,16498050,96290,,51552,20267,
migrate_demo,client,3,16503207,96290,,51644,20267,
migrate_demo,client,3,16508379,96290,,51644,20267,
migrate_demo,client,3,16513554,96290,,51644,20267,
migrate_demo,client,3,16518784,96290,,51644,20267,
migrate_demo,client,3,16524007,96290,,51744,20267,
migrate_demo,client,3,16529226,96290,,51744,20267,
migrate_demo,client,3,16534412,96290,,51744,20267,
migrate_demo,client,3,16539598,96290,,51744,20267,
migrate_demo,client,3,16544828,96290,,51744,20267,
migrate_demo,client,3,16549993,96290,,51855,20267,
migrate_demo,client,3,16555184,96290,,51855,20267,
migrate_demo,client,3,16560376,96290,,51855,20267,
migrate_demo,client,3,16565589,96290,,51855,20267,
migrate_demo,client,3,16570759,96290,,51995,20267,
migrate_demo,client,3,16575968,96290,,51995,20267,
migrate_demo,client,3,16581067,96290,,51995,20267,
migrate_demo,client,3,16586232,96290,,51995,20267,
migrate_demo,client,3,16591414,96290,,52176,20267,
migrate_demo,client,3,16596612,96290,,52176,20267,
migrate_demo,client,3,16601807,96290,,52176,20267,
migrate_demo,client,3,16607060,96290,,52176,20267,
migrate_demo,client,3,16612279,96290,,52176,20267,
migrate_demo,client,3,16617443,96290,,52330,20267,
migrate_demo,client,3,16622732,96290,,52330,20267,
migrate_demo,client,3,16627908,96290,,52330,20267,
migrate_demo,client,3,16633104,96290,,52330,20267,
migrate_demo,client,3,16638316,96290,,52544,20267,
migrate_demo,client,3,16643523,96290,,52544,20267,
migrate_demo,client,3,16648772,96290,,52544,20267,
migrate_demo,client,3,16654037,96290,,52544,20267,
migrate_demo,client,3,16659365,96290,,52544,20267,
migrate_demo,client,3,16664693,96290,,52733,20267,
migrate_demo,client,3,16670028,96290,,52733,20267,
migrate_demo,client,3,16675305,96290,,52733,20267,
migrate_demo,client,3,16680559,96290,,52733,20267,
migrate_demo,client,3,16685727,96290,,52951,20267,
migrate_demo,client,3,16690936,96290,,52951,20267,
migrate_demo,client,3,16696122,96290,,52951,20267,
migrate_demo,client,3,16701317,96290,,52951,20267,
migrate_demo,client,3,16706571,96290,,53146,20267,
migrate_demo,client,3,16711890,96290,,53146,20267,
migrate_demo,client,3,16717074,96290,,53146,20267,
migrate_demo,client,3,16722349,96290,,53146,20267,
migrate_demo,client,3,16727573,96290,,53146,20267,
migrate_demo,client,3,16732752,96290,,53380,20267,
migrate_demo,client,3,16737967,96290,,53380,20267,
migrate_demo,client,3,16743126,96290,,53380,20267,
migrate_demo,client,3,16748355,96290,,53380,20267,
migrate_demo,client,3,16753545,96290,,53578,20267,
migrate_demo,client,3,16758726,96290,,53578,20267,
migrate_demo,client,3,16763874,96290,,53578,20267,
migrate_demo,client,3,16769072,96290,,53578,20267,
migrate_demo,client,3,16774233,96290,,53578,20267,
migrate_demo,client,3,16779409,96290,,53811,20267,
migrate_demo,client,3,16784641,96290,,53811,20267,
migrate_demo,client,3,16789863,96290,,53811,20267,
migrate_demo,client,3,16795072,96290,,53811,20267,
migrate_demo,client,3,16800302,96290,,54030,20267,
migrate_demo,client,3,16805504,96290,,54030,20267,
migrate_demo,client,3,16810719,96290,,54030,20267,
migrate_demo,client,3,16815887,96290,,54030,20267,
migrate_demo,client,3,16821109,96290,,54248,20267,
migrate_demo,client,3,16826298,96290,,54248,20267,
migrate_demo,client,3,16831523,96290,,54248,20267,
migrate_demo,client,3,16836717,96290,,54248,20267,
migrate_demo,client,3,16841952,96290,,54248,20267,
migrate_demo,client,3,16847077,96290,,54456,20267,
migrate_demo,client,3,16852359,96290,,54456,20267,
migrate_demo,client,3,16857596,96290,,54456,20267,
migrate_demo,client,3,16862778,96290,,54456,20267,
migrate_demo,client,3,16868031,96290,,54694,20267,
migrate_demo,client,3,16873230,96290,,54694,20267,
migrate_demo,client,3,16878405,96290,,54694,20267,
migrate_demo,client,3,16883625,96290,,54694,20267,
migrate_demo,client,3,16888862,96290,,54694,20267,
migrate_demo,client,3,16894335,96290,,54924,20267,
migrate_demo,client,3,16899626,96290,,54924,20267,
migrate_demo,client,3,16904826,96290,,54924,20267,
migrate_demo,client,3,16910032,96290,,54924,20267,
migrate_demo,client,3,16915225,96290,,55173,20267,
migrate_demo,client,3,16920494,96290,,55173,20267,
migrate_demo,client,3,16925831,96290,,55173,20267,
migrate_demo,client,3,16931057,96290,,55173,20267,
migrate_demo,client,3,16936283,96290,,55356,20267,
migrate_demo,client,3,16941508,96290,,55356,20267,
migrate_demo,client,3,16946837,96290,,55356,20267,
migrate_demo,client,3,16952106,96290,,55356,20267,
migrate_demo,client,3,16957298,96290,,55356,20267,
migrate_demo,client,3,16962502,96290,,55623,20267,
migrate_demo,client,3,16967741,96290,,55623,20267,
migrate_demo,client,3,16972917,96290,,55623,20267,
migrate_demo,client,3,16978098,96290,,55623,20267,
migrate_demo,client,3,16983282,96290,,55855,20267,
migrate_demo,client,3,16988476,96290,,55855,20267,
migrate_demo,client,3,16993780,96290,,55855,20267,
migrate_demo,client,3,16999028,96290,,55855,20267,
migrate_demo,client,3,17004215,96290,,55855,20267,
migrate_demo,client,3,17009440,96290,,56128,20267,
migrate_demo,client,3,17014673,96290,,56128,20267,
migrate_demo,client,3,17019941,96290,,56128,20267,
migrate_demo,client,3,17025153,96290,,56128,20267,
migrate_demo,client,3,17030356,96290,,56327,20267,
migrate_demo,client,3,17035555,96290,,56327,20267,
migrate_demo,client,3,17040810,96290,,56327,20267,
migrate_demo,client,3,17046036,96290,,56327,20267,
migrate_demo,client,3,17051207,96290,,56605,20267,
migrate_demo,client,3,17056413,96290,,56605,20267,
migrate_demo,client,3,17061672,96290,,56605,20267,
migrate_demo,client,3,17066865,96290,,56605,20267,
migrate_demo,client,3,17072070,96290,,56605,20267,
migrate_demo,client,3,17077249,96290,,56794,20267,
migrate_demo,client,3,17082460,96290,,56794,20267,
migrate_demo,client,3,17087709,96290,,56794,20267,
migrate_demo,client,3,17092890,96290,,56794,20267,
migrate_demo,client,3,17098047,96290,,57076,20267,
migrate_demo,client,3,17103253,96290,,57076,20267,
migrate_demo,client,3,17108419,96290,,57076,20267,
migrate_demo,client,3,17113572,96290,,57076,20267,
migrate_demo,client,3,17118735,96290,,57076,20267,
migrate_demo,client,3,17123899,96290,,57320,20267,
migrate_demo,client,3,17129053,96290,,57320,20267,
migrate_demo,client,3,17134210,96290,,57320,20267,
migrate_demo,client,3,17139463,96290,,57320,20267,
migrate_demo,client,3,17144653,96290,,57591,20267,
migrate_demo,client,3,17149820,96290,,57591,20267,
migrate_demo,client,3,17155033,96290,,57591,20267,
migrate_demo,client,3,17160238,96290,,57591,20267,
migrate_demo,client,3,17165464,96290,,57827,20267,
migrate_demo,client,3,17170710,96290,,57827,20267,
migrate_demo,client,3,17175870,96290,,57827,20267,
migrate_demo,client,3,17181068,96290,,57827,20267,
migrate_demo,client,3,17186226,96290,,57827,20267,
migrate_demo,client,3,17191396,96290,,58104,20267,
migrate_demo,client,3,17196643,96290,,58104,20267,
migrate_demo,client,3,17201852,96290,,58104,20267,
migrate_demo,client,3,17207060,96290,,58104,20267,
migrate_demo,client,3,17212251,96290,,58345,20267,
migrate_demo,client,3,17217468,96290,,58345,20267,
migrate_demo,client,3,17222685,96290,,58345,20267,
migrate_demo,client,3,17227909,96290,,58345,20267,
migrate_demo,client,3,17233071,96290,,58345,20267,
migrate_demo,client,3,17238212,96290,,59693,20267,
migrate_demo,client,3,17243403,96290,,59693,20267,
migrate_demo,client,3,17248564,96290,,59795,20267,
migrate_demo,client,3,17253706,96290,,59795,20267,
migrate_demo,client,3,17258865,96290,,59795,20267,
migrate_demo,client,3,17264111,96290,,59795,20267,
migrate_demo,client,3,17269360,96290,,59795,20267,
migrate_demo,client,3,17274544,96290,,61274,20267,
migrate_demo,client,3,17279710,96290,,61274,20267,
migrate_demo,client,3,17284930,96290,,61245,20267,
migrate_demo,client,3,17290130,96290,,61245,20267,
migrate_demo,client,3,17295341,96290,,61245,20267,
migrate_demo,client,3,17300546,96290,,61245,20267,
migrate_demo,client,3,17305757,96290,,61245,20267,
migrate_demo,client,3,17310941,96290,,61284,20267,
migrate_demo,client,3,17316146,96290,,61284,20267,
migrate_demo,client,3,17321320,96290,,61284,20267,
migrate_demo,client,3,17326488,96290,,61284,20267,
migrate_demo,client,3,17331634,96290,,61311,20267,
migrate_demo,client,3,17336856,96290,,61311,20267,
migrate_demo,client,3,17342110,96290,,61311,20267,
migrate_demo,client,3,17347435,96290,,61311,20267,
migrate_demo,client,3,17352590,96290,,61311,20267,
migrate_demo,client,3,17357791,96290,,61397,20267,
migrate_demo,client,3,17363054,96290,,61397,20267,
migrate_demo,client,3,17368308,96290,,61397,20267,
migrate_demo,client,3,17373556,96290,,61397,20267,
migrate_demo,client,3,17378652,96290,,61439,20267,
migrate_demo,client,3,17383851,96290,,61439,20267,
migrate_demo,client,3,17389152,96290,,61439,20267,
migrate_demo,client,3,17394383,96290,,61439,20267,
migrate_demo,client,3,17399555,96290,,61578,20267,
migrate_demo,client,3,17404722,96290,,61578,20267,
migrate_demo,client,3,17409971,96290,,61578,20267,
migrate_demo,client,3,17415176,96290,,61578,20267,
migrate_demo,client,3,17420368,96290,,61578,20267,
migrate_demo,client,3,17425615,96290,,61714,20267,
migrate_demo,client,3,17430832,96290,,61714,20267,
migrate_demo,client,3,17436031,96290,,61714,20267,
migrate_demo,client,3,17441279,96290,,61714,20267,
migrate_demo,client,3,17446483,96290,,61882,20267,
migrate_demo,client,3,17451685,96290,,61882,20267,
migrate_demo,client,3,17456877,96290,,61882,20267,
migrate_demo,client,3,17461951,96290,,61882,20267,
migrate_demo,client,3,17467150,96290,,61882,20267,
migrate_demo,client,3,17472294,96290,,62022,20267,
migrate_demo,client,3,17477546,96290,,62022,20267,
migrate_demo,client,3,17482638,96290,,62022,20267,
migrate_demo,client,3,17487940,96290,,62022,20267,
migrate_demo,client,3,17493149,96290,,62220,20267,
migrate_demo,client,3,17498322,96290,,62220,20267,
migrate_demo,client,3,17503582,96290,,62220,20267,
migrate_demo,client,3,17508824,96290,,62220,20267,
migrate_demo,client,3,17513973,96290,,62393,20267,
migrate_demo,client,3,17519196,96290,,62393,20267,
migrate_demo,client,3,17524422,96290,,62393,20267,
migrate_demo,client,3,17529664,96290,,62393,20267,
migrate_demo,client,3,17534934,96290,,62393,20267,
migrate_demo,client,3,17540109,96290,,62604,20267,
migrate_demo,client,3,17545359,96290,,62604,20267,
migrate_demo,client,3,17550543,96290,,62604,20267,
migrate_demo,client,3,17555699,96290,,62604,20267,
migrate_demo,client,3,17560993,96290,,62787,20267,
migrate_demo,client,3,17566263,96290,,62787,20267,
migrate_demo,client,3,17571464,96290,,62787,20267,
migrate_demo,client,3,17576747,96290,,62787,20267,
migrate_demo,client,3,17582022,96290,,62787,20267,
migrate_demo,client,3,17587250,96290,,63016,20267,
migrate_demo,client,3,17592426,96290,,63016,20267,
migrate_demo,client,3,17597597,96290,,63016,20267,
migrate_demo,client,3,17602794,96290,,63016,20267,
migrate_demo,client,3,17607980,96290,,63212,20267,
migrate_demo,client,3,17613167,96290,,63212,20267,
migrate_demo,client,3,17618351,96290,,63212,20267,
migrate_demo,client,3,17623484,96290,,63212,20267,
migrate_demo,client,3,17628697,96290,,63441,20267,
migrate_demo,client,3,17633862,96290,,63441,20267,
migrate_demo,client,3,17639035,96290,,63441,20267,
migrate_demo,client,3,17644170,96290,,63441,20267,
migrate_demo,client,3,17649342,96290,,63441,20267,
migrate_demo,client,3,17654510,96290,,63611,20267,
migrate_demo,client,3,17659780,96290,,63611,20267,
migrate_demo,client,3,17665005,96290,,63611,20267,
migrate_demo,client,3,17670212,96290,,63611,20267,
migrate_demo,client,3,17675412,96290,,63861,20267,
migrate_demo,client,3,17680608,96290,,63861,20267,
migrate_demo,client,3,17685823,96290,,63861,20267,
migrate_demo,client,3,17690980,96290,,63861,20267,
migrate_demo,client,3,17696177,96290,,63861,20267,
migrate_demo,client,3,17701332,96290,,64074,20267,
migrate_demo,client,3,17706552,96290,,64074,20267,
migrate_demo,client,3,17711715,96290,,64074,20267,
migrate_demo,client,3,17716957,96290,,64074,20267,
migrate_demo,client,3,17722152,96290,,64336,20267,
migrate_demo,client,3,17727464,96290,,64336,20267,
migrate_demo,client,3,17732613,96290,,64336,20267,
migrate_demo,client,3,17737800,96290,,64336,20267,
migrate_demo,client,3,17743009,96290,,64336,20267,
migrate_demo,client,3,17748197,96290,,64557,20267,
migrate_demo,client,3,17753426,96290,,64557,20267,
migrate_demo,client,3,17758606,96290,,64557,20267,
migrate_demo,client,3,17763755,96290,,64557,20267,
migrate_demo,client,3,17768981,96290,,64814,20267,
migrate_demo,client,3,17774189,96290,,64814,20267,
migrate_demo,client,3,17779358,96290,,64814,20267,
migrate_demo,client,3,17784584,96290,,64814,20267,
migrate_demo,client,3,17789771,96290,,65035,20267,
migrate_demo,client,3,17795003,96290,,65035,20267,
migrate_demo,client,3,17800215,96290,,65035,20267,
migrate_demo,client,3,17805450,96290,,65035,20267,
migrate_demo,client,3,17810679,96290,,65035,20267,
migrate_demo,client,3,17815852,96290,,65281,20267,
migrate_demo,client,3,17821031,96290,,65281,20267,
migrate_demo,client,3,17826196,96290,,65281,20267,
migrate_demo,client,3,17831447,96290,,65281,20267,
migrate_demo,client,3,17836641,96290,,65505,20267,
migrate_demo,client,3,17841848,96290,,65505,20267,
migrate_demo,client,3,17847020,96290,,65505,20267,
migrate_demo,client,3,17852220,96290,,65505,20267,
migrate_demo,client,3,17857419,96290,,65505,20267,
migrate_demo,client,3,17862622,96290,,65770,20267,
migrate_demo,client,3,17867868,96290,,65770,20267,
migrate_demo,client,3,17873117,96290,,65770,20267,
migrate_demo,client,3,17878342,96290,,65770,20267,
migrate_demo,client,3,17883575,96290,,66011,20267,
migrate_demo,client,3,17888841,96290,,66011,20267,
migrate_demo,client,3,17893979,96290,,66011,20267,
migrate_demo,client,3,17899226,96290,,66011,20267,
migrate_demo,client,3,17904460,96290,,66278,20267,
migrate_demo,client,3,17909707,96290,,66278,20267,
migrate_demo,client,3,17914883,96290,,66278,20267,
migrate_demo,client,3,17920065,96290,,66278,20267,
migrate_demo,client,3,17925238,96290,,66278,20267,
migrate_demo,client,3,17930468,96290,,66504,20267,
migrate_demo,client,3,17935662,96290,,66504,20267,
migrate_demo,client,3,17940878,96290,,66504,20267,
migrate_demo,client,3,17946102,96290,,66504,20267,
migrate_demo,client,3,17951268,96290,,66767,20267,
migrate_demo,client,3,17956432,96290,,66767,20267,
migrate_demo,client,3,17961593,96290,,66767,20267,
migrate_demo,client,3,17966709,96290,,66767,20267,
migrate_demo,client,3,17971920,96290,,66767,20267,
migrate_demo,client,3,17977115,96290,,66995,20267,
migrate_demo,client,3,17982428,96290,,66995,20267,
migrate_demo,client,3,17987656,96290,,66995,20267,
migrate_demo,client,3,17992802,96290,,66995,20267,
migrate_demo,client,3,17997985,96290,,67261,20267,
migrate_demo,client,3,18003194,96290,,67261,20267,
migrate_demo,client,3,18008358,96290,,67261,20267,
migrate_demo,client,3,18013550,96290,,67261,20267,
migrate_demo,client,3,18018794,96290,,67261,20267,
migrate_demo,client,3,18023998,96290,,67498,20267,
migrate_demo,client,3,18029171,96290,,67498,20267,
migrate_demo,client,3,18034401,96290,,67498,20267,
migrate_demo,client,3,18039626,96290,,67498,20267,
migrate_demo,client,3,18044830,96290,,67761,20267,
migrate_demo,client,3,18050060,96290,,67761,20267,
migrate_demo,client,3,18055242,96290,,67761,20267,
migrate_demo,client,3,18060470,96290,,67761,20267,
migrate_demo,client,3,18065671,96290,,67993,20267,
migrate_demo,client,3,18070835,96290,,67993,20267,
migrate_demo,client,3,18076034,96290,,67993,20267,
migrate_demo,client,3,18081185,96290,,67993,20267,
migrate_demo,client,3,18086386,96290,,67993,20267,
migrate_demo,client,3,18091565,96290,,68262,20267,
migrate_demo,client,3,18096766,96290,,68262,20267,
migrate_demo,client,3,18101947,96290,,68262,20267,
migrate_demo,client,3,18107188,96290,,68262,20267,
migrate_demo,client,3,18112498,96290,,68499,20267,
migrate_demo,client,3,18117674,96290,,68499,20267,
migrate_demo,client,3,18122909,96290,,68499,20267,
migrate_demo,client,3,18128059,96290,,68499,20267,
migrate_demo,client,3,18133314,96290,,68499,20267,
migrate_demo,client,3,18138566,96290,,68774,20267,
migrate_demo,client,3,18143756,96290,,68774,20267,
migrate_demo,client,3,18149041,96290,,68774,20267,
migrate_demo,client,3,18154240,96290,,68774,20267,
migrate_demo,client,3,18159382,96290,,69009,20267,
migrate_demo,client,3,18164581,96290,,69009,20267,
migrate_demo,client,3,18169716,96290,,69009,20267,
migrate_demo,client,3,18174891,96290,,69009,20267,
migrate_demo,client,3,18180055,96290,,71675,20267,
migrate_demo,client,3,18185231,96290,,71614,20267,
migrate_demo,client,3,18190384,96290,,71614,20267,
migrate_demo,client,3,18195582,96290,,71614,20267,
migrate_demo,client,3,18200841,96290,,71614,20267,
migrate_demo,client,3,18206088,96290,,71614,20267,
migrate_demo,client,3,18211286,96290,,71613,20267,
migrate_demo,client,3,18216471,96290,,71613,20267,
migrate_demo,client,3,18221707,96290,,71613,20267,
migrate_demo,client,3,18226913,96290,,71613,20267,
migrate_demo,client,3,18232069,96290,,71608,20267,
migrate_demo,client,3,18237238,96290,,71608,20267,
migrate_demo,client,3,18242427,96290,,71608,20267,
migrate_demo,client,3,18247608,96290,,71608,20267,
migrate_demo,client,3,18252739,96290,,71673,20267,
migrate_demo,client,3,18257934,96290,,71673,20267,
migrate_demo,client,3,18263057,96290,,71673,20267,
migrate_demo,client,3,18268284,96290,,71673,20267,
migrate_demo,client,3,18273548,96290,,71673,20267,
migrate_demo,client,3,18278688,96290,,71730,20267,
migrate_demo,client,3,18283830,96290,,71730,20267,
migrate_demo,client,3,18289012,96290,,71730,20267,
migrate_demo,client,3,18294165,96290,,71730,20267,
migrate_demo,client,3,18299482,96290,,71845,20267,
migrate_demo,client,3,18304638,96290,,71845,20267,
migrate_demo,client,3,18309822,96290,,71845,20267,
migrate_demo,client,3,18315012,96290,,71845,20267,
migrate_demo,client,3,18320237,96290,,71845,20267,
migrate_demo,client,3,18325392,96290,,71947,20267,
migrate_demo,client,3,18330659,96290,,71947,20267,
migrate_demo,client,3,18335824,96290,,71947,20267,
migrate_demo,client,3,18341029,96290,,71947,20267,
migrate_demo,client,3,18346183,96290,,72100,20267,
migrate_demo,client,3,18351350,96290,,72100,20267,
migrate_demo,client,3,18356551,96290,,72100,20267,
migrate_demo,client,3,18361733,96290,,72100,20267,
migrate_demo,client,3,18366929,96290,,72100,20267,
migrate_demo,client,3,18372239,96290,,72227,20267,
migrate_demo,client,3,18377424,96290,,72227,20267,
migrate_demo,client,3,18382615,96290,,72227,20267,
migrate_demo,client,3,18387793,96290,,72227,20267,
migrate_demo,client,3,18392963,96290,,72366,20267,
migrate_demo,client,3,18398144,96290,,72366,20267,
migrate_demo,client,3,18403329,96290,,72366,20267,
migrate_demo,client,3,18408535,96290,,72366,20267,
migrate_demo,client,3,18413714,96290,,72530,20267,
migrate_demo,client,3,18418935,96290,,72530,20267,
migrate_demo,client,3,18424156,96290,,72530,20267,
migrate_demo,client,3,18429333,96290,,72530,20267,
migrate_demo,client,3,18434522,96290,,72530,20267,
migrate_demo,client,3,18439686,96290,,72704,20267,
migrate_demo,client,3,18444854,96290,,72704,20267,
migrate_demo,client,3,18450059,96290,,72704,20267,
migrate_demo,client,3,18455264,96290,,72704,20267,
migrate_demo,client,3,18460491,96290,,72888,20267,
migrate_demo,client,3,18465724,96290,,72888,20267,
migrate_demo,client,3,18470949,96290,,72888,20267,
migrate_demo,client,3,18476114,96290,,72888,20267,
migrate_demo,client,3,18481402,96290,,72888,20267,
migrate_demo,client,3,18486626,96290,,73113,20267,
migrate_demo,client,3,18491892,96290,,73113,20267,
migrate_demo,client,3,18497102,96290,,73113,20267,
migrate_demo,client,3,18502253,96290,,73113,20267,
migrate_demo,client,3,18507514,96290,,73311,20267,
migrate_demo,client,3,18512787,96290,,73311,20267,
migrate_demo,client,3,18518014,96290,,73311,20267,
migrate_demo,client,3,18523163,96290,,73311,20267,
migrate_demo,client,3,18528342,96290,,73540,20267,
migrate_demo,client,3,18533623,96290,,73540,20267,
migrate_demo,client,3,18538794,96290,,73540,20267,
migrate_demo,client,3,18544030,96290,,73540,20267,
migrate_demo,client,3,18549279,96290,,73540,20267,
migrate_demo,client,3,18554470,96290,,73737,20267,
migrate_demo,client,3,18559733,96290,,73737,20267,
migrate_demo,client,3,18564920,96290,,73737,20267,
migrate_demo,client,3,18570094,96290,,73737,20267,
migrate_demo,client,3,18575269,96290,,73979,20267,
migrate_demo,client,3,18580474,96290,,73979,20267,
migrate_demo,client,3,18585702,96290,,73979,20267,
migrate_demo,client,3,18590901,96290,,73979,20267,
migrate_demo,client,3,18596069,96290,,73979,20267,
migrate_demo,client,3,18601207,96290,,74191,20267,
migrate_demo,client,3,18606407,96290,,74191,20267,
migrate_demo,client,3,18611587,96290,,74191,20267,
migrate_demo,client,3,18616787,96290,,74191,20267,
migrate_demo,client,3,18621925,96290,,74405,20267,
migrate_demo,client,3,18627136,96290,,74405,20267,
migrate_demo,client,3,18632301,96290,,74405,20267,
migrate_demo,client,3,18637471,96290,,74405,20267,
migrate_demo,client,3,18642628,96290,,74405,20267,
migrate_demo,client,3,18647864,96290,,74637,20267,
migrate_demo,client,3,18653043,96290,,74637,20267,
migrate_demo,client,3,18658222,96290,,74637,20267,
migrate_demo,client,3,18663458,96290,,74637,20267,
migrate_demo,client,3,18668648,96290,,74890,20267,
migrate_demo,client,3,18673852,96290,,74890,20267,
migrate_demo,client,3,18679092,96290,,74890,20267,
migrate_demo,client,3,18684280,96290,,74890,20267,
migrate_demo,client,3,18689435,96290,,75112,20267,
migrate_demo,client,3,18694607,96290,,75112,20267,
migrate_demo,client,3,18699764,96290,,75112,20267,
migrate_demo,client,3,18705010,96290,,75112,20267,
migrate_demo,client,3,18710208,96290,,75112,20267,
migrate_demo,client,3,18715348,96290,,75369,20267,
migrate_demo,client,3,18720535,96290,,75369,20267,
migrate_demo,client,3,18725733,96290,,75369,20267,
migrate_demo,client,3,18730931,96290,,75369,20267,
migrate_demo,client,3,18736109,96290,,75605,20267,
migrate_demo,client,3,18741255,96290,,75605,20267,
migrate_demo,client,3,18746408,96290,,75605,20267,
migrate_demo,client,3,18751618,96290,,75605,20267,
migrate_demo,client,3,18756830,96290,,75605,20267,
migrate_demo,client,3,18761990,96290,,75871,20267,
migrate_demo,client,3,18767207,96290,,75871,20267,
migrate_demo,client,3,18772439,96290,,75871,20267,
migrate_demo,client,3,18777635,96290,,75871,20267,
migrate_demo,client,3,18782790,96290,,76100,20267,
migrate_demo,client,3,18788011,96290,,76100,20267,
migrate_demo,client,3,18793142,96290,,76100,20267,
migrate_demo,client,3,18798309,96290,,76100,20267,
migrate_demo,client,3,18803462,96290,,76100,20267,
migrate_demo,client,3,18808629,96290,,76362,20267,
migrate_demo,client,3,18813846,96290,,76362,20267,
migrate_demo,client,3,18819069,96290,,76362,20267,
migrate_demo,client,3,18824297,96290,,76362,20267,
migrate_demo,client,3,18829484,96290,,76591,20267,
migrate_demo,client,3,18834732,96290,,76591,20267,
migrate_demo,client,3,18839997,96290,,76591,20267,
migrate_demo,client,3,18845190,96290,,76591,20267,
migrate_demo,client,3,18850372,96290,,76857,20267,
migrate_demo,client,3,18855574,96290,,76857,20267,
migrate_demo,client,3,18860795,96290,,76857,20267,
migrate_demo,client,3,18866015,96290,,76857,20267,
migrate_demo,client,3,18871190,96290,,76857,20267,
migrate_demo,client,3,18876409,96290,,77094,20267,
migrate_demo,client,3,18881657,96290,,77094,20267,
migrate_demo,client,3,18886863,96290,,77094,20267,
migrate_demo,client,3,18892120,96290,,77094,20267,
migrate_demo,client,3,18897286,96290,,77354,20267,
migrate_demo,client,3,18902517,96290,,77354,20267,
migrate_demo,client,3,18907735,96290,,77354,20267,
migrate_demo,client,3,18913037,96290,,77354,20267,
migrate_demo,client,3,18918327,96290,,77354,20267,
migrate_demo,client,3,18923559,96290,,77601,20267,
migrate_demo,client,3,18928759,96290,,77601,20267,
migrate_demo,client,3,18934012,96290,,77601,20267,
migrate_demo,client,3,18939242,96290,,77601,20267,
migrate_demo,client,3,18944571,96290,,77885,20267,
migrate_demo,client,3,18950104,96290,,77885,20267,
migrate_demo,client,3,18955234,96290,,77885,20267,
migrate_demo,client,3,18960488,96290,,77885,20267,
migrate_demo,client,3,18965743,96290,,78119,20267,
migrate_demo,client,3,18971016,96290,,78119,20267,
migrate_demo,client,3,18976309,96290,,78119,20267,
migrate_demo,client,3,18981597,96290,,78119,20267,
migrate_demo,client,3,18986880,96290,,78119,20267,
migrate_demo,client,3,18992110,96290,,78387,20267,
migrate_demo,client,3,18997338,96290,,78387,20267,
migrate_demo,client,3,19002611,96290,,78387,20267,
migrate_demo,client,3,19008053,96290,,78387,20267,
migrate_demo,client,3,19013289,96290,,78623,20267,
migrate_demo,client,3,19018506,96290,,78623,20267,
migrate_demo,client,3,19023691,96290,,78623,20267,
migrate_demo,client,3,19028937,96290,,78623,20267,
migrate_demo,client,3,19034191,96290,,80005,20267,
migrate_demo,client,3,19039473,96290,,80005,20267,
migrate_demo,client,3,19044666,96290,,80005,20267,
migrate_demo,client,3,19049889,96290,,80084,20267,
migrate_demo,client,3,19055096,96290,,80084,20267,
migrate_demo,client,3,19060274,96290,,80084,20267,
migrate_demo,client,3,19065547,96290,,80084,20267,
migrate_demo,client,3,19070690,96290,,81475,20267,
migrate_demo,client,3,19075917,96290,,81475,20267,
migrate_demo,client,3,19081146,96290,,81475,20267,
migrate_demo,client,3,19086365,96290,,81437,20267,
migrate_demo,client,3,19091539,96290,,81437,20267,
migrate_demo,client,3,19096771,96290,,81437,20267,
migrate_demo,client,3,19101956,96290,,81437,20267,
migrate_demo,client,3,19107123,96290,,81472,20267,
migrate_demo,client,3,19112347,96290,,81472,20267,
migrate_demo,client,3,19117590,96290,,81472,20267,
migrate_demo,client,3,19122824,96290,,81472,20267,
migrate_demo,client,3,19128015,96290,,81472,20267,
migrate_demo,client,3,19133211,96290,,81508,20267,
migrate_demo,client,3,19138434,96290,,81508,20267,
migrate_demo,client,3,19143573,96290,,81508,20267,
migrate_demo,client,3,19148772,96290,,81508,20267,
migrate_demo,client,3,19153937,96290,,81592,20267,
migrate_demo,client,3,19159183,96290,,81592,20267,
migrate_demo,client,3,19164396,96290,,81592,20267,
migrate_demo,client,3,19169605,96290,,81592,20267,
migrate_demo,client,3,19174800,96290,,81592,20267,
migrate_demo,client,3,19180027,96290,,81687,20267,
migrate_demo,client,3,19185283,96290,,81687,20267,
migrate_demo,client,3,19190436,96290,,81687,20267,
migrate_demo,client,3,19195597,96290,,81687,20267,
migrate_demo,client,3,19200740,96290,,81789,20267,
migrate_demo,client,3,19205932,96290,,81789,20267,
migrate_demo,client,3,19211113,96290,,81789,20267,
migrate_demo,client,3,19216307,96290,,81789,20267,
migrate_demo,client,3,19221442,96290,,81874,20267,
migrate_demo,client,3,19226633,96290,,81874,20267,
migrate_demo,client,3,19231872,96290,,81874,20267,
migrate_demo,client,3,19237045,96290,,81874,20267,
migrate_demo,client,3,19242253,96290,,81874,20267,
migrate_demo,client,3,19247370,96290,,82046,20267,
migrate_demo,client,3,19252539,96290,,82046,20267,
migrate_demo,client,3,19257755,96290,,82046,20267,
migrate_demo,client,3,19262931,96290,,82046,20267,
migrate_demo,client,3,19268131,96290,,82199,20267,
migrate_demo,client,3,19273308,96290,,82199,20267,
migrate_demo,client,3,19278498,96290,,82199,20267,
migrate_demo,client,3,19283674,96290,,82199,20267,
migrate_demo,client,3,19288880,96290,,82199,20267,
migrate_demo,client,3,19294065,96290,,82395,20267,
migrate_demo,client,3,19299284,96290,,82395,20267,
migrate_demo,client,3,19304477,96290,,82395,20267,
migrate_demo,client,3,19309696,96290,,82395,20267,
migrate_demo,client,3,19314833,96290,,82564,20267,
migrate_demo,client,3,19320100,96290,,82564,20267,
migrate_demo,client,3,19325224,96290,,82564,20267,
migrate_demo,client,3,19330402,96290,,82564,20267,
migrate_demo,client,3,19335550,96290,,82564,20267,
migrate_demo,client,3,19340718,96290,,82774,20267,
migrate_demo,client,3,19345871,96290,,82774,20267,
migrate_demo,client,3,19351068,96290,,82774,20267,
migrate_demo,client,3,19356310,96290,,82774,20267,
migrate_demo,client,3,19361506,96290,,82920,20267,
migrate_demo,client,3,19366776,96290,,82920,20267,
migrate_demo,client,3,19372002,96290,,82920,20267,
migrate_demo,client,3,19377224,96290,,82920,20267,
migrate_demo,client,3,19382396,96290,,83150,20267,
migrate_demo,client,3,19387619,96290,,83150,20267,
migrate_demo,client,3,19392850,96290,,83150,20267,
migrate_demo,client,3,19398085,96290,,83150,20267,
migrate_demo,client,3,19403284,96290,,83150,20267,
migrate_demo,client,3,19408442,96290,,83353,20267,
migrate_demo,client,3,19413688,96290,,83353,20267,
migrate_demo,client,3,19418843,96290,,83353,20267,
migrate_demo,client,3,19423995,96290,,83353,20267,
migrate_demo,client,3,19429134,96290,,83587,20267,
migrate_demo,client,3,19434387,96290,,83587,20267,
migrate_demo,client,3,19439649,96290,,83587,20267,
migrate_demo,client,3,19444868,96290,,83587,20267,
migrate_demo,client,3,19450069,96290,,83587,20267,
migrate_demo,client,3,19455215,96290,,83765,20267,
migrate_demo,client,3,19460396,96290,,83765,20267,
migrate_demo,client,3,19465593,96290,,83765,20267,
migrate_demo,client,3,19470799,96290,,83765,20267,
migrate_demo,client,3,19476002,96290,,83989,20267,
migrate_demo,client,3,19481165,96290,,83989,20267,
migrate_demo,client,3,19486381,96290,,83989,20267,
migrate_demo,client,3,19491583,96290,,83989,20267,
migrate_demo,client,3,19496757,96290,,84214,20267,
migrate_demo,client,3,19502013,96290,,84214,20267,
migrate_demo,client,3,19507198,96290,,84214,20267,
migrate_demo,client,3,19512375,96290,,84214,20267,
migrate_demo,client,3,19517529,96290,,84214,20267,
migrate_demo,client,3,19522695,96290,,84432,20267,
migrate_demo,client,3,19527911,96290,,84432,20267,
migrate_demo,client,3,19533135,96290,,84432,20267,
migrate_demo,client,3,19538387,96290,,84432,20267,
migrate_demo,client,3,19543569,96290,,84665,20267,
migrate_demo,client,3,19548798,96290,,84665,20267,
migrate_demo,client,3,19554041,96290,,84665,20267,
migrate_demo,client,3,19559205,96290,,84665,20267,
migrate_demo,client,3,19564387,96290,,84665,20267,
migrate_demo,client,3,19569665,96290,,84928,20267,
migrate_demo,client,3,19574865,96290,,84928,20267,
migrate_demo,client,3,19580050,96290,,84928,20267,
migrate_demo,client,3,19585295,96290,,84928,20267,
migrate_demo,client,3,19590448,96290,,85127,20267,
migrate_demo,client,3,19595664,96290,,85127,20267,
migrate_demo,client,3,19600871,96290,,85127,20267,
migrate_demo,client,3,19606088,96290,,85127,20267,
migrate_demo,client,3,19611262,96290,,85127,20267,
migrate_demo,client,3,19616424,96290,,85394,20267,
migrate_demo,client,3,19621693,96290,,85394,20267,
migrate_demo,client,3,19626842,96290,,85394,20267,
migrate_demo,client,3,19632064,96290,,85394,20267,
migrate_demo,client,3,19637276,96290,,85629,20267,
migrate_demo,client,3,19642494,96290,,85629,20267,
migrate_demo,client,3,19647760,96290,,85629,20267,
migrate_demo,client,3,19652917,96290,,85629,20267,
migrate_demo,client,3,19658064,96290,,85847,20267,
migrate_demo,client,3,19663278,96290,,85847,20267,
migrate_demo,client,3,19668407,96290,,85847,20267,
migrate_demo,client,3,19673576,96290,,85847,20267,
migrate_demo,client,3,19678805,96290,,85847,20267,
migrate_demo,client,3,19683976,96290,,86086,20267,
migrate_demo,client,3,19689210,96290,,86086,20267,
migrate_demo,client,3,19694406,96290,,86086,20267,
migrate_demo,client,3,19699610,96290,,86086,20267,
migrate_demo,client,3,19704776,96290,,86363,20267,
migrate_demo,client,3,19709997,96290,,86363,20267,
migrate_demo,client,3,19715196,96290,,86363,20267,
migrate_demo,client,3,19720382,96290,,86363,20267,
migrate_demo,client,3,19725496,96290,,86363,20267,
migrate_demo,client,3,19730659,96290,,86601,20267,
migrate_demo,client,3,19735826,96290,,86601,20267,
migrate_demo,client,3,19740977,96290,,86601,20267,
migrate_demo,client,3,19746141,96290,,86601,20267,
migrate_demo,client,3,19751364,96290,,86882,20267,
migrate_demo,client,3,19756533,96290,,86882,20267,
migrate_demo,client,3,19761756,96290,,86882,20267,
migrate_demo,client,3,19766954,96290,,86882,20267,
migrate_demo,client,3,19772108,96290,,87122,20267,
migrate_demo,client,3,19777299,96290,,87122,20267,
migrate_demo,client,3,19782494,96290,,87122,20267,
migrate_demo,client,3,19787688,96290,,87122,20267,
migrate_demo,client,3,19792915,96290,,87122,20267,
migrate_demo,client,3,19798033,96290,,87390,20267,
migrate_demo,client,3,19803231,96290,,87390,20267,
migrate_demo,client,3,19808424,96290,,87390,20267,
migrate_demo,client,3,19813549,96290,,87390,20267,
migrate_demo,client,3,19818755,96290,,87624,20267,
migrate_demo,client,3,19824010,96290,,87624,20267,
migrate_demo,client,3,19829230,96290,,87624,20267,
migrate_demo,client,3,19834517,96290,,87624,20267,
migrate_demo,client,3,19839695,96290,,87624,20267,
migrate_demo,client,3,19844885,96290,,87894,20267,
migrate_demo,client,3,19850130,96290,,87894,20267,
migrate_demo,client,3,19855371,96290,,87894,20267,
migrate_demo,client,3,19860550,96290,,87894,20267,
migrate_demo,client,3,19865770,96290,,88137,20267,
migrate_demo,client,3,19870996,96290,,88137,20267,
migrate_demo,client,3,19876206,96290,,88137,20267,
migrate_demo,client,3,19881454,96290,,88137,20267,
migrate_demo,client,3,19886644,96290,,88137,20267,
migrate_demo,client,3,19891802,96290,,88409,20267,
migrate_demo,client,3,19897009,96290,,88409,20267,
migrate_demo,client,3,19902228,96290,,88409,20267,
migrate_demo,client,3,19907412,96290,,88409,20267,
migrate_demo,client,3,19912545,96290,,88647,20267,
migrate_demo,client,3,19917723,96290,,88647,20267,
migrate_demo,client,3,19922821,96290,,88647,20267,
migrate_demo,client,3,19928040,96290,,88647,20267,
migrate_demo,client,3,19933213,96290,,88928,20267,
migrate_demo,client,3,19938390,96290,,88928,20267,
migrate_demo,client,3,19943585,96290,,88928,20267,
migrate_demo,client,3,19948766,96290,,88928,20267,
migrate_demo,client,3,19953932,96290,,88928,20267,
migrate_demo,client,3,19959053,96290,,89169,20267,
migrate_demo,client,3,19964324,96290,,89169,20267,
migrate_demo,client,3,19969513,96290,,89169,20267,
migrate_demo,client,3,19974710,96290,,89169,20267,
migrate_demo,client,3,19979906,96290,,91836,20267,
migrate_demo,client,3,19985065,96290,,91767,20267,
migrate_demo,client,3,19990286,96290,,91767,20267,
migrate_demo,client,3,19995468,96290,,91767,20267,
migrate_demo,client,3,20000687,96290,,91767,20267,
migrate_demo,client,3,20005875,96290,,91788,20267,
migrate_demo,client,3,20011036,96290,,91788,20267,
migrate_demo,client,3,20016214,96290,,91788,20267,
migrate_demo,client,3,20021407,96290,,91788,20267,
migrate_demo,client,3,20026595,96290,,91788,20267,
migrate_demo,client,3,20031736,96290,,91793,20267,
migrate_demo,client,3,20036943,96290,,91793,20267,
migrate_demo,client,3,20042175,96290,,91793,20267,
migrate_demo,client,3,20047359,96290,,91793,20267,
migrate_demo,client,3,20052515,96290,,91841,20267,
migrate_demo,client,3,20057752,96290,,91841,20267,
migrate_demo,client,3,20062949,96290,,91841,20267,
migrate_demo,client,3,20068090,96290,,91841,20267,
migrate_demo,client,3,20073286,96290,,91841,20267,
migrate_demo,client,3,20078471,96290,,91901,20267,
migrate_demo,client,3,20083732,96290,,91901,20267,
migrate_demo,client,3,20088941,96290,,91901,20267,
migrate_demo,client,3,20094170,96290,,91901,20267,
migrate_demo,client,3,20099386,96290,,92007,20267,
migrate_demo,client,3,20104592,96290,,92007,20267,
migrate_demo,client,3,20109850,96290,,92007,20267,
migrate_demo,client,3,20115086,96290,,92007,20267,
migrate_demo,client,3,20120277,96290,,92007,20267,
migrate_demo,client,3,20125451,96290,,92124,20267,
migrate_demo,client,3,20130651,96290,,92124,20267,
migrate_demo,client,3,20135874,96290,,92124,20267,
migrate_demo,client,3,20141038,96290,,92124,20267,
migrate_demo,client,3,20146276,96290,,92242,20267,
migrate_demo,client,3,20151460,96290,,92242,20267,
migrate_demo,client,3,20156567,96290,,92242,20267,
migrate_demo,client,3,20161748,96290,,92242,20267,
migrate_demo,client,3,20166909,96290,,92381,20267,
migrate_demo,client,3,20172124,96290,,92381,20267,
migrate_demo,client,3,20177322,96290,,92381,20267,
migrate_demo,client,3,20182486,96290,,92381,20267,
migrate_demo,client,3,20187664,96290,,92381,20267,
migrate_demo,client,3,20192885,96290,,92570,20267,
migrate_demo,client,3,20198084,96290,,92570,20267,
migrate_demo,client,3,20203307,96290,,92570,20267,
migrate_demo,client,3,20208483,96290,,92570,20267,
migrate_demo,client,3,20213674,96290,,92717,20267,
migrate_demo,client,3,20218874,96290,,92717,20267,
migrate_demo,client,3,20224036,96290,,92717,20267,
migrate_demo,client,3,20229249,96290,,92717,20267,
migrate_demo,client,3,20234494,96290,,92717,20267,
migrate_demo,client,3,20239657,96290,,92922,20267,
migrate_demo,client,3,20244943,96290,,92922,20267,
migrate_demo,client,3,20250180,96290,,92922,20267,
migrate_demo,client,3,20255432,96290,,92922,20267,
migrate_demo,client,3,20260638,96290,,93097,20267,
migrate_demo,client,3,20265850,96290,,93097,20267,
migrate_demo,client,3,20271067,96290,,93097,20267,
migrate_demo,client,3,20276189,96290,,93097,20267,
migrate_demo,client,3,20281384,96290,,93307,20267,
migrate_demo,client,3,20286586,96290,,93307,20267,
migrate_demo,client,3,20291752,96290,,93307,20267,
migrate_demo,client,3,20296922,96290,,93307,20267,
migrate_demo,client,3,20302137,96290,,93307,20267,
migrate_demo,client,3,20307369,96290,,93499,20267,
migrate_demo,client,3,20312605,96290,,93499,20267,
migrate_demo,client,3,20317811,96290,,93499,20267,
migrate_demo,client,3,20323023,96290,,93499,20267,
migrate_demo,client,3,20328229,96290,,93732,20267,
migrate_demo,client,3,20333510,96290,,93732,20267,
migrate_demo,client,3,20338737,96290,,93732,20267,
migrate_demo,client,3,20343972,96290,,93732,20267,
migrate_demo,client,3,20349218,96290,,93732,20267,
migrate_demo,client,3,20354466,96290,,93936,20267,
migrate_demo,client,3,20359681,96290,,93936,20267,
migrate_demo,client,3,20364896,96290,,93936,20267,
migrate_demo,client,3,20370012,96290,,93936,20267,
migrate_demo,client,3,20375249,96290,,94176,20267,
migrate_demo,client,3,20380405,96290,,94176,20267,
migrate_demo,client,3,20385601,96290,,94176,20267,
migrate_demo,client,3,20390804,96290,,94176,20267,
migrate_demo,client,3,20396026,96290,,94390,20267,
migrate_demo,client,3,20401230,96290,,94390,20267,
migrate_demo,client,3,20406597,96290,,94390,20267,
migrate_demo,client,3,20411829,96290,,94390,20267,
migrate_demo,client,3,20417088,96290,,94390,20267,
migrate_demo,client,3,20422265,96290,,94637,20267,
migrate_demo,client,3,20427500,96290,,94637,20267,
migrate_demo,client,3,20432670,96290,,94637,20267,
migrate_demo,client,3,20437802,96290,,94637,20267,
migrate_demo,client,3,20442987,96290,,94821,20267,
migrate_demo,client,3,20448192,96290,,94821,20267,
migrate_demo,client,3,20453362,96290,,94821,20267,
migrate_demo,client,3,20458526,96290,,94821,20267,
migrate_demo,client,3,20463773,96290,,94821,20267,
migrate_demo,client,3,20468973,96290,,95086,20267,
migrate_demo,client,3,20474084,96290,,95086,20267,
migrate_demo,client,3,20479283,96290,,95086,20267,
migrate_demo,client,3,20484481,96290,,95086,20267,
migrate_demo,client,3,20489753,96290,,95301,20267,
migrate_demo,client,3,20494968,96290,,95301,20267,
migrate_demo,client,3,20500164,96290,,95301,20267,
migrate_demo,client,3,20505374,96290,,95301,20267,
migrate_demo,client,3,20510551,96290,,95301,20267,
migrate_demo,client,3,20515750,96290,,95557,20267,
migrate_demo,client,3,20520973,96290,,95557,20267,
migrate_demo,client,3,20526166,96290,,95557,20267,
migrate_demo,client,3,20531411,96290,,95557,20267,
migrate_demo,client,3,20536627,96290,,95771,20267,
migrate_demo,client,3,20541812,96290,,95771,20267,
migrate_demo,client,3,20547042,96290,,95771,20267,
migrate_demo,client,3,20552253,96290,,95771,20267,
migrate_demo,client,3,20557402,96290,,96037,20267,
migrate_demo,client,3,20562608,96290,,96037,20267,
migrate_demo,client,3,20567763,96290,,96037,20267,
migrate_demo,client,3,20573044,96290,,96037,20267,
migrate_demo,client,3,20578219,96290,,96037,20267,
migrate_demo,client,3,20583405,96290,,96272,20267,
migrate_demo,client,3,20588585,96290,,96272,20267,
migrate_demo,client,3,20593856,96290,,96272,20267,
migrate_demo,client,3,20599047,96290,,96272,20267,
migrate_demo,client,3,20604250,96290,,96535,20267,
migrate_demo,client,3,20609480,96290,,96535,20267,
migrate_demo,client,3,20614658,96290,,96535,20267,
migrate_demo,client,3,20619840,96290,,96535,20267,
migrate_demo,client,3,20625035,96290,,96535,20267,
migrate_demo,client,3,20630259,96290,,96770,20267,
migrate_demo,client,3,20635475,96290,,96770,20267,
migrate_demo,client,3,20640700,96290,,96770,20267,
migrate_demo,client,3,20645866,96290,,96770,20267,
migrate_demo,client,3,20651027,96290,,97036,20267,
migrate_demo,client,3,20656245,96290,,97036,20267,
migrate_demo,client,3,20661467,96290,,97036,20267,
migrate_demo,client,3,20666729,96290,,97036,20267,
migrate_demo,client,3,20671931,96290,,97274,20267,
migrate_demo,client,3,20677139,96290,,97274,20267,
migrate_demo,client,3,20682310,96290,,97274,20267,
migrate_demo,client,3,20687506,96290,,97274,20267,
migrate_demo,client,3,20692770,96290,,97274,20267,
migrate_demo,client,3,20697947,96290,,97539,20267,
migrate_demo,client,3,20703131,96290,,97539,20267,
migrate_demo,client,3,20708300,96290,,97539,20267,
migrate_demo,client,3,20713567,96290,,97539,20267,
migrate_demo,client,3,20718764,96290,,97775,20267,
migrate_demo,client,3,20724053,96290,,97775,20267,
migrate_demo,client,3,20729229,96290,,97775,20267,
migrate_demo,client,3,20734385,96290,,97775,20267,
migrate_demo,client,3,20739632,96290,,97775,20267,
migrate_demo,client,3,20744765,96290,,97998,20267,
migrate_demo,client,3,20749980,96290,,97998,20267,
migrate_demo,client,3,20755137,96290,,97998,20267,
migrate_demo,client,3,20760332,96290,,97998,20267,
migrate_demo,client,3,20765542,96290,,98233,20267,
migrate_demo,client,3,20770752,96290,,98233,20267,
migrate_demo,client,3,20775964,96290,,98233,20267,
migrate_demo,client,3,20781156,96290,,98233,20267,
migrate_demo,client,3,20786340,96290,,98233,20267,
migrate_demo,client,3,20791639,96290,,98505,20267,
migrate_demo,client,3,20796829,96290,,98505,20267,
migrate_demo,client,3,20801998,96290,,98505,20267,
migrate_demo,client,3,20807180,96290,,98505,20267,
migrate_demo,client,3,20812385,96290,,98744,20267,
migrate_demo,client,3,20817585,96290,,98744,20267,
migrate_demo,client,3,20822759,96290,,98744,20267,
migrate_demo,client,3,20827868,96290,,98744,20267,
migrate_demo,client,3,20833079,96290,,100220,20267,
migrate_demo,client,3,20838230,96290,,100220,20267,
migrate_demo,client,3,20843398,96290,,100220,20267,
migrate_demo,client,3,20848583,96290,,100305,20267,
migrate_demo,client,3,20853770,96290,,100305,20267,
migrate_demo,client,3,20858952,96290,,100305,20267,
migrate_demo,client,3,20864121,96290,,100305,20267,
migrate_demo,client,3,20869272,96290,,101640,20267,
migrate_demo,client,3,20874496,96290,,101640,20267,
migrate_demo,client,3,20879682,96290,,101640,20267,
migrate_demo,client,3,20884828,96290,,101614,20267,
migrate_demo,client,3,20890145,96290,,101614,20267,
migrate_demo,client,3,20895350,96290,,101614,20267,
migrate_demo,client,3,20900661,96290,,101614,20267,
migrate_demo,client,3,20905827,96290,,101654,20267,
migrate_demo,client,3,20911024,96290,,101654,20267,
migrate_demo,client,3,20916187,96290,,101654,20267,
migrate_demo,client,3,20921321,96290,,101654,20267,
migrate_demo,client,3,20926516,96290,,101654,20267,
migrate_demo,client,3,20931665,96290,,101690,20267,
migrate_demo,client,3,20936876,96290,,101690,20267,
migrate_demo,client,3,20942022,96290,,101690,20267,
migrate_demo,client,3,20947194,96290,,101690,20267,
migrate_demo,client,3,20952341,96290,,101781,20267,
migrate_demo,client,3,20957636,96290,,101781,20267,
migrate_demo,client,3,20963154,96290,,101781,20267,
migrate_demo,client,3,20968381,96290,,101781,20267,
migrate_demo,client,3,20973575,96290,,101781,20267,
migrate_demo,client,3,20978718,96290,,101866,20267,
migrate_demo,client,3,20983859,96290,,101866,20267,
migrate_demo,client,3,20989013,96290,,101866,20267,
migrate_demo,client,3,20994209,96290,,101866,20267,
migrate_demo,client,3,20999381,96290,,102003,20267,
migrate_demo,client,3,21004543,96290,,102003,20267,
migrate_demo,client,3,21009687,96290,,102003,20267,
migrate_demo,client,3,21014864,96290,,102003,20267,
migrate_demo,client,3,21020050,96290,,102131,20267,
migrate_demo,client,3,21025270,96290,,102131,20267,
migrate_demo,client,3,21030481,96290,,102131,20267,
migrate_demo,client,3,21035656,96290,,102131,20267,
migrate_demo,client,3,21040853,96290,,102131,20267,
migrate_demo,client,3,21046081,96290,,102296,20267,
migrate_demo,client,3,21051314,96290,,102296,20267,
migrate_demo,client,3,21056502,96290,,102296,20267,
migrate_demo,client,3,21061841,96290,,102296,20267,
migrate_demo,client,3,21067011,96290,,102438,20267,
migrate_demo,client,3,21072213,96290,,102438,20267,
migrate_demo,client,3,21077439,96290,,102438,20267,
migrate_demo,client,3,21082621,96290,,102438,20267,
migrate_demo,client,3,21087818,96290,,102438,20267,
migrate_demo,client,3,21092976,96290,,102631,20267,
migrate_demo,client,3,21098149,96290,,102631,20267,
migrate_demo,client,3,21103349,96290,,102631,20267,
migrate_demo,client,3,21108531,96290,,102631,20267,
migrate_demo,client,3,21113762,96290,,102801,20267,
migrate_demo,client,3,21118952,96290,,102801,20267,
migrate_demo,client,3,21124176,96290,,102801,20267,
migrate_demo,client,3,21129414,96290,,102801,20267,
migrate_demo,client,3,21134659,96290,,102801,20267,
migrate_demo,client,3,21139844,96290,,102959,20267,
migrate_demo,client,3,21145028,96290,,102959,20267,
migrate_demo,client,3,21150254,96290,,102959,20267,
migrate_demo,client,3,21155430,96290,,102959,20267,
migrate_demo,client,3,21160650,96290,,103148,20267,
migrate_demo,client,3,21165878,96290,,103148,20267,
migrate_demo,client,3,21171046,96290,,103148,20267,
migrate_demo,client,3,21176280,96290,,103148,20267,
migrate_demo,client,3,21181448,96290,,103372,20267,
migrate_demo,client,3,21186622,96290,,103372,20267,
migrate_demo,client,3,21191775,96290,,103372,20267,
migrate_demo,client,3,21197031,96290,,103372,20267,
migrate_demo,client,3,21202290,96290,,103372,20267,
migrate_demo,client,3,21207486,96290,,103571,20267,
migrate_demo,client,3,21212705,96290,,103571,20267,
migrate_demo,client,3,21217921,96290,,103571,20267,
migrate_demo,client,3,21223090,96290,,103571,20267,
migrate_demo,client,3,21228255,96290,,103805,20267,
migrate_demo,client,3,21233444,96290,,103805,20267,
migrate_demo,client,3,21238621,96290,,103805,20267,
migrate_demo,client,3,21243758,96290,,103805,20267,
migrate_demo,client,3,21249011,96290,,103805,20267,
migrate_demo,client,3,21254193,96290,,104011,20267,
migrate_demo,client,3,21259389,96290,,104011,20267,
migrate_demo,client,3,21264692,96290,,104011,20267,
migrate_demo,client,3,21269912,96290,,104011,20267,
migrate_demo,client,3,21275079,96290,,104254,20267,
migrate_demo,client,3,21280360,96290,,104254,20267,
migrate_demo,client,3,21285552,96290,,104254,20267,
migrate_demo,client,3,21290816,96290,,104254,20267,
migrate_demo,client,3,21296087,96290,,104469,20267,
migrate_demo,client,3,21301257,96290,,104469,20267,
migrate_demo,client,3,21306509,96290,,104469,20267,
migrate_demo,client,3,21311736,96290,,104469,20267,
migrate_demo,client,3,21316947,96290,,104469,20267,
migrate_demo,client,3,21322090,96290,,104681,20267,
migrate_demo,client,3,21327259,96290,,104681,20267,
migrate_demo,client,3,21332463,96290,,104681,20267,
migrate_demo,client,3,21337611,96290,,104681,20267,
migrate_demo,client,3,21342757,96290,,104904,20267,
migrate_demo,client,3,21347943,96290,,104904,20267,
migrate_demo,client,3,21353165,96290,,104904,20267,
migrate_demo,client,3,21358436,96290,,104904,20267,
migrate_demo,client,3,21363622,96290,,104904,20267,
migrate_demo,client,3,21368830,96290,,105126,20267,
migrate_demo,client,3,21374060,96290,,105126,20267,
migrate_demo,client,3,21379237,96290,,105126,20267,
migrate_demo,client,3,21384472,96290,,105126,20267,
migrate_demo,client,3,21389652,96290,,105316,20267,
migrate_demo,client,3,21394841,96290,,105316,20267,
migrate_demo,client,3,21400021,96290,,105316,20267,
migrate_demo,client,3,21405193,96290,,105316,20267,
migrate_demo,client,3,21410426,96290,,105316,20267,
migrate_demo,client,3,21415550,96290,,105590,20267,
migrate_demo,client,3,21420755,96290,,105590,20267,
migrate_demo,client,3,21425930,96290,,105590,20267,
migrate_demo,client,3,21431110,96290,,105590,20267,
migrate_demo,client,3,21436269,96290,,105825,20267,
migrate_demo,client,3,21441471,96290,,105825,20267,
migrate_demo,client,3,21446649,96290,,105825,20267,
migrate_demo,client,3,21451818,96290,,105825,20267,
migrate_demo,client,3,21456949,96290,,106096,20267,
migrate_demo,client,3,21462093,96290,,106096,20267,
migrate_demo,client,3,21467294,96290,,106096,20267,
migrate_demo,client,3,21472461,96290,,106096,20267,
migrate_demo,client,3,21477673,96290,,106096,20267,
migrate_demo,client,3,21482867,96290,,106333,20267,
migrate_demo,client,3,21488127,96290,,106333,20267,
migrate_demo,client,3,21493376,96290,,106333,20267,
migrate_demo,client,3,21498609,96290,,106333,20267,
migrate_demo,client,3,21503788,96290,,106568,20267,
migrate_demo,client,3,21508993,96290,,106568,20267,
migrate_demo,client,3,21514164,96290,,106568,20267,
migrate_demo,client,3,21519326,96290,,106568,20267,
migrate_demo,client,3,21524483,96290,,106568,20267,
migrate_demo,client,3,21529656,96290,,106806,20267,
migrate_demo,client,3,21534848,96290,,106806,20267,
migrate_demo,client,3,21540052,96290,,106806,20267,
migrate_demo,client,3,21545265,96290,,106806,20267,
migrate_demo,client,3,21550480,96290,,107077,20267,
migrate_demo,client,3,21555699,96290,,107077,20267,
migrate_demo,client,3,21560974,96290,,107077,20267,
migrate_demo,client,3,21566164,96290,,107077,20267,
migrate_demo,client,3,21571336,96290,,107316,20267,
migrate_demo,client,3,21576495,96290,,107316,20267,
migrate_demo,client,3,21581793,96290,,107316,20267,
migrate_demo,client,3,21586990,96290,,107316,20267,
migrate_demo,client,3,21592126,96290,,107316,20267,
migrate_demo,client,3,21597283,96290,,107586,20267,
migrate_demo,client,3,21602518,96290,,107586,20267,
migrate_demo,client,3,21607706,96290,,107586,20267,
migrate_demo,client,3,21612859,96290,,107586,20267,
migrate_demo,client,3,21618111,96290,,107818,20267,
migrate_demo,client,3,21623330,96290,,107818,20267,
migrate_demo,client,3,21628584,96290,,107818,20267,
migrate_demo,client,3,21633770,96290,,107818,20267,
migrate_demo,client,3,21638950,96290,,107818,20267,
migrate_demo,client,3,21644135,96290,,108094,20267,
migrate_demo,client,3,21649375,96290,,108094,20267,
migrate_demo,client,3,21654596,96290,,108094,20267,
migrate_demo,client,3,21659836,96290,,108094,20267,
migrate_demo,client,3,21664991,96290,,108339,20267,
migrate_demo,client,3,21670179,96290,,108339,20267,
migrate_demo,client,3,21675416,96290,,108339,20267,
migrate_demo,client,3,21680574,96290,,108339,20267,
migrate_demo,client,3,21685799,96290,,108339,20267,
migrate_demo,client,3,21690962,96290,,108608,20267,
migrate_demo,client,3,21696183,96290,,108608,20267,
migrate_demo,client,3,21701385,96290,,108608,20267,
migrate_demo,client,3,21706556,96290,,108608,20267,
migrate_demo,client,3,21711745,96290,,108852,20267,
migrate_demo,client,3,21716971,96290,,108852,20267,
migrate_demo,client,3,21722129,96290,,108852,20267,
migrate_demo,client,3,21727290,96290,,108852,20267,
migrate_demo,client,3,21732434,96290,,109121,20267,
migrate_demo,client,3,21737579,96290,,109121,20267,
migrate_demo,client,3,21742828,96290,,109121,20267,
migrate_demo,client,3,21747982,96290,,109121,20267,
migrate_demo,client,3,21753163,96290,,109121,20267,
migrate_demo,client,3,21758313,96290,,109356,20267,
migrate_demo,client,3,21763503,96290,,109356,20267,
migrate_demo,client,3,21768675,96290,,109356,20267,
migrate_demo,client,3,21773945,96290,,109356,20267,
migrate_demo,client,3,21779107,96290,,112025,20267,
migrate_demo,client,3,21784273,96290,,111960,20267,
migrate_demo,client,3,21789449,96290,,111960,20267,
migrate_demo,client,3,21794659,96290,,111960,20267,
migrate_demo,client,3,21799858,96290,,111960,20267,
migrate_demo,client,3,21805044,96290,,111969,20267,
migrate_demo,client,3,21810301,96290,,111969,20267,
migrate_demo,client,3,21815474,96290,,111969,20267,
migrate_demo,client,3,21820666,96290,,111969,20267,
migrate_demo,client,3,21825932,96290,,111969,20267,
migrate_demo,client,3,21831176,96290,,111979,20267,
migrate_demo,client,3,21836416,96290,,111979,20267,
migrate_demo,client,3,21841726,96290,,111979,20267,
migrate_demo,client,3,21846920,96290,,111979,20267,
migrate_demo,client,3,21852167,96290,,112043,20267,
migrate_demo,client,3,21857323,96290,,112043,20267,
migrate_demo,client,3,21862509,96290,,112043,20267,
migrate_demo,client,3,21867704,96290,,112043,20267,
migrate_demo,client,3,21872896,96290,,112043,20267,
migrate_demo,client,3,21878075,96290,,112099,20267,
migrate_demo,client,3,21883266,96290,,112099,20267,
migrate_demo,client,3,21888508,96290,,112099,20267,
migrate_demo,client,3,21893740,96290,,112099,20267,
migrate_demo,client,3,21898974,96290,,112187,20267,
migrate_demo,client,3,21904206,96290,,112187,20267,
migrate_demo,client,3,21909348,96290,,112187,20267,
migrate_demo,client,3,21914519,96290,,112187,20267,
migrate_demo,client,3,21919708,96290,,112268,20267,
migrate_demo,client,3,21924849,96290,,112268,20267,
migrate_demo,client,3,21930006,96290,,112268,20267,
migrate_demo,client,3,21935302,96290,,112268,20267,
migrate_demo,client,3,21940606,96290,,112268,20267,
migrate_demo,client,3,21945785,96290,,112422,20267,
migrate_demo,client,3,21951135,96290,,112422,20267,
migrate_demo,client,3,21956333,96290,,112422,20267,
migrate_demo,client,3,21961542,96290,,112422,20267,
migrate_demo,client,3,21966730,96290,,112528,20267,
migrate_demo,client,3,21971948,96290,,112528,20267,
migrate_demo,client,3,21977142,96290,,112528,20267,
migrate_demo,client,3,21982315,96290,,112528,20267,
migrate_demo,client,3,21987539,96290,,112528,20267,
migrate_demo,client,3,21992709,96290,,112719,20267,
migrate_demo,client,3,21997874,96290,,112719,20267,
migrate_demo,client,3,22003010,96290,,112719,20267,
migrate_demo,client,3,22008167,96290,,112719,20267,
migrate_demo,client,3,22013361,96290,,112882,20267,
migrate_demo,client,3,22018588,96290,,112882,20267,
migrate_demo,client,3,22023833,96290,,112882,20267,
migrate_demo,client,3,22029056,96290,,112882,20267,
migrate_demo,client,3,22034240,96290,,112882,20267,
migrate_demo,client,3,22039409,96290,,113088,20267,
migrate_demo,client,3,22044653,96290,,113088,20267,
migrate_demo,client,3,22049876,96290,,113088,20267,
migrate_demo,client,3,22055121,96290,,113088,20267,
migrate_demo,client,3,22060346,96290,,113267,20267,
migrate_demo,client,3,22065574,96290,,113267,20267,
migrate_demo,client,3,22070798,96290,,113267,20267,
migrate_demo,client,3,22076006,96290,,113267,20267,
migrate_demo,client,3,22081287,96290,,113484,20267,
migrate_demo,client,3,22086481,96290,,113484,20267,
migrate_demo,client,3,22091681,96290,,113484,20267,
migrate_demo,client,3,22096838,96290,,113484,20267,
migrate_demo,client,3,22102097,96290,,113484,20267,
migrate_demo,client,3,22107254,96290,,113676,20267,
migrate_demo,client,3,22112478,96290,,113676,20267,
migrate_demo,client,3,22117644,96290,,113676,20267,
migrate_demo,client,3,22122782,96290,,113676,20267,
migrate_demo,client,3,22127958,96290,,113913,20267,
migrate_demo,client,3,22133165,96290,,113913,20267,
migrate_demo,client,3,22138329,96290,,113913,20267,
migrate_demo,client,3,22143552,96290,,113913,20267,
migrate_demo,client,3,22148776,96290,,113913,20267,
migrate_demo,client,3,22153982,96290,,114113,20267,
migrate_demo,client,3,22159187,96290,,114113,20267,
migrate_demo,client,3,22164392,96290,,114113,20267,
migrate_demo,client,3,22169629,96290,,114113,20267,
migrate_demo,client,3,22174772,96290,,114370,20267,
migrate_demo,client,3,22179969,96290,,114370,20267,
migrate_demo,client,3,22185191,96290,,114370,20267,
migrate_demo,client,3,22190449,96290,,114370,20267,
migrate_demo,client,3,22195676,96290,,114593,20267,
migrate_demo,client,3,22200874,96290,,114593,20267,
migrate_demo,client,3,22206105,96290,,114593,20267,
migrate_demo,client,3,22211294,96290,,114593,20267,
migrate_demo,client,3,22216524,96290,,114593,20267,
migrate_demo,client,3,22221733,96290,,114831,20267,
migrate_demo,client,3,22226864,96290,,114831,20267,
migrate_demo,client,3,22232114,96290,,114831,20267,
migrate_demo,client,3,22237312,96290,,114831,20267,
migrate_demo,client,3,22242464,96290,,115054,20267,
migrate_demo,client,3,22247741,96290,,115054,20267,
migrate_demo,client,3,22252943,96290,,115054,20267,
migrate_demo,client,3,22258149,96290,,115054,20267,
migrate_demo,client,3,22263347,96290,,115054,20267,
migrate_demo,client,3,22268519,96290,,115305,20267,
migrate_demo,client,3,22273754,96290,,115305,20267,
migrate_demo,client,3,22278899,96290,,115305,20267,
migrate_demo,client,3,22284151,96290,,115305,20267,
migrate_demo,client,3,22289309,96290,,115537,20267,
migrate_demo,client,3,22294549,96290,,115537,20267,
migrate_demo,client,3,22299715,96290,,115537,20267,
migrate_demo,client,3,22304980,96290,,115537,20267,
migrate_demo,client,3,22310246,96290,,115795,20267,
migrate_demo,client,3,22315520,96290,,115795,20267,
migrate_demo,client,3,22320748,96290,,115795,20267,
migrate_demo,client,3,22325963,96290,,115795,20267,
migrate_demo,client,3,22331206,96290,,115795,20267,
migrate_demo,client,3,22336399,96290,,116014,20267,
migrate_demo,client,3,22341585,96290,,116014,20267,
migrate_demo,client,3,22346817,96290,,116014,20267,
migrate_demo,client,3,22351941,96290,,116014,20267,
migrate_demo,client,3,22357126,96290,,116273,20267,
migrate_demo,client,3,22362312,96290,,116273,20267,
migrate_demo,client,3,22367523,96290,,116273,20267,
migrate_demo,client,3,22372717,96290,,116273,20267,
migrate_demo,client,3,22377976,96290,,116273,20267,
migrate_demo,client,3,22383102,96290,,116496,20267,
migrate_demo,client,3,22388293,96290,,116496,20267,
migrate_demo,client,3,22393442,96290,,116496,20267,
migrate_demo,client,3,22398707,96290,,116496,20267,
migrate_demo,client,3,22403937,96290,,116743,20267,
migrate_demo,client,3,22409113,96290,,116743,20267,
migrate_demo,client,3,22414279,96290,,116743,20267,
migrate_demo,client,3,22419431,96290,,116743,20267,
migrate_demo,client,3,22424652,96290,,116743,20267,
migrate_demo,client,3,22429856,96290,,116973,20267,
migrate_demo,client,3,22435101,96290,,116973,20267,
migrate_demo,client,3,22440333,96290,,116973,20267,
migrate_demo,client,3,22445572,96290,,116973,20267,
migrate_demo,client,3,22450715,96290,,117235,20267,
migrate_demo,client,3,22456000,96290,,117235,20267,
migrate_demo,client,3,22461175,96290,,117235,20267,
migrate_demo,client,3,22466339,96290,,117235,20267,
migrate_demo,client,3,22471528,96290,,117465,20267,
migrate_demo,client,3,22476678,96290,,117465,20267,
migrate_demo,client,3,22481882,96290,,117465,20267,
migrate_demo,client,3,22487083,96290,,117465,20267,
migrate_demo,client,3,22492295,96290,,117465,20267,
migrate_demo,client,3,22497456,96290,,117732,20267,
migrate_demo,client,3,22502656,96290,,117732,20267,
migrate_demo,client,3,22507839,96290,,117732,20267,
migrate_demo,client,3,22512994,96290,,117732,20267,
migrate_demo,client,3,22518137,96290,,117974,20267,
migrate_demo,client,3,22523329,96290,,117974,20267,
migrate_demo,client,3,22528550,96290,,117974,20267,
migrate_demo,client,3,22533757,96290,,117974,20267,
migrate_demo,client,3,22539029,96290,,117974,20267,
migrate_demo,client,3,22544136,96290,,118248,20267,
migrate_demo,client,3,22549337,96290,,118248,20267,
migrate_demo,client,3,22554476,96290,,118248,20267,
migrate_demo,client,3,22559642,96290,,118248,20267,
migrate_demo,client,3,22564825,96290,,118488,20267,
migrate_demo,client,3,22570061,96290,,118488,20267,
migrate_demo,client,3,22575314,96290,,118488,20267,
migrate_demo,client,3,22580515,96290,,118488,20267,
migrate_demo,client,3,22585727,96290,,118488,20267,
migrate_demo,client,3,22590924,96290,,118761,20267,
migrate_demo,client,3,22596124,96290,,118761,20267,
migrate_demo,client,3,22601362,96290,,118761,20267,
migrate_demo,client,3,22606576,96290,,118761,20267,
migrate_demo,client,3,22611780,96290,,118993,20267,
migrate_demo,client,3,22617037,96290,,118993,20267,
migrate_demo,client,3,22622260,96290,,118993,20267,
migrate_demo,client,3,22627498,96290,,118993,20267,
migrate_demo,client,3,22632635,96290,,120520,20267,
migrate_demo,client,3,22637853,96290,,120520,20267,
migrate_demo,client,3,22643081,96290,,120520,20267,
migrate_demo,client,3,22648247,96290,,120590,20267,
migrate_demo,client,3,22653476,96290,,120590,20267,
migrate_demo,client,3,22658684,96290,,120590,20267,
migrate_demo,client,3,22663875,96290,,120590,20267,
migrate_demo,client,3,22669143,96290,,121855,20267,
migrate_demo,client,3,22674341,96290,,121855,20267,
migrate_demo,client,3,22679526,96290,,121855,20267,
migrate_demo,client,3,22684777,96290,,121787,20267,
migrate_demo,client,3,22689940,96290,,121787,20267,
migrate_demo,client,3,22695193,96290,,121787,20267,
migrate_demo,client,3,22700276,96290,,121787,20267,
migrate_demo,client,3,22705471,96290,,121814,20267,
migrate_demo,client,3,22710638,96290,,121814,20267,
migrate_demo,client,3,22715820,96290,,121814,20267,
migrate_demo,client,3,22721039,96290,,121814,20267,
migrate_demo,client,3,22726266,96290,,121814,20267,
migrate_demo,client,3,22731485,96290,,121853,20267,
migrate_demo,client,3,22736708,96290,,121853,20267,
migrate_demo,client,3,22741936,96290,,121853,20267,
migrate_demo,client,3,22747171,96290,,121853,20267,
migrate_demo,client,3,22752399,96290,,121947,20267,
migrate_demo,client,3,22757587,96290,,121947,20267,
migrate_demo,client,3,22762756,96290,,121947,20267,
migrate_demo,client,3,22767894,96290,,121947,20267,
migrate_demo,client,3,22773062,96290,,122029,20267,
migrate_demo,client,3,22778252,96290,,122029,20267,
migrate_demo,client,3,22783424,96290,,122029,20267,
migrate_demo,client,3,22788605,96290,,122029,20267,
migrate_demo,client,3,22793835,96290,,122029,20267,
migrate_demo,client,3,22799069,96290,,122166,20267,
migrate_demo,client,3,22804312,96290,,122166,20267,
migrate_demo,client,3,22809583,96290,,122166,20267,
migrate_demo,client,3,22814773,96290,,122166,20267,
migrate_demo,client,3,22819972,96290,,122284,20267,
migrate_demo,client,3,22825162,96290,,122284,20267,
migrate_demo,client,3,22830361,96290,,122284,20267,
migrate_demo,client,3,22835600,96290,,122284,20267,
migrate_demo,client,3,22840797,96290,,122284,20267,
migrate_demo,client,3,22845949,96290,,122447,20267,
migrate_demo,client,3,22851192,96290,,122447,20267,
migrate_demo,client,3,22856355,96290,,122447,20267,
migrate_demo,client,3,22861534,96290,,122447,20267,
migrate_demo,client,3,22866668,96290,,122596,20267,
migrate_demo,client,3,22871908,96290,,122596,20267,
migrate_demo,client,3,22877142,96290,,122596,20267,
migrate_demo,client,3,22882422,96290,,122596,20267,
migrate_demo,client,3,22887690,96290,,122596,20267,
migrate_demo,client,3,22892864,96290,,122789,20267,
migrate_demo,client,3,22898055,96290,,122789,20267,
migrate_demo,client,3,22903210,96290,,122789,20267,
migrate_demo,client,3,22908430,96290,,122789,20267,
migrate_demo,client,3,22913553,96290,,122958,20267,
migrate_demo,client,3,22918795,96290,,122958,20267,
migrate_demo,client,3,22923956,96290,,122958,20267,
migrate_demo,client,3,22929169,96290,,122958,20267,
migrate_demo,client,3,22934336,96290,,123174,20267,
migrate_demo,client,3,22939571,96290,,123174,20267,
migrate_demo,client,3,22944813,96290,,123174,20267,
migrate_demo,client,3,22949985,96290,,123174,20267,
migrate_demo,client,3,22955160,96290,,123174,20267,
migrate_demo,client,3,22960345,96290,,123365,20267,
migrate_demo,client,3,22965613,96290,,123365,20267,
migrate_demo,client,3,22970732,96290,,123365,20267,
migrate_demo,client,3,22975893,96290,,123365,20267,
migrate_demo,client,3,22981048,96290,,123588,20267,
migrate_demo,client,3,22986225,96290,,123588,20267,
migrate_demo,client,3,22991412,96290,,123588,20267,
migrate_demo,client,3,22996621,96290,,123588,20267,
migrate_demo,client,3,23001815,96290,,123588,20267,
migrate_demo,client,3,23006958,96290,,123789,20267,
migrate_demo,client,3,23012146,96290,,123789,20267,
migrate_demo,client,3,23017358,96290,,123789,20267,
migrate_demo,client,3,23022528,96290,,123789,20267,
migrate_demo,client,3,23027668,96290,,124025,20267,
migrate_demo,client,3,23032871,96290,,124025,20267,
migrate_demo,client,3,23038096,96290,,124025,20267,
migrate_demo,client,3,23043270,96290,,124025,20267,
migrate_demo,client,3,23048432,96290,,124025,20267,
migrate_demo,client,3,23053543,96290,,124227,20267,
migrate_demo,client,3,23058744,96290,,124227,20267,
migrate_demo,client,3,23063966,96290,,124227,20267,
migrate_demo,client,3,23069129,96290,,124227,20267,
migrate_demo,client,3,23074291,96290,,124435,20267,
migrate_demo,client,3,23079490,96290,,124435,20267,
migrate_demo,client,3,23084691,96290,,124435,20267,
migrate_demo,client,3,23089898,96290,,124435,20267,
migrate_demo,client,3,23095096,96290,,124653,20267,
migrate_demo,client,3,23100278,96290,,124653,20267,
migrate_demo,client,3,23105533,96290,,124653,20267,
migrate_demo,client,3,23110742,96290,,124653,20267,
migrate_demo,client,3,23115917,96290,,124653,20267,
migrate_demo,client,3,23121082,96290,,124887,20267,
migrate_demo,client,3,23126258,96290,,124887,20267,
migrate_demo,client,3,23131545,96290,,124887,20267,
migrate_demo,client,3,23136766,96290,,124887,20267,
migrate_demo,client,3,23141942,96290,,125105,20267,
migrate_demo,client,3,23147202,96290,,125105,20267,
migrate_demo,client,3,23152415,96290,,125105,20267,
migrate_demo,client,3,23157667,96290,,125105,20267,
migrate_demo,client,3,23162865,96290,,125105,20267,
migrate_demo,client,3,23168036,96290,,125363,20267,
migrate_demo,client,3,23173199,96290,,125363,20267,
migrate_demo,client,3,23178390,96290,,125363,20267,
migrate_demo,client,3,23183609,96290,,125363,20267,
migrate_demo,client,3,23188804,96290,,125595,20267,
migrate_demo,client,3,23194033,96290,,125595,20267,
migrate_demo,client,3,23199300,96290,,125595,20267,
migrate_demo,client,3,23204473,96290,,125595,20267,
migrate_demo,client,3,23209682,96290,,125595,20267,
migrate_demo,client,3,23214890,96290,,125867,20267,
migrate_demo,client,3,23220103,96290,,125867,20267,
migrate_demo,client,3,23225325,96290,,125867,20267,
migrate_demo,client,3,23230529,96290,,125867,20267,
migrate_demo,client,3,23235681,96290,,126093,20267,
migrate_demo,client,3,23240969,96290,,126093,20267,
migrate_demo,client,3,23246129,96290,,126093,20267,
migrate_demo,client,3,23251301,96290,,126093,20267,
migrate_demo,client,3,23256508,96290,,126345,20267,
migrate_demo,client,3,23261730,96290,,126345,20267,
migrate_demo,client,3,23266958,96290,,126345,20267,
migrate_demo,client,3,23272164,96290,,126345,20267,
migrate_demo,client,3,23277388,96290,,126345,20267,
migrate_demo,client,3,23282624,96290,,126567,20267,
migrate_demo,client,3,23287847,96290,,126567,20267,
migrate_demo,client,3,23293034,96290,,126567,20267,
migrate_demo,client,3,23298188,96290,,126567,20267,
migrate_demo,client,3,23303309,96290,,126827,20267,
migrate_demo,client,3,23308573,96290,,126827,20267,
migrate_demo,client,3,23313796,96290,,126827,20267,
migrate_demo,client,3,23318975,96290,,126827,20267,
migrate_demo,client,3,23324142,96290,,126827,20267,
migrate_demo,client,3,23329260,96290,,127060,20267,
migrate_demo,client,3,23334435,96290,,127060,20267,
migrate_demo,client,3,23339679,96290,,127060,20267,
migrate_demo,client,3,23344865,96290,,127060,20267,
migrate_demo,client,3,23349922,96290,,127328,20267,
migrate_demo,client,3,23355143,96290,,127328,20267,
migrate_demo,client,3,23360311,96290,,127328,20267,
migrate_demo,client,3,23365465,96290,,127328,20267,
migrate_demo,client,3,23370622,96290,,127553,20267,
migrate_demo,client,3,23375859,96290,,127553,20267,
migrate_demo,client,3,23381058,96290,,127553,20267,
migrate_demo,client,3,23386317,96290,,127553,20267,
migrate_demo,client,3,23391545,96290,,127553,20267,
migrate_demo,client,3,23396802,96290,,127816,20267,
migrate_demo,client,3,23401999,96290,,127816,20267,
migrate_demo,client,3,23407146,96290,,127816,20267,
migrate_demo,client,3,23412325,96290,,127816,20267,
migrate_demo,client,3,23417489,96290,,128049,20267,
migrate_demo,client,3,23422804,96290,,128049,20267,
migrate_demo,client,3,23428010,96290,,128049,20267,
migrate_demo,client,3,23433200,96290,,128049,20267,
migrate_demo,client,3,23438398,96290,,128049,20267,
migrate_demo,client,3,23443579,96290,,128317,20267,
migrate_demo,client,3,23448740,96290,,128317,20267,
migrate_demo,client,3,23453937,96290,,128317,20267,
migrate_demo,client,3,23459149,96290,,128317,20267,
migrate_demo,client,3,23464295,96290,,128553,20267,
migrate_demo,client,3,23469431,96290,,128553,20267,
migrate_demo,client,3,23474662,96290,,128553,20267,
migrate_demo,client,3,23479885,96290,,128553,20267,
migrate_demo,client,3,23485056,96290,,128553,20267,
migrate_demo,client,3,23490269,96290,,128819,20267,
migrate_demo,client,3,23495587,96290,,128819,20267,
migrate_demo,client,3,23500781,96290,,128819,20267,
migrate_demo,client,3,23505940,96290,,128819,20267,
migrate_demo,client,3,23511144,96290,,129055,20267,
migrate_demo,client,3,23516331,96290,,129055,20267,
migrate_demo,client,3,23521543,96290,,129055,20267,
migrate_demo,client,3,23526737,96290,,129055,20267,
migrate_demo,client,3,23531919,96290,,129321,20267,
migrate_demo,client,3,23537184,96290,,129321,20267,
migrate_demo,client,3,23542365,96290,,129321,20267,
migrate_demo,client,3,23547551,96290,,129321,20267,
migrate_demo,client,3,23552709,96290,,129321,20267,
migrate_demo,client,3,23557915,96290,,129555,20267,
migrate_demo,client,3,23563140,96290,,129555,20267,
migrate_demo,client,3,23568308,96290,,129555,20267,
migrate_demo,client,3,23573531,96290,,129555,20267,
migrate_demo,client,3,23578656,96290,,132222,20267,
migrate_demo,client,3,23583802,96290,,132160,20267,
migrate_demo,client,3,23588999,96290,,132160,20267,
migrate_demo,client,3,23594176,96290,,132160,20267,
migrate_demo,client,3,23599391,96290,,132160,20267,
migrate_demo,client,3,23604574,96290,,132163,20267,
migrate_demo,client,3,23609778,96290,,132163,20267,
migrate_demo,client,3,23615003,96290,,132163,20267,
migrate_demo,client,3,23620198,96290,,132163,20267,
migrate_demo,client,3,23625404,96290,,132163,20267,
migrate_demo,client,3,23630580,96290,,132171,20267,
migrate_demo,client,3,23635771,96290,,132171,20267,
migrate_demo,client,3,23640919,96290,,132171,20267,
migrate_demo,client,3,23646138,96290,,132171,20267,
migrate_demo,client,3,23651263,96290,,132235,20267,
migrate_demo,client,3,23656370,96290,,132235,20267,
migrate_demo,client,3,23661558,96290,,132235,20267,
migrate_demo,client,3,23666761,96290,,132235,20267,
migrate_demo,client,3,23672094,96290,,132235,20267,
migrate_demo,client,3,23677293,96290,,132290,20267,
migrate_demo,client,3,23682473,96290,,132290,20267,
migrate_demo,client,3,23687703,96290,,132290,20267,
migrate_demo,client,3,23692908,96290,,132290,20267,
migrate_demo,client,3,23698042,96290,,132411,20267,
migrate_demo,client,3,23703227,96290,,132411,20267,
migrate_demo,client,3,23708339,96290,,132411,20267,
migrate_demo,client,3,23713467,96290,,132411,20267,
migrate_demo,client,3,23718670,96290,,132525,20267,
migrate_demo,client,3,23723830,96290,,132525,20267,
migrate_demo,client,3,23729160,96290,,132525,20267,
migrate_demo,client,3,23734374,96290,,132525,20267,
migrate_demo,client,3,23739534,96290,,132525,20267,
migrate_demo,client,3,23744733,96290,,132671,20267,
migrate_demo,client,3,23749967,96290,,132671,20267,
migrate_demo,client,3,23755128,96290,,132671,20267,
migrate_demo,client,3,23760361,96290,,132671,20267,
migrate_demo,client,3,23765585,96290,,132793,20267,
migrate_demo,client,3,23770768,96290,,132793,20267,
migrate_demo,client,3,23775932,96290,,132793,20267,
migrate_demo,client,3,23781117,96290,,132793,20267,
migrate_demo,client,3,23786307,96290,,132793,20267,
migrate_demo,client,3,23791474,96290,,132978,20267,
migrate_demo,client,3,23796670,96290,,132978,20267,
migrate_demo,client,3,23801861,96290,,132978,20267,
migrate_demo,client,3,23807091,96290,,132978,20267,
migrate_demo,client,3,23812302,96290,,133137,20267,
migrate_demo,client,3,23817525,96290,,133137,20267,
migrate_demo,client,3,23822722,96290,,133137,20267,
migrate_demo,client,3,23827883,96290,,133137,20267,
migrate_demo,client,3,23833155,96290,,133137,20267,
migrate_demo,client,3,23838369,96290,,133328,20267,
migrate_demo,client,3,23843611,96290,,133328,20267,
migrate_demo,client,3,23848868,96290,,133328,20267,
migrate_demo,client,3,23854060,96290,,133328,20267,
migrate_demo,client,3,23859251,96290,,133502,20267,
migrate_demo,client,3,23864478,96290,,133502,20267,
migrate_demo,client,3,23869668,96290,,133502,20267,
migrate_demo,client,3,23874819,96290,,133502,20267,
migrate_demo,client,3,23880030,96290,,133724,20267,
migrate_demo,client,3,23885271,96290,,133724,20267,
migrate_demo,client,3,23890461,96290,,133724,20267,
migrate_demo,client,3,23895666,96290,,133724,20267,
migrate_demo,client,3,23900928,96290,,133724,20267,
migrate_demo,client,3,23906063,96290,,133917,20267,
migrate_demo,client,3,23911343,96290,,133917,20267,
migrate_demo,client,3,23916609,96290,,133917,20267,
migrate_demo,client,3,23921787,96290,,133917,20267,
migrate_demo,client,3,23927036,96290,,134146,20267,
migrate_demo,client,3,23932267,96290,,134146,20267,
migrate_demo,client,3,23937573,96290,,134146,20267,
migrate_demo,client,3,23942816,96290,,134146,20267,
migrate_demo,client,3,23948045,96290,,134146,20267,
migrate_demo,client,3,23953378,96290,,134345,20267,
migrate_demo,client,3,23958646,96290,,134345,20267,
migrate_demo,client,3,23963796,96290,,134345,20267,
migrate_demo,client,3,23968942,96290,,134345,20267,
migrate_demo,client,3,23974100,96290,,134584,20267,
migrate_demo,client,3,23979347,96290,,134584,20267,
migrate_demo,client,3,23984536,96290,,134584,20267,
migrate_demo,client,3,23989773,96290,,134584,20267,
migrate_demo,client,3,23995007,96290,,134792,20267,
migrate_demo,client,3,24000270,96290,,134792,20267,
migrate_demo,client,3,24005580,96290,,134792,20267,
migrate_demo,client,3,24010782,96290,,134792,20267,
migrate_demo,client,3,24016028,96290,,134792,20267,
migrate_demo,client,3,24021166,96290,,135038,20267,
migrate_demo,client,3,24026378,96290,,135038,20267,
migrate_demo,client,3,24031596,96290,,135038,20267,
migrate_demo,client,3,24036795,96290,,135038,20267,
migrate_demo,client,3,24041970,96290,,135257,20267,
migrate_demo,client,3,24047250,96290,,135257,20267,
migrate_demo,client,3,24052435,96290,,135257,20267,
migrate_demo,client,3,24057609,96290,,135257,20267,
migrate_demo,client,3,24062782,96290,,135257,20267,
migrate_demo,client,3,24067977,96290,,135504,20267,
migrate_demo,client,3,24073239,96290,,135504,20267,
migrate_demo,client,3,24078409,96290,,135504,20267,
migrate_demo,client,3,24083637,96290,,135504,20267,
migrate_demo,client,3,24088797,96290,,135724,20267,
migrate_demo,client,3,24094107,96290,,135724,20267,
migrate_demo,client,3,24099343,96290,,135724,20267,
migrate_demo,client,3,24104574,96290,,135724,20267,
migrate_demo,client,3,24109650,96290,,135979,20267,
migrate_demo,client,3,24114843,96290,,135979,20267,
migrate_demo,client,3,24120032,96290,,135979,20267,
migrate_demo,client,3,24125210,96290,,135979,20267,
migrate_demo,client,3,24130367,96290,,135979,20267,
migrate_demo,client,3,24135605,96290,,136201,20267,
migrate_demo,client,3,24140836,96290,,136201,20267,
migrate_demo,client,3,24146004,96290,,136201,20267,
migrate_demo,client,3,24151173,96290,,136201,20267,
migrate_demo,client,3,24156343,96290,,136428,20267,
migrate_demo,client,3,24161701,96290,,136428,20267,
migrate_demo,client,3,24166878,96290,,136428,20267,
migrate_demo,client,3,24172131,96290,,136428,20267,
migrate_demo,client,3,24177297,96290,,136428,20267,
migrate_demo,client,3,24182486,96290,,136659,20267,
migrate_demo,client,3,24187707,96290,,136659,20267,
migrate_demo,client,3,24192951,96290,,136659,20267,
migrate_demo,client,3,24198185,96290,,136659,20267,
migrate_demo,client,3,24203412,96290,,136921,20267,
migrate_demo,client,3,24208613,96290,,136921,20267,
migrate_demo,client,3,24213791,96290,,136921,20267,
migrate_demo,client,3,24219019,96290,,136921,20267,
migrate_demo,client,3,24224245,96290,,137150,20267,
migrate_demo,client,3,24229494,96290,,137150,20267,
migrate_demo,client,3,24234794,96290,,137150,20267,
migrate_demo,client,3,24240025,96290,,137150,20267,
migrate_demo,client,3,24245250,96290,,137150,20267,
migrate_demo,client,3,24250418,96290,,137414,20267,
migrate_demo,client,3,24255633,96290,,137414,20267,
migrate_demo,client,3,24260846,96290,,137414,20267,
migrate_demo,client,3,24266128,96290,,137414,20267,
migrate_demo,client,3,24271492,96290,,137611,20267,
migrate_demo,client,3,24276708,96290,,122899,20267,
migrate_demo,client,3,24281939,96290,,122899,20267,
migrate_demo,client,3,24287175,96290,,122899,20267,
migrate_demo,client,3,24292477,96290,,122899,20267,
migrate_demo,client,3,24297719,96290,,122899,20267,
migrate_demo,client,3,24302972,96290,,122899,20267,
migrate_demo,client,3,24308136,96290,,112594,20267,
migrate_demo,client,3,24313356,96290,,112594,20267,
