arm,role,rep,time_us,cwnd,bytes_in_flight,smoothed_rtt,min_rtt,latest_rtt
migrate_demo,server,3,538945,12200,,21117,21050,
migrate_demo,server,3,544271,12200,,21117,21050,
migrate_demo,server,3,549541,12200,,21117,21050,
migrate_demo,server,3,554776,12200,,21117,21050,
migrate_demo,server,3,560129,18300,,21193,20928,
migrate_demo,server,3,565424,23180,,21705,20928,
migrate_demo,server,3,570637,23180,,21705,20928,
migrate_demo,server,3,575928,23180,,21705,20928,
migrate_demo,server,3,581151,29312,,21388,20345,
migrate_demo,server,3,586348,40292,,20964,20265,
migrate_demo,server,3,591533,46392,,20893,20259,
migrate_demo,server,3,596805,46392,,20893,20259,
migrate_demo,server,3,602053,53984,,20775,20259,
migrate_demo,server,3,607319,66504,,21409,20259,
migrate_demo,server,3,612584,79024,,22719,20259,
migrate_demo,server,3,617816,89040,,24291,20259,
migrate_demo,server,3,623166,96872,,24170,20259,
migrate_demo,server,3,628393,111524,,23184,20259,
migrate_demo,server,3,633667,124844,,24461,20259,
migrate_demo,server,3,638904,138164,,26525,20259,
migrate_demo,server,3,644126,151484,,28973,20259,
migrate_demo,server,3,649534,162140,,30970,20259,
migrate_demo,server,3,654816,175460,,33778,20259,
migrate_demo,server,3,660008,189000,,35665,20259,
migrate_demo,server,3,665212,200296,,37061,20259,
migrate_demo,server,3,670514,213004,,39137,20259,
migrate_demo,server,3,675787,227124,,41991,20259,
migrate_demo,server,3,681300,238420,,44298,20259,
migrate_demo,server,3,686598,252540,,47184,20259,
migrate_demo,server,3,692069,266660,,50159,20259,
migrate_demo,server,3,697311,280780,,53017,20259,
migrate_demo,server,3,702500,292076,,55380,20259,
migrate_demo,server,3,707952,303372,,57818,20259,
migrate_demo,server,3,713168,317492,,60595,20259,
migrate_demo,server,3,718358,330200,,62996,20259,
migrate_demo,server,3,723535,344320,,65956,20259,
migrate_demo,server,3,728742,355616,,68329,20259,
migrate_demo,server,3,734065,369736,,71226,20259,
migrate_demo,server,3,739313,381392,,73494,20259,
migrate_demo,server,3,744542,393168,,75811,20259,
migrate_demo,server,3,749813,407888,,78752,20259,
migrate_demo,server,3,755038,419664,,81141,20259,
migrate_demo,server,3,760277,431440,,83686,20259,
migrate_demo,server,3,765601,446160,,86652,20259,
migrate_demo,server,3,770828,457936,,89076,20259,
migrate_demo,server,3,776054,469712,,91518,20259,
migrate_demo,server,3,781297,482960,,93939,20259,
migrate_demo,server,3,786752,494736,,96461,20259,
migrate_demo,server,3,791977,509456,,99714,20259,
migrate_demo,server,3,797198,521232,,102188,20259,
migrate_demo,server,3,802451,535952,,105315,20259,
migrate_demo,server,3,807740,547728,,107591,20259,
migrate_demo,server,3,812962,559504,,109876,20259,
migrate_demo,server,3,818198,574224,,112871,20259,
migrate_demo,server,3,823715,584528,,114739,20259,
migrate_demo,server,3,828988,599248,,117906,20259,
migrate_demo,server,3,834228,611024,,120427,20259,
migrate_demo,server,3,839941,624272,,123811,20259,
migrate_demo,server,3,845286,638992,,126570,20259,
migrate_demo,server,3,850537,650768,,128747,20259,
migrate_demo,server,3,855870,665488,,131827,20259,
migrate_demo,server,3,861113,677264,,134208,20259,
migrate_demo,server,3,866448,689040,,136772,20259,
migrate_demo,server,3,871658,703760,,139496,20259,
migrate_demo,server,3,876933,717008,,142135,20259,
migrate_demo,server,3,882110,728784,,144486,20259,
migrate_demo,server,3,887322,740560,,147031,20259,
migrate_demo,server,3,892799,755280,,149980,20259,
migrate_demo,server,3,897998,767056,,152351,20259,
migrate_demo,server,3,903209,778832,,154896,20259,
migrate_demo,server,3,908409,793552,,157979,20259,
migrate_demo,server,3,913628,805328,,160594,20259,
migrate_demo,server,3,918838,817104,,162873,20259,
migrate_demo,server,3,924082,831824,,165734,20259,
migrate_demo,server,3,929295,843600,,168345,20259,
migrate_demo,server,3,934478,855376,,170618,20259,
migrate_demo,server,3,939877,867152,,173234,20259,
migrate_demo,server,3,945130,881872,,176427,20259,
migrate_demo,server,3,950336,893648,,178626,20259,
migrate_demo,server,3,955628,908368,,181681,20259,
migrate_demo,server,3,960832,920144,,183969,20259,
migrate_demo,server,3,966033,931920,,186335,20259,
migrate_demo,server,3,971434,943696,,188951,20259,
migrate_demo,server,3,976754,958416,,191781,20259,
migrate_demo,server,3,982005,970192,,194324,20259,
migrate_demo,server,3,987217,984912,,197389,20259,
migrate_demo,server,3,992428,996688,,199697,20259,
migrate_demo,server,3,997694,1008464,,202240,20259,
migrate_demo,server,3,1002922,1023184,,205338,20259,
migrate_demo,server,3,1008162,1034960,,207782,20259,
migrate_demo,server,3,1013402,1046736,,210177,20259,
migrate_demo,server,3,1018742,1061456,,213347,20259,
migrate_demo,server,3,1023942,1073232,,215622,20259,
migrate_demo,server,3,1029188,1085008,,217926,20259,
migrate_demo,server,3,1034471,1099728,,221056,20259,
migrate_demo,server,3,1039732,1111504,,223359,20259,
migrate_demo,server,3,1044921,1123280,,225681,20259,
migrate_demo,server,3,1050257,1138000,,228954,20259,
migrate_demo,server,3,1055496,1149776,,231244,20259,
migrate_demo,server,3,1060717,1163024,,234048,20259,
migrate_demo,server,3,1065904,1174800,,236423,20259,
migrate_demo,server,3,1071138,1186576,,238971,20259,
migrate_demo,server,3,1076314,1201296,,241974,20259,
migrate_demo,server,3,1081518,1213072,,244445,20259,
migrate_demo,server,3,1086767,1224848,,246802,20259,
migrate_demo,server,3,1092003,1239568,,249648,20259,
migrate_demo,server,3,1097246,1251344,,251508,20259,
migrate_demo,server,3,1102444,1263120,,254120,20259,
migrate_demo,server,3,1107718,1277840,,257383,20259,
migrate_demo,server,3,1112967,1289616,,259901,20259,
migrate_demo,server,3,1118171,1301392,,262383,20259,
migrate_demo,server,3,1123448,1316112,,265578,20259,
migrate_demo,server,3,1128686,1327888,,267958,20259,
migrate_demo,server,3,1133871,1339664,,270353,20259,
migrate_demo,server,3,1139407,1354384,,273498,20259,
migrate_demo,server,3,1144714,1366160,,275905,20259,
migrate_demo,server,3,1149948,1380880,,278952,20259,
migrate_demo,server,3,1155184,1392656,,281377,20259,
migrate_demo,server,3,1160384,1404432,,283897,20259,
migrate_demo,server,3,1165738,1416208,,286374,20259,
migrate_demo,server,3,1170914,1430928,,289088,20259,
migrate_demo,server,3,1176123,1442704,,291562,20259,
migrate_demo,server,3,1181493,1454480,,293970,20259,
migrate_demo,server,3,1186764,1469200,,297108,20259,
migrate_demo,server,3,1191975,1480976,,299491,20259,
migrate_demo,server,3,1197317,1495696,,302538,20259,
migrate_demo,server,3,1202534,1507472,,305012,20259,
migrate_demo,server,3,1207837,1519248,,307509,20259,
migrate_demo,server,3,1213179,1533968,,310584,20259,
migrate_demo,server,3,1218449,1545744,,312913,20259,
migrate_demo,server,3,1223685,1557520,,315278,20259,
migrate_demo,server,3,1229034,1572240,,318295,20259,
migrate_demo,server,3,1234226,1584016,,320863,20259,
migrate_demo,server,3,1239594,1595792,,323205,20259,
migrate_demo,server,3,1244858,1610512,,326134,20259,
migrate_demo,server,3,1250072,1622288,,328656,20259,
migrate_demo,server,3,1255387,1637008,,331633,20259,
migrate_demo,server,3,1260602,1648784,,333996,20259,
migrate_demo,server,3,1265863,1660560,,336576,20259,
migrate_demo,server,3,1271223,1672336,,338941,20259,
migrate_demo,server,3,1276504,1687056,,341923,20259,
migrate_demo,server,3,1281713,1698832,,344463,20259,
migrate_demo,server,3,1287020,1713552,,347484,20259,
migrate_demo,server,3,1292267,1725328,,349841,20259,
migrate_demo,server,3,1297455,1737104,,352224,20259,
migrate_demo,server,3,1302686,1751824,,355332,20259,
migrate_demo,server,3,1307903,1763600,,357651,20259,
migrate_demo,server,3,1313087,1775376,,360140,20259,
migrate_demo,server,3,1318439,1790096,,363271,20259,
migrate_demo,server,3,1323667,1801872,,365596,20259,
migrate_demo,server,3,1328923,1813648,,367956,20259,
migrate_demo,server,3,1334194,1828368,,371049,20259,
migrate_demo,server,3,1339428,1840144,,373412,20259,
migrate_demo,server,3,1344687,1851920,,375904,20259,
migrate_demo,server,3,1349912,1866640,,378873,20259,
migrate_demo,server,3,1355199,1878416,,381294,20259,
migrate_demo,server,3,1360434,1890192,,383693,20259,
migrate_demo,server,3,1365654,1904912,,386669,20259,
migrate_demo,server,3,1370870,1916688,,389102,20259,
migrate_demo,server,3,1376108,1928464,,391532,20259,
migrate_demo,server,3,1381538,1943184,,394564,20259,
migrate_demo,server,3,1386727,1954960,,397070,20259,
migrate_demo,server,3,1391940,1966736,,399449,20259,
migrate_demo,server,3,1397159,1981456,,402537,20259,
migrate_demo,server,3,1402403,1993232,,404908,20259,
migrate_demo,server,3,1407790,2005008,,407427,20259,
migrate_demo,server,3,1412991,2019728,,410422,20259,
migrate_demo,server,3,1418185,2031504,,412782,20259,
migrate_demo,server,3,1423387,2043280,,415300,20259,
migrate_demo,server,3,1428612,2058000,,418218,20259,
migrate_demo,server,3,1433857,2069776,,420738,20259,
migrate_demo,server,3,1439061,2081552,,423104,20259,
migrate_demo,server,3,1444408,2096272,,426087,20259,
migrate_demo,server,3,1449702,2108048,,428598,20259,
migrate_demo,server,3,1454903,2119824,,430978,20259,
migrate_demo,server,3,1460089,2134544,,433911,20259,
migrate_demo,server,3,1465372,2146320,,436315,20259,
migrate_demo,server,3,1470577,2158096,,438735,20259,
migrate_demo,server,3,1475940,2172816,,441822,20259,
migrate_demo,server,3,1481167,2184592,,444259,20259,
migrate_demo,server,3,1486405,2196368,,446646,20259,
migrate_demo,server,3,1491630,2211088,,449731,20259,
migrate_demo,server,3,1496862,2222864,,452135,20259,
migrate_demo,server,3,1502049,2234640,,454550,20259,
migrate_demo,server,3,1507318,2246416,,456976,20259,
migrate_demo,server,3,1512469,2261136,,460010,20259,
migrate_demo,server,3,1517687,2272912,,462380,20259,
migrate_demo,server,3,1523097,2287632,,465430,20259,
migrate_demo,server,3,1528324,2299408,,467812,20259,
migrate_demo,server,3,1533480,2311184,,470270,20259,
migrate_demo,server,3,1538862,2325904,,473369,20259,
migrate_demo,server,3,1544056,2337680,,475703,20259,
migrate_demo,server,3,1549237,2349456,,478228,20259,
migrate_demo,server,3,1554430,2364176,,481241,20259,
migrate_demo,server,3,1559759,2375952,,483612,20259,
migrate_demo,server,3,1564990,2387728,,486119,20259,
migrate_demo,server,3,1570267,2402448,,489010,20259,
migrate_demo,server,3,1575466,2414224,,491557,20259,
migrate_demo,server,3,1580670,2426000,,493928,20259,
migrate_demo,server,3,1586032,2437776,,496310,20259,
migrate_demo,server,3,1591199,2452496,,499480,20259,
migrate_demo,server,3,1596418,2464272,,501836,20259,
migrate_demo,server,3,1601875,2476048,,504329,20259,
migrate_demo,server,3,1607094,2490768,,507343,20259,
migrate_demo,server,3,1612354,2502544,,509734,20259,
migrate_demo,server,3,1617650,2517264,,512759,20259,
migrate_demo,server,3,1622920,2529040,,515103,20259,
migrate_demo,server,3,1628145,2540816,,517648,20259,
migrate_demo,server,3,1633376,2555536,,520729,20259,
migrate_demo,server,3,1638594,2567312,,523104,20259,
migrate_demo,server,3,1643833,2579088,,525435,20259,
migrate_demo,server,3,1649010,2593808,,528424,20259,
migrate_demo,server,3,1654152,2605584,,530968,20259,
migrate_demo,server,3,1659348,2617360,,533346,20259,
migrate_demo,server,3,1664753,2629136,,535840,20259,
migrate_demo,server,3,1670023,2643856,,538866,20259,
migrate_demo,server,3,1675216,2655632,,541208,20259,
migrate_demo,server,3,1680548,2667408,,543725,20259,
migrate_demo,server,3,1685764,2682128,,546694,20259,
migrate_demo,server,3,1690970,2693904,,549070,20259,
migrate_demo,server,3,1696371,2708624,,552080,20259,
migrate_demo,server,3,1701547,2720400,,554546,20259,
migrate_demo,server,3,1706771,2732176,,557020,20259,
migrate_demo,server,3,1712117,2746896,,560002,20259,
migrate_demo,server,3,1717347,2758672,,562480,20259,
migrate_demo,server,3,1722601,2770448,,564819,20259,
migrate_demo,server,3,1727863,2785168,,567734,20259,
migrate_demo,server,3,1733105,2796944,,570294,20259,
migrate_demo,server,3,1738340,2808720,,572638,20259,
migrate_demo,server,3,1743566,2823440,,575785,20259,
migrate_demo,server,3,1748803,2835216,,578303,20259,
migrate_demo,server,3,1754071,2846992,,580586,20259,
migrate_demo,server,3,1759326,2861712,,583644,20259,
migrate_demo,server,3,1764520,2873488,,585973,20259,
migrate_demo,server,3,1769719,2885264,,588355,20259,
migrate_demo,server,3,1775002,2899984,,591418,20259,
migrate_demo,server,3,1780289,2911760,,593781,20259,
migrate_demo,server,3,1785523,2923536,,596352,20259,
migrate_demo,server,3,1790758,2935312,,598769,20259,
migrate_demo,server,3,1796212,2950032,,601786,20259,
migrate_demo,server,3,1801453,2065022,,603363,20259,
migrate_demo,server,3,1806681,2065022,,604432,20259,
migrate_demo,server,3,1811923,2065022,,604914,20259,
migrate_demo,server,3,1817161,2065022,,605179,20259,
migrate_demo,server,3,1822411,2065022,,605484,20259,
migrate_demo,server,3,1827647,2065022,,605523,20259,
migrate_demo,server,3,1832974,2065022,,605524,20259,
migrate_demo,server,3,1838203,2065022,,605595,20259,
migrate_demo,server,3,1843432,2065022,,605618,20259,
migrate_demo,server,3,1848686,2065022,,605630,20259,
migrate_demo,server,3,1853989,2065022,,605621,20259,
migrate_demo,server,3,1859232,2065022,,605635,20259,
migrate_demo,server,3,1864455,2065022,,605840,20259,
migrate_demo,server,3,1869784,2065022,,605754,20259,
migrate_demo,server,3,1875077,2065022,,605706,20259,
migrate_demo,server,3,1880274,2065022,,605641,20259,
migrate_demo,server,3,1885511,2065022,,605615,20259,
migrate_demo,server,3,1890690,2065022,,605613,20259,
migrate_demo,server,3,1895912,2065022,,605606,20259,
migrate_demo,server,3,1901203,2065022,,605610,20259,
migrate_demo,server,3,1906420,2065022,,605626,20259,
migrate_demo,server,3,1911613,2065022,,605629,20259,
migrate_demo,server,3,1916849,2065022,,605652,20259,
migrate_demo,server,3,1922069,2065022,,605652,20259,
migrate_demo,server,3,1927334,2065022,,605634,20259,
migrate_demo,server,3,1932614,2065022,,605634,20259,
migrate_demo,server,3,1937846,2065022,,605658,20259,
migrate_demo,server,3,1943080,2065022,,605667,20259,
migrate_demo,server,3,1948588,2065022,,605663,20259,
migrate_demo,server,3,1953876,2065022,,605648,20259,
migrate_demo,server,3,1959415,2065022,,605627,20259,
migrate_demo,server,3,1964609,2065022,,605629,20259,
migrate_demo,server,3,1969890,2065022,,605688,20259,
migrate_demo,server,3,1975180,2065022,,605682,20259,
migrate_demo,server,3,1980393,2065022,,605668,20259,
migrate_demo,server,3,1985701,2065022,,605658,20259,
migrate_demo,server,3,1991279,2065022,,605671,20259,
migrate_demo,server,3,1996480,2065022,,605703,20259,
migrate_demo,server,3,2001826,2065022,,605685,20259,
migrate_demo,server,3,2007037,2065022,,605674,20259,
migrate_demo,server,3,2012211,2065022,,605691,20259,
migrate_demo,server,3,2018102,2065022,,605870,20259,
migrate_demo,server,3,2024074,2065022,,605745,20259,
migrate_demo,server,3,2029511,2065022,,605729,20259,
migrate_demo,server,3,2034679,2065022,,605680,20259,
migrate_demo,server,3,2039888,2065022,,605665,20259,
migrate_demo,server,3,2045388,2065022,,605655,20259,
migrate_demo,server,3,2050582,2065022,,605643,20259,
migrate_demo,server,3,2055869,2065022,,605651,20259,
migrate_demo,server,3,2061508,2065022,,605665,20259,
migrate_demo,server,3,2066857,2065022,,605670,20259,
migrate_demo,server,3,2072207,2065022,,605762,20259,
migrate_demo,server,3,2077423,2065022,,605740,20259,
migrate_demo,server,3,2082996,2065022,,605924,20259,
migrate_demo,server,3,2088176,2065022,,605905,20259,
migrate_demo,server,3,2093368,2065022,,605817,20259,
migrate_demo,server,3,2098881,2065022,,605739,20259,
migrate_demo,server,3,2104169,2065022,,605701,20259,
migrate_demo,server,3,2109911,2065022,,605882,20259,
migrate_demo,server,3,2115042,2065022,,605743,20259,
migrate_demo,server,3,2121267,2065022,,605720,20259,
migrate_demo,server,3,2126851,2065022,,605875,20259,
migrate_demo,server,3,2132097,2065022,,605823,20259,
migrate_demo,server,3,2137763,2065022,,605806,20259,
migrate_demo,server,3,2142928,2065022,,605789,20259,
migrate_demo,server,3,2148444,2065022,,605763,20259,
migrate_demo,server,3,2153917,2065022,,605813,20259,
migrate_demo,server,3,2159683,2065022,,605789,20259,
migrate_demo,server,3,2164817,2065022,,605919,20259,
migrate_demo,server,3,2170471,2065022,,605844,20259,
migrate_demo,server,3,2176566,2065022,,605860,20259,
migrate_demo,server,3,2183844,2065022,,606048,20259,
migrate_demo,server,3,2189463,2065022,,605957,20259,
migrate_demo,server,3,2194793,2065022,,605872,20259,
migrate_demo,server,3,2200025,2065022,,605829,20259,
migrate_demo,server,3,2205485,2065022,,605807,20259,
migrate_demo,server,3,2210690,2065022,,605847,20259,
migrate_demo,server,3,2216387,2065022,,605749,20259,
migrate_demo,server,3,2221960,2065022,,605802,20259,
migrate_demo,server,3,2227343,2065022,,605767,20259,
migrate_demo,server,3,2232564,2065022,,605738,20259,
migrate_demo,server,3,2237982,2065022,,605705,20259,
migrate_demo,server,3,2243485,2065022,,605826,20259,
migrate_demo,server,3,2249118,2065022,,605979,20259,
migrate_demo,server,3,2254375,2065022,,605841,20259,
migrate_demo,server,3,2260308,2065022,,605764,20259,
migrate_demo,server,3,2265888,2065022,,605754,20259,
migrate_demo,server,3,2271531,2065022,,605715,20259,
migrate_demo,server,3,2276911,2065022,,605691,20259,
migrate_demo,server,3,2282142,2065022,,605630,20259,
migrate_demo,server,3,2287700,2065022,,605671,20259,
migrate_demo,server,3,2293346,2065022,,605679,20259,
migrate_demo,server,3,2299217,2065022,,605679,20259,
migrate_demo,server,3,2305111,2065022,,605818,20259,
migrate_demo,server,3,2310685,2065022,,605905,20259,
migrate_demo,server,3,2316193,2065022,,606003,20259,
migrate_demo,server,3,2321705,2065022,,605925,20259,
migrate_demo,server,3,2327033,2065022,,605923,20259,
migrate_demo,server,3,2332527,2065022,,605827,20259,
migrate_demo,server,3,2338073,2065022,,605815,20259,
migrate_demo,server,3,2343408,2065022,,605918,20259,
migrate_demo,server,3,2348894,2065022,,605831,20259,
migrate_demo,server,3,2354449,2065022,,605760,20259,
migrate_demo,server,3,2360355,2065022,,605712,20259,
migrate_demo,server,3,2366053,2065022,,605840,20259,
migrate_demo,server,3,2371594,2065022,,606089,20259,
migrate_demo,server,3,2376763,2065022,,605955,20259,
migrate_demo,server,3,2382538,2065022,,605899,20259,
migrate_demo,server,3,2388136,2065022,,605885,20259,
migrate_demo,server,3,2393517,2065022,,605792,20259,
migrate_demo,server,3,2399262,2065022,,605999,20259,
migrate_demo,server,3,2404899,2065022,,583219,20259,
migrate_demo,server,3,2410218,2065688,,506295,20259,
migrate_demo,server,3,2415418,2066194,,473926,20259,
migrate_demo,server,3,2421011,2066813,,452954,20259,
migrate_demo,server,3,2426230,2067302,,444819,20259,
migrate_demo,server,3,2431841,2067912,,440654,20259,
migrate_demo,server,3,2437068,2068400,,439748,20259,
migrate_demo,server,3,2442289,2068888,,440132,20259,
migrate_demo,server,3,2447616,2069503,,441773,20259,
migrate_demo,server,3,2452843,2069995,,443616,20259,
migrate_demo,server,3,2458132,2070491,,445679,20259,
migrate_demo,server,3,2463467,2071113,,448390,20259,
migrate_demo,server,3,2468672,2071613,,450742,20259,
migrate_demo,server,3,2474322,2072243,,453636,20259,
migrate_demo,server,3,2479692,2072749,,455752,20259,
migrate_demo,server,3,2484900,2073257,,457811,20259,
migrate_demo,server,3,2490126,2073768,,459933,20259,
migrate_demo,server,3,2495323,2074410,,462753,20259,
migrate_demo,server,3,2500528,2074926,,465092,20259,
migrate_demo,server,3,2505752,2075444,,467493,20259,
migrate_demo,server,3,2511293,2076095,,470644,20259,
migrate_demo,server,3,2516526,2076619,,473088,20259,
migrate_demo,server,3,2522177,2077277,,476149,20259,
migrate_demo,server,3,2527396,2077805,,478597,20259,
migrate_demo,server,3,2532947,2078470,,481563,20259,
migrate_demo,server,3,2538149,2079004,,483978,20259,
migrate_demo,server,3,2543365,2079540,,486371,20259,
migrate_demo,server,3,2548738,2080214,,489317,20259,
migrate_demo,server,3,2553940,2080755,,491739,20259,
migrate_demo,server,3,2559192,2081299,,494121,20259,
migrate_demo,server,3,2564439,2081981,,497185,20259,
migrate_demo,server,3,2569713,2082529,,499589,20259,
migrate_demo,server,3,2575256,2083218,,502566,20259,
migrate_demo,server,3,2580446,2083770,,505073,20259,
migrate_demo,server,3,2585661,2084326,,507472,20259,
migrate_demo,server,3,2591130,2085023,,510584,20259,
migrate_demo,server,3,2596394,2085583,,512975,20259,
migrate_demo,server,3,2601752,2086146,,515348,20259,
migrate_demo,server,3,2607079,2086851,,518337,20259,
migrate_demo,server,3,2612313,2087419,,520766,20259,
migrate_demo,server,3,2617602,2088130,,523725,20259,
migrate_demo,server,3,2622915,2088702,,526109,20259,
migrate_demo,server,3,2628446,2089275,,528507,20259,
migrate_demo,server,3,2633674,2089995,,531520,20259,
migrate_demo,server,3,2638927,2090573,,533927,20259,
migrate_demo,server,3,2644141,2091298,,536998,20259,
migrate_demo,server,3,2649351,2091881,,539479,20259,
migrate_demo,server,3,2654565,2092465,,541724,20259,
migrate_demo,server,3,2659837,2093052,,544414,20259,
migrate_demo,server,3,2665323,2093640,,547090,20259,
migrate_demo,server,3,2670571,2094380,,550204,20259,
migrate_demo,server,3,2675818,2094972,,552718,20259,
migrate_demo,server,3,2681224,2095568,,554677,20259,
migrate_demo,server,3,2686437,2096313,,557364,20259,
migrate_demo,server,3,2691650,2096913,,559979,20259,
migrate_demo,server,3,2697085,2097664,,563097,20259,
migrate_demo,server,3,2702294,2098268,,565452,20259,
migrate_demo,server,3,2707618,2098872,,567981,20259,
migrate_demo,server,3,2712858,2099632,,570921,20259,
migrate_demo,server,3,2718043,2100240,,573354,20259,
migrate_demo,server,3,2723339,2100852,,575901,20259,
migrate_demo,server,3,2728618,2101618,,578948,20259,
migrate_demo,server,3,2733824,2102234,,581175,20259,
migrate_demo,server,3,2739289,2102850,,583759,20259,
migrate_demo,server,3,2744743,2103625,,586977,20259,
migrate_demo,server,3,2749980,2104245,,589372,20259,
migrate_demo,server,3,2755185,2104869,,591784,20259,
migrate_demo,server,3,2760600,2105649,,594972,20259,
migrate_demo,server,3,2765823,2106277,,597456,20259,
migrate_demo,server,3,2771035,2106905,,599952,20259,
migrate_demo,server,3,2776225,2107693,,602832,20259,
migrate_demo,server,3,2781456,2108325,,605108,20259,
migrate_demo,server,3,2786733,2108958,,607500,20259,
migrate_demo,server,3,2791962,1476493,,609530,20259,
migrate_demo,server,3,2798062,1476493,,611466,20259,
migrate_demo,server,3,2805685,1476493,,613419,20259,
migrate_demo,server,3,2812193,1476493,,613584,20259,
migrate_demo,server,3,2817756,1476493,,613396,20259,
migrate_demo,server,3,2823022,1476493,,612822,20259,
migrate_demo,server,3,2828252,1476493,,612415,20259,
migrate_demo,server,3,2833447,1476493,,612162,20259,
migrate_demo,server,3,2838668,1476493,,612061,20259,
migrate_demo,server,3,2844023,1476493,,611951,20259,
migrate_demo,server,3,2849202,1476493,,611867,20259,
migrate_demo,server,3,2854475,1476493,,612185,20259,
migrate_demo,server,3,2859854,1476493,,612431,20259,
migrate_demo,server,3,2865346,1476493,,612510,20259,
migrate_demo,server,3,2870716,1476493,,612630,20259,
migrate_demo,server,3,2876070,1476493,,612646,20259,
migrate_demo,server,3,2881256,1476493,,612667,20259,
migrate_demo,server,3,2886620,1476493,,612706,20259,
migrate_demo,server,3,2891820,1476493,,612694,20259,
migrate_demo,server,3,2896957,1476493,,612754,20259,
migrate_demo,server,3,2902151,1476493,,612672,20259,
migrate_demo,server,3,2907378,1476493,,612769,20259,
migrate_demo,server,3,2912612,1476493,,612692,20259,
migrate_demo,server,3,2918464,1476493,,612724,20259,
migrate_demo,server,3,2923881,1476493,,612883,20259,
migrate_demo,server,3,2929095,1476493,,612749,20259,
migrate_demo,server,3,2934352,1476493,,613055,20259,
migrate_demo,server,3,2939935,1476493,,612991,20259,
migrate_demo,server,3,2945275,1476493,,612868,20259,
migrate_demo,server,3,2950756,1476493,,612903,20259,
migrate_demo,server,3,2956136,1476493,,612917,20259,
migrate_demo,server,3,2961416,1476493,,612758,20259,
migrate_demo,server,3,2966642,1476493,,612737,20259,
migrate_demo,server,3,2971958,1476493,,612813,20259,
migrate_demo,server,3,2977207,1476493,,612720,20259,
migrate_demo,server,3,2982474,1476493,,612779,20259,
migrate_demo,server,3,2987785,1476493,,612715,20259,
migrate_demo,server,3,2993268,1476493,,612874,20259,
migrate_demo,server,3,2999205,1476493,,612919,20259,
migrate_demo,server,3,3004700,1476493,,612789,20259,
migrate_demo,server,3,3009942,1476493,,612722,20259,
migrate_demo,server,3,3015168,1476493,,612949,20259,
migrate_demo,server,3,3020400,1476493,,613000,20259,
migrate_demo,server,3,3025733,1476493,,455157,20259,
migrate_demo,server,3,3030935,1476493,,347935,20259,
migrate_demo,server,3,3036152,1476493,,303267,20259,
migrate_demo,server,3,3041381,1476493,,278872,20259,
migrate_demo,server,3,3046784,1476493,,264659,20259,
migrate_demo,server,3,3051997,1476493,,261097,20259,
migrate_demo,server,3,3057278,1476493,,261097,20259,
migrate_demo,server,3,3062524,1476493,,261097,20259,
migrate_demo,server,3,3067868,1476493,,261097,20259,
migrate_demo,server,3,3073170,1476493,,261097,20259,
migrate_demo,server,3,3078624,1476493,,263354,20259,
migrate_demo,server,3,3083885,1476493,,263354,20259,
migrate_demo,server,3,3089167,1476493,,263354,20259,
migrate_demo,server,3,3094408,1476493,,263354,20259,
migrate_demo,server,3,3099663,1476493,,263354,20259,
migrate_demo,server,3,3104879,1476493,,268197,20259,
migrate_demo,server,3,3110149,1476493,,268197,20259,
migrate_demo,server,3,3115361,1476493,,268197,20259,
migrate_demo,server,3,3120591,1476493,,268197,20259,
migrate_demo,server,3,3125864,1476493,,268197,20259,
migrate_demo,server,3,3131596,1476493,,275279,20259,
migrate_demo,server,3,3136814,1476493,,275279,20259,
migrate_demo,server,3,3142055,1476493,,275279,20259,
migrate_demo,server,3,3147231,1476493,,275279,20259,
migrate_demo,server,3,3152450,1476493,,275279,20259,
migrate_demo,server,3,3158145,1476493,,284289,20259,
migrate_demo,server,3,3163397,1476493,,284289,20259,
migrate_demo,server,3,3168579,1476493,,284289,20259,
migrate_demo,server,3,3173809,1476493,,284289,20259,
migrate_demo,server,3,3179044,1476493,,284289,20259,
migrate_demo,server,3,3184751,1476493,,295137,20259,
migrate_demo,server,3,3189978,1476493,,295137,20259,
migrate_demo,server,3,3195175,1476493,,295137,20259,
migrate_demo,server,3,3200369,1476493,,295137,20259,
migrate_demo,server,3,3205574,1476493,,295137,20259,
migrate_demo,server,3,3211590,1476493,,307473,20259,
migrate_demo,server,3,3216776,1476493,,307473,20259,
migrate_demo,server,3,3222273,1476493,,307473,20259,
migrate_demo,server,3,3227479,1476493,,307473,20259,
migrate_demo,server,3,3232742,1476493,,307473,20259,
migrate_demo,server,3,3238946,1476493,,320088,20259,
migrate_demo,server,3,3244487,1476493,,320088,20259,
migrate_demo,server,3,3249785,1476493,,320088,20259,
migrate_demo,server,3,3255004,1476493,,320088,20259,
migrate_demo,server,3,3260214,1476493,,320088,20259,
migrate_demo,server,3,3265520,1476493,,332313,20259,
migrate_demo,server,3,3270776,1476493,,332313,20259,
migrate_demo,server,3,3276117,1476493,,332313,20259,
migrate_demo,server,3,3281322,1476493,,332313,20259,
migrate_demo,server,3,3286547,1476493,,332313,20259,
migrate_demo,server,3,3291938,1476493,,344023,20259,
migrate_demo,server,3,3297396,1476493,,344023,20259,
migrate_demo,server,3,3302620,1476493,,344023,20259,
migrate_demo,server,3,3307826,1476493,,344023,20259,
migrate_demo,server,3,3313045,1476493,,344023,20259,
migrate_demo,server,3,3318485,1476493,,355621,20259,
migrate_demo,server,3,3323872,1476493,,355621,20259,
migrate_demo,server,3,3329169,1476493,,355621,20259,
migrate_demo,server,3,3334391,1476493,,355621,20259,
migrate_demo,server,3,3339622,1476493,,355621,20259,
migrate_demo,server,3,3345169,1476493,,366919,20259,
migrate_demo,server,3,3350570,1476493,,366919,20259,
migrate_demo,server,3,3355821,1476493,,366919,20259,
migrate_demo,server,3,3361083,1476493,,366919,20259,
migrate_demo,server,3,3366283,1476493,,366919,20259,
migrate_demo,server,3,3371504,1476493,,378207,20259,
migrate_demo,server,3,3376810,1476493,,378207,20259,
migrate_demo,server,3,3382114,1476493,,378207,20259,
migrate_demo,server,3,3387286,1476493,,378207,20259,
migrate_demo,server,3,3392483,1476493,,378207,20259,
migrate_demo,server,3,3397722,1476493,,389140,20259,
migrate_demo,server,3,3403052,1476493,,389140,20259,
migrate_demo,server,3,3408257,1476493,,389140,20259,
migrate_demo,server,3,3413466,1476493,,389140,20259,
migrate_demo,server,3,3418695,1476493,,389140,20259,
migrate_demo,server,3,3424182,1476493,,399997,20259,
migrate_demo,server,3,3429510,1476493,,399997,20259,
migrate_demo,server,3,3434747,1476493,,399997,20259,
migrate_demo,server,3,3439996,1476493,,399997,20259,
migrate_demo,server,3,3445255,1476493,,399997,20259,
migrate_demo,server,3,3450440,1476493,,410760,20259,
migrate_demo,server,3,3455713,1476493,,410760,20259,
migrate_demo,server,3,3461273,1476493,,410760,20259,
migrate_demo,server,3,3466500,1476493,,410760,20259,
migrate_demo,server,3,3471742,1476493,,410760,20259,
migrate_demo,server,3,3477203,1476493,,421424,20259,
migrate_demo,server,3,3482445,1476493,,421424,20259,
migrate_demo,server,3,3487640,1476493,,421424,20259,
migrate_demo,server,3,3492960,1476493,,421424,20259,
migrate_demo,server,3,3498173,1476493,,421424,20259,
migrate_demo,server,3,3503473,1476493,,431982,20259,
migrate_demo,server,3,3508717,1476493,,431982,20259,
migrate_demo,server,3,3513973,1476493,,431982,20259,
migrate_demo,server,3,3519162,1476493,,431982,20259,
migrate_demo,server,3,3524426,1476493,,431982,20259,
migrate_demo,server,3,3529764,1476493,,442407,20259,
migrate_demo,server,3,3535026,1476493,,442407,20259,
migrate_demo,server,3,3540259,1476493,,442407,20259,
migrate_demo,server,3,3545462,1476493,,442407,20259,
migrate_demo,server,3,3550640,1476493,,442407,20259,
migrate_demo,server,3,3555844,1476493,,452672,20259,
migrate_demo,server,3,3561079,1476493,,452672,20259,
migrate_demo,server,3,3566335,1476493,,452672,20259,
migrate_demo,server,3,3571627,1476493,,452672,20259,
migrate_demo,server,3,3576851,1476493,,452672,20259,
migrate_demo,server,3,3582217,1476493,,463738,20259,
migrate_demo,server,3,3587505,1476493,,463738,20259,
migrate_demo,server,3,3592767,1476493,,463738,20259,
migrate_demo,server,3,3598024,1476493,,463738,20259,
migrate_demo,server,3,3603227,1476493,,463738,20259,
migrate_demo,server,3,3608431,1476493,,463738,20259,
migrate_demo,server,3,3613712,1476493,,475561,20259,
migrate_demo,server,3,3618938,1476493,,475561,20259,
migrate_demo,server,3,3624139,1476493,,475561,20259,
migrate_demo,server,3,3629430,1476493,,475561,20259,
migrate_demo,server,3,3634695,1476493,,475561,20259,
migrate_demo,server,3,3640012,1476493,,488157,20259,
migrate_demo,server,3,3645252,1476493,,488157,20259,
migrate_demo,server,3,3650500,1476493,,488157,20259,
migrate_demo,server,3,3655731,1476493,,488157,20259,
migrate_demo,server,3,3660924,1476493,,488157,20259,
migrate_demo,server,3,3666261,1476493,,499819,20259,
migrate_demo,server,3,3671548,1476493,,499819,20259,
migrate_demo,server,3,3676763,1476493,,499819,20259,
migrate_demo,server,3,3681981,1476493,,499819,20259,
migrate_demo,server,3,3687232,1476493,,499819,20259,
migrate_demo,server,3,3692489,1476493,,510063,20259,
migrate_demo,server,3,3697717,1476493,,510063,20259,
migrate_demo,server,3,3702984,1476493,,510063,20259,
migrate_demo,server,3,3708219,1476493,,510063,20259,
migrate_demo,server,3,3713476,1476493,,510063,20259,
migrate_demo,server,3,3718734,1476493,,518949,20259,
migrate_demo,server,3,3723947,1476493,,518949,20259,
migrate_demo,server,3,3729135,1476493,,518949,20259,
migrate_demo,server,3,3734319,1476493,,518949,20259,
migrate_demo,server,3,3739603,1476493,,528468,20259,
migrate_demo,server,3,3744839,1476493,,528468,20259,
migrate_demo,server,3,3750037,1476493,,528468,20259,
migrate_demo,server,3,3755227,1476493,,528468,20259,
migrate_demo,server,3,3760426,1476493,,528468,20259,
migrate_demo,server,3,3765616,1476493,,536586,20259,
migrate_demo,server,3,3770847,1476493,,536586,20259,
migrate_demo,server,3,3776122,1476493,,536586,20259,
migrate_demo,server,3,3781326,1476493,,536586,20259,
migrate_demo,server,3,3786627,1476493,,536586,20259,
migrate_demo,server,3,3791883,1476494,,543651,20259,
migrate_demo,server,3,3797173,1476494,,543651,20259,
migrate_demo,server,3,3802385,1476494,,543651,20259,
migrate_demo,server,3,3807660,1476494,,543651,20259,
migrate_demo,server,3,3812914,1476494,,543651,20259,
migrate_demo,server,3,3818167,1476499,,549800,20259,
migrate_demo,server,3,3823385,1476499,,549800,20259,
migrate_demo,server,3,3828606,1476499,,549800,20259,
migrate_demo,server,3,3833918,1476499,,549800,20259,
migrate_demo,server,3,3839156,1476499,,549800,20259,
migrate_demo,server,3,3844422,1476507,,555052,20259,
migrate_demo,server,3,3849620,1476507,,555052,20259,
migrate_demo,server,3,3854848,1476507,,555052,20259,
migrate_demo,server,3,3860189,1476507,,555052,20259,
migrate_demo,server,3,3865458,1476507,,555052,20259,
migrate_demo,server,3,3870869,1476519,,559663,20259,
migrate_demo,server,3,3876142,1476519,,559663,20259,
migrate_demo,server,3,3881426,1476519,,559663,20259,
migrate_demo,server,3,3886711,1476519,,559663,20259,
migrate_demo,server,3,3892012,1476519,,559663,20259,
migrate_demo,server,3,3897531,1476534,,563671,20259,
migrate_demo,server,3,3902795,1476534,,563671,20259,
migrate_demo,server,3,3908022,1476534,,563671,20259,
migrate_demo,server,3,3913290,1476534,,563671,20259,
migrate_demo,server,3,3918512,1476534,,563671,20259,
migrate_demo,server,3,3923875,1476552,,567197,20259,
migrate_demo,server,3,3929064,1476552,,567197,20259,
migrate_demo,server,3,3934367,1476552,,567197,20259,
migrate_demo,server,3,3939608,1476552,,567197,20259,
migrate_demo,server,3,3944841,1476552,,567197,20259,
migrate_demo,server,3,3950164,1476573,,570112,20259,
migrate_demo,server,3,3955367,1476573,,570112,20259,
migrate_demo,server,3,3960567,1476573,,570112,20259,
migrate_demo,server,3,3965787,1476573,,570112,20259,
migrate_demo,server,3,3971051,1476573,,570112,20259,
migrate_demo,server,3,3976282,1476598,,572796,20259,
migrate_demo,server,3,3981498,1476598,,572796,20259,
migrate_demo,server,3,3986737,1476598,,572796,20259,
migrate_demo,server,3,3991982,1476598,,572796,20259,
migrate_demo,server,3,3997240,1476598,,572796,20259,
migrate_demo,server,3,4002488,1476626,,575195,20259,
migrate_demo,server,3,4007693,1476626,,575195,20259,
migrate_demo,server,3,4012872,1476626,,575195,20259,
migrate_demo,server,3,4018061,1476626,,575195,20259,
migrate_demo,server,3,4023266,1476626,,575195,20259,
migrate_demo,server,3,4028497,1476657,,577172,20259,
migrate_demo,server,3,4033700,1476657,,577172,20259,
migrate_demo,server,3,4038913,1476657,,577172,20259,
migrate_demo,server,3,4044161,1476657,,577172,20259,
migrate_demo,server,3,4049438,1476657,,577172,20259,
migrate_demo,server,3,4054743,1476691,,578833,20259,
migrate_demo,server,3,4059984,1476691,,578833,20259,
migrate_demo,server,3,4065232,1476691,,578833,20259,
migrate_demo,server,3,4070445,1476691,,578833,20259,
migrate_demo,server,3,4075638,1476691,,578833,20259,
migrate_demo,server,3,4080843,1476727,,580158,20259,
migrate_demo,server,3,4086071,1476727,,580158,20259,
migrate_demo,server,3,4091329,1476727,,580158,20259,
migrate_demo,server,3,4096550,1476727,,580158,20259,
migrate_demo,server,3,4101810,1476727,,580158,20259,
migrate_demo,server,3,4107091,1476766,,581360,20259,
migrate_demo,server,3,4112295,1476766,,581360,20259,
migrate_demo,server,3,4117495,1476766,,581360,20259,
migrate_demo,server,3,4122719,1476766,,581360,20259,
migrate_demo,server,3,4127917,1476766,,581360,20259,
migrate_demo,server,3,4133141,1476808,,582374,20259,
migrate_demo,server,3,4138353,1476808,,582374,20259,
migrate_demo,server,3,4143557,1476808,,582374,20259,
migrate_demo,server,3,4148771,1476808,,582374,20259,
migrate_demo,server,3,4153988,1476808,,582374,20259,
migrate_demo,server,3,4159178,1476853,,583332,20259,
migrate_demo,server,3,4164493,1476853,,583332,20259,
migrate_demo,server,3,4169714,1476853,,583332,20259,
migrate_demo,server,3,4174939,1476853,,583332,20259,
migrate_demo,server,3,4180215,1476853,,583332,20259,
migrate_demo,server,3,4185468,1476901,,584202,20259,
migrate_demo,server,3,4190694,1476901,,584202,20259,
migrate_demo,server,3,4195974,1476901,,584202,20259,
migrate_demo,server,3,4201213,1476901,,584202,20259,
migrate_demo,server,3,4206444,1476901,,584202,20259,
migrate_demo,server,3,4211738,1476951,,584876,20259,
migrate_demo,server,3,4216957,1476951,,584876,20259,
migrate_demo,server,3,4222184,1476951,,584876,20259,
migrate_demo,server,3,4227425,1476951,,584876,20259,
migrate_demo,server,3,4232660,1476951,,584876,20259,
migrate_demo,server,3,4237865,1476951,,584876,20259,
migrate_demo,server,3,4243093,1477004,,585503,20259,
migrate_demo,server,3,4248356,1477004,,585503,20259,
migrate_demo,server,3,4253613,1477004,,585503,20259,
migrate_demo,server,3,4258821,1477004,,585503,20259,
migrate_demo,server,3,4264090,1477004,,585503,20259,
migrate_demo,server,3,4269349,1477060,,586104,20259,
migrate_demo,server,3,4274617,1477060,,586104,20259,
migrate_demo,server,3,4279818,1477060,,586104,20259,
migrate_demo,server,3,4285081,1477060,,586104,20259,
migrate_demo,server,3,4290361,1477060,,586104,20259,
migrate_demo,server,3,4295579,1477118,,586529,20259,
migrate_demo,server,3,4300814,1477118,,586529,20259,
migrate_demo,server,3,4306057,1477118,,586529,20259,
migrate_demo,server,3,4311297,1477118,,586529,20259,
migrate_demo,server,3,4316540,1477118,,586529,20259,
migrate_demo,server,3,4321748,1477179,,586877,20259,
migrate_demo,server,3,4326994,1477179,,586877,20259,
migrate_demo,server,3,4332235,1477179,,586877,20259,
migrate_demo,server,3,4337430,1477179,,586877,20259,
migrate_demo,server,3,4342672,1477179,,586877,20259,
migrate_demo,server,3,4347872,1477242,,586252,20259,
migrate_demo,server,3,4353081,1477242,,586252,20259,
migrate_demo,server,3,4358326,1477242,,586252,20259,
migrate_demo,server,3,4363541,1477242,,586252,20259,
migrate_demo,server,3,4368751,1477242,,586252,20259,
migrate_demo,server,3,4374061,1477308,,585645,20259,
migrate_demo,server,3,4379266,1477308,,585645,20259,
migrate_demo,server,3,4384469,1477308,,585645,20259,
migrate_demo,server,3,4389677,1477308,,585645,20259,
migrate_demo,server,3,4394891,1477308,,585645,20259,
migrate_demo,server,3,4400107,1477376,,585069,20259,
migrate_demo,server,3,4405332,1477376,,585069,20259,
migrate_demo,server,3,4410647,1477376,,585069,20259,
migrate_demo,server,3,4415862,1477376,,585069,20259,
migrate_demo,server,3,4421069,1477376,,585069,20259,
migrate_demo,server,3,4426294,1477447,,584565,20259,
migrate_demo,server,3,4431507,1477447,,584565,20259,
migrate_demo,server,3,4436691,1477447,,584565,20259,
migrate_demo,server,3,4441927,1477447,,584565,20259,
migrate_demo,server,3,4447188,1477447,,584565,20259,
migrate_demo,server,3,4452393,1477520,,584141,20259,
migrate_demo,server,3,4457593,1477520,,584141,20259,
migrate_demo,server,3,4462830,1477520,,584141,20259,
migrate_demo,server,3,4468063,1477520,,584141,20259,
migrate_demo,server,3,4473345,1477520,,584141,20259,
migrate_demo,server,3,4478570,1477595,,583773,20259,
migrate_demo,server,3,4483802,1477595,,583773,20259,
migrate_demo,server,3,4488998,1477595,,583773,20259,
migrate_demo,server,3,4494263,1477595,,583773,20259,
migrate_demo,server,3,4499502,1477595,,583773,20259,
migrate_demo,server,3,4504704,1477673,,583511,20259,
migrate_demo,server,3,4509906,1477673,,583511,20259,
migrate_demo,server,3,4515093,1477673,,583511,20259,
migrate_demo,server,3,4520335,1477673,,583511,20259,
migrate_demo,server,3,4525594,1477673,,583511,20259,
migrate_demo,server,3,4530895,1477753,,583218,20259,
migrate_demo,server,3,4536141,1477753,,583218,20259,
migrate_demo,server,3,4541403,1477753,,583218,20259,
migrate_demo,server,3,4546723,1477753,,583218,20259,
migrate_demo,server,3,4551940,1477753,,583218,20259,
migrate_demo,server,3,4557302,1477836,,582956,20259,
migrate_demo,server,3,4562527,1477836,,582956,20259,
migrate_demo,server,3,4567818,1477836,,582956,20259,
migrate_demo,server,3,4573032,1477836,,582956,20259,
migrate_demo,server,3,4578270,1477836,,582956,20259,
migrate_demo,server,3,4583591,1478006,,582636,20259,
migrate_demo,server,3,4588835,1478006,,582636,20259,
migrate_demo,server,3,4594064,1478006,,582636,20259,
migrate_demo,server,3,4599336,1478006,,582636,20259,
migrate_demo,server,3,4604614,1478006,,582636,20259,
migrate_demo,server,3,4609954,1478093,,582613,20259,
migrate_demo,server,3,4615198,1478093,,582613,20259,
migrate_demo,server,3,4620409,1478181,,582853,20259,
migrate_demo,server,3,4625596,1478181,,582853,20259,
migrate_demo,server,3,4630805,1478181,,582853,20259,
migrate_demo,server,3,4636003,1478181,,582853,20259,
migrate_demo,server,3,4641215,1478181,,582853,20259,
migrate_demo,server,3,4646423,1478271,,583032,20259,
migrate_demo,server,3,4651678,1478271,,583032,20259,
migrate_demo,server,3,4656841,1478271,,583032,20259,
migrate_demo,server,3,4662042,1478271,,583032,20259,
migrate_demo,server,3,4667237,1478271,,583032,20259,
migrate_demo,server,3,4672520,1478363,,583118,20259,
migrate_demo,server,3,4677708,1478363,,583118,20259,
migrate_demo,server,3,4682918,1478363,,583118,20259,
migrate_demo,server,3,4688105,1478363,,583118,20259,
migrate_demo,server,3,4693338,1478363,,583118,20259,
migrate_demo,server,3,4698648,1478457,,583202,20259,
migrate_demo,server,3,4703877,1478457,,583202,20259,
migrate_demo,server,3,4709102,1478457,,583202,20259,
migrate_demo,server,3,4714294,1478457,,583202,20259,
migrate_demo,server,3,4719485,1478457,,583202,20259,
migrate_demo,server,3,4724737,1478554,,583379,20259,
migrate_demo,server,3,4729962,1478554,,583379,20259,
migrate_demo,server,3,4735152,1478554,,583379,20259,
migrate_demo,server,3,4740421,1478554,,583379,20259,
migrate_demo,server,3,4745671,1478554,,583379,20259,
migrate_demo,server,3,4750976,1478653,,583380,20259,
migrate_demo,server,3,4756199,1478653,,583380,20259,
migrate_demo,server,3,4761397,1478653,,583380,20259,
migrate_demo,server,3,4766612,1478653,,583380,20259,
migrate_demo,server,3,4771848,1478653,,583380,20259,
migrate_demo,server,3,4777263,1478754,,583440,20259,
migrate_demo,server,3,4782483,1478754,,583440,20259,
migrate_demo,server,3,4787760,1478754,,583440,20259,
migrate_demo,server,3,4793065,1478754,,583440,20259,
migrate_demo,server,3,4798264,1478754,,583440,20259,
migrate_demo,server,3,4803468,1478857,,583339,20259,
migrate_demo,server,3,4808717,1478857,,583339,20259,
migrate_demo,server,3,4813933,1478857,,583339,20259,
migrate_demo,server,3,4819165,1478857,,583339,20259,
migrate_demo,server,3,4824449,1478857,,583339,20259,
migrate_demo,server,3,4829664,1478963,,583325,20259,
migrate_demo,server,3,4834922,1478963,,583325,20259,
migrate_demo,server,3,4840175,1478963,,583325,20259,
migrate_demo,server,3,4845412,1478963,,583325,20259,
migrate_demo,server,3,4850701,1478963,,583325,20259,
migrate_demo,server,3,4855971,1479071,,583271,20259,
migrate_demo,server,3,4861206,1479071,,583271,20259,
migrate_demo,server,3,4866436,1479071,,583271,20259,
migrate_demo,server,3,4871662,1479071,,583271,20259,
migrate_demo,server,3,4876929,1479071,,583271,20259,
migrate_demo,server,3,4882147,1479181,,583273,20259,
migrate_demo,server,3,4887361,1479181,,583273,20259,
migrate_demo,server,3,4892592,1479181,,583273,20259,
migrate_demo,server,3,4897881,1479181,,583273,20259,
migrate_demo,server,3,4903107,1479181,,583273,20259,
migrate_demo,server,3,4908478,1479293,,583331,20259,
migrate_demo,server,3,4913717,1479293,,583331,20259,
migrate_demo,server,3,4918944,1479293,,583331,20259,
migrate_demo,server,3,4924165,1479293,,583331,20259,
migrate_demo,server,3,4929430,1479293,,583331,20259,
migrate_demo,server,3,4934628,1479407,,583304,20259,
migrate_demo,server,3,4939864,1479407,,583304,20259,
migrate_demo,server,3,4945148,1479407,,583304,20259,
migrate_demo,server,3,4950368,1479407,,583304,20259,
migrate_demo,server,3,4955605,1479407,,583304,20259,
migrate_demo,server,3,4960905,1479523,,583333,20259,
migrate_demo,server,3,4966154,1479523,,583333,20259,
migrate_demo,server,3,4971354,1479523,,583333,20259,
migrate_demo,server,3,4976577,1479523,,583333,20259,
migrate_demo,server,3,4981806,1479523,,583333,20259,
migrate_demo,server,3,4987094,1479523,,583333,20259,
migrate_demo,server,3,4992508,1479641,,583426,20259,
migrate_demo,server,3,4997744,1479641,,583426,20259,
migrate_demo,server,3,5002947,1479641,,583426,20259,
migrate_demo,server,3,5008155,1479641,,583426,20259,
migrate_demo,server,3,5013373,1479641,,583426,20259,
migrate_demo,server,3,5018649,1479761,,583573,20259,
migrate_demo,server,3,5023917,1479761,,583573,20259,
migrate_demo,server,3,5029182,1479761,,583573,20259,
migrate_demo,server,3,5034446,1479761,,583573,20259,
migrate_demo,server,3,5039709,1479761,,583573,20259,
migrate_demo,server,3,5045084,1479883,,583630,20259,
migrate_demo,server,3,5050310,1479883,,583630,20259,
migrate_demo,server,3,5055537,1479883,,583630,20259,
migrate_demo,server,3,5060738,1479883,,583630,20259,
migrate_demo,server,3,5065942,1479883,,583630,20259,
migrate_demo,server,3,5071146,1480007,,583563,20259,
migrate_demo,server,3,5076420,1480007,,583563,20259,
migrate_demo,server,3,5081628,1480007,,583563,20259,
migrate_demo,server,3,5086953,1480007,,583563,20259,
migrate_demo,server,3,5092232,1480007,,583563,20259,
migrate_demo,server,3,5097534,1480133,,583654,20259,
migrate_demo,server,3,5102767,1480133,,583654,20259,
migrate_demo,server,3,5107968,1480133,,583654,20259,
migrate_demo,server,3,5113255,1480133,,583654,20259,
migrate_demo,server,3,5118563,1480133,,583654,20259,
migrate_demo,server,3,5123833,1480261,,583653,20259,
migrate_demo,server,3,5129061,1480261,,583653,20259,
migrate_demo,server,3,5134353,1480261,,583653,20259,
migrate_demo,server,3,5139648,1480261,,583653,20259,
migrate_demo,server,3,5144862,1480261,,583653,20259,
migrate_demo,server,3,5150117,1480391,,583628,20259,
migrate_demo,server,3,5155295,1480391,,583628,20259,
migrate_demo,server,3,5160500,1480391,,583628,20259,
migrate_demo,server,3,5165796,1480391,,583628,20259,
migrate_demo,server,3,5171059,1480391,,583628,20259,
migrate_demo,server,3,5176345,1480523,,583616,20259,
migrate_demo,server,3,5181611,1480523,,583616,20259,
migrate_demo,server,3,5186840,1480523,,583616,20259,
migrate_demo,server,3,5192059,1480523,,583616,20259,
migrate_demo,server,3,5197277,1480523,,583616,20259,
migrate_demo,server,3,5202503,1480657,,583637,20259,
migrate_demo,server,3,5207733,1480657,,583637,20259,
migrate_demo,server,3,5212978,1480657,,583637,20259,
migrate_demo,server,3,5218195,1480657,,583637,20259,
migrate_demo,server,3,5223446,1480657,,583637,20259,
migrate_demo,server,3,5228702,1480793,,583448,20259,
migrate_demo,server,3,5233967,1480793,,583448,20259,
migrate_demo,server,3,5239161,1480793,,583448,20259,
migrate_demo,server,3,5244374,1480793,,583448,20259,
migrate_demo,server,3,5249775,1480793,,583448,20259,
migrate_demo,server,3,5255009,1480931,,583174,20259,
migrate_demo,server,3,5260254,1480931,,583174,20259,
migrate_demo,server,3,5265560,1480931,,583174,20259,
migrate_demo,server,3,5270839,1480931,,583174,20259,
migrate_demo,server,3,5276060,1480931,,583174,20259,
migrate_demo,server,3,5281300,1481070,,583096,20259,
migrate_demo,server,3,5286558,1481070,,583096,20259,
migrate_demo,server,3,5291838,1481070,,583096,20259,
migrate_demo,server,3,5297075,1481070,,583096,20259,
migrate_demo,server,3,5302313,1481070,,583096,20259,
migrate_demo,server,3,5307568,1481211,,582981,20259,
migrate_demo,server,3,5312791,1481211,,582981,20259,
migrate_demo,server,3,5318007,1481211,,582981,20259,
migrate_demo,server,3,5323214,1481211,,582981,20259,
migrate_demo,server,3,5328447,1481211,,582981,20259,
migrate_demo,server,3,5333736,1481354,,582931,20259,
migrate_demo,server,3,5338931,1481354,,582931,20259,
migrate_demo,server,3,5344127,1481354,,582931,20259,
migrate_demo,server,3,5349324,1481354,,582931,20259,
migrate_demo,server,3,5354577,1481354,,582931,20259,
migrate_demo,server,3,5359789,1481499,,582716,20259,
migrate_demo,server,3,5365034,1481499,,582716,20259,
migrate_demo,server,3,5370301,1481499,,582716,20259,
migrate_demo,server,3,5375496,1481499,,582716,20259,
migrate_demo,server,3,5380701,1481499,,582716,20259,
migrate_demo,server,3,5385906,1481646,,582538,20259,
migrate_demo,server,3,5391120,1481646,,582538,20259,
migrate_demo,server,3,5396330,1481646,,582538,20259,
migrate_demo,server,3,5401559,1481646,,582538,20259,
migrate_demo,server,3,5406864,1481646,,582538,20259,
migrate_demo,server,3,5412081,1481794,,582509,20259,
migrate_demo,server,3,5417332,1481794,,582509,20259,
migrate_demo,server,3,5422591,1481794,,582509,20259,
migrate_demo,server,3,5427802,1481794,,582509,20259,
migrate_demo,server,3,5433093,1481794,,582509,20259,
migrate_demo,server,3,5438372,1481944,,582479,20259,
migrate_demo,server,3,5443552,1481944,,582479,20259,
migrate_demo,server,3,5448759,1481944,,582479,20259,
migrate_demo,server,3,5453956,1481944,,582479,20259,
migrate_demo,server,3,5459212,1481944,,582479,20259,
migrate_demo,server,3,5464452,1482096,,582428,20259,
migrate_demo,server,3,5469711,1482096,,582428,20259,
migrate_demo,server,3,5475009,1482096,,582428,20259,
migrate_demo,server,3,5480253,1482096,,582428,20259,
migrate_demo,server,3,5485549,1482096,,582428,20259,
migrate_demo,server,3,5490923,1482250,,582405,20259,
migrate_demo,server,3,5496260,1482250,,582405,20259,
migrate_demo,server,3,5501699,1482404,,582631,20259,
migrate_demo,server,3,5506969,1482404,,582631,20259,
migrate_demo,server,3,5512271,1482404,,582631,20259,
migrate_demo,server,3,5517522,1482404,,582631,20259,
migrate_demo,server,3,5522768,1482404,,582631,20259,
migrate_demo,server,3,5528033,12200,,333000,4294967295,
migrate_demo,server,3,5533326,12200,,333000,4294967295,
migrate_demo,server,3,5538677,12200,,333000,4294967295,
migrate_demo,server,3,5543987,12200,,333000,4294967295,
migrate_demo,server,3,5549350,12200,,333000,4294967295,
migrate_demo,server,3,5554710,12200,,333000,4294967295,
migrate_demo,server,3,5560008,12200,,333000,4294967295,
migrate_demo,server,3,5567257,8540,,333000,4294967295,
migrate_demo,server,3,5572528,8540,,333000,4294967295,
migrate_demo,server,3,5577793,8540,,333000,4294967295,
migrate_demo,server,3,5583090,8540,,333000,4294967295,
migrate_demo,server,3,5588334,8540,,333000,4294967295,
migrate_demo,server,3,5593612,8540,,333000,4294967295,
migrate_demo,server,3,5598836,8540,,333000,4294967295,
migrate_demo,server,3,5604093,8540,,333000,4294967295,
migrate_demo,server,3,5609399,8540,,333000,4294967295,
migrate_demo,server,3,5614587,8540,,333000,4294967295,
migrate_demo,server,3,5619785,8540,,333000,4294967295,
migrate_demo,server,3,5625033,8540,,333000,4294967295,
migrate_demo,server,3,5630276,8540,,333000,4294967295,
migrate_demo,server,3,5635540,8540,,333000,4294967295,
migrate_demo,server,3,5640802,8540,,333000,4294967295,
migrate_demo,server,3,5646080,8540,,333000,4294967295,
migrate_demo,server,3,5651357,8540,,333000,4294967295,
migrate_demo,server,3,5656640,8540,,333000,4294967295,
migrate_demo,server,3,5661859,8540,,333000,4294967295,
migrate_demo,server,3,5667082,8540,,333000,4294967295,
migrate_demo,server,3,5672368,8540,,333000,4294967295,
migrate_demo,server,3,5677638,8540,,333000,4294967295,
migrate_demo,server,3,5682893,8540,,333000,4294967295,
migrate_demo,server,3,5688151,8540,,333000,4294967295,
migrate_demo,server,3,5693464,8540,,333000,4294967295,
migrate_demo,server,3,5698707,8540,,333000,4294967295,
migrate_demo,server,3,5704017,5978,,333000,4294967295,
migrate_demo,server,3,5709261,5978,,333000,4294967295,
migrate_demo,server,3,5714505,5978,,333000,4294967295,
migrate_demo,server,3,5719754,5978,,333000,4294967295,
migrate_demo,server,3,5724978,5978,,333000,4294967295,
migrate_demo,server,3,5730256,5978,,333000,4294967295,
migrate_demo,server,3,5735503,5978,,333000,4294967295,
migrate_demo,server,3,5740741,5978,,333000,4294967295,
migrate_demo,server,3,5746011,5978,,333000,4294967295,
migrate_demo,server,3,5751219,5978,,333000,4294967295,
migrate_demo,server,3,5756460,5978,,333000,4294967295,
migrate_demo,server,3,5761718,5978,,333000,4294967295,
migrate_demo,server,3,5767001,5978,,333000,4294967295,
migrate_demo,server,3,5772268,4184,,333000,4294967295,
migrate_demo,server,3,5777567,4184,,333000,4294967295,
migrate_demo,server,3,5782873,4184,,333000,4294967295,
migrate_demo,server,3,5788187,4184,,333000,4294967295,
migrate_demo,server,3,5793416,4184,,333000,4294967295,
migrate_demo,server,3,5798695,4184,,333000,4294967295,
migrate_demo,server,3,5803923,4184,,333000,4294967295,
migrate_demo,server,3,5809206,4184,,333000,4294967295,
migrate_demo,server,3,5814451,4184,,333000,4294967295,
migrate_demo,server,3,5819785,4184,,333000,4294967295,
migrate_demo,server,3,5825109,4184,,333000,4294967295,
migrate_demo,server,3,5830435,4184,,333000,4294967295,
migrate_demo,server,3,5835710,4184,,333000,4294967295,
migrate_demo,server,3,5840996,2928,,333000,4294967295,
migrate_demo,server,3,5846260,2928,,333000,4294967295,
migrate_demo,server,3,5851527,2928,,333000,4294967295,
migrate_demo,server,3,5856839,2928,,333000,4294967295,
migrate_demo,server,3,5862114,2928,,333000,4294967295,
migrate_demo,server,3,5867442,2928,,333000,4294967295,
migrate_demo,server,3,5872741,2928,,333000,4294967295,
migrate_demo,server,3,5877999,2928,,333000,4294967295,
migrate_demo,server,3,5883301,2928,,333000,4294967295,
migrate_demo,server,3,5888605,2928,,333000,4294967295,
migrate_demo,server,3,5893906,2928,,333000,4294967295,
migrate_demo,server,3,5899242,2928,,333000,4294967295,
migrate_demo,server,3,5904532,2928,,333000,4294967295,
migrate_demo,server,3,5909824,2928,,333000,4294967295,
migrate_demo,server,3,5915150,2928,,333000,4294967295,
migrate_demo,server,3,5920408,2928,,333000,4294967295,
migrate_demo,server,3,5925689,2928,,333000,4294967295,
migrate_demo,server,3,5930974,2928,,333000,4294967295,
migrate_demo,server,3,5936273,2928,,333000,4294967295,
migrate_demo,server,3,5941611,2928,,333000,4294967295,
migrate_demo,server,3,5946913,2928,,333000,4294967295,
migrate_demo,server,3,5952187,2928,,333000,4294967295,
migrate_demo,server,3,5957499,2928,,333000,4294967295,
migrate_demo,server,3,5962779,2928,,333000,4294967295,
migrate_demo,server,3,5968073,2928,,333000,4294967295,
migrate_demo,server,3,5973329,2440,,333000,4294967295,
migrate_demo,server,3,5978600,2440,,333000,4294967295,
migrate_demo,server,3,5983873,2440,,333000,4294967295,
migrate_demo,server,3,5989176,2440,,333000,4294967295,
migrate_demo,server,3,5994487,2440,,333000,4294967295,
migrate_demo,server,3,5999730,2440,,333000,4294967295,
migrate_demo,server,3,6005003,2440,,333000,4294967295,
migrate_demo,server,3,6010277,2440,,333000,4294967295,
migrate_demo,server,3,6015580,2440,,333000,4294967295,
migrate_demo,server,3,6020744,2440,,333000,4294967295,
migrate_demo,server,3,6026035,2440,,333000,4294967295,
migrate_demo,server,3,6031314,2440,,333000,4294967295,
migrate_demo,server,3,6036553,2440,,333000,4294967295,
migrate_demo,server,3,6041817,2440,,333000,4294967295,
migrate_demo,server,3,6047100,2440,,333000,4294967295,
migrate_demo,server,3,6052319,2440,,333000,4294967295,
migrate_demo,server,3,6057604,2440,,333000,4294967295,
migrate_demo,server,3,6062893,2440,,333000,4294967295,
migrate_demo,server,3,6068203,2440,,333000,4294967295,
migrate_demo,server,3,6073521,2440,,333000,4294967295,
migrate_demo,server,3,6078823,2440,,333000,4294967295,
migrate_demo,server,3,6084103,2440,,333000,4294967295,
migrate_demo,server,3,6089382,2440,,333000,4294967295,
migrate_demo,server,3,6094664,2440,,333000,4294967295,
migrate_demo,server,3,6099943,2440,,333000,4294967295,
migrate_demo,server,3,6105193,2440,,333000,4294967295,
migrate_demo,server,3,6110500,2440,,333000,4294967295,
migrate_demo,server,3,6115777,2440,,333000,4294967295,
migrate_demo,server,3,6121011,2440,,333000,4294967295,
migrate_demo,server,3,6126317,2440,,333000,4294967295,
migrate_demo,server,3,6131609,2440,,333000,4294967295,
migrate_demo,server,3,6136868,2440,,333000,4294967295,
migrate_demo,server,3,6142153,2440,,333000,4294967295,
migrate_demo,server,3,6147410,2440,,333000,4294967295,
migrate_demo,server,3,6152700,2440,,333000,4294967295,
migrate_demo,server,3,6158018,2440,,333000,4294967295,
migrate_demo,server,3,6163302,2440,,333000,4294967295,
migrate_demo,server,3,6168593,2440,,333000,4294967295,
migrate_demo,server,3,6173930,2440,,333000,4294967295,
migrate_demo,server,3,6179247,2440,,333000,4294967295,
migrate_demo,server,3,6184559,2440,,333000,4294967295,
migrate_demo,server,3,6189869,2440,,333000,4294967295,
migrate_demo,server,3,6195162,2440,,333000,4294967295,
migrate_demo,server,3,6200491,2440,,333000,4294967295,
migrate_demo,server,3,6205799,2440,,333000,4294967295,
migrate_demo,server,3,6211050,2440,,333000,4294967295,
migrate_demo,server,3,6216345,2440,,333000,4294967295,
migrate_demo,server,3,6221647,2440,,333000,4294967295,
migrate_demo,server,3,6226943,2440,,333000,4294967295,
migrate_demo,server,3,6232233,2440,,333000,4294967295,
migrate_demo,server,3,6237467,2440,,333000,4294967295,
migrate_demo,server,3,6242747,2440,,333000,4294967295,
migrate_demo,server,3,6248010,2440,,333000,4294967295,
migrate_demo,server,3,6253315,2440,,333000,4294967295,
migrate_demo,server,3,6258608,2440,,333000,4294967295,
migrate_demo,server,3,6263913,2440,,333000,4294967295,
migrate_demo,server,3,6269203,2440,,333000,4294967295,
migrate_demo,server,3,6274449,2440,,333000,4294967295,
migrate_demo,server,3,6279785,2440,,333000,4294967295,
migrate_demo,server,3,6285102,2440,,333000,4294967295,
migrate_demo,server,3,6290462,2440,,333000,4294967295,
migrate_demo,server,3,6295786,2440,,333000,4294967295,
migrate_demo,server,3,6301092,2440,,333000,4294967295,
migrate_demo,server,3,6306370,2440,,333000,4294967295,
migrate_demo,server,3,6311938,2440,,333000,4294967295,
migrate_demo,server,3,6317266,2440,,333000,4294967295,
migrate_demo,server,3,6322535,2440,,333000,4294967295,
migrate_demo,server,3,6327821,2440,,333000,4294967295,
migrate_demo,server,3,6333102,2440,,333000,4294967295,
migrate_demo,server,3,6338441,2440,,333000,4294967295,
migrate_demo,server,3,6343713,2440,,333000,4294967295,
migrate_demo,server,3,6348969,2440,,333000,4294967295,
migrate_demo,server,3,6354269,2440,,333000,4294967295,
migrate_demo,server,3,6359567,2440,,333000,4294967295,
migrate_demo,server,3,6364856,2440,,333000,4294967295,
migrate_demo,server,3,6370265,2440,,333000,4294967295,
migrate_demo,server,3,6375580,2440,,333000,4294967295,
migrate_demo,server,3,6380914,2440,,333000,4294967295,
migrate_demo,server,3,6386234,2440,,333000,4294967295,
migrate_demo,server,3,6391512,2440,,333000,4294967295,
migrate_demo,server,3,6396727,2440,,333000,4294967295,
migrate_demo,server,3,6401997,2440,,333000,4294967295,
migrate_demo,server,3,6407273,2440,,333000,4294967295,
migrate_demo,server,3,6412571,2440,,333000,4294967295,
migrate_demo,server,3,6417848,2440,,333000,4294967295,
migrate_demo,server,3,6423094,2440,,333000,4294967295,
migrate_demo,server,3,6428345,2440,,333000,4294967295,
migrate_demo,server,3,6433682,2440,,333000,4294967295,
migrate_demo,server,3,6438933,2440,,333000,4294967295,
migrate_demo,server,3,6444181,2440,,333000,4294967295,
migrate_demo,server,3,6449421,2440,,333000,4294967295,
migrate_demo,server,3,6454702,2440,,333000,4294967295,
migrate_demo,server,3,6460028,2440,,333000,4294967295,
migrate_demo,server,3,6465333,2440,,333000,4294967295,
migrate_demo,server,3,6470633,2440,,333000,4294967295,
migrate_demo,server,3,6475915,2440,,333000,4294967295,
migrate_demo,server,3,6481185,2440,,333000,4294967295,
migrate_demo,server,3,6486455,2440,,333000,4294967295,
migrate_demo,server,3,6491735,2440,,333000,4294967295,
migrate_demo,server,3,6497048,2440,,333000,4294967295,
migrate_demo,server,3,6502358,2440,,333000,4294967295,
migrate_demo,server,3,6507636,2440,,333000,4294967295,
migrate_demo,server,3,6512948,2440,,333000,4294967295,
migrate_demo,server,3,6518227,2440,,333000,4294967295,
migrate_demo,server,3,6523568,2440,,333000,4294967295,
migrate_demo,server,3,6528924,2440,,333000,4294967295,
migrate_demo,server,3,6534272,2440,,333000,4294967295,
migrate_demo,server,3,6539545,2440,,333000,4294967295,
migrate_demo,server,3,6544821,2440,,333000,4294967295,
migrate_demo,server,3,6550087,2440,,333000,4294967295,
migrate_demo,server,3,6555413,2440,,333000,4294967295,
migrate_demo,server,3,6560696,2440,,333000,4294967295,
migrate_demo,server,3,6565978,2440,,333000,4294967295,
migrate_demo,server,3,6571292,2440,,333000,4294967295,
migrate_demo,server,3,6576552,2440,,333000,4294967295,
migrate_demo,server,3,6581857,2440,,333000,4294967295,
migrate_demo,server,3,6587144,2440,,333000,4294967295,
migrate_demo,server,3,6592493,2440,,333000,4294967295,
migrate_demo,server,3,6597754,2440,,333000,4294967295,
migrate_demo,server,3,6603056,2440,,333000,4294967295,
migrate_demo,server,3,6608347,2440,,333000,4294967295,
migrate_demo,server,3,6613543,2440,,333000,4294967295,
migrate_demo,server,3,6618788,2440,,333000,4294967295,
migrate_demo,server,3,6624036,2440,,333000,4294967295,
migrate_demo,server,3,6629326,2440,,333000,4294967295,
migrate_demo,server,3,6634592,2440,,333000,4294967295,
migrate_demo,server,3,6639822,2440,,333000,4294967295,
migrate_demo,server,3,6645094,2440,,333000,4294967295,
migrate_demo,server,3,6650373,2440,,333000,4294967295,
migrate_demo,server,3,6655656,2440,,333000,4294967295,
migrate_demo,server,3,6660910,2440,,333000,4294967295,
migrate_demo,server,3,6666199,2440,,333000,4294967295,
migrate_demo,server,3,6671514,2440,,333000,4294967295,
migrate_demo,server,3,6676835,2440,,333000,4294967295,
migrate_demo,server,3,6682102,2440,,333000,4294967295,
migrate_demo,server,3,6687392,2440,,333000,4294967295,
migrate_demo,server,3,6692678,2440,,333000,4294967295,
migrate_demo,server,3,6697932,2440,,333000,4294967295,
migrate_demo,server,3,6703212,2440,,333000,4294967295,
migrate_demo,server,3,6708553,2440,,333000,4294967295,
migrate_demo,server,3,6713868,2440,,333000,4294967295,
migrate_demo,server,3,6719183,2440,,333000,4294967295,
migrate_demo,server,3,6724518,2440,,333000,4294967295,
migrate_demo,server,3,6729851,2440,,333000,4294967295,
migrate_demo,server,3,6735172,2440,,333000,4294967295,
migrate_demo,server,3,6740440,2440,,333000,4294967295,
migrate_demo,server,3,6745722,2440,,333000,4294967295,
migrate_demo,server,3,6751037,2440,,333000,4294967295,
migrate_demo,server,3,6756319,2440,,333000,4294967295,
migrate_demo,server,3,6761604,2440,,333000,4294967295,
migrate_demo,server,3,6766901,2440,,333000,4294967295,
migrate_demo,server,3,6772242,2440,,333000,4294967295,
migrate_demo,server,3,6777525,2440,,333000,4294967295,
migrate_demo,server,3,6782833,2440,,333000,4294967295,
migrate_demo,server,3,6788165,2440,,333000,4294967295,
migrate_demo,server,3,6793452,2440,,333000,4294967295,
migrate_demo,server,3,6798747,2440,,333000,4294967295,
migrate_demo,server,3,6804028,2440,,333000,4294967295,
migrate_demo,server,3,6809293,2440,,333000,4294967295,
migrate_demo,server,3,6814494,2440,,333000,4294967295,
migrate_demo,server,3,6819746,2440,,333000,4294967295,
migrate_demo,server,3,6825018,2440,,333000,4294967295,
migrate_demo,server,3,6830262,2440,,333000,4294967295,
migrate_demo,server,3,6835522,2440,,333000,4294967295,
migrate_demo,server,3,6840779,2440,,333000,4294967295,
migrate_demo,server,3,6846037,2440,,333000,4294967295,
migrate_demo,server,3,6851293,2440,,333000,4294967295,
migrate_demo,server,3,6856602,2440,,333000,4294967295,
migrate_demo,server,3,6861876,2440,,333000,4294967295,
migrate_demo,server,3,6867172,2440,,333000,4294967295,
migrate_demo,server,3,6872525,2440,,333000,4294967295,
migrate_demo,server,3,6877778,2440,,333000,4294967295,
migrate_demo,server,3,6883093,2440,,333000,4294967295,
migrate_demo,server,3,6888335,2440,,333000,4294967295,
migrate_demo,server,3,6893635,2440,,333000,4294967295,
migrate_demo,server,3,6898934,2440,,333000,4294967295,
migrate_demo,server,3,6904274,2440,,333000,4294967295,
migrate_demo,server,3,6909619,2440,,333000,4294967295,
migrate_demo,server,3,6914892,2440,,333000,4294967295,
migrate_demo,server,3,6920161,2440,,333000,4294967295,
migrate_demo,server,3,6925472,2440,,333000,4294967295,
migrate_demo,server,3,6930735,2440,,333000,4294967295,
migrate_demo,server,3,6936010,2440,,333000,4294967295,
migrate_demo,server,3,6941333,2440,,333000,4294967295,
migrate_demo,server,3,6946678,2440,,333000,4294967295,
migrate_demo,server,3,6951953,2440,,333000,4294967295,
migrate_demo,server,3,6957221,2440,,333000,4294967295,
migrate_demo,server,3,6962543,2440,,333000,4294967295,
migrate_demo,server,3,6967868,2440,,333000,4294967295,
migrate_demo,server,3,6973156,2440,,333000,4294967295,
migrate_demo,server,3,6978489,2440,,333000,4294967295,
migrate_demo,server,3,6983796,2440,,333000,4294967295,
migrate_demo,server,3,6989084,2440,,333000,4294967295,
migrate_demo,server,3,6994405,2440,,333000,4294967295,
migrate_demo,server,3,6999699,2440,,333000,4294967295,
migrate_demo,server,3,7005000,2440,,333000,4294967295,
migrate_demo,server,3,7010304,2440,,333000,4294967295,
migrate_demo,server,3,7015611,2440,,333000,4294967295,
migrate_demo,server,3,7020909,2440,,333000,4294967295,
migrate_demo,server,3,7026208,2440,,333000,4294967295,
migrate_demo,server,3,7031492,2440,,333000,4294967295,
migrate_demo,server,3,7036726,2440,,333000,4294967295,
migrate_demo,server,3,7042018,2440,,333000,4294967295,
migrate_demo,server,3,7047288,2440,,333000,4294967295,
migrate_demo,server,3,7052548,2440,,333000,4294967295,
migrate_demo,server,3,7057820,2440,,333000,4294967295,
migrate_demo,server,3,7063115,2440,,333000,4294967295,
migrate_demo,server,3,7068530,2440,,333000,4294967295,
migrate_demo,server,3,7073889,2440,,333000,4294967295,
migrate_demo,server,3,7079148,2440,,333000,4294967295,
migrate_demo,server,3,7084345,2440,,333000,4294967295,
migrate_demo,server,3,7089596,2440,,333000,4294967295,
migrate_demo,server,3,7094855,2440,,333000,4294967295,
migrate_demo,server,3,7100113,2440,,333000,4294967295,
migrate_demo,server,3,7105374,2440,,333000,4294967295,
migrate_demo,server,3,7110649,2440,,333000,4294967295,
migrate_demo,server,3,7115948,2440,,333000,4294967295,
migrate_demo,server,3,7121257,2440,,333000,4294967295,
migrate_demo,server,3,7126507,2440,,333000,4294967295,
migrate_demo,server,3,7131759,2440,,333000,4294967295,
migrate_demo,server,3,7137073,2440,,333000,4294967295,
migrate_demo,server,3,7142356,2440,,333000,4294967295,
migrate_demo,server,3,7147707,2440,,333000,4294967295,
migrate_demo,server,3,7152994,2440,,333000,4294967295,
migrate_demo,server,3,7158292,2440,,333000,4294967295,
migrate_demo,server,3,7163585,2440,,333000,4294967295,
migrate_demo,server,3,7168907,2440,,333000,4294967295,
migrate_demo,server,3,7174268,2440,,333000,4294967295,
migrate_demo,server,3,7179611,2440,,333000,4294967295,
migrate_demo,server,3,7184974,2440,,333000,4294967295,
migrate_demo,server,3,7190380,2440,,333000,4294967295,
migrate_demo,server,3,7195740,2440,,333000,4294967295,
migrate_demo,server,3,7201156,2440,,333000,4294967295,
migrate_demo,server,3,7206559,2440,,333000,4294967295,
migrate_demo,server,3,7211975,2440,,333000,4294967295,
migrate_demo,server,3,7217294,2440,,333000,4294967295,
migrate_demo,server,3,7222717,2440,,333000,4294967295,
migrate_demo,server,3,7228147,2440,,333000,4294967295,
migrate_demo,server,3,7233456,2440,,333000,4294967295,
migrate_demo,server,3,7238775,2440,,333000,4294967295,
migrate_demo,server,3,7244279,2440,,333000,4294967295,
migrate_demo,server,3,7249859,2440,,333000,4294967295,
migrate_demo,server,3,7255326,2440,,333000,4294967295,
migrate_demo,server,3,7260720,2440,,333000,4294967295,
migrate_demo,server,3,7265935,2440,,333000,4294967295,
migrate_demo,server,3,7271210,2440,,333000,4294967295,
migrate_demo,server,3,7276500,2440,,333000,4294967295,
migrate_demo,server,3,7281829,2440,,333000,4294967295,
migrate_demo,server,3,7287115,2440,,333000,4294967295,
migrate_demo,server,3,7292377,2440,,333000,4294967295,
migrate_demo,server,3,7297672,2440,,333000,4294967295,
migrate_demo,server,3,7302928,2440,,333000,4294967295,
migrate_demo,server,3,7308265,2440,,333000,4294967295,
migrate_demo,server,3,7313574,2440,,333000,4294967295,
migrate_demo,server,3,7318863,2440,,333000,4294967295,
migrate_demo,server,3,7324179,2440,,333000,4294967295,
migrate_demo,server,3,7329478,2440,,333000,4294967295,
migrate_demo,server,3,7334749,2440,,333000,4294967295,
migrate_demo,server,3,7340037,2440,,333000,4294967295,
migrate_demo,server,3,7345372,2440,,333000,4294967295,
migrate_demo,server,3,7350648,2440,,333000,4294967295,
migrate_demo,server,3,7355977,2440,,333000,4294967295,
migrate_demo,server,3,7361280,2440,,333000,4294967295,
migrate_demo,server,3,7366546,2440,,333000,4294967295,
migrate_demo,server,3,7371873,2440,,333000,4294967295,
migrate_demo,server,3,7377185,2440,,333000,4294967295,
migrate_demo,server,3,7382480,2440,,333000,4294967295,
migrate_demo,server,3,7387748,2440,,333000,4294967295,
migrate_demo,server,3,7393025,2440,,333000,4294967295,
migrate_demo,server,3,7398265,2440,,333000,4294967295,
migrate_demo,server,3,7403510,2440,,333000,4294967295,
migrate_demo,server,3,7408752,2440,,333000,4294967295,
migrate_demo,server,3,7414030,2440,,333000,4294967295,
migrate_demo,server,3,7419283,2440,,333000,4294967295,
migrate_demo,server,3,7424563,2440,,333000,4294967295,
migrate_demo,server,3,7429822,2440,,333000,4294967295,
migrate_demo,server,3,7435082,2440,,333000,4294967295,
migrate_demo,server,3,7440376,2440,,333000,4294967295,
migrate_demo,server,3,7445613,2440,,333000,4294967295,
migrate_demo,server,3,7450921,2440,,333000,4294967295,
migrate_demo,server,3,7456210,2440,,333000,4294967295,
migrate_demo,server,3,7461488,2440,,333000,4294967295,
migrate_demo,server,3,7466775,2440,,333000,4294967295,
migrate_demo,server,3,7472095,2440,,333000,4294967295,
migrate_demo,server,3,7477408,2440,,333000,4294967295,
migrate_demo,server,3,7482696,2440,,333000,4294967295,
migrate_demo,server,3,7487909,2440,,333000,4294967295,
migrate_demo,server,3,7493187,2440,,333000,4294967295,
migrate_demo,server,3,7498420,2440,,333000,4294967295,
migrate_demo,server,3,7503709,2440,,333000,4294967295,
migrate_demo,server,3,7508993,2440,,333000,4294967295,
migrate_demo,server,3,7514278,2440,,333000,4294967295,
migrate_demo,server,3,7519606,2440,,333000,4294967295,
migrate_demo,server,3,7524865,2440,,333000,4294967295,
migrate_demo,server,3,7530127,2440,,333000,4294967295,
migrate_demo,server,3,7535411,2440,,333000,4294967295,
migrate_demo,server,3,7540693,2440,,333000,4294967295,
migrate_demo,server,3,7545996,2440,,333000,4294967295,
migrate_demo,server,3,7551305,2440,,333000,4294967295,
migrate_demo,server,3,7556599,2440,,333000,4294967295,
migrate_demo,server,3,7561864,2440,,333000,4294967295,
migrate_demo,server,3,7567160,2440,,333000,4294967295,
migrate_demo,server,3,7572457,2440,,333000,4294967295,
migrate_demo,server,3,7577702,2440,,333000,4294967295,
migrate_demo,server,3,7583022,2440,,333000,4294967295,
migrate_demo,server,3,7588320,2440,,333000,4294967295,
migrate_demo,server,3,7593605,2440,,333000,4294967295,
migrate_demo,server,3,7598902,2440,,333000,4294967295,
migrate_demo,server,3,7604237,2440,,333000,4294967295,
migrate_demo,server,3,7609586,2440,,333000,4294967295,
migrate_demo,server,3,7614945,2440,,333000,4294967295,
migrate_demo,server,3,7620210,2440,,333000,4294967295,
migrate_demo,server,3,7625492,2440,,333000,4294967295,
migrate_demo,server,3,7630874,2440,,333000,4294967295,
migrate_demo,server,3,7636212,2440,,333000,4294967295,
migrate_demo,server,3,7641496,2440,,333000,4294967295,
migrate_demo,server,3,7646809,2440,,333000,4294967295,
migrate_demo,server,3,7652086,2440,,333000,4294967295,
migrate_demo,server,3,7657621,2440,,333000,4294967295,
migrate_demo,server,3,7662929,2440,,333000,4294967295,
migrate_demo,server,3,7668275,2440,,333000,4294967295,
migrate_demo,server,3,7673658,2440,,333000,4294967295,
migrate_demo,server,3,7678928,2440,,333000,4294967295,
migrate_demo,server,3,7684265,2440,,333000,4294967295,
migrate_demo,server,3,7689565,3660,,333000,4294967295,
migrate_demo,server,3,7694852,3660,,333000,4294967295,
migrate_demo,server,3,7700154,3660,,333000,4294967295,
migrate_demo,server,3,7705478,3660,,333000,4294967295,
migrate_demo,server,3,7710747,3660,,333000,4294967295,
migrate_demo,server,3,7716066,3660,,333000,4294967295,
migrate_demo,server,3,7721332,3660,,333000,4294967295,
migrate_demo,server,3,7726670,3660,,333000,4294967295,
migrate_demo,server,3,7732005,3660,,333000,4294967295,
migrate_demo,server,3,7737294,3660,,333000,4294967295,
migrate_demo,server,3,7742568,3660,,333000,4294967295,
migrate_demo,server,3,7747891,3660,,333000,4294967295,
migrate_demo,server,3,7753172,3660,,333000,4294967295,
migrate_demo,server,3,7758506,4880,,333000,4294967295,
migrate_demo,server,3,7763799,4880,,333000,4294967295,
migrate_demo,server,3,7769137,4880,,333000,4294967295,
migrate_demo,server,3,7774417,4880,,333000,4294967295,
migrate_demo,server,3,7779700,4880,,333000,4294967295,
migrate_demo,server,3,7785029,4880,,333000,4294967295,
migrate_demo,server,3,7790419,4880,,333000,4294967295,
migrate_demo,server,3,7795701,4880,,333000,4294967295,
migrate_demo,server,3,7800960,4880,,333000,4294967295,
migrate_demo,server,3,7806270,4880,,333000,4294967295,
migrate_demo,server,3,7811549,4880,,333000,4294967295,
migrate_demo,server,3,7816854,4880,,333000,4294967295,
migrate_demo,server,3,7822082,6100,,333000,4294967295,
migrate_demo,server,3,7827381,6100,,333000,4294967295,
migrate_demo,server,3,7832714,6100,,333000,4294967295,
migrate_demo,server,3,7838112,6100,,333000,4294967295,
migrate_demo,server,3,7843403,6100,,333000,4294967295,
migrate_demo,server,3,7848719,6100,,333000,4294967295,
migrate_demo,server,3,7854064,6100,,333000,4294967295,
migrate_demo,server,3,7859376,6100,,333000,4294967295,
migrate_demo,server,3,7864675,6100,,333000,4294967295,
migrate_demo,server,3,7869990,6100,,333000,4294967295,
migrate_demo,server,3,7875303,6100,,333000,4294967295,
migrate_demo,server,3,7880600,6100,,333000,4294967295,
migrate_demo,server,3,7885897,6100,,333000,4294967295,
migrate_demo,server,3,7891187,7320,,333000,4294967295,
migrate_demo,server,3,7896558,7320,,333000,4294967295,
migrate_demo,server,3,7901866,7320,,333000,4294967295,
migrate_demo,server,3,7907202,7320,,333000,4294967295,
migrate_demo,server,3,7912501,7320,,333000,4294967295,
migrate_demo,server,3,7917825,7320,,333000,4294967295,
migrate_demo,server,3,7923206,7320,,333000,4294967295,
migrate_demo,server,3,7928498,7320,,333000,4294967295,
migrate_demo,server,3,7933785,7320,,333000,4294967295,
migrate_demo,server,3,7939022,7320,,333000,4294967295,
migrate_demo,server,3,7944291,7320,,333000,4294967295,
migrate_demo,server,3,7949589,7320,,333000,4294967295,
migrate_demo,server,3,7954863,7320,,333000,4294967295,
migrate_demo,server,3,7960194,8540,,333000,4294967295,
migrate_demo,server,3,7965480,8540,,333000,4294967295,
migrate_demo,server,3,7970781,8540,,333000,4294967295,
migrate_demo,server,3,7976056,8540,,333000,4294967295,
migrate_demo,server,3,7981365,8540,,333000,4294967295,
migrate_demo,server,3,7986655,8540,,333000,4294967295,
migrate_demo,server,3,7991948,8540,,333000,4294967295,
migrate_demo,server,3,7997231,8540,,333000,4294967295,
migrate_demo,server,3,8002631,8540,,333000,4294967295,
migrate_demo,server,3,8008009,8540,,333000,4294967295,
migrate_demo,server,3,8013345,8540,,333000,4294967295,
migrate_demo,server,3,8018683,8540,,333000,4294967295,
migrate_demo,server,3,8023985,9760,,333000,4294967295,
migrate_demo,server,3,8029306,9760,,333000,4294967295,
migrate_demo,server,3,8034617,9760,,333000,4294967295,
migrate_demo,server,3,8039957,9760,,333000,4294967295,
migrate_demo,server,3,8045338,9760,,333000,4294967295,
migrate_demo,server,3,8050638,9760,,333000,4294967295,
migrate_demo,server,3,8055930,9760,,333000,4294967295,
migrate_demo,server,3,8061226,9760,,333000,4294967295,
migrate_demo,server,3,8066533,9760,,333000,4294967295,
migrate_demo,server,3,8071866,9760,,333000,4294967295,
migrate_demo,server,3,8077183,9760,,333000,4294967295,
migrate_demo,server,3,8082478,9760,,333000,4294967295,
migrate_demo,server,3,8087804,9760,,333000,4294967295,
migrate_demo,server,3,8093109,10980,,333000,4294967295,
migrate_demo,server,3,8098423,10980,,333000,4294967295,
migrate_demo,server,3,8103722,10980,,333000,4294967295,
migrate_demo,server,3,8109056,10980,,333000,4294967295,
migrate_demo,server,3,8114312,10980,,333000,4294967295,
migrate_demo,server,3,8119600,10980,,333000,4294967295,
migrate_demo,server,3,8124971,10980,,333000,4294967295,
migrate_demo,server,3,8130261,10980,,333000,4294967295,
migrate_demo,server,3,8135576,10980,,333000,4294967295,
migrate_demo,server,3,8140894,10980,,333000,4294967295,
migrate_demo,server,3,8146267,10980,,333000,4294967295,
migrate_demo,server,3,8151575,10980,,333000,4294967295,
migrate_demo,server,3,8156838,10980,,333000,4294967295,
migrate_demo,server,3,8162151,12200,,333000,4294967295,
migrate_demo,server,3,8167447,12200,,333000,4294967295,
migrate_demo,server,3,8172747,12200,,333000,4294967295,
migrate_demo,server,3,8178055,12200,,333000,4294967295,
migrate_demo,server,3,8183391,12200,,333000,4294967295,
migrate_demo,server,3,8188676,12200,,333000,4294967295,
migrate_demo,server,3,8193983,12200,,333000,4294967295,
migrate_demo,server,3,8199274,12200,,333000,4294967295,
migrate_demo,server,3,8204548,12200,,333000,4294967295,
migrate_demo,server,3,8209825,12200,,333000,4294967295,
migrate_demo,server,3,8215134,12200,,333000,4294967295,
migrate_demo,server,3,8220443,12200,,333000,4294967295,
migrate_demo,server,3,8225730,13420,,333000,4294967295,
migrate_demo,server,3,8231029,13420,,333000,4294967295,
migrate_demo,server,3,8236308,13420,,333000,4294967295,
migrate_demo,server,3,8241618,13420,,333000,4294967295,
migrate_demo,server,3,8246969,13420,,333000,4294967295,
migrate_demo,server,3,8252259,13420,,333000,4294967295,
migrate_demo,server,3,8257568,13420,,333000,4294967295,
migrate_demo,server,3,8262875,13420,,333000,4294967295,
migrate_demo,server,3,8268118,13420,,333000,4294967295,
migrate_demo,server,3,8273444,13420,,333000,4294967295,
migrate_demo,server,3,8278743,13420,,333000,4294967295,
migrate_demo,server,3,8284060,13420,,333000,4294967295,
migrate_demo,server,3,8289404,13420,,333000,4294967295,
migrate_demo,server,3,8294652,14640,,333000,4294967295,
migrate_demo,server,3,8299951,14640,,333000,4294967295,
migrate_demo,server,3,8305223,14640,,333000,4294967295,
migrate_demo,server,3,8310538,14640,,333000,4294967295,
migrate_demo,server,3,8315817,14640,,333000,4294967295,
migrate_demo,server,3,8321072,14640,,333000,4294967295,
migrate_demo,server,3,8326396,14640,,333000,4294967295,
migrate_demo,server,3,8331679,14640,,333000,4294967295,
migrate_demo,server,3,8336953,14640,,333000,4294967295,
migrate_demo,server,3,8342313,14640,,333000,4294967295,
migrate_demo,server,3,8347613,14640,,333000,4294967295,
migrate_demo,server,3,8352972,14640,,333000,4294967295,
migrate_demo,server,3,8358361,14640,,333000,4294967295,
migrate_demo,server,3,8363819,15860,,333000,4294967295,
migrate_demo,server,3,8369102,15860,,333000,4294967295,
migrate_demo,server,3,8374427,15860,,333000,4294967295,
migrate_demo,server,3,8379816,15860,,333000,4294967295,
migrate_demo,server,3,8385167,15860,,333000,4294967295,
migrate_demo,server,3,8390499,15860,,333000,4294967295,
migrate_demo,server,3,8395882,15860,,333000,4294967295,
migrate_demo,server,3,8401158,15860,,333000,4294967295,
migrate_demo,server,3,8406471,15860,,333000,4294967295,
migrate_demo,server,3,8411811,15860,,333000,4294967295,
migrate_demo,server,3,8417161,15860,,333000,4294967295,
migrate_demo,server,3,8422610,15860,,333000,4294967295,
migrate_demo,server,3,8427885,17080,,333000,4294967295,
migrate_demo,server,3,8433161,17080,,333000,4294967295,
migrate_demo,server,3,8438576,17080,,333000,4294967295,
migrate_demo,server,3,8443895,17080,,333000,4294967295,
migrate_demo,server,3,8449237,17080,,333000,4294967295,
migrate_demo,server,3,8454550,17080,,333000,4294967295,
migrate_demo,server,3,8459835,17080,,333000,4294967295,
migrate_demo,server,3,8465186,17080,,333000,4294967295,
migrate_demo,server,3,8470532,17080,,333000,4294967295,
migrate_demo,server,3,8475881,17080,,333000,4294967295,
migrate_demo,server,3,8481259,17080,,333000,4294967295,
migrate_demo,server,3,8486575,17080,,333000,4294967295,
migrate_demo,server,3,8491845,17080,,333000,4294967295,
migrate_demo,server,3,8497202,18300,,333000,4294967295,
migrate_demo,server,3,8502507,18300,,333000,4294967295,
migrate_demo,server,3,8507937,18300,,333000,4294967295,
migrate_demo,server,3,8513244,18300,,333000,4294967295,
migrate_demo,server,3,8518519,18300,,333000,4294967295,
migrate_demo,server,3,8523808,18300,,333000,4294967295,
migrate_demo,server,3,8529151,18300,,333000,4294967295,
migrate_demo,server,3,8534465,18300,,333000,4294967295,
migrate_demo,server,3,8539766,18300,,333000,4294967295,
migrate_demo,server,3,8545069,18300,,333000,4294967295,
migrate_demo,server,3,8550404,18300,,333000,4294967295,
migrate_demo,server,3,8555753,18300,,333000,4294967295,
migrate_demo,server,3,8561062,18300,,333000,4294967295,
migrate_demo,server,3,8566437,19520,,333000,4294967295,
migrate_demo,server,3,8571753,19520,,333000,4294967295,
migrate_demo,server,3,8577099,19520,,333000,4294967295,
migrate_demo,server,3,8582408,19520,,333000,4294967295,
migrate_demo,server,3,8587756,19520,,333000,4294967295,
migrate_demo,server,3,8593100,19520,,333000,4294967295,
migrate_demo,server,3,8598460,19520,,333000,4294967295,
migrate_demo,server,3,8603705,19520,,333000,4294967295,
migrate_demo,server,3,8608960,19520,,333000,4294967295,
migrate_demo,server,3,8614223,19520,,333000,4294967295,
migrate_demo,server,3,8619515,19520,,333000,4294967295,
migrate_demo,server,3,8624820,19520,,333000,4294967295,
migrate_demo,server,3,8630030,20740,,333000,4294967295,
migrate_demo,server,3,8635339,20740,,333000,4294967295,
migrate_demo,server,3,8640633,20740,,333000,4294967295,
migrate_demo,server,3,8645926,20740,,333000,4294967295,
migrate_demo,server,3,8651253,20740,,333000,4294967295,
migrate_demo,server,3,8656516,20740,,333000,4294967295,
migrate_demo,server,3,8661838,20740,,333000,4294967295,
migrate_demo,server,3,8667074,20740,,333000,4294967295,
migrate_demo,server,3,8672308,20740,,333000,4294967295,
migrate_demo,server,3,8677558,20740,,333000,4294967295,
migrate_demo,server,3,8682871,20740,,333000,4294967295,
migrate_demo,server,3,8688193,20740,,333000,4294967295,
migrate_demo,server,3,8693507,20740,,333000,4294967295,
migrate_demo,server,3,8698800,21960,,333000,4294967295,
migrate_demo,server,3,8704076,21960,,333000,4294967295,
migrate_demo,server,3,8709305,21960,,333000,4294967295,
migrate_demo,server,3,8714529,21960,,333000,4294967295,
migrate_demo,server,3,8719888,21960,,333000,4294967295,
migrate_demo,server,3,8725202,21960,,333000,4294967295,
migrate_demo,server,3,8730545,21960,,333000,4294967295,
migrate_demo,server,3,8735858,21960,,333000,4294967295,
migrate_demo,server,3,8741099,21960,,333000,4294967295,
migrate_demo,server,3,8746390,21960,,333000,4294967295,
migrate_demo,server,3,8751695,21960,,333000,4294967295,
migrate_demo,server,3,8757007,21960,,333000,4294967295,
migrate_demo,server,3,8762285,21960,,333000,4294967295,
migrate_demo,server,3,8767584,23180,,333000,4294967295,
migrate_demo,server,3,8772913,23180,,333000,4294967295,
migrate_demo,server,3,8778210,23180,,333000,4294967295,
migrate_demo,server,3,8783526,23180,,333000,4294967295,
migrate_demo,server,3,8788826,23180,,333000,4294967295,
migrate_demo,server,3,8794103,23180,,333000,4294967295,
migrate_demo,server,3,8799432,23180,,333000,4294967295,
migrate_demo,server,3,8804688,23180,,333000,4294967295,
migrate_demo,server,3,8809915,23180,,333000,4294967295,
migrate_demo,server,3,8815206,23180,,333000,4294967295,
migrate_demo,server,3,8820583,23180,,333000,4294967295,
migrate_demo,server,3,8825953,23180,,333000,4294967295,
migrate_demo,server,3,8831238,24400,,333000,4294967295,
migrate_demo,server,3,8836655,24400,,333000,4294967295,
migrate_demo,server,3,8842011,24400,,333000,4294967295,
migrate_demo,server,3,8847330,24400,,333000,4294967295,
migrate_demo,server,3,8852670,24400,,333000,4294967295,
migrate_demo,server,3,8857971,24400,,333000,4294967295,
migrate_demo,server,3,8863263,24400,,333000,4294967295,
migrate_demo,server,3,8868606,24400,,333000,4294967295,
migrate_demo,server,3,8873896,24400,,333000,4294967295,
migrate_demo,server,3,8879153,24400,,333000,4294967295,
migrate_demo,server,3,8884389,24400,,333000,4294967295,
migrate_demo,server,3,8889679,24400,,333000,4294967295,
migrate_demo,server,3,8894988,24400,,333000,4294967295,
migrate_demo,server,3,8900253,25620,,333000,4294967295,
migrate_demo,server,3,8905578,25620,,333000,4294967295,
migrate_demo,server,3,8910839,25620,,333000,4294967295,
migrate_demo,server,3,8916122,25620,,333000,4294967295,
migrate_demo,server,3,8921443,25620,,333000,4294967295,
migrate_demo,server,3,8926802,25620,,333000,4294967295,
migrate_demo,server,3,8932100,25620,,333000,4294967295,
migrate_demo,server,3,8937410,25620,,333000,4294967295,
migrate_demo,server,3,8942670,25620,,333000,4294967295,
migrate_demo,server,3,8947954,25620,,333000,4294967295,
migrate_demo,server,3,8953290,25620,,333000,4294967295,
migrate_demo,server,3,8958562,25620,,333000,4294967295,
migrate_demo,server,3,8963856,25620,,333000,4294967295,
migrate_demo,server,3,8969187,26840,,333000,4294967295,
migrate_demo,server,3,8974473,26840,,333000,4294967295,
migrate_demo,server,3,8979761,26840,,333000,4294967295,
migrate_demo,server,3,8985086,26840,,333000,4294967295,
migrate_demo,server,3,8990401,26840,,333000,4294967295,
migrate_demo,server,3,8995700,26840,,333000,4294967295,
migrate_demo,server,3,9000979,26840,,333000,4294967295,
migrate_demo,server,3,9006170,26840,,333000,4294967295,
migrate_demo,server,3,9011467,26840,,333000,4294967295,
migrate_demo,server,3,9016688,26840,,333000,4294967295,
migrate_demo,server,3,9022011,26840,,333000,4294967295,
migrate_demo,server,3,9027349,26840,,333000,4294967295,
migrate_demo,server,3,9032663,26840,,333000,4294967295,
migrate_demo,server,3,9037972,28060,,333000,4294967295,
migrate_demo,server,3,9043316,28060,,333000,4294967295,
migrate_demo,server,3,9048636,28060,,333000,4294967295,
migrate_demo,server,3,9053954,28060,,333000,4294967295,
migrate_demo,server,3,9059234,28060,,333000,4294967295,
migrate_demo,server,3,9064539,28060,,333000,4294967295,
migrate_demo,server,3,9069829,28060,,333000,4294967295,
migrate_demo,server,3,9075103,28060,,333000,4294967295,
migrate_demo,server,3,9080369,28060,,333000,4294967295,
migrate_demo,server,3,9085652,28060,,333000,4294967295,
migrate_demo,server,3,9090948,28060,,333000,4294967295,
migrate_demo,server,3,9096229,28060,,333000,4294967295,
migrate_demo,server,3,9101490,29280,,333000,4294967295,
migrate_demo,server,3,9106764,29280,,333000,4294967295,
migrate_demo,server,3,9112065,29280,,333000,4294967295,
migrate_demo,server,3,9117372,29280,,333000,4294967295,
migrate_demo,server,3,9122645,29280,,333000,4294967295,
migrate_demo,server,3,9127926,29280,,333000,4294967295,
migrate_demo,server,3,9133168,29280,,333000,4294967295,
migrate_demo,server,3,9138461,29280,,333000,4294967295,
migrate_demo,server,3,9143679,29280,,333000,4294967295,
migrate_demo,server,3,9148895,29280,,333000,4294967295,
migrate_demo,server,3,9154144,29280,,333000,4294967295,
migrate_demo,server,3,9159450,29280,,333000,4294967295,
migrate_demo,server,3,9164723,29280,,333000,4294967295,
migrate_demo,server,3,9169973,30500,,333000,4294967295,
migrate_demo,server,3,9175223,30500,,333000,4294967295,
migrate_demo,server,3,9180609,30500,,333000,4294967295,
migrate_demo,server,3,9185957,30500,,333000,4294967295,
migrate_demo,server,3,9191284,30500,,333000,4294967295,
migrate_demo,server,3,9196633,30500,,333000,4294967295,
migrate_demo,server,3,9201954,30500,,333000,4294967295,
migrate_demo,server,3,9207269,30500,,333000,4294967295,
migrate_demo,server,3,9212518,30500,,333000,4294967295,
migrate_demo,server,3,9217841,30500,,333000,4294967295,
migrate_demo,server,3,9223091,30500,,333000,4294967295,
migrate_demo,server,3,9228355,30500,,333000,4294967295,
migrate_demo,server,3,9233645,30500,,333000,4294967295,
migrate_demo,server,3,9238934,31720,,333000,4294967295,
migrate_demo,server,3,9244268,31720,,333000,4294967295,
migrate_demo,server,3,9249554,31720,,333000,4294967295,
migrate_demo,server,3,9254863,31720,,333000,4294967295,
migrate_demo,server,3,9260190,31720,,333000,4294967295,
migrate_demo,server,3,9265537,31720,,333000,4294967295,
migrate_demo,server,3,9270852,31720,,333000,4294967295,
migrate_demo,server,3,9276179,31720,,333000,4294967295,
migrate_demo,server,3,9281539,31720,,333000,4294967295,
migrate_demo,server,3,9286778,31720,,333000,4294967295,
migrate_demo,server,3,9292032,31720,,333000,4294967295,
migrate_demo,server,3,9297330,31720,,333000,4294967295,
migrate_demo,server,3,9302629,31720,,333000,4294967295,
migrate_demo,server,3,9307937,32940,,333000,4294967295,
migrate_demo,server,3,9313189,32940,,333000,4294967295,
migrate_demo,server,3,9318462,32940,,333000,4294967295,
migrate_demo,server,3,9323720,32940,,333000,4294967295,
migrate_demo,server,3,9329011,32940,,333000,4294967295,
migrate_demo,server,3,9334288,32940,,333000,4294967295,
migrate_demo,server,3,9339579,32940,,333000,4294967295,
migrate_demo,server,3,9344909,32940,,333000,4294967295,
migrate_demo,server,3,9350245,32940,,333000,4294967295,
migrate_demo,server,3,9355425,32940,,333000,4294967295,
migrate_demo,server,3,9360696,32940,,333000,4294967295,
migrate_demo,server,3,9366007,32940,,333000,4294967295,
migrate_demo,server,3,9372387,34160,,333000,4294967295,
migrate_demo,server,3,9377681,34160,,333000,4294967295,
migrate_demo,server,3,9382924,34160,,333000,4294967295,
migrate_demo,server,3,9388149,34160,,333000,4294967295,
migrate_demo,server,3,9393364,34160,,333000,4294967295,
migrate_demo,server,3,9398626,34160,,333000,4294967295,
migrate_demo,server,3,9403885,34160,,333000,4294967295,
migrate_demo,server,3,9409187,34160,,333000,4294967295,
migrate_demo,server,3,9414448,34160,,333000,4294967295,
migrate_demo,server,3,9419679,34160,,333000,4294967295,
migrate_demo,server,3,9424942,34160,,333000,4294967295,
migrate_demo,server,3,9430199,34160,,333000,4294967295,
migrate_demo,server,3,9435446,34160,,333000,4294967295,
migrate_demo,server,3,9440666,35380,,333000,4294967295,
migrate_demo,server,3,9445918,35380,,333000,4294967295,
migrate_demo,server,3,9451173,35380,,333000,4294967295,
migrate_demo,server,3,9456422,35380,,333000,4294967295,
migrate_demo,server,3,9461664,35380,,333000,4294967295,
migrate_demo,server,3,9466906,35380,,333000,4294967295,
migrate_demo,server,3,9472178,35380,,333000,4294967295,
migrate_demo,server,3,9477422,35380,,333000,4294967295,
migrate_demo,server,3,9482647,35380,,333000,4294967295,
migrate_demo,server,3,9487919,35380,,333000,4294967295,
migrate_demo,server,3,9493140,35380,,333000,4294967295,
migrate_demo,server,3,9498381,35380,,333000,4294967295,
migrate_demo,server,3,9503607,35380,,333000,4294967295,
migrate_demo,server,3,9508830,36600,,333000,4294967295,
migrate_demo,server,3,9514072,36600,,333000,4294967295,
migrate_demo,server,3,9519313,36600,,333000,4294967295,
migrate_demo,server,3,9524557,36600,,333000,4294967295,
migrate_demo,server,3,9529776,36600,,333000,4294967295,
migrate_demo,server,3,9535102,36600,,333000,4294967295,
migrate_demo,server,3,9540355,36600,,333000,4294967295,
migrate_demo,server,3,9545602,36600,,333000,4294967295,
migrate_demo,server,3,9550859,36600,,333000,4294967295,
migrate_demo,server,3,9556145,36600,,333000,4294967295,
migrate_demo,server,3,9561458,36600,,333000,4294967295,
migrate_demo,server,3,9566717,36600,,333000,4294967295,
migrate_demo,server,3,9571990,36600,,333000,4294967295,
migrate_demo,server,3,9577247,37820,,333000,4294967295,
migrate_demo,server,3,9582557,37820,,333000,4294967295,
migrate_demo,server,3,9587903,37820,,333000,4294967295,
migrate_demo,server,3,9593235,37820,,333000,4294967295,
migrate_demo,server,3,9598527,37820,,333000,4294967295,
migrate_demo,server,3,9603846,37820,,333000,4294967295,
migrate_demo,server,3,9609200,37820,,333000,4294967295,
migrate_demo,server,3,9614497,37820,,333000,4294967295,
migrate_demo,server,3,9619768,37820,,333000,4294967295,
migrate_demo,server,3,9625054,37820,,333000,4294967295,
migrate_demo,server,3,9630344,37820,,333000,4294967295,
migrate_demo,server,3,9635666,37820,,333000,4294967295,
migrate_demo,server,3,9640970,37820,,333000,4294967295,
migrate_demo,server,3,9646215,39040,,333000,4294967295,
migrate_demo,server,3,9651512,39040,,333000,4294967295,
migrate_demo,server,3,9656812,39040,,333000,4294967295,
migrate_demo,server,3,9662128,39040,,333000,4294967295,
migrate_demo,server,3,9667463,39040,,333000,4294967295,
migrate_demo,server,3,9672717,39040,,333000,4294967295,
migrate_demo,server,3,9677989,39040,,333000,4294967295,
migrate_demo,server,3,9683250,39040,,333000,4294967295,
migrate_demo,server,3,9688470,39040,,333000,4294967295,
migrate_demo,server,3,9693757,39040,,333000,4294967295,
migrate_demo,server,3,9699035,39040,,333000,4294967295,
migrate_demo,server,3,9704347,39040,,333000,4294967295,
migrate_demo,server,3,9709622,39040,,333000,4294967295,
migrate_demo,server,3,9714941,40260,,333000,4294967295,
migrate_demo,server,3,9720259,40260,,333000,4294967295,
migrate_demo,server,3,9725599,40260,,333000,4294967295,
migrate_demo,server,3,9730889,40260,,333000,4294967295,
migrate_demo,server,3,9736202,40260,,333000,4294967295,
migrate_demo,server,3,9741537,40260,,333000,4294967295,
migrate_demo,server,3,9746872,40260,,333000,4294967295,
migrate_demo,server,3,9752169,40260,,333000,4294967295,
migrate_demo,server,3,9757449,40260,,333000,4294967295,
migrate_demo,server,3,9762683,40260,,333000,4294967295,
migrate_demo,server,3,9767968,40260,,333000,4294967295,
migrate_demo,server,3,9773237,40260,,333000,4294967295,
migrate_demo,server,3,9778705,41480,,333000,4294967295,
migrate_demo,server,3,9784000,41480,,333000,4294967295,
migrate_demo,server,3,9789296,41480,,333000,4294967295,
migrate_demo,server,3,9794595,41480,,333000,4294967295,
migrate_demo,server,3,9799844,41480,,333000,4294967295,
migrate_demo,server,3,9805153,41480,,333000,4294967295,
migrate_demo,server,3,9810451,41480,,333000,4294967295,
migrate_demo,server,3,9815788,41480,,333000,4294967295,
migrate_demo,server,3,9821105,41480,,333000,4294967295,
migrate_demo,server,3,9826355,41480,,333000,4294967295,
migrate_demo,server,3,9831585,41480,,333000,4294967295,
migrate_demo,server,3,9836893,41480,,333000,4294967295,
migrate_demo,server,3,9842253,41480,,333000,4294967295,
migrate_demo,server,3,9847557,42700,,333000,4294967295,
migrate_demo,server,3,9852852,42700,,333000,4294967295,
migrate_demo,server,3,9858166,42700,,333000,4294967295,
migrate_demo,server,3,9863469,42700,,333000,4294967295,
migrate_demo,server,3,9868743,42700,,333000,4294967295,
migrate_demo,server,3,9874053,42700,,333000,4294967295,
migrate_demo,server,3,9879326,42700,,333000,4294967295,
migrate_demo,server,3,9884634,42700,,333000,4294967295,
migrate_demo,server,3,9889907,42700,,333000,4294967295,
migrate_demo,server,3,9895168,42700,,333000,4294967295,
migrate_demo,server,3,9900447,42700,,333000,4294967295,
migrate_demo,server,3,9905740,42700,,333000,4294967295,
migrate_demo,server,3,9911051,42700,,333000,4294967295,
migrate_demo,server,3,9916368,43920,,333000,4294967295,
migrate_demo,server,3,9921652,43920,,333000,4294967295,
migrate_demo,server,3,9926930,43920,,333000,4294967295,
migrate_demo,server,3,9932210,43920,,333000,4294967295,
migrate_demo,server,3,9937546,43920,,333000,4294967295,
migrate_demo,server,3,9942841,43920,,333000,4294967295,
migrate_demo,server,3,9948161,43920,,333000,4294967295,
migrate_demo,server,3,9953425,43920,,333000,4294967295,
migrate_demo,server,3,9958649,43920,,333000,4294967295,
migrate_demo,server,3,9963917,43920,,333000,4294967295,
migrate_demo,server,3,9969132,43920,,333000,4294967295,
migrate_demo,server,3,9974402,43920,,333000,4294967295,
migrate_demo,server,3,9979711,43920,,333000,4294967295,
migrate_demo,server,3,9984935,45140,,333000,4294967295,
migrate_demo,server,3,9990230,45140,,333000,4294967295,
migrate_demo,server,3,9995569,45140,,333000,4294967295,
migrate_demo,server,3,10000937,45140,,333000,4294967295,
migrate_demo,server,3,10006219,45140,,333000,4294967295,
migrate_demo,server,3,10011556,45140,,333000,4294967295,
migrate_demo,server,3,10016907,45140,,333000,4294967295,
migrate_demo,server,3,10022147,45140,,333000,4294967295,
migrate_demo,server,3,10027399,45140,,333000,4294967295,
migrate_demo,server,3,10032626,45140,,333000,4294967295,
migrate_demo,server,3,10037925,45140,,333000,4294967295,
migrate_demo,server,3,10043166,45140,,333000,4294967295,
migrate_demo,server,3,10048514,45140,,333000,4294967295,
migrate_demo,server,3,10053840,46360,,333000,4294967295,
migrate_demo,server,3,10059080,46360,,333000,4294967295,
migrate_demo,server,3,10064424,46360,,333000,4294967295,
migrate_demo,server,3,10069796,46360,,333000,4294967295,
migrate_demo,server,3,10075197,46360,,333000,4294967295,
migrate_demo,server,3,10080493,46360,,333000,4294967295,
migrate_demo,server,3,10085827,46360,,333000,4294967295,
migrate_demo,server,3,10091184,46360,,333000,4294967295,
migrate_demo,server,3,10096445,46360,,333000,4294967295,
migrate_demo,server,3,10101710,46360,,333000,4294967295,
migrate_demo,server,3,10106972,46360,,333000,4294967295,
migrate_demo,server,3,10112266,46360,,333000,4294967295,
migrate_demo,server,3,10117517,47580,,333000,4294967295,
migrate_demo,server,3,10122857,47580,,333000,4294967295,
migrate_demo,server,3,10128144,47580,,333000,4294967295,
migrate_demo,server,3,10133404,47580,,333000,4294967295,
migrate_demo,server,3,10138698,47580,,333000,4294967295,
migrate_demo,server,3,10144006,47580,,333000,4294967295,
migrate_demo,server,3,10149316,47580,,333000,4294967295,
migrate_demo,server,3,10154631,47580,,333000,4294967295,
migrate_demo,server,3,10159925,47580,,333000,4294967295,
migrate_demo,server,3,10165155,47580,,333000,4294967295,
migrate_demo,server,3,10170420,47580,,333000,4294967295,
migrate_demo,server,3,10175703,47580,,333000,4294967295,
migrate_demo,server,3,10180995,47580,,333000,4294967295,
migrate_demo,server,3,10186299,48800,,333000,4294967295,
migrate_demo,server,3,10191585,48800,,333000,4294967295,
migrate_demo,server,3,10196901,48800,,333000,4294967295,
migrate_demo,server,3,10202184,48800,,333000,4294967295,
migrate_demo,server,3,10207489,48800,,333000,4294967295,
migrate_demo,server,3,10212816,48800,,333000,4294967295,
migrate_demo,server,3,10218205,48800,,333000,4294967295,
migrate_demo,server,3,10223490,48800,,333000,4294967295,
migrate_demo,server,3,10228719,48800,,333000,4294967295,
migrate_demo,server,3,10233921,48800,,333000,4294967295,
migrate_demo,server,3,10239141,48800,,333000,4294967295,
migrate_demo,server,3,10244357,48800,,333000,4294967295,
migrate_demo,server,3,10249635,48800,,333000,4294967295,
migrate_demo,server,3,10254937,50020,,333000,4294967295,
migrate_demo,server,3,10260278,50020,,333000,4294967295,
migrate_demo,server,3,10265571,50020,,333000,4294967295,
migrate_demo,server,3,10270891,50020,,333000,4294967295,
migrate_demo,server,3,10276239,50020,,333000,4294967295,
migrate_demo,server,3,10281582,50020,,333000,4294967295,
migrate_demo,server,3,10286872,50020,,333000,4294967295,
migrate_demo,server,3,10292254,50020,,333000,4294967295,
migrate_demo,server,3,10297516,50020,,333000,4294967295,
migrate_demo,server,3,10302816,50020,,333000,4294967295,
migrate_demo,server,3,10308047,50020,,333000,4294967295,
migrate_demo,server,3,10313271,50020,,333000,4294967295,
migrate_demo,server,3,10318529,50020,,333000,4294967295,
migrate_demo,server,3,10323948,51240,,333000,4294967295,
migrate_demo,server,3,10329235,51240,,333000,4294967295,
migrate_demo,server,3,10334528,51240,,333000,4294967295,
migrate_demo,server,3,10339901,51240,,333000,4294967295,
migrate_demo,server,3,10345148,51240,,333000,4294967295,
migrate_demo,server,3,10350430,51240,,333000,4294967295,
migrate_demo,server,3,10355670,51240,,333000,4294967295,
migrate_demo,server,3,10360932,51240,,333000,4294967295,
migrate_demo,server,3,10366225,51240,,333000,4294967295,
migrate_demo,server,3,10371468,51240,,333000,4294967295,
migrate_demo,server,3,10376675,51240,,333000,4294967295,
migrate_demo,server,3,10381958,51240,,333000,4294967295,
migrate_demo,server,3,10387259,51240,,333000,4294967295,
migrate_demo,server,3,10392581,52460,,333000,4294967295,
migrate_demo,server,3,10397890,52460,,333000,4294967295,
migrate_demo,server,3,10403217,52460,,333000,4294967295,
migrate_demo,server,3,10408549,52460,,333000,4294967295,
migrate_demo,server,3,10413899,52460,,333000,4294967295,
migrate_demo,server,3,10419223,52460,,333000,4294967295,
migrate_demo,server,3,10424520,52460,,333000,4294967295,
migrate_demo,server,3,10429836,52460,,333000,4294967295,
migrate_demo,server,3,10435101,52460,,333000,4294967295,
migrate_demo,server,3,10440389,52460,,333000,4294967295,
migrate_demo,server,3,10445602,52460,,333000,4294967295,
migrate_demo,server,3,10450836,52460,,333000,4294967295,
migrate_demo,server,3,10456121,53680,,333000,4294967295,
migrate_demo,server,3,10461482,53680,,333000,4294967295,
migrate_demo,server,3,10466735,53680,,333000,4294967295,
migrate_demo,server,3,10472092,53680,,333000,4294967295,
migrate_demo,server,3,10477388,53680,,333000,4294967295,
migrate_demo,server,3,10482697,53680,,333000,4294967295,
migrate_demo,server,3,10487973,53680,,333000,4294967295,
migrate_demo,server,3,10493279,53680,,333000,4294967295,
migrate_demo,server,3,10498500,53680,,333000,4294967295,
migrate_demo,server,3,10503768,53680,,333000,4294967295,
migrate_demo,server,3,10508997,53680,,333000,4294967295,
migrate_demo,server,3,10514285,53680,,333000,4294967295,
migrate_demo,server,3,10519549,53680,,333000,4294967295,
migrate_demo,server,3,10524832,54900,,333000,4294967295,
migrate_demo,server,3,10530107,54900,,333000,4294967295,
migrate_demo,server,3,10535374,54900,,333000,4294967295,
migrate_demo,server,3,10540655,54900,,333000,4294967295,
migrate_demo,server,3,10545964,54900,,333000,4294967295,
migrate_demo,server,3,10551259,54900,,333000,4294967295,
migrate_demo,server,3,10556547,54900,,333000,4294967295,
migrate_demo,server,3,10561870,54900,,333000,4294967295,
migrate_demo,server,3,10567162,54900,,333000,4294967295,
migrate_demo,server,3,10572459,54900,,333000,4294967295,
migrate_demo,server,3,10577657,54900,,333000,4294967295,
migrate_demo,server,3,10582879,54900,,333000,4294967295,
migrate_demo,server,3,10588106,56120,,333000,4294967295,
migrate_demo,server,3,10593366,56120,,333000,4294967295,
migrate_demo,server,3,10598582,56120,,333000,4294967295,
migrate_demo,server,3,10603892,56120,,333000,4294967295,
migrate_demo,server,3,10609169,56120,,333000,4294967295,
migrate_demo,server,3,10614505,56120,,333000,4294967295,
migrate_demo,server,3,10619743,56120,,333000,4294967295,
migrate_demo,server,3,10625020,56120,,333000,4294967295,
migrate_demo,server,3,10630275,56120,,333000,4294967295,
migrate_demo,server,3,10635521,56120,,333000,4294967295,
migrate_demo,server,3,10640714,56120,,333000,4294967295,
migrate_demo,server,3,10645918,56120,,333000,4294967295,
migrate_demo,server,3,10651195,57340,,333000,4294967295,
migrate_demo,server,3,10656493,57340,,333000,4294967295,
migrate_demo,server,3,10661803,57340,,333000,4294967295,
migrate_demo,server,3,10667091,57340,,333000,4294967295,
migrate_demo,server,3,10672395,57340,,333000,4294967295,
migrate_demo,server,3,10677688,58560,,333000,4294967295,
migrate_demo,server,3,10682984,58560,,333000,4294967295,
migrate_demo,server,3,10688237,58560,,333000,4294967295,
migrate_demo,server,3,10693507,58560,,333000,4294967295,
migrate_demo,server,3,10698670,58560,,333000,4294967295,
migrate_demo,server,3,10703945,58560,,333000,4294967295,
migrate_demo,server,3,10709227,58560,,333000,4294967295,
migrate_demo,server,3,10714571,59780,,333000,4294967295,
migrate_demo,server,3,10719877,59780,,333000,4294967295,
migrate_demo,server,3,10725110,59780,,333000,4294967295,
migrate_demo,server,3,10730309,59780,,333000,4294967295,
migrate_demo,server,3,10735590,59780,,333000,4294967295,
migrate_demo,server,3,10740915,61000,,333000,4294967295,
migrate_demo,server,3,10746238,61000,,333000,4294967295,
migrate_demo,server,3,10751529,61000,,333000,4294967295,
migrate_demo,server,3,10756854,61000,,333000,4294967295,
migrate_demo,server,3,10762061,61000,,333000,4294967295,
migrate_demo,server,3,10767307,61000,,333000,4294967295,
migrate_demo,server,3,10772557,61000,,333000,4294967295,
migrate_demo,server,3,10777837,62220,,333000,4294967295,
migrate_demo,server,3,10783136,62220,,333000,4294967295,
migrate_demo,server,3,10788463,62220,,333000,4294967295,
migrate_demo,server,3,10793755,62220,,333000,4294967295,
migrate_demo,server,3,10799040,62220,,333000,4294967295,
migrate_demo,server,3,10804356,63440,,333000,4294967295,
migrate_demo,server,3,10809619,63440,,333000,4294967295,
migrate_demo,server,3,10814908,63440,,333000,4294967295,
migrate_demo,server,3,10820166,63440,,333000,4294967295,
migrate_demo,server,3,10825470,63440,,333000,4294967295,
migrate_demo,server,3,10830760,63440,,333000,4294967295,
migrate_demo,server,3,10836607,64660,,333000,4294967295,
migrate_demo,server,3,10841919,64660,,333000,4294967295,
migrate_demo,server,3,10847206,64660,,333000,4294967295,
migrate_demo,server,3,10852440,64660,,333000,4294967295,
migrate_demo,server,3,10857712,64660,,333000,4294967295,
migrate_demo,server,3,10863072,65880,,333000,4294967295,
migrate_demo,server,3,10868372,65880,,333000,4294967295,
migrate_demo,server,3,10873652,65880,,333000,4294967295,
migrate_demo,server,3,10878882,65880,,333000,4294967295,
migrate_demo,server,3,10884159,65880,,333000,4294967295,
migrate_demo,server,3,10889470,65880,,333000,4294967295,
migrate_demo,server,3,10894690,65880,,333000,4294967295,
migrate_demo,server,3,10899909,67100,,333000,4294967295,
migrate_demo,server,3,10905151,67100,,333000,4294967295,
migrate_demo,server,3,10910476,67100,,333000,4294967295,
migrate_demo,server,3,10915723,67100,,333000,4294967295,
migrate_demo,server,3,10921035,67100,,333000,4294967295,
migrate_demo,server,3,10926267,68320,,333000,4294967295,
migrate_demo,server,3,10931557,68320,,333000,4294967295,
migrate_demo,server,3,10936870,68320,,333000,4294967295,
migrate_demo,server,3,10942101,68320,,333000,4294967295,
migrate_demo,server,3,10947361,68320,,333000,4294967295,
migrate_demo,server,3,10952561,68320,,333000,4294967295,
migrate_demo,server,3,10957760,68320,,333000,4294967295,
migrate_demo,server,3,10963103,69540,,333000,4294967295,
migrate_demo,server,3,10968302,69540,,333000,4294967295,
migrate_demo,server,3,10973565,69540,,333000,4294967295,
migrate_demo,server,3,10978877,69540,,333000,4294967295,
migrate_demo,server,3,10984178,69540,,333000,4294967295,
migrate_demo,server,3,10989404,70760,,333000,4294967295,
migrate_demo,server,3,10994667,70760,,333000,4294967295,
migrate_demo,server,3,10999948,70760,,333000,4294967295,
migrate_demo,server,3,11005187,70760,,333000,4294967295,
migrate_demo,server,3,11010393,70760,,333000,4294967295,
migrate_demo,server,3,11015648,70760,,333000,4294967295,
migrate_demo,server,3,11020866,70760,,333000,4294967295,
migrate_demo,server,3,11026214,71980,,333000,4294967295,
migrate_demo,server,3,11031457,71980,,333000,4294967295,
migrate_demo,server,3,11036693,71980,,333000,4294967295,
migrate_demo,server,3,11041985,71980,,333000,4294967295,
migrate_demo,server,3,11047285,71980,,333000,4294967295,
migrate_demo,server,3,11052540,73200,,333000,4294967295,
migrate_demo,server,3,11057835,73200,,333000,4294967295,
migrate_demo,server,3,11063104,73200,,333000,4294967295,
migrate_demo,server,3,11068364,73200,,333000,4294967295,
migrate_demo,server,3,11073618,73200,,333000,4294967295,
migrate_demo,server,3,11078898,73200,,333000,4294967295,
migrate_demo,server,3,11084105,73200,,333000,4294967295,
migrate_demo,server,3,11089399,74420,,333000,4294967295,
migrate_demo,server,3,11094611,74420,,333000,4294967295,
migrate_demo,server,3,11099898,74420,,333000,4294967295,
migrate_demo,server,3,11105168,74420,,333000,4294967295,
migrate_demo,server,3,11110452,74420,,333000,4294967295,
migrate_demo,server,3,11115779,74420,,333000,4294967295,
migrate_demo,server,3,11121116,74420,,333000,4294967295,
migrate_demo,server,3,11126378,74420,,333000,4294967295,
migrate_demo,server,3,11131703,74420,,333000,4294967295,
migrate_demo,server,3,11136897,74420,,333000,4294967295,
migrate_demo,server,3,11142133,74420,,333000,4294967295,
migrate_demo,server,3,11147371,74420,,333000,4294967295,
migrate_demo,server,3,11152705,75640,,333000,4294967295,
migrate_demo,server,3,11157942,75640,,333000,4294967295,
migrate_demo,server,3,11163270,75640,,333000,4294967295,
migrate_demo,server,3,11168574,75640,,333000,4294967295,
migrate_demo,server,3,11173861,75640,,333000,4294967295,
migrate_demo,server,3,11179203,75640,,333000,4294967295,
migrate_demo,server,3,11184526,75640,,333000,4294967295,
migrate_demo,server,3,11189798,75640,,333000,4294967295,
migrate_demo,server,3,11195051,75640,,333000,4294967295,
migrate_demo,server,3,11200288,75640,,333000,4294967295,
migrate_demo,server,3,11205515,75640,,333000,4294967295,
migrate_demo,server,3,11210803,76860,,333000,4294967295,
migrate_demo,server,3,11216139,76860,,333000,4294967295,
migrate_demo,server,3,11221334,76860,,333000,4294967295,
migrate_demo,server,3,11226627,76860,,333000,4294967295,
migrate_demo,server,3,11231943,76860,,333000,4294967295,
migrate_demo,server,3,11237211,76860,,333000,4294967295,
migrate_demo,server,3,11242535,76860,,333000,4294967295,
migrate_demo,server,3,11247807,76860,,333000,4294967295,
migrate_demo,server,3,11253077,76860,,333000,4294967295,
migrate_demo,server,3,11258301,76860,,333000,4294967295,
migrate_demo,server,3,11263552,76860,,333000,4294967295,
migrate_demo,server,3,11268893,76860,,333000,4294967295,
migrate_demo,server,3,11274121,78080,,333000,4294967295,
migrate_demo,server,3,11279410,78080,,333000,4294967295,
migrate_demo,server,3,11284670,78080,,333000,4294967295,
migrate_demo,server,3,11289885,78080,,333000,4294967295,
migrate_demo,server,3,11295168,78080,,333000,4294967295,
migrate_demo,server,3,11300462,78080,,333000,4294967295,
migrate_demo,server,3,11305749,78080,,333000,4294967295,
migrate_demo,server,3,11310997,78080,,333000,4294967295,
migrate_demo,server,3,11316218,78080,,333000,4294967295,
migrate_demo,server,3,11321443,78080,,333000,4294967295,
migrate_demo,server,3,11326610,78080,,333000,4294967295,
migrate_demo,server,3,11331739,78080,,333000,4294967295,
migrate_demo,server,3,11336993,78080,,333000,4294967295,
migrate_demo,server,3,11342296,78080,,333000,4294967295,
migrate_demo,server,3,11347563,78080,,333000,4294967295,
migrate_demo,server,3,11352842,78080,,333000,4294967295,
migrate_demo,server,3,11358123,78080,,333000,4294967295,
migrate_demo,server,3,11363384,79300,,333000,4294967295,
migrate_demo,server,3,11368661,79300,,333000,4294967295,
migrate_demo,server,3,11373979,79300,,333000,4294967295,
migrate_demo,server,3,11379237,79300,,333000,4294967295,
migrate_demo,server,3,11384501,79300,,333000,4294967295,
migrate_demo,server,3,11389773,79300,,333000,4294967295,
migrate_demo,server,3,11395095,79300,,333000,4294967295,
migrate_demo,server,3,11400373,79300,,333000,4294967295,
migrate_demo,server,3,11405642,79300,,333000,4294967295,
migrate_demo,server,3,11410965,79300,,333000,4294967295,
migrate_demo,server,3,11416263,79300,,333000,4294967295,
migrate_demo,server,3,11421535,79300,,333000,4294967295,
migrate_demo,server,3,11426910,79300,,333000,4294967295,
migrate_demo,server,3,11432190,80520,,333000,4294967295,
migrate_demo,server,3,11437426,80520,,333000,4294967295,
migrate_demo,server,3,11442631,80520,,333000,4294967295,
migrate_demo,server,3,11447861,80520,,333000,4294967295,
migrate_demo,server,3,11453102,80520,,333000,4294967295,
migrate_demo,server,3,11458354,80520,,333000,4294967295,
migrate_demo,server,3,11463635,80520,,333000,4294967295,
migrate_demo,server,3,11468941,80520,,333000,4294967295,
migrate_demo,server,3,11474179,80520,,333000,4294967295,
migrate_demo,server,3,11479364,80520,,333000,4294967295,
migrate_demo,server,3,11484625,80520,,333000,4294967295,
migrate_demo,server,3,11489901,80520,,333000,4294967295,
migrate_demo,server,3,11495188,80520,,333000,4294967295,
migrate_demo,server,3,11500425,81740,,333000,4294967295,
migrate_demo,server,3,11505706,81740,,333000,4294967295,
migrate_demo,server,3,11510841,81740,,333000,4294967295,
migrate_demo,server,3,11516044,81740,,333000,4294967295,
migrate_demo,server,3,11521237,81740,,333000,4294967295,
migrate_demo,server,3,11526488,81740,,333000,4294967295,
migrate_demo,server,3,11531748,81740,,333000,4294967295,
migrate_demo,server,3,11537012,81740,,333000,4294967295,
migrate_demo,server,3,11542214,81740,,333000,4294967295,
migrate_demo,server,3,11547496,81740,,333000,4294967295,
migrate_demo,server,3,11552778,81740,,333000,4294967295,
migrate_demo,server,3,11558041,81740,,333000,4294967295,
migrate_demo,server,3,11563293,81740,,333000,4294967295,
migrate_demo,server,3,11568581,82960,,333000,4294967295,
migrate_demo,server,3,11573811,82960,,333000,4294967295,
migrate_demo,server,3,11579027,82960,,333000,4294967295,
migrate_demo,server,3,11584276,82960,,333000,4294967295,
migrate_demo,server,3,11589565,82960,,333000,4294967295,
migrate_demo,server,3,11594877,82960,,333000,4294967295,
migrate_demo,server,3,11600138,82960,,333000,4294967295,
migrate_demo,server,3,11605349,82960,,333000,4294967295,
migrate_demo,server,3,11610567,82960,,333000,4294967295,
migrate_demo,server,3,11615785,82960,,333000,4294967295,
migrate_demo,server,3,11621064,82960,,333000,4294967295,
migrate_demo,server,3,11626347,82960,,333000,4294967295,
migrate_demo,server,3,11631648,84180,,333000,4294967295,
migrate_demo,server,3,11636929,84180,,333000,4294967295,
migrate_demo,server,3,11642171,84180,,333000,4294967295,
migrate_demo,server,3,11647398,84180,,333000,4294967295,
migrate_demo,server,3,11652672,84180,,333000,4294967295,
migrate_demo,server,3,11657911,84180,,333000,4294967295,
migrate_demo,server,3,11663243,84180,,333000,4294967295,
migrate_demo,server,3,11668542,84180,,333000,4294967295,
migrate_demo,server,3,11673815,84180,,333000,4294967295,
migrate_demo,server,3,11679131,84180,,333000,4294967295,
migrate_demo,server,3,11684376,84180,,333000,4294967295,
migrate_demo,server,3,11689682,84180,,333000,4294967295,
migrate_demo,server,3,11695009,84180,,333000,4294967295,
migrate_demo,server,3,11700277,85400,,333000,4294967295,
migrate_demo,server,3,11705490,85400,,333000,4294967295,
migrate_demo,server,3,11710714,85400,,333000,4294967295,
migrate_demo,server,3,11715931,85400,,333000,4294967295,
migrate_demo,server,3,11721219,85400,,333000,4294967295,
migrate_demo,server,3,11726609,85400,,333000,4294967295,
migrate_demo,server,3,11731974,85400,,333000,4294967295,
migrate_demo,server,3,11737222,85400,,333000,4294967295,
migrate_demo,server,3,11742422,85400,,333000,4294967295,
migrate_demo,server,3,11747687,85400,,333000,4294967295,
migrate_demo,server,3,11752945,85400,,333000,4294967295,
migrate_demo,server,3,11758216,85400,,333000,4294967295,
migrate_demo,server,3,11763491,85400,,333000,4294967295,
migrate_demo,server,3,11768712,86620,,333000,4294967295,
migrate_demo,server,3,11773962,86620,,333000,4294967295,
migrate_demo,server,3,11779207,86620,,333000,4294967295,
migrate_demo,server,3,11784393,86620,,333000,4294967295,
migrate_demo,server,3,11789654,86620,,333000,4294967295,
migrate_demo,server,3,11795323,86620,,333000,4294967295,
migrate_demo,server,3,11800645,86620,,333000,4294967295,
migrate_demo,server,3,11805958,86620,,333000,4294967295,
migrate_demo,server,3,11811233,86620,,333000,4294967295,
migrate_demo,server,3,11816436,86620,,333000,4294967295,
migrate_demo,server,3,11821707,86620,,333000,4294967295,
migrate_demo,server,3,11826979,86620,,333000,4294967295,
migrate_demo,server,3,11832239,86620,,333000,4294967295,
migrate_demo,server,3,11837463,87840,,333000,4294967295,
migrate_demo,server,3,11842726,87840,,333000,4294967295,
migrate_demo,server,3,11847958,87840,,333000,4294967295,
migrate_demo,server,3,11853188,87840,,333000,4294967295,
migrate_demo,server,3,11858519,87840,,333000,4294967295,
migrate_demo,server,3,11863852,87840,,333000,4294967295,
migrate_demo,server,3,11869116,87840,,333000,4294967295,
migrate_demo,server,3,11874359,87840,,333000,4294967295,
migrate_demo,server,3,11879678,87840,,333000,4294967295,
migrate_demo,server,3,11884918,87840,,333000,4294967295,
migrate_demo,server,3,11890119,87840,,333000,4294967295,
migrate_demo,server,3,11895408,87840,,333000,4294967295,
migrate_demo,server,3,11900738,87840,,333000,4294967295,
migrate_demo,server,3,11906088,89060,,333000,4294967295,
migrate_demo,server,3,11911360,89060,,333000,4294967295,
migrate_demo,server,3,11916619,89060,,333000,4294967295,
migrate_demo,server,3,11921926,89060,,333000,4294967295,
migrate_demo,server,3,11927207,89060,,333000,4294967295,
migrate_demo,server,3,11932507,89060,,333000,4294967295,
migrate_demo,server,3,11937762,89060,,333000,4294967295,
migrate_demo,server,3,11943036,89060,,333000,4294967295,
migrate_demo,server,3,11948320,89060,,333000,4294967295,
migrate_demo,server,3,11953548,89060,,333000,4294967295,
migrate_demo,server,3,11958813,89060,,333000,4294967295,
migrate_demo,server,3,11964094,89060,,333000,4294967295,
migrate_demo,server,3,11969367,90280,,333000,4294967295,
migrate_demo,server,3,11974587,90280,,333000,4294967295,
migrate_demo,server,3,11979872,90280,,333000,4294967295,
migrate_demo,server,3,11985082,90280,,333000,4294967295,
migrate_demo,server,3,11990314,90280,,333000,4294967295,
migrate_demo,server,3,11995560,90280,,333000,4294967295,
migrate_demo,server,3,12000840,90280,,333000,4294967295,
migrate_demo,server,3,12006141,90280,,333000,4294967295,
migrate_demo,server,3,12011402,90280,,333000,4294967295,
migrate_demo,server,3,12016636,90280,,333000,4294967295,
migrate_demo,server,3,12021852,90280,,333000,4294967295,
migrate_demo,server,3,12027158,90280,,333000,4294967295,
migrate_demo,server,3,12032458,90280,,333000,4294967295,
migrate_demo,server,3,12037681,91500,,333000,4294967295,
migrate_demo,server,3,12042944,91500,,333000,4294967295,
migrate_demo,server,3,12048193,91500,,333000,4294967295,
migrate_demo,server,3,12053453,91500,,333000,4294967295,
migrate_demo,server,3,12058668,91500,,333000,4294967295,
migrate_demo,server,3,12063920,91500,,333000,4294967295,
migrate_demo,server,3,12069275,91500,,333000,4294967295,
migrate_demo,server,3,12074544,91500,,333000,4294967295,
migrate_demo,server,3,12079797,91500,,333000,4294967295,
migrate_demo,server,3,12085034,91500,,333000,4294967295,
migrate_demo,server,3,12090303,91500,,333000,4294967295,
migrate_demo,server,3,12095623,91500,,333000,4294967295,
migrate_demo,server,3,12100944,91500,,333000,4294967295,
migrate_demo,server,3,12106266,92720,,333000,4294967295,
migrate_demo,server,3,12111535,92720,,333000,4294967295,
migrate_demo,server,3,12116773,92720,,333000,4294967295,
migrate_demo,server,3,12122022,92720,,333000,4294967295,
migrate_demo,server,3,12127274,92720,,333000,4294967295,
migrate_demo,server,3,12132601,92720,,333000,4294967295,
migrate_demo,server,3,12137891,92720,,333000,4294967295,
migrate_demo,server,3,12143140,92720,,333000,4294967295,
migrate_demo,server,3,12148381,92720,,333000,4294967295,
migrate_demo,server,3,12153584,92720,,333000,4294967295,
migrate_demo,server,3,12158782,92720,,333000,4294967295,
migrate_demo,server,3,12164047,92720,,333000,4294967295,
migrate_demo,server,3,12169337,92720,,333000,4294967295,
migrate_demo,server,3,12174631,93940,,333000,4294967295,
migrate_demo,server,3,12179910,93940,,333000,4294967295,
migrate_demo,server,3,12185136,93940,,333000,4294967295,
migrate_demo,server,3,12190422,93940,,333000,4294967295,
migrate_demo,server,3,12195689,93940,,333000,4294967295,
migrate_demo,server,3,12200972,93940,,333000,4294967295,
migrate_demo,server,3,12206226,93940,,333000,4294967295,
migrate_demo,server,3,12211559,93940,,333000,4294967295,
migrate_demo,server,3,12216738,93940,,333000,4294967295,
migrate_demo,server,3,12222017,93940,,333000,4294967295,
migrate_demo,server,3,12227302,93940,,333000,4294967295,
migrate_demo,server,3,12232571,93940,,333000,4294967295,
migrate_demo,server,3,12237966,95160,,333000,4294967295,
migrate_demo,server,3,12243180,95160,,333000,4294967295,
migrate_demo,server,3,12248463,95160,,333000,4294967295,
migrate_demo,server,3,12253699,95160,,333000,4294967295,
migrate_demo,server,3,12258918,95160,,333000,4294967295,
migrate_demo,server,3,12264168,95160,,333000,4294967295,
migrate_demo,server,3,12269443,95160,,333000,4294967295,
migrate_demo,server,3,12274689,95160,,333000,4294967295,
migrate_demo,server,3,12279859,95160,,333000,4294967295,
migrate_demo,server,3,12285067,95160,,333000,4294967295,
migrate_demo,server,3,12290341,95160,,333000,4294967295,
migrate_demo,server,3,12295513,95160,,333000,4294967295,
migrate_demo,server,3,12300800,95160,,333000,4294967295,
migrate_demo,server,3,12306627,96380,,333000,4294967295,
migrate_demo,server,3,12311900,96380,,333000,4294967295,
migrate_demo,server,3,12317155,96380,,333000,4294967295,
migrate_demo,server,3,12322428,96380,,333000,4294967295,
migrate_demo,server,3,12327635,96380,,333000,4294967295,
migrate_demo,server,3,12332906,96380,,333000,4294967295,
migrate_demo,server,3,12338203,96380,,333000,4294967295,
migrate_demo,server,3,12343454,96380,,333000,4294967295,
migrate_demo,server,3,12348725,96380,,333000,4294967295,
migrate_demo,server,3,12353985,96380,,333000,4294967295,
migrate_demo,server,3,12359226,96380,,333000,4294967295,
migrate_demo,server,3,12364454,96380,,333000,4294967295,
migrate_demo,server,3,12369649,96380,,333000,4294967295,
migrate_demo,server,3,12375330,97600,,333000,4294967295,
migrate_demo,server,3,12380587,97600,,333000,4294967295,
migrate_demo,server,3,12385903,97600,,333000,4294967295,
migrate_demo,server,3,12391123,97600,,333000,4294967295,
migrate_demo,server,3,12396439,97600,,333000,4294967295,
migrate_demo,server,3,12401737,97600,,333000,4294967295,
migrate_demo,server,3,12407014,97600,,333000,4294967295,
migrate_demo,server,3,12412285,97600,,333000,4294967295,
migrate_demo,server,3,12417523,97600,,333000,4294967295,
migrate_demo,server,3,12422768,97600,,333000,4294967295,
migrate_demo,server,3,12427996,97600,,333000,4294967295,
migrate_demo,server,3,12433223,97600,,333000,4294967295,
migrate_demo,server,3,12438463,97600,,333000,4294967295,
migrate_demo,server,3,12443689,98820,,333000,4294967295,
migrate_demo,server,3,12448934,98820,,333000,4294967295,
migrate_demo,server,3,12454202,98820,,333000,4294967295,
migrate_demo,server,3,12459408,98820,,333000,4294967295,
migrate_demo,server,3,12464673,98820,,333000,4294967295,
migrate_demo,server,3,12469973,98820,,333000,4294967295,
migrate_demo,server,3,12475244,98820,,333000,4294967295,
migrate_demo,server,3,12480531,98820,,333000,4294967295,
migrate_demo,server,3,12485764,98820,,333000,4294967295,
migrate_demo,server,3,12490988,98820,,333000,4294967295,
migrate_demo,server,3,12496230,98820,,333000,4294967295,
migrate_demo,server,3,12501457,98820,,333000,4294967295,
migrate_demo,server,3,12506691,98820,,333000,4294967295,
migrate_demo,server,3,12512044,100040,,333000,4294967295,
migrate_demo,server,3,12517294,100040,,333000,4294967295,
migrate_demo,server,3,12522500,100040,,333000,4294967295,
migrate_demo,server,3,12527733,100040,,333000,4294967295,
migrate_demo,server,3,12533035,100040,,333000,4294967295,
migrate_demo,server,3,12538317,100040,,333000,4294967295,
migrate_demo,server,3,12543542,100040,,333000,4294967295,
migrate_demo,server,3,12548797,100040,,333000,4294967295,
migrate_demo,server,3,12554029,100040,,333000,4294967295,
migrate_demo,server,3,12559274,100040,,333000,4294967295,
migrate_demo,server,3,12564539,100040,,333000,4294967295,
migrate_demo,server,3,12569752,100040,,333000,4294967295,
migrate_demo,server,3,12574958,100040,,333000,4294967295,
migrate_demo,server,3,12580167,101260,,333000,4294967295,
migrate_demo,server,3,12585406,101260,,333000,4294967295,
migrate_demo,server,3,12590666,101260,,333000,4294967295,
migrate_demo,server,3,12595905,101260,,333000,4294967295,
migrate_demo,server,3,12601183,101260,,333000,4294967295,
migrate_demo,server,3,12606457,101260,,333000,4294967295,
migrate_demo,server,3,12611694,101260,,333000,4294967295,
migrate_demo,server,3,12616983,101260,,333000,4294967295,
migrate_demo,server,3,12622199,101260,,333000,4294967295,
migrate_demo,server,3,12627425,101260,,333000,4294967295,
migrate_demo,server,3,12632643,101260,,333000,4294967295,
migrate_demo,server,3,12637845,101260,,333000,4294967295,
migrate_demo,server,3,12643107,101260,,333000,4294967295,
migrate_demo,server,3,12648375,102480,,333000,4294967295,
migrate_demo,server,3,12653659,102480,,333000,4294967295,
migrate_demo,server,3,12658861,102480,,333000,4294967295,
migrate_demo,server,3,12664097,102480,,333000,4294967295,
migrate_demo,server,3,12669348,102480,,333000,4294967295,
migrate_demo,server,3,12674647,102480,,333000,4294967295,
migrate_demo,server,3,12679940,102480,,333000,4294967295,
migrate_demo,server,3,12685264,102480,,333000,4294967295,
migrate_demo,server,3,12690469,102480,,333000,4294967295,
migrate_demo,server,3,12695661,102480,,333000,4294967295,
migrate_demo,server,3,12700833,102480,,333000,4294967295,
migrate_demo,server,3,12706077,102480,,333000,4294967295,
migrate_demo,server,3,12711337,102480,,333000,4294967295,
migrate_demo,server,3,12716616,103700,,333000,4294967295,
migrate_demo,server,3,12721874,103700,,333000,4294967295,
migrate_demo,server,3,12727121,103700,,333000,4294967295,
migrate_demo,server,3,12732351,103700,,333000,4294967295,
migrate_demo,server,3,12737651,103700,,333000,4294967295,
migrate_demo,server,3,12742982,103700,,333000,4294967295,
migrate_demo,server,3,12748241,103700,,333000,4294967295,
migrate_demo,server,3,12753504,103700,,333000,4294967295,
migrate_demo,server,3,12758748,103700,,333000,4294967295,
migrate_demo,server,3,12763979,103700,,333000,4294967295,
migrate_demo,server,3,12769280,103700,,333000,4294967295,
migrate_demo,server,3,12774523,103700,,333000,4294967295,
migrate_demo,server,3,12779790,104920,,333000,4294967295,
migrate_demo,server,3,12785039,104920,,333000,4294967295,
migrate_demo,server,3,12790277,104920,,333000,4294967295,
migrate_demo,server,3,12795516,104920,,333000,4294967295,
migrate_demo,server,3,12800756,104920,,333000,4294967295,
migrate_demo,server,3,12806057,104920,,333000,4294967295,
migrate_demo,server,3,12811345,104920,,333000,4294967295,
migrate_demo,server,3,12816639,104920,,333000,4294967295,
migrate_demo,server,3,12821882,104920,,333000,4294967295,
migrate_demo,server,3,12827085,104920,,333000,4294967295,
migrate_demo,server,3,12832300,104920,,333000,4294967295,
migrate_demo,server,3,12837654,104920,,333000,4294967295,
migrate_demo,server,3,12842900,104920,,333000,4294967295,
migrate_demo,server,3,12848181,104920,,333000,4294967295,
migrate_demo,server,3,12853421,104920,,333000,4294967295,
migrate_demo,server,3,12858721,106140,,333000,4294967295,
migrate_demo,server,3,12863956,106140,,333000,4294967295,
migrate_demo,server,3,12869218,106140,,333000,4294967295,
migrate_demo,server,3,12874451,106140,,333000,4294967295,
migrate_demo,server,3,12879787,106140,,333000,4294967295,
migrate_demo,server,3,12885342,106140,,333000,4294967295,
migrate_demo,server,3,12890631,106140,,333000,4294967295,
migrate_demo,server,3,12895900,106140,,333000,4294967295,
migrate_demo,server,3,12901136,106140,,333000,4294967295,
migrate_demo,server,3,12906377,106140,,333000,4294967295,
migrate_demo,server,3,12911563,107360,,333000,4294967295,
migrate_demo,server,3,12916805,107360,,333000,4294967295,
migrate_demo,server,3,12922055,107360,,333000,4294967295,
migrate_demo,server,3,12927305,107360,,333000,4294967295,
migrate_demo,server,3,12932531,107360,,333000,4294967295,
migrate_demo,server,3,12937767,107360,,333000,4294967295,
migrate_demo,server,3,12943056,107360,,333000,4294967295,
migrate_demo,server,3,12948374,107360,,333000,4294967295,
migrate_demo,server,3,12953568,107360,,333000,4294967295,
migrate_demo,server,3,12958824,107360,,333000,4294967295,
migrate_demo,server,3,12964036,107360,,333000,4294967295,
migrate_demo,server,3,12969295,107360,,333000,4294967295,
migrate_demo,server,3,12974561,107360,,333000,4294967295,
migrate_demo,server,3,12979824,107360,,333000,4294967295,
migrate_demo,server,3,12985077,107360,,333000,4294967295,
migrate_demo,server,3,12990380,108580,,333000,4294967295,
migrate_demo,server,3,12995584,108580,,333000,4294967295,
migrate_demo,server,3,13000850,108580,,333000,4294967295,
migrate_demo,server,3,13006090,108580,,333000,4294967295,
migrate_demo,server,3,13011306,108580,,333000,4294967295,
migrate_demo,server,3,13016531,108580,,333000,4294967295,
migrate_demo,server,3,13021833,108580,,333000,4294967295,
migrate_demo,server,3,13027136,108580,,333000,4294967295,
migrate_demo,server,3,13032395,108580,,333000,4294967295,
migrate_demo,server,3,13037614,108580,,333000,4294967295,
migrate_demo,server,3,13042913,109800,,333000,4294967295,
migrate_demo,server,3,13048203,109800,,333000,4294967295,
migrate_demo,server,3,13053509,109800,,333000,4294967295,
migrate_demo,server,3,13058772,109800,,333000,4294967295,
migrate_demo,server,3,13064053,109800,,333000,4294967295,
migrate_demo,server,3,13069338,109800,,333000,4294967295,
migrate_demo,server,3,13074692,109800,,333000,4294967295,
migrate_demo,server,3,13080132,109800,,333000,4294967295,
migrate_demo,server,3,13085378,109800,,333000,4294967295,
migrate_demo,server,3,13090587,109800,,333000,4294967295,
migrate_demo,server,3,13095803,109800,,333000,4294967295,
migrate_demo,server,3,13101092,109800,,333000,4294967295,
migrate_demo,server,3,13106374,109800,,333000,4294967295,
migrate_demo,server,3,13111630,109800,,333000,4294967295,
migrate_demo,server,3,13116849,109800,,333000,4294967295,
migrate_demo,server,3,13122091,111020,,333000,4294967295,
migrate_demo,server,3,13127522,111020,,333000,4294967295,
migrate_demo,server,3,13132799,111020,,333000,4294967295,
migrate_demo,server,3,13138054,111020,,333000,4294967295,
migrate_demo,server,3,13143263,111020,,333000,4294967295,
migrate_demo,server,3,13148517,111020,,333000,4294967295,
migrate_demo,server,3,13153833,111020,,333000,4294967295,
migrate_demo,server,3,13159115,111020,,333000,4294967295,
migrate_demo,server,3,13164447,111020,,333000,4294967295,
migrate_demo,server,3,13169828,111020,,333000,4294967295,
migrate_demo,server,3,13175225,112240,,333000,4294967295,
migrate_demo,server,3,13180679,112240,,333000,4294967295,
migrate_demo,server,3,13186070,112240,,333000,4294967295,
migrate_demo,server,3,13191435,112240,,333000,4294967295,
migrate_demo,server,3,13196904,112240,,333000,4294967295,
migrate_demo,server,3,13202170,112240,,333000,4294967295,
migrate_demo,server,3,13207428,112240,,333000,4294967295,
migrate_demo,server,3,13212697,112240,,333000,4294967295,
migrate_demo,server,3,13217934,112240,,333000,4294967295,
migrate_demo,server,3,13223343,113460,,333000,4294967295,
migrate_demo,server,3,13228647,113460,,333000,4294967295,
migrate_demo,server,3,13233964,113460,,333000,4294967295,
migrate_demo,server,3,13239219,113460,,333000,4294967295,
migrate_demo,server,3,13244548,113460,,333000,4294967295,
migrate_demo,server,3,13249963,113460,,333000,4294967295,
migrate_demo,server,3,13255289,113460,,333000,4294967295,
migrate_demo,server,3,13260531,113460,,333000,4294967295,
migrate_demo,server,3,13265766,113460,,333000,4294967295,
migrate_demo,server,3,13270967,113460,,333000,4294967295,
migrate_demo,server,3,13276259,113460,,333000,4294967295,
migrate_demo,server,3,13281642,113460,,333000,4294967295,
migrate_demo,server,3,13286858,113460,,333000,4294967295,
migrate_demo,server,3,13292169,113460,,333000,4294967295,
migrate_demo,server,3,13297391,113460,,333000,4294967295,
migrate_demo,server,3,13302704,114680,,333000,4294967295,
migrate_demo,server,3,13308008,114680,,333000,4294967295,
migrate_demo,server,3,13313479,114680,,333000,4294967295,
migrate_demo,server,3,13318765,114680,,333000,4294967295,
migrate_demo,server,3,13324040,114680,,333000,4294967295,
migrate_demo,server,3,13329329,114680,,333000,4294967295,
migrate_demo,server,3,13334561,114680,,333000,4294967295,
migrate_demo,server,3,13339910,114680,,333000,4294967295,
migrate_demo,server,3,13345225,114680,,333000,4294967295,
migrate_demo,server,3,13350452,114680,,333000,4294967295,
migrate_demo,server,3,13355675,115900,,333000,4294967295,
migrate_demo,server,3,13361013,115900,,333000,4294967295,
migrate_demo,server,3,13366296,115900,,333000,4294967295,
migrate_demo,server,3,13371649,115900,,333000,4294967295,
migrate_demo,server,3,13376924,115900,,333000,4294967295,
migrate_demo,server,3,13382207,115900,,333000,4294967295,
migrate_demo,server,3,13387534,115900,,333000,4294967295,
migrate_demo,server,3,13392819,115900,,333000,4294967295,
migrate_demo,server,3,13398134,115900,,333000,4294967295,
migrate_demo,server,3,13403428,115900,,333000,4294967295,
migrate_demo,server,3,13408633,115900,,333000,4294967295,
migrate_demo,server,3,13413852,115900,,333000,4294967295,
migrate_demo,server,3,13419134,115900,,333000,4294967295,
migrate_demo,server,3,13424384,115900,,333000,4294967295,
migrate_demo,server,3,13429596,115900,,333000,4294967295,
migrate_demo,server,3,13434831,117120,,333000,4294967295,
migrate_demo,server,3,13440012,117120,,333000,4294967295,
migrate_demo,server,3,13445283,117120,,333000,4294967295,
migrate_demo,server,3,13450554,117120,,333000,4294967295,
migrate_demo,server,3,13455775,117120,,333000,4294967295,
migrate_demo,server,3,13461004,117120,,333000,4294967295,
migrate_demo,server,3,13466238,117120,,333000,4294967295,
migrate_demo,server,3,13471560,117120,,333000,4294967295,
migrate_demo,server,3,13476797,117120,,333000,4294967295,
migrate_demo,server,3,13482049,117120,,333000,4294967295,
migrate_demo,server,3,13487334,118340,,333000,4294967295,
migrate_demo,server,3,13492628,118340,,333000,4294967295,
migrate_demo,server,3,13497930,118340,,333000,4294967295,
migrate_demo,server,3,13503177,118340,,333000,4294967295,
migrate_demo,server,3,13508356,118340,,333000,4294967295,
migrate_demo,server,3,13513646,118340,,333000,4294967295,
migrate_demo,server,3,13518926,118340,,333000,4294967295,
migrate_demo,server,3,13524181,118340,,333000,4294967295,
migrate_demo,server,3,13529420,118340,,333000,4294967295,
migrate_demo,server,3,13534689,118340,,333000,4294967295,
migrate_demo,server,3,13540120,119560,,333000,4294967295,
migrate_demo,server,3,13545398,119560,,333000,4294967295,
migrate_demo,server,3,13550682,119560,,333000,4294967295,
migrate_demo,server,3,13555956,119560,,333000,4294967295,
migrate_demo,server,3,13561175,119560,,333000,4294967295,
migrate_demo,server,3,13566684,119560,,333000,4294967295,
migrate_demo,server,3,13571918,119560,,333000,4294967295,
migrate_demo,server,3,13577160,119560,,333000,4294967295,
migrate_demo,server,3,13582391,119560,,333000,4294967295,
migrate_demo,server,3,13587595,119560,,333000,4294967295,
migrate_demo,server,3,13592952,119560,,333000,4294967295,
migrate_demo,server,3,13598175,119560,,333000,4294967295,
migrate_demo,server,3,13603479,119560,,333000,4294967295,
migrate_demo,server,3,13608742,119560,,333000,4294967295,
migrate_demo,server,3,13613985,119560,,333000,4294967295,
migrate_demo,server,3,13619525,120780,,333000,4294967295,
migrate_demo,server,3,13624747,120780,,333000,4294967295,
migrate_demo,server,3,13630030,120780,,333000,4294967295,
migrate_demo,server,3,13635234,120780,,333000,4294967295,
migrate_demo,server,3,13640422,120780,,333000,4294967295,
migrate_demo,server,3,13646234,120780,,333000,4294967295,
migrate_demo,server,3,13651442,120780,,333000,4294967295,
migrate_demo,server,3,13656706,120780,,333000,4294967295,
migrate_demo,server,3,13661957,120780,,333000,4294967295,
migrate_demo,server,3,13667171,120780,,333000,4294967295,
migrate_demo,server,3,13672593,122000,,333000,4294967295,
migrate_demo,server,3,13677795,122000,,333000,4294967295,
migrate_demo,server,3,13683031,122000,,333000,4294967295,
migrate_demo,server,3,13688345,122000,,333000,4294967295,
migrate_demo,server,3,13693623,122000,,333000,4294967295,
migrate_demo,server,3,13698870,122000,,333000,4294967295,
migrate_demo,server,3,13704068,122000,,333000,4294967295,
migrate_demo,server,3,13709290,122000,,333000,4294967295,
migrate_demo,server,3,13714515,122000,,333000,4294967295,
migrate_demo,server,3,13719710,122000,,333000,4294967295,
migrate_demo,server,3,13724947,122000,,333000,4294967295,
migrate_demo,server,3,13730188,122000,,333000,4294967295,
migrate_demo,server,3,13735451,122000,,333000,4294967295,
migrate_demo,server,3,13740659,122000,,333000,4294967295,
migrate_demo,server,3,13745862,122000,,333000,4294967295,
migrate_demo,server,3,13751102,123220,,333000,4294967295,
migrate_demo,server,3,13756303,123220,,333000,4294967295,
migrate_demo,server,3,13761551,123220,,333000,4294967295,
migrate_demo,server,3,13766763,123220,,333000,4294967295,
migrate_demo,server,3,13771966,123220,,333000,4294967295,
migrate_demo,server,3,13777221,123220,,333000,4294967295,
migrate_demo,server,3,13782437,123220,,333000,4294967295,
migrate_demo,server,3,13787653,123220,,333000,4294967295,
migrate_demo,server,3,13792896,123220,,333000,4294967295,
migrate_demo,server,3,13798142,123220,,333000,4294967295,
migrate_demo,server,3,13803385,124440,,333000,4294967295,
migrate_demo,server,3,13808590,124440,,333000,4294967295,
migrate_demo,server,3,13813804,124440,,333000,4294967295,
migrate_demo,server,3,13819041,124440,,333000,4294967295,
migrate_demo,server,3,13824272,124440,,333000,4294967295,
migrate_demo,server,3,13829691,124440,,333000,4294967295,
migrate_demo,server,3,13834944,124440,,333000,4294967295,
migrate_demo,server,3,13840110,124440,,333000,4294967295,
migrate_demo,server,3,13845390,124440,,333000,4294967295,
migrate_demo,server,3,13850576,124440,,333000,4294967295,
migrate_demo,server,3,13856270,124440,,333000,4294967295,
migrate_demo,server,3,13861537,124440,,333000,4294967295,
migrate_demo,server,3,13866784,124440,,333000,4294967295,
migrate_demo,server,3,13871976,124440,,333000,4294967295,
migrate_demo,server,3,13877165,124440,,333000,4294967295,
migrate_demo,server,3,13882765,125660,,333000,4294967295,
migrate_demo,server,3,13887999,125660,,333000,4294967295,
migrate_demo,server,3,13893236,125660,,333000,4294967295,
migrate_demo,server,3,13898500,125660,,333000,4294967295,
migrate_demo,server,3,13903725,125660,,333000,4294967295,
migrate_demo,server,3,13909164,125660,,333000,4294967295,
migrate_demo,server,3,13914376,125660,,333000,4294967295,
migrate_demo,server,3,13919617,125660,,333000,4294967295,
migrate_demo,server,3,13924850,125660,,333000,4294967295,
migrate_demo,server,3,13930068,125660,,333000,4294967295,
migrate_demo,server,3,13935827,126880,,333000,4294967295,
migrate_demo,server,3,13941052,126880,,333000,4294967295,
migrate_demo,server,3,13946273,126880,,333000,4294967295,
migrate_demo,server,3,13951504,126880,,333000,4294967295,
migrate_demo,server,3,13956694,126880,,333000,4294967295,
migrate_demo,server,3,13961910,126880,,333000,4294967295,
migrate_demo,server,3,13967102,126880,,333000,4294967295,
migrate_demo,server,3,13972365,126880,,333000,4294967295,
migrate_demo,server,3,13977638,126880,,333000,4294967295,
migrate_demo,server,3,13982889,126880,,333000,4294967295,
migrate_demo,server,3,13988093,126880,,333000,4294967295,
migrate_demo,server,3,13993329,126880,,333000,4294967295,
migrate_demo,server,3,13998564,126880,,333000,4294967295,
migrate_demo,server,3,14003825,126880,,333000,4294967295,
migrate_demo,server,3,14009062,128100,,333000,4294967295,
migrate_demo,server,3,14014253,128100,,333000,4294967295,
migrate_demo,server,3,14019440,128100,,333000,4294967295,
migrate_demo,server,3,14024644,128100,,333000,4294967295,
migrate_demo,server,3,14029865,128100,,333000,4294967295,
migrate_demo,server,3,14035074,128100,,333000,4294967295,
migrate_demo,server,3,14040333,128100,,333000,4294967295,
migrate_demo,server,3,14045564,128100,,333000,4294967295,
migrate_demo,server,3,14050758,128100,,333000,4294967295,
migrate_demo,server,3,14055998,128100,,333000,4294967295,
migrate_demo,server,3,14061206,128100,,333000,4294967295,
migrate_demo,server,3,14066449,128100,,333000,4294967295,
migrate_demo,server,3,14071684,129320,,333000,4294967295,
migrate_demo,server,3,14076849,129320,,333000,4294967295,
migrate_demo,server,3,14082105,129320,,333000,4294967295,
migrate_demo,server,3,14087311,129320,,333000,4294967295,
migrate_demo,server,3,14092549,129320,,333000,4294967295,
migrate_demo,server,3,14097796,129320,,333000,4294967295,
migrate_demo,server,3,14103050,129320,,333000,4294967295,
migrate_demo,server,3,14108318,129320,,333000,4294967295,
migrate_demo,server,3,14113516,129320,,333000,4294967295,
migrate_demo,server,3,14118745,129320,,333000,4294967295,
migrate_demo,server,3,14123980,130540,,333000,4294967295,
migrate_demo,server,3,14129336,130540,,333000,4294967295,
migrate_demo,server,3,14134618,130540,,333000,4294967295,
migrate_demo,server,3,14139837,130540,,333000,4294967295,
migrate_demo,server,3,14145068,130540,,333000,4294967295,
migrate_demo,server,3,14150366,130540,,333000,4294967295,
migrate_demo,server,3,14155579,130540,,333000,4294967295,
migrate_demo,server,3,14160856,130540,,333000,4294967295,
migrate_demo,server,3,14166061,130540,,333000,4294967295,
migrate_demo,server,3,14171295,130540,,333000,4294967295,
migrate_demo,server,3,14176616,130540,,333000,4294967295,
migrate_demo,server,3,14181839,130540,,333000,4294967295,
migrate_demo,server,3,14187116,130540,,333000,4294967295,
migrate_demo,server,3,14192282,130540,,333000,4294967295,
migrate_demo,server,3,14197546,130540,,333000,4294967295,
migrate_demo,server,3,14202728,131760,,333000,4294967295,
migrate_demo,server,3,14207954,131760,,333000,4294967295,
migrate_demo,server,3,14213217,131760,,333000,4294967295,
migrate_demo,server,3,14218430,131760,,333000,4294967295,
migrate_demo,server,3,14223706,131760,,333000,4294967295,
migrate_demo,server,3,14229010,131760,,333000,4294967295,
migrate_demo,server,3,14234267,131760,,333000,4294967295,
migrate_demo,server,3,14239625,131760,,333000,4294967295,
migrate_demo,server,3,14244916,131760,,333000,4294967295,
migrate_demo,server,3,14250244,131760,,333000,4294967295,
migrate_demo,server,3,14255538,132980,,333000,4294967295,
migrate_demo,server,3,14260863,132980,,333000,4294967295,
migrate_demo,server,3,14266107,132980,,333000,4294967295,
migrate_demo,server,3,14271456,132980,,333000,4294967295,
migrate_demo,server,3,14276830,132980,,333000,4294967295,
migrate_demo,server,3,14282026,132980,,333000,4294967295,
migrate_demo,server,3,14287315,132980,,333000,4294967295,
migrate_demo,server,3,14292707,132980,,333000,4294967295,
migrate_demo,server,3,14297936,132980,,333000,4294967295,
migrate_demo,server,3,14303163,132980,,333000,4294967295,
migrate_demo,server,3,14308359,132980,,333000,4294967295,
migrate_demo,server,3,14313572,132980,,333000,4294967295,
migrate_demo,server,3,14318806,132980,,333000,4294967295,
migrate_demo,server,3,14324026,132980,,333000,4294967295,
migrate_demo,server,3,14329306,132980,,333000,4294967295,
migrate_demo,server,3,14334526,134200,,333000,4294967295,
migrate_demo,server,3,14339756,134200,,333000,4294967295,
migrate_demo,server,3,14345044,134200,,333000,4294967295,
migrate_demo,server,3,14350276,134200,,333000,4294967295,
migrate_demo,server,3,14355589,134200,,333000,4294967295,
migrate_demo,server,3,14360831,134200,,333000,4294967295,
migrate_demo,server,3,14366101,134200,,333000,4294967295,
migrate_demo,server,3,14371371,134200,,333000,4294967295,
migrate_demo,server,3,14376678,134200,,333000,4294967295,
migrate_demo,server,3,14381983,134200,,333000,4294967295,
migrate_demo,server,3,14387231,135420,,333000,4294967295,
migrate_demo,server,3,14392500,135420,,333000,4294967295,
migrate_demo,server,3,14397793,135420,,333000,4294967295,
migrate_demo,server,3,14403041,135420,,333000,4294967295,
migrate_demo,server,3,14408851,135420,,333000,4294967295,
migrate_demo,server,3,14414060,135420,,333000,4294967295,
migrate_demo,server,3,14419370,135420,,333000,4294967295,
migrate_demo,server,3,14424591,135420,,333000,4294967295,
migrate_demo,server,3,14429844,135420,,333000,4294967295,
migrate_demo,server,3,14435048,135420,,333000,4294967295,
migrate_demo,server,3,14440360,135420,,333000,4294967295,
migrate_demo,server,3,14445607,135420,,333000,4294967295,
migrate_demo,server,3,14450876,135420,,333000,4294967295,
migrate_demo,server,3,14456223,135420,,333000,4294967295,
migrate_demo,server,3,14461483,136640,,333000,4294967295,
migrate_demo,server,3,14466674,136640,,333000,4294967295,
migrate_demo,server,3,14471932,136640,,333000,4294967295,
migrate_demo,server,3,14477182,136640,,333000,4294967295,
migrate_demo,server,3,14482384,136640,,333000,4294967295,
migrate_demo,server,3,14487547,136640,,333000,4294967295,
migrate_demo,server,3,14492785,136640,,333000,4294967295,
migrate_demo,server,3,14498036,136640,,333000,4294967295,
migrate_demo,server,3,14503281,136640,,333000,4294967295,
migrate_demo,server,3,14508523,136640,,333000,4294967295,
migrate_demo,server,3,14513798,137860,,333000,4294967295,
migrate_demo,server,3,14519102,137860,,333000,4294967295,
migrate_demo,server,3,14524393,137860,,333000,4294967295,
migrate_demo,server,3,14529674,137860,,333000,4294967295,
migrate_demo,server,3,14534949,137860,,333000,4294967295,
migrate_demo,server,3,14540198,137860,,333000,4294967295,
migrate_demo,server,3,14545448,137860,,333000,4294967295,
migrate_demo,server,3,14550718,137860,,333000,4294967295,
migrate_demo,server,3,14555956,137860,,333000,4294967295,
migrate_demo,server,3,14561178,137860,,333000,4294967295,
migrate_demo,server,3,14566478,137860,,333000,4294967295,
migrate_demo,server,3,14571745,137860,,333000,4294967295,
migrate_demo,server,3,14576992,137860,,333000,4294967295,
migrate_demo,server,3,14582241,137860,,333000,4294967295,
migrate_demo,server,3,14587507,137860,,333000,4294967295,
migrate_demo,server,3,14592732,139080,,333000,4294967295,
migrate_demo,server,3,14597947,139080,,333000,4294967295,
migrate_demo,server,3,14603188,139080,,333000,4294967295,
migrate_demo,server,3,14608425,139080,,333000,4294967295,
migrate_demo,server,3,14613624,139080,,333000,4294967295,
migrate_demo,server,3,14618821,139080,,333000,4294967295,
migrate_demo,server,3,14624112,139080,,333000,4294967295,
migrate_demo,server,3,14629467,139080,,333000,4294967295,
migrate_demo,server,3,14634762,139080,,333000,4294967295,
migrate_demo,server,3,14640005,140300,,333000,4294967295,
migrate_demo,server,3,14645312,140300,,333000,4294967295,
migrate_demo,server,3,14650599,140300,,333000,4294967295,
migrate_demo,server,3,14655933,140300,,333000,4294967295,
migrate_demo,server,3,14661204,140300,,333000,4294967295,
migrate_demo,server,3,14666498,140300,,333000,4294967295,
migrate_demo,server,3,14671777,140300,,333000,4294967295,
migrate_demo,server,3,14677063,140300,,333000,4294967295,
migrate_demo,server,3,14682371,140300,,333000,4294967295,
migrate_demo,server,3,14687601,140300,,333000,4294967295,
migrate_demo,server,3,14692826,140300,,333000,4294967295,
migrate_demo,server,3,14698055,140300,,333000,4294967295,
migrate_demo,server,3,14703278,140300,,333000,4294967295,
migrate_demo,server,3,14708530,140300,,333000,4294967295,
migrate_demo,server,3,14713765,140300,,333000,4294967295,
migrate_demo,server,3,14719024,141520,,333000,4294967295,
migrate_demo,server,3,14724230,141520,,333000,4294967295,
migrate_demo,server,3,14729513,141520,,333000,4294967295,
migrate_demo,server,3,14734761,141520,,333000,4294967295,
migrate_demo,server,3,14740038,141520,,333000,4294967295,
migrate_demo,server,3,14745277,141520,,333000,4294967295,
migrate_demo,server,3,14750532,141520,,333000,4294967295,
migrate_demo,server,3,14755765,141520,,333000,4294967295,
migrate_demo,server,3,14761010,141520,,333000,4294967295,
migrate_demo,server,3,14766232,141520,,333000,4294967295,
migrate_demo,server,3,14771459,141520,,333000,4294967295,
migrate_demo,server,3,14776646,141520,,333000,4294967295,
migrate_demo,server,3,14781896,141520,,333000,4294967295,
migrate_demo,server,3,14787177,141520,,333000,4294967295,
migrate_demo,server,3,14792495,142740,,333000,4294967295,
migrate_demo,server,3,14797718,142740,,333000,4294967295,
migrate_demo,server,3,14802961,142740,,333000,4294967295,
migrate_demo,server,3,14808230,142740,,333000,4294967295,
migrate_demo,server,3,14813726,142740,,333000,4294967295,
migrate_demo,server,3,14818938,142740,,333000,4294967295,
migrate_demo,server,3,14824191,142740,,333000,4294967295,
migrate_demo,server,3,14829499,142740,,333000,4294967295,
migrate_demo,server,3,14834844,142740,,333000,4294967295,
migrate_demo,server,3,14840135,143960,,333000,4294967295,
migrate_demo,server,3,14845375,143960,,333000,4294967295,
migrate_demo,server,3,14850609,143960,,333000,4294967295,
migrate_demo,server,3,14855894,143960,,333000,4294967295,
migrate_demo,server,3,14861187,143960,,333000,4294967295,
migrate_demo,server,3,14866419,143960,,333000,4294967295,
migrate_demo,server,3,14871693,143960,,333000,4294967295,
migrate_demo,server,3,14876959,143960,,333000,4294967295,
migrate_demo,server,3,14882231,143960,,333000,4294967295,
migrate_demo,server,3,14887484,143960,,333000,4294967295,
migrate_demo,server,3,14892749,143960,,333000,4294967295,
migrate_demo,server,3,14898003,143960,,333000,4294967295,
migrate_demo,server,3,14903431,143960,,333000,4294967295,
migrate_demo,server,3,14908636,143960,,333000,4294967295,
migrate_demo,server,3,14913910,145180,,333000,4294967295,
migrate_demo,server,3,14919148,145180,,333000,4294967295,
migrate_demo,server,3,14924396,145180,,333000,4294967295,
migrate_demo,server,3,14929614,145180,,333000,4294967295,
migrate_demo,server,3,14934910,145180,,333000,4294967295,
migrate_demo,server,3,14940157,145180,,333000,4294967295,
migrate_demo,server,3,14945389,145180,,333000,4294967295,
migrate_demo,server,3,14950655,145180,,333000,4294967295,
migrate_demo,server,3,14955903,145180,,333000,4294967295,
migrate_demo,server,3,14961165,145180,,333000,4294967295,
migrate_demo,server,3,14966414,145180,,333000,4294967295,
migrate_demo,server,3,14971687,145180,,333000,4294967295,
migrate_demo,server,3,14976979,145180,,333000,4294967295,
migrate_demo,server,3,14982260,145180,,333000,4294967295,
migrate_demo,server,3,14987538,146400,,333000,4294967295,
migrate_demo,server,3,14992924,146400,,333000,4294967295,
migrate_demo,server,3,14998216,146400,,333000,4294967295,
migrate_demo,server,3,15003443,146400,,333000,4294967295,
migrate_demo,server,3,15008684,146400,,333000,4294967295,
migrate_demo,server,3,15013964,146400,,333000,4294967295,
migrate_demo,server,3,15019203,146400,,333000,4294967295,
migrate_demo,server,3,15024394,146400,,333000,4294967295,
migrate_demo,server,3,15029636,146400,,333000,4294967295,
migrate_demo,server,3,15034858,146400,,333000,4294967295,
migrate_demo,server,3,15040068,146400,,333000,4294967295,
migrate_demo,server,3,15045609,147620,,333000,4294967295,
migrate_demo,server,3,15050790,147620,,333000,4294967295,
migrate_demo,server,3,15056071,147620,,333000,4294967295,
migrate_demo,server,3,15061428,147620,,333000,4294967295,
migrate_demo,server,3,15066648,147620,,333000,4294967295,
migrate_demo,server,3,15071865,147620,,333000,4294967295,
migrate_demo,server,3,15077118,147620,,333000,4294967295,
migrate_demo,server,3,15082357,147620,,333000,4294967295,
migrate_demo,server,3,15087597,147620,,333000,4294967295,
migrate_demo,server,3,15092808,148840,,333000,4294967295,
migrate_demo,server,3,15098091,148840,,333000,4294967295,
migrate_demo,server,3,15103294,148840,,333000,4294967295,
migrate_demo,server,3,15108557,148840,,333000,4294967295,
migrate_demo,server,3,15113767,148840,,333000,4294967295,
migrate_demo,server,3,15119035,148840,,333000,4294967295,
migrate_demo,server,3,15124278,148840,,333000,4294967295,
migrate_demo,server,3,15129528,148840,,333000,4294967295,
migrate_demo,server,3,15134786,148840,,333000,4294967295,
migrate_demo,server,3,15139995,148840,,333000,4294967295,
migrate_demo,server,3,15145284,148840,,333000,4294967295,
migrate_demo,server,3,15150538,148840,,333000,4294967295,
migrate_demo,server,3,15155806,148840,,333000,4294967295,
migrate_demo,server,3,15161083,148840,,333000,4294967295,
migrate_demo,server,3,15166331,150060,,333000,4294967295,
migrate_demo,server,3,15171604,150060,,333000,4294967295,
migrate_demo,server,3,15176823,150060,,333000,4294967295,
migrate_demo,server,3,15182140,150060,,333000,4294967295,
migrate_demo,server,3,15187454,150060,,333000,4294967295,
migrate_demo,server,3,15192736,150060,,333000,4294967295,
migrate_demo,server,3,15198031,150060,,333000,4294967295,
migrate_demo,server,3,15203288,150060,,333000,4294967295,
migrate_demo,server,3,15208701,150060,,333000,4294967295,
migrate_demo,server,3,15213939,150060,,333000,4294967295,
migrate_demo,server,3,15219241,150060,,333000,4294967295,
migrate_demo,server,3,15224460,150060,,333000,4294967295,
migrate_demo,server,3,15229705,150060,,333000,4294967295,
migrate_demo,server,3,15235003,151280,,333000,4294967295,
migrate_demo,server,3,15240231,151280,,333000,4294967295,
migrate_demo,server,3,15245503,151280,,333000,4294967295,
migrate_demo,server,3,15250744,151280,,333000,4294967295,
migrate_demo,server,3,15255995,151280,,333000,4294967295,
migrate_demo,server,3,15261304,151280,,333000,4294967295,
migrate_demo,server,3,15266469,151280,,333000,4294967295,
migrate_demo,server,3,15271754,151280,,333000,4294967295,
migrate_demo,server,3,15277020,151280,,333000,4294967295,
migrate_demo,server,3,15282258,151280,,333000,4294967295,
migrate_demo,server,3,15287518,151280,,333000,4294967295,
migrate_demo,server,3,15292771,151280,,333000,4294967295,
migrate_demo,server,3,15297980,151280,,333000,4294967295,
migrate_demo,server,3,15304357,152500,,333000,4294967295,
migrate_demo,server,3,15309603,152500,,333000,4294967295,
migrate_demo,server,3,15314864,152500,,333000,4294967295,
migrate_demo,server,3,15320155,152500,,333000,4294967295,
migrate_demo,server,3,15325403,152500,,333000,4294967295,
migrate_demo,server,3,15330621,152500,,333000,4294967295,
migrate_demo,server,3,15335950,152500,,333000,4294967295,
migrate_demo,server,3,15341174,152500,,333000,4294967295,
migrate_demo,server,3,15346423,152511,,333000,4294967295,
migrate_demo,server,3,15351638,152511,,333000,4294967295,
migrate_demo,server,3,15356841,152511,,333000,4294967295,
migrate_demo,server,3,15362044,152511,,333000,4294967295,
migrate_demo,server,3,15367297,152511,,333000,4294967295,
migrate_demo,server,3,15372495,152533,,333000,4294967295,
migrate_demo,server,3,15377695,152533,,333000,4294967295,
migrate_demo,server,3,15382902,152533,,333000,4294967295,
migrate_demo,server,3,15388119,152533,,333000,4294967295,
migrate_demo,server,3,15393402,152567,,333000,4294967295,
migrate_demo,server,3,15398682,152567,,333000,4294967295,
migrate_demo,server,3,15403942,152567,,333000,4294967295,
migrate_demo,server,3,15409190,152567,,333000,4294967295,
migrate_demo,server,3,15414557,152613,,333000,4294967295,
migrate_demo,server,3,15419762,152613,,333000,4294967295,
migrate_demo,server,3,15425011,152613,,333000,4294967295,
migrate_demo,server,3,15430277,152613,,333000,4294967295,
migrate_demo,server,3,15435510,152613,,333000,4294967295,
migrate_demo,server,3,15440704,152671,,333000,4294967295,
migrate_demo,server,3,15445935,152671,,333000,4294967295,
migrate_demo,server,3,15451164,152671,,333000,4294967295,
migrate_demo,server,3,15456382,152671,,333000,4294967295,
migrate_demo,server,3,15461639,152740,,333000,4294967295,
migrate_demo,server,3,15466918,152740,,333000,4294967295,
migrate_demo,server,3,15472124,152740,,333000,4294967295,
migrate_demo,server,3,15477366,152740,,333000,4294967295,
migrate_demo,server,3,15482869,152821,,333000,4294967295,
migrate_demo,server,3,15488083,152821,,333000,4294967295,
migrate_demo,server,3,15493392,152821,,333000,4294967295,
migrate_demo,server,3,15498612,152821,,333000,4294967295,
migrate_demo,server,3,15503865,152821,,333000,4294967295,
migrate_demo,server,3,15509176,152914,,333000,4294967295,
migrate_demo,server,3,15514428,152914,,333000,4294967295,
migrate_demo,server,3,15519697,152914,,333000,4294967295,
migrate_demo,server,3,15524939,152914,,333000,4294967295,
migrate_demo,server,3,15530179,153018,,333000,4294967295,
migrate_demo,server,3,15535495,153018,,333000,4294967295,
migrate_demo,server,3,15540747,153018,,333000,4294967295,
migrate_demo,server,3,15546011,153018,,333000,4294967295,
migrate_demo,server,3,15551208,153134,,333000,4294967295,
migrate_demo,server,3,15556497,153134,,333000,4294967295,
migrate_demo,server,3,15561760,153134,,333000,4294967295,
migrate_demo,server,3,15567000,153134,,333000,4294967295,
migrate_demo,server,3,15572277,153134,,333000,4294967295,
migrate_demo,server,3,15577555,153262,,333000,4294967295,
migrate_demo,server,3,15582777,153262,,333000,4294967295,
migrate_demo,server,3,15588000,153262,,333000,4294967295,
migrate_demo,server,3,15593246,153262,,333000,4294967295,
migrate_demo,server,3,15598465,153402,,333000,4294967295,
migrate_demo,server,3,15603673,153402,,333000,4294967295,
migrate_demo,server,3,15609085,153402,,333000,4294967295,
migrate_demo,server,3,15614280,153402,,333000,4294967295,
migrate_demo,server,3,15619537,153553,,333000,4294967295,
migrate_demo,server,3,15624792,153553,,333000,4294967295,
migrate_demo,server,3,15630056,153553,,333000,4294967295,
migrate_demo,server,3,15635286,153553,,333000,4294967295,
migrate_demo,server,3,15640491,153553,,333000,4294967295,
migrate_demo,server,3,15645751,153715,,333000,4294967295,
migrate_demo,server,3,15650978,153715,,333000,4294967295,
migrate_demo,server,3,15656164,153715,,333000,4294967295,
migrate_demo,server,3,15661440,153715,,333000,4294967295,
migrate_demo,server,3,15666682,153889,,333000,4294967295,
migrate_demo,server,3,15671883,153889,,333000,4294967295,
migrate_demo,server,3,15677142,153889,,333000,4294967295,
migrate_demo,server,3,15682359,153889,,333000,4294967295,
migrate_demo,server,3,15687523,154075,,333000,4294967295,
migrate_demo,server,3,15692728,154075,,333000,4294967295,
migrate_demo,server,3,15697935,154075,,333000,4294967295,
migrate_demo,server,3,15703139,154075,,333000,4294967295,
migrate_demo,server,3,15708389,154075,,333000,4294967295,
migrate_demo,server,3,15713629,154271,,333000,4294967295,
migrate_demo,server,3,15718868,154271,,333000,4294967295,
migrate_demo,server,3,15724113,154271,,333000,4294967295,
migrate_demo,server,3,15729394,154271,,333000,4294967295,
migrate_demo,server,3,15734654,154479,,333000,4294967295,
migrate_demo,server,3,15739888,154479,,333000,4294967295,
migrate_demo,server,3,15745100,154479,,333000,4294967295,
migrate_demo,server,3,15750313,154479,,333000,4294967295,
migrate_demo,server,3,15755515,154698,,333000,4294967295,
migrate_demo,server,3,15760735,154698,,333000,4294967295,
migrate_demo,server,3,15765939,154698,,333000,4294967295,
migrate_demo,server,3,15771161,154698,,333000,4294967295,
migrate_demo,server,3,15776371,154698,,333000,4294967295,
migrate_demo,server,3,15781606,154928,,333000,4294967295,
migrate_demo,server,3,15786889,154928,,333000,4294967295,
migrate_demo,server,3,15792172,154928,,333000,4294967295,
migrate_demo,server,3,15797416,154928,,333000,4294967295,
migrate_demo,server,3,15802687,155169,,333000,4294967295,
migrate_demo,server,3,15807976,155169,,333000,4294967295,
migrate_demo,server,3,15813194,155169,,333000,4294967295,
migrate_demo,server,3,15818457,155169,,333000,4294967295,
migrate_demo,server,3,15823665,155422,,333000,4294967295,
migrate_demo,server,3,15828862,155422,,333000,4294967295,
migrate_demo,server,3,15834108,155422,,333000,4294967295,
migrate_demo,server,3,15839327,155422,,333000,4294967295,
migrate_demo,server,3,15844544,155422,,333000,4294967295,
migrate_demo,server,3,15849800,155685,,333000,4294967295,
migrate_demo,server,3,15855047,155685,,333000,4294967295,
migrate_demo,server,3,15860302,155685,,333000,4294967295,
migrate_demo,server,3,15865495,155685,,333000,4294967295,
migrate_demo,server,3,15870726,155959,,333000,4294967295,
migrate_demo,server,3,15875969,155959,,333000,4294967295,
migrate_demo,server,3,15881219,155959,,333000,4294967295,
migrate_demo,server,3,15886485,156240,,333000,4294967295,
migrate_demo,server,3,15891729,156240,,333000,4294967295,
migrate_demo,server,3,15896969,156240,,333000,4294967295,
migrate_demo,server,3,15902264,156240,,333000,4294967295,
migrate_demo,server,3,15907503,156532,,333000,4294967295,
migrate_demo,server,3,15912830,156532,,333000,4294967295,
migrate_demo,server,3,15918115,156827,,333000,4294967295,
migrate_demo,server,3,15923329,156827,,333000,4294967295,
migrate_demo,server,3,15928610,156827,,333000,4294967295,
migrate_demo,server,3,15933803,156827,,333000,4294967295,
migrate_demo,server,3,15939054,156827,,333000,4294967295,
migrate_demo,server,3,15944343,157133,,333000,4294967295,
migrate_demo,server,3,15949688,157133,,333000,4294967295,
migrate_demo,server,3,15954915,157133,,333000,4294967295,
migrate_demo,server,3,15960115,157133,,333000,4294967295,
migrate_demo,server,3,15965506,157450,,333000,4294967295,
migrate_demo,server,3,15970739,157450,,333000,4294967295,
migrate_demo,server,3,15976009,157450,,333000,4294967295,
migrate_demo,server,3,15981260,157450,,333000,4294967295,
migrate_demo,server,3,15986498,157777,,333000,4294967295,
migrate_demo,server,3,15991773,157777,,333000,4294967295,
migrate_demo,server,3,15997109,157777,,333000,4294967295,
migrate_demo,server,3,16002318,157777,,333000,4294967295,
migrate_demo,server,3,16007614,157777,,333000,4294967295,
migrate_demo,server,3,16012957,158115,,333000,4294967295,
migrate_demo,server,3,16018199,158115,,333000,4294967295,
migrate_demo,server,3,16023506,158115,,333000,4294967295,
migrate_demo,server,3,16028771,158115,,333000,4294967295,
migrate_demo,server,3,16034051,158464,,333000,4294967295,
migrate_demo,server,3,16039338,158464,,333000,4294967295,
migrate_demo,server,3,16044592,158464,,333000,4294967295,
migrate_demo,server,3,16049863,158464,,333000,4294967295,
migrate_demo,server,3,16055105,158823,,333000,4294967295,
migrate_demo,server,3,16060305,158823,,333000,4294967295,
migrate_demo,server,3,16065534,158823,,333000,4294967295,
migrate_demo,server,3,16070764,158823,,333000,4294967295,
migrate_demo,server,3,16076152,158823,,333000,4294967295,
migrate_demo,server,3,16081429,159192,,333000,4294967295,
migrate_demo,server,3,16086656,159192,,333000,4294967295,
migrate_demo,server,3,16091891,159192,,333000,4294967295,
migrate_demo,server,3,16097151,159192,,333000,4294967295,
migrate_demo,server,3,16102341,159572,,333000,4294967295,
migrate_demo,server,3,16107627,159572,,333000,4294967295,
migrate_demo,server,3,16112923,159572,,333000,4294967295,
migrate_demo,server,3,16118180,159572,,333000,4294967295,
migrate_demo,server,3,16123474,159962,,333000,4294967295,
migrate_demo,server,3,16128724,159962,,333000,4294967295,
migrate_demo,server,3,16133965,159962,,333000,4294967295,
migrate_demo,server,3,16139226,159962,,333000,4294967295,
migrate_demo,server,3,16144416,160362,,333000,4294967295,
migrate_demo,server,3,16149691,160362,,333000,4294967295,
migrate_demo,server,3,16154928,160362,,333000,4294967295,
migrate_demo,server,3,16160245,160362,,333000,4294967295,
migrate_demo,server,3,16165491,160362,,333000,4294967295,
migrate_demo,server,3,16170801,160772,,333000,4294967295,
migrate_demo,server,3,16176043,160772,,333000,4294967295,
migrate_demo,server,3,16181329,160772,,333000,4294967295,
migrate_demo,server,3,16186635,160772,,333000,4294967295,
migrate_demo,server,3,16191900,161192,,333000,4294967295,
migrate_demo,server,3,16197153,161192,,333000,4294967295,
migrate_demo,server,3,16202387,161192,,333000,4294967295,
migrate_demo,server,3,16207571,161192,,333000,4294967295,
migrate_demo,server,3,16213226,161622,,333000,4294967295,
migrate_demo,server,3,16218460,161622,,333000,4294967295,
migrate_demo,server,3,16223671,161622,,333000,4294967295,
migrate_demo,server,3,16228927,161622,,333000,4294967295,
migrate_demo,server,3,16234223,161622,,333000,4294967295,
migrate_demo,server,3,16239508,162062,,333000,4294967295,
migrate_demo,server,3,16244724,162062,,333000,4294967295,
migrate_demo,server,3,16249977,162062,,333000,4294967295,
migrate_demo,server,3,16255241,162062,,333000,4294967295,
migrate_demo,server,3,16260524,162512,,333000,4294967295,
migrate_demo,server,3,16265766,162512,,333000,4294967295,
migrate_demo,server,3,16271154,162512,,333000,4294967295,
migrate_demo,server,3,16276426,162512,,333000,4294967295,
migrate_demo,server,3,16281654,162972,,333000,4294967295,
migrate_demo,server,3,16286970,162972,,333000,4294967295,
migrate_demo,server,3,16292242,162972,,333000,4294967295,
migrate_demo,server,3,16297580,162972,,333000,4294967295,
migrate_demo,server,3,16302795,162972,,333000,4294967295,
migrate_demo,server,3,16308074,163441,,333000,4294967295,
migrate_demo,server,3,16313303,163441,,333000,4294967295,
migrate_demo,server,3,16318477,163441,,333000,4294967295,
migrate_demo,server,3,16323679,163441,,333000,4294967295,
migrate_demo,server,3,16328898,163920,,333000,4294967295,
migrate_demo,server,3,16334150,163920,,333000,4294967295,
migrate_demo,server,3,16339400,163920,,333000,4294967295,
migrate_demo,server,3,16344652,163920,,333000,4294967295,
migrate_demo,server,3,16349822,164408,,333000,4294967295,
migrate_demo,server,3,16354970,164408,,333000,4294967295,
migrate_demo,server,3,16360147,164408,,333000,4294967295,
migrate_demo,server,3,16365337,164408,,333000,4294967295,
migrate_demo,server,3,16370572,164408,,333000,4294967295,
migrate_demo,server,3,16375779,164905,,333000,4294967295,
migrate_demo,server,3,16380980,164905,,333000,4294967295,
migrate_demo,server,3,16386215,164905,,333000,4294967295,
migrate_demo,server,3,16391430,164905,,333000,4294967295,
migrate_demo,server,3,16396663,165412,,333000,4294967295,
migrate_demo,server,3,16401904,165412,,333000,4294967295,
migrate_demo,server,3,16407194,165412,,333000,4294967295,
migrate_demo,server,3,16412425,165412,,333000,4294967295,
migrate_demo,server,3,16417707,165928,,333000,4294967295,
migrate_demo,server,3,16422913,165928,,333000,4294967295,
migrate_demo,server,3,16428128,165928,,333000,4294967295,
migrate_demo,server,3,16433338,165928,,333000,4294967295,
migrate_demo,server,3,16438662,165928,,333000,4294967295,
migrate_demo,server,3,16443882,166454,,333000,4294967295,
migrate_demo,server,3,16449140,166454,,333000,4294967295,
migrate_demo,server,3,16454343,166454,,333000,4294967295,
migrate_demo,server,3,16459514,166454,,333000,4294967295,
migrate_demo,server,3,16464750,166988,,333000,4294967295,
migrate_demo,server,3,16469933,166988,,333000,4294967295,
migrate_demo,server,3,16475115,166988,,333000,4294967295,
migrate_demo,server,3,16480362,166988,,333000,4294967295,
migrate_demo,server,3,16485908,167532,,333000,4294967295,
migrate_demo,server,3,16491075,167532,,333000,4294967295,
migrate_demo,server,3,16496218,167532,,333000,4294967295,
migrate_demo,server,3,16501440,167532,,333000,4294967295,
migrate_demo,server,3,16506595,167532,,333000,4294967295,
migrate_demo,server,3,16511729,168085,,333000,4294967295,
migrate_demo,server,3,16516872,168085,,333000,4294967295,
migrate_demo,server,3,16522117,168085,,333000,4294967295,
migrate_demo,server,3,16527284,168085,,333000,4294967295,
migrate_demo,server,3,16532572,168646,,333000,4294967295,
migrate_demo,server,3,16537780,168646,,333000,4294967295,
migrate_demo,server,3,16542978,168646,,333000,4294967295,
migrate_demo,server,3,16548173,168646,,333000,4294967295,
migrate_demo,server,3,16553706,169216,,333000,4294967295,
migrate_demo,server,3,16558882,169216,,333000,4294967295,
migrate_demo,server,3,16564067,169216,,333000,4294967295,
migrate_demo,server,3,16569274,169216,,333000,4294967295,
migrate_demo,server,3,16574396,169216,,333000,4294967295,
migrate_demo,server,3,16579552,169795,,333000,4294967295,
migrate_demo,server,3,16584685,169795,,333000,4294967295,
migrate_demo,server,3,16589825,169795,,333000,4294967295,
migrate_demo,server,3,16594944,169795,,333000,4294967295,
migrate_demo,server,3,16600098,170383,,333000,4294967295,
migrate_demo,server,3,16605253,170383,,333000,4294967295,
migrate_demo,server,3,16610448,170383,,333000,4294967295,
migrate_demo,server,3,16615611,170383,,333000,4294967295,
migrate_demo,server,3,16620750,170383,,333000,4294967295,
migrate_demo,server,3,16625913,170980,,333000,4294967295,
migrate_demo,server,3,16631091,170980,,333000,4294967295,
migrate_demo,server,3,16636299,170980,,333000,4294967295,
migrate_demo,server,3,16641457,170980,,333000,4294967295,
migrate_demo,server,3,16646610,171585,,333000,4294967295,
migrate_demo,server,3,16651806,171585,,333000,4294967295,
migrate_demo,server,3,16656980,171585,,333000,4294967295,
migrate_demo,server,3,16662174,171585,,333000,4294967295,
migrate_demo,server,3,16667696,172194,,333000,4294967295,
migrate_demo,server,3,16672848,172194,,333000,4294967295,
migrate_demo,server,3,16677993,172194,,333000,4294967295,
migrate_demo,server,3,16683176,172194,,333000,4294967295,
migrate_demo,server,3,16688382,172194,,333000,4294967295,
migrate_demo,server,3,16693593,172804,,333000,4294967295,
migrate_demo,server,3,16698799,172804,,333000,4294967295,
migrate_demo,server,3,16703966,172804,,333000,4294967295,
migrate_demo,server,3,16709112,172804,,333000,4294967295,
migrate_demo,server,3,16714313,173414,,333000,4294967295,
migrate_demo,server,3,16719502,173414,,333000,4294967295,
migrate_demo,server,3,16724671,173414,,333000,4294967295,
migrate_demo,server,3,16729837,173414,,333000,4294967295,
migrate_demo,server,3,16735346,174024,,333000,4294967295,
migrate_demo,server,3,16740522,174024,,333000,4294967295,
migrate_demo,server,3,16745681,174024,,333000,4294967295,
migrate_demo,server,3,16750900,174024,,333000,4294967295,
migrate_demo,server,3,16756035,174024,,333000,4294967295,
migrate_demo,server,3,16761203,174634,,333000,4294967295,
migrate_demo,server,3,16766366,174634,,333000,4294967295,
migrate_demo,server,3,16771497,174634,,333000,4294967295,
migrate_demo,server,3,16776656,174634,,333000,4294967295,
migrate_demo,server,3,16781795,175244,,333000,4294967295,
migrate_demo,server,3,16786934,175244,,333000,4294967295,
migrate_demo,server,3,16792104,175244,,333000,4294967295,
migrate_demo,server,3,16797280,175244,,333000,4294967295,
migrate_demo,server,3,16802430,175244,,333000,4294967295,
migrate_demo,server,3,16807580,176464,,333000,4294967295,
migrate_demo,server,3,16812770,176464,,333000,4294967295,
migrate_demo,server,3,16817989,176464,,333000,4294967295,
migrate_demo,server,3,16823148,176464,,333000,4294967295,
migrate_demo,server,3,16828308,176464,,333000,4294967295,
migrate_demo,server,3,16833541,177074,,333000,4294967295,
migrate_demo,server,3,16838731,177074,,333000,4294967295,
migrate_demo,server,3,16843918,177074,,333000,4294967295,
migrate_demo,server,3,16849138,177074,,333000,4294967295,
migrate_demo,server,3,16854292,177684,,333000,4294967295,
migrate_demo,server,3,16859458,177684,,333000,4294967295,
migrate_demo,server,3,16864619,177684,,333000,4294967295,
migrate_demo,server,3,16869783,177684,,333000,4294967295,
migrate_demo,server,3,16875295,178294,,333000,4294967295,
migrate_demo,server,3,16880507,178294,,333000,4294967295,
migrate_demo,server,3,16885674,178294,,333000,4294967295,
migrate_demo,server,3,16890838,178294,,333000,4294967295,
migrate_demo,server,3,16896000,178294,,333000,4294967295,
migrate_demo,server,3,16901176,178904,,333000,4294967295,
migrate_demo,server,3,16906341,178904,,333000,4294967295,
migrate_demo,server,3,16911555,178904,,333000,4294967295,
migrate_demo,server,3,16916724,178904,,333000,4294967295,
migrate_demo,server,3,16921873,179514,,333000,4294967295,
migrate_demo,server,3,16927136,179514,,333000,4294967295,
migrate_demo,server,3,16932313,179514,,333000,4294967295,
migrate_demo,server,3,16937536,179514,,333000,4294967295,
migrate_demo,server,3,16942727,179514,,333000,4294967295,
migrate_demo,server,3,16947946,180124,,333000,4294967295,
migrate_demo,server,3,16953227,180124,,333000,4294967295,
migrate_demo,server,3,16958409,180124,,333000,4294967295,
migrate_demo,server,3,16963563,180124,,333000,4294967295,
migrate_demo,server,3,16968756,180734,,333000,4294967295,
migrate_demo,server,3,16973914,180734,,333000,4294967295,
migrate_demo,server,3,16979155,180734,,333000,4294967295,
migrate_demo,server,3,16984346,180734,,333000,4294967295,
migrate_demo,server,3,16989579,181344,,333000,4294967295,
migrate_demo,server,3,16994779,181344,,333000,4294967295,
migrate_demo,server,3,16999938,181344,,333000,4294967295,
migrate_demo,server,3,17005202,181344,,333000,4294967295,
migrate_demo,server,3,17010342,181344,,333000,4294967295,
migrate_demo,server,3,17015573,181954,,333000,4294967295,
migrate_demo,server,3,17020767,181954,,333000,4294967295,
migrate_demo,server,3,17025948,181954,,333000,4294967295,
migrate_demo,server,3,17031110,181954,,333000,4294967295,
migrate_demo,server,3,17036260,182564,,333000,4294967295,
migrate_demo,server,3,17041394,182564,,333000,4294967295,
migrate_demo,server,3,17046606,182564,,333000,4294967295,
migrate_demo,server,3,17051782,182564,,333000,4294967295,
migrate_demo,server,3,17056943,183174,,333000,4294967295,
migrate_demo,server,3,17062100,183174,,333000,4294967295,
migrate_demo,server,3,17067325,183174,,333000,4294967295,
migrate_demo,server,3,17072542,183174,,333000,4294967295,
migrate_demo,server,3,17077699,183174,,333000,4294967295,
migrate_demo,server,3,17082899,183784,,333000,4294967295,
migrate_demo,server,3,17088074,183784,,333000,4294967295,
migrate_demo,server,3,17093241,183784,,333000,4294967295,
migrate_demo,server,3,17098452,183784,,333000,4294967295,
migrate_demo,server,3,17103690,184394,,333000,4294967295,
migrate_demo,server,3,17108842,184394,,333000,4294967295,
migrate_demo,server,3,17114015,184394,,333000,4294967295,
migrate_demo,server,3,17119211,184394,,333000,4294967295,
migrate_demo,server,3,17124381,184394,,333000,4294967295,
migrate_demo,server,3,17129562,185004,,333000,4294967295,
migrate_demo,server,3,17134763,185004,,333000,4294967295,
migrate_demo,server,3,17139987,185004,,333000,4294967295,
migrate_demo,server,3,17145162,185004,,333000,4294967295,
migrate_demo,server,3,17150408,185614,,333000,4294967295,
migrate_demo,server,3,17155674,185614,,333000,4294967295,
migrate_demo,server,3,17160939,185614,,333000,4294967295,
migrate_demo,server,3,17166207,185614,,333000,4294967295,
migrate_demo,server,3,17171383,186224,,333000,4294967295,
migrate_demo,server,3,17176609,186224,,333000,4294967295,
migrate_demo,server,3,17181843,186224,,333000,4294967295,
migrate_demo,server,3,17187058,186224,,333000,4294967295,
migrate_demo,server,3,17192273,186224,,333000,4294967295,
migrate_demo,server,3,17197578,186834,,333000,4294967295,
migrate_demo,server,3,17202839,186834,,333000,4294967295,
migrate_demo,server,3,17208073,186834,,333000,4294967295,
migrate_demo,server,3,17213277,186834,,333000,4294967295,
migrate_demo,server,3,17218523,187444,,333000,4294967295,
migrate_demo,server,3,17223798,187444,,333000,4294967295,
migrate_demo,server,3,17228980,187444,,333000,4294967295,
migrate_demo,server,3,17234191,187444,,333000,4294967295,
migrate_demo,server,3,17239406,188054,,333000,4294967295,
migrate_demo,server,3,17244579,188054,,333000,4294967295,
migrate_demo,server,3,17249725,188054,,333000,4294967295,
migrate_demo,server,3,17254900,188054,,333000,4294967295,
migrate_demo,server,3,17260126,188054,,333000,4294967295,
migrate_demo,server,3,17265320,188664,,333000,4294967295,
migrate_demo,server,3,17270502,188664,,333000,4294967295,
migrate_demo,server,3,17275741,188664,,333000,4294967295,
migrate_demo,server,3,17280933,188664,,333000,4294967295,
migrate_demo,server,3,17286142,189274,,333000,4294967295,
migrate_demo,server,3,17291422,189274,,333000,4294967295,
migrate_demo,server,3,17296612,189274,,333000,4294967295,
migrate_demo,server,3,17301814,189274,,333000,4294967295,
migrate_demo,server,3,17306972,189884,,333000,4294967295,
migrate_demo,server,3,17312195,189884,,333000,4294967295,
migrate_demo,server,3,17317436,189884,,333000,4294967295,
migrate_demo,server,3,17322592,189884,,333000,4294967295,
migrate_demo,server,3,17327780,189884,,333000,4294967295,
migrate_demo,server,3,17332976,190494,,333000,4294967295,
migrate_demo,server,3,17338200,190494,,333000,4294967295,
migrate_demo,server,3,17343401,190494,,333000,4294967295,
migrate_demo,server,3,17348665,190494,,333000,4294967295,
migrate_demo,server,3,17353874,191104,,333000,4294967295,
migrate_demo,server,3,17359120,191104,,333000,4294967295,
migrate_demo,server,3,17364311,191104,,333000,4294967295,
migrate_demo,server,3,17369498,191104,,333000,4294967295,
migrate_demo,server,3,17374913,191714,,333000,4294967295,
migrate_demo,server,3,17380108,191714,,333000,4294967295,
migrate_demo,server,3,17385342,191714,,333000,4294967295,
migrate_demo,server,3,17390606,191714,,333000,4294967295,
migrate_demo,server,3,17395858,191714,,333000,4294967295,
migrate_demo,server,3,17401086,192324,,333000,4294967295,
migrate_demo,server,3,17406361,192324,,333000,4294967295,
migrate_demo,server,3,17411624,192324,,333000,4294967295,
migrate_demo,server,3,17416858,192324,,333000,4294967295,
migrate_demo,server,3,17422091,192934,,333000,4294967295,
migrate_demo,server,3,17427321,192934,,333000,4294967295,
migrate_demo,server,3,17432540,192934,,333000,4294967295,
migrate_demo,server,3,17437776,192934,,333000,4294967295,
migrate_demo,server,3,17443526,193544,,333000,4294967295,
migrate_demo,server,3,17448713,193544,,333000,4294967295,
migrate_demo,server,3,17453902,193544,,333000,4294967295,
migrate_demo,server,3,17459146,193544,,333000,4294967295,
migrate_demo,server,3,17464328,193544,,333000,4294967295,
migrate_demo,server,3,17469560,194154,,333000,4294967295,
migrate_demo,server,3,17474744,194154,,333000,4294967295,
migrate_demo,server,3,17479955,194154,,333000,4294967295,
migrate_demo,server,3,17485130,194154,,333000,4294967295,
migrate_demo,server,3,17490294,194764,,333000,4294967295,
migrate_demo,server,3,17495498,194764,,333000,4294967295,
migrate_demo,server,3,17500680,194764,,333000,4294967295,
migrate_demo,server,3,17505855,194764,,333000,4294967295,
migrate_demo,server,3,17511257,195374,,333000,4294967295,
migrate_demo,server,3,17516448,195374,,333000,4294967295,
migrate_demo,server,3,17521617,195374,,333000,4294967295,
migrate_demo,server,3,17526831,195374,,333000,4294967295,
migrate_demo,server,3,17532016,195374,,333000,4294967295,
migrate_demo,server,3,17537275,195984,,333000,4294967295,
migrate_demo,server,3,17542467,195984,,333000,4294967295,
migrate_demo,server,3,17547612,195984,,333000,4294967295,
migrate_demo,server,3,17552781,195984,,333000,4294967295,
migrate_demo,server,3,17557955,196594,,333000,4294967295,
migrate_demo,server,3,17563113,196594,,333000,4294967295,
migrate_demo,server,3,17568311,196594,,333000,4294967295,
migrate_demo,server,3,17573466,196594,,333000,4294967295,
migrate_demo,server,3,17578607,196594,,333000,4294967295,
migrate_demo,server,3,17583766,197204,,333000,4294967295,
migrate_demo,server,3,17588934,197204,,333000,4294967295,
migrate_demo,server,3,17594115,197204,,333000,4294967295,
migrate_demo,server,3,17599320,197204,,333000,4294967295,
migrate_demo,server,3,17604574,197814,,333000,4294967295,
migrate_demo,server,3,17609733,197814,,333000,4294967295,
migrate_demo,server,3,17614925,197814,,333000,4294967295,
migrate_demo,server,3,17620086,197814,,333000,4294967295,
migrate_demo,server,3,17625250,198424,,333000,4294967295,
migrate_demo,server,3,17630424,198424,,333000,4294967295,
migrate_demo,server,3,17635578,198424,,333000,4294967295,
migrate_demo,server,3,17640800,198424,,333000,4294967295,
migrate_demo,server,3,17645994,198424,,333000,4294967295,
migrate_demo,server,3,17651177,199034,,333000,4294967295,
migrate_demo,server,3,17656374,199034,,333000,4294967295,
migrate_demo,server,3,17661540,199644,,333000,4294967295,
migrate_demo,server,3,17666712,199644,,333000,4294967295,
migrate_demo,server,3,17671868,199644,,333000,4294967295,
migrate_demo,server,3,17677043,199644,,333000,4294967295,
migrate_demo,server,3,17682224,199644,,333000,4294967295,
migrate_demo,server,3,17687416,200254,,333000,4294967295,
migrate_demo,server,3,17692626,200254,,333000,4294967295,
migrate_demo,server,3,17697834,200864,,333000,4294967295,
migrate_demo,server,3,17703065,200864,,333000,4294967295,
migrate_demo,server,3,17708262,200864,,333000,4294967295,
migrate_demo,server,3,17713490,200864,,333000,4294967295,
migrate_demo,server,3,17718628,200864,,333000,4294967295,
migrate_demo,server,3,17723888,201474,,333000,4294967295,
migrate_demo,server,3,17729088,201474,,333000,4294967295,
migrate_demo,server,3,17734247,201474,,333000,4294967295,
migrate_demo,server,3,17739415,201474,,333000,4294967295,
migrate_demo,server,3,17744558,202084,,333000,4294967295,
migrate_demo,server,3,17749754,202084,,333000,4294967295,
migrate_demo,server,3,17754922,202084,,333000,4294967295,
migrate_demo,server,3,17760121,202084,,333000,4294967295,
migrate_demo,server,3,17765329,202694,,333000,4294967295,
migrate_demo,server,3,17770548,202694,,333000,4294967295,
migrate_demo,server,3,17775738,202694,,333000,4294967295,
migrate_demo,server,3,17780967,202694,,333000,4294967295,
migrate_demo,server,3,17786152,202694,,333000,4294967295,
migrate_demo,server,3,17791347,203304,,333000,4294967295,
migrate_demo,server,3,17796535,203304,,333000,4294967295,
migrate_demo,server,3,17801717,203304,,333000,4294967295,
migrate_demo,server,3,17806925,203304,,333000,4294967295,
migrate_demo,server,3,17812145,203914,,333000,4294967295,
migrate_demo,server,3,17817303,203914,,333000,4294967295,
migrate_demo,server,3,17822503,203914,,333000,4294967295,
migrate_demo,server,3,17827675,203914,,333000,4294967295,
migrate_demo,server,3,17832830,204524,,333000,4294967295,
migrate_demo,server,3,17838134,204524,,333000,4294967295,
migrate_demo,server,3,17843338,204524,,333000,4294967295,
migrate_demo,server,3,17848515,204524,,333000,4294967295,
migrate_demo,server,3,17853710,204524,,333000,4294967295,
migrate_demo,server,3,17859012,205134,,333000,4294967295,
migrate_demo,server,3,17864195,205134,,333000,4294967295,
migrate_demo,server,3,17869432,205134,,333000,4294967295,
migrate_demo,server,3,17874610,205134,,333000,4294967295,
migrate_demo,server,3,17879776,205744,,333000,4294967295,
migrate_demo,server,3,17885015,205744,,333000,4294967295,
migrate_demo,server,3,17890220,205744,,333000,4294967295,
migrate_demo,server,3,17895392,205744,,333000,4294967295,
migrate_demo,server,3,17900677,206354,,333000,4294967295,
migrate_demo,server,3,17905859,206354,,333000,4294967295,
migrate_demo,server,3,17911167,206354,,333000,4294967295,
migrate_demo,server,3,17916407,206354,,333000,4294967295,
migrate_demo,server,3,17921621,206354,,333000,4294967295,
migrate_demo,server,3,17926851,206964,,333000,4294967295,
migrate_demo,server,3,17932060,206964,,333000,4294967295,
migrate_demo,server,3,17937243,206964,,333000,4294967295,
migrate_demo,server,3,17942449,206964,,333000,4294967295,
migrate_demo,server,3,17947720,207574,,333000,4294967295,
migrate_demo,server,3,17952908,207574,,333000,4294967295,
migrate_demo,server,3,17958072,207574,,333000,4294967295,
migrate_demo,server,3,17963289,207574,,333000,4294967295,
migrate_demo,server,3,17968583,207574,,333000,4294967295,
migrate_demo,server,3,17973792,208184,,333000,4294967295,
migrate_demo,server,3,17979019,208184,,333000,4294967295,
migrate_demo,server,3,17984239,208184,,333000,4294967295,
migrate_demo,server,3,17989436,208184,,333000,4294967295,
migrate_demo,server,3,17994681,208794,,333000,4294967295,
migrate_demo,server,3,17999874,208794,,333000,4294967295,
migrate_demo,server,3,18005045,208794,,333000,4294967295,
migrate_demo,server,3,18010195,208794,,333000,4294967295,
migrate_demo,server,3,18015363,209404,,333000,4294967295,
migrate_demo,server,3,18020585,209404,,333000,4294967295,
migrate_demo,server,3,18025787,209404,,333000,4294967295,
migrate_demo,server,3,18031042,209404,,333000,4294967295,
migrate_demo,server,3,18036214,209404,,333000,4294967295,
migrate_demo,server,3,18041408,210014,,333000,4294967295,
migrate_demo,server,3,18046555,210014,,333000,4294967295,
migrate_demo,server,3,18051734,210014,,333000,4294967295,
migrate_demo,server,3,18056952,210014,,333000,4294967295,
migrate_demo,server,3,18062171,210624,,333000,4294967295,
migrate_demo,server,3,18067368,210624,,333000,4294967295,
migrate_demo,server,3,18072575,210624,,333000,4294967295,
migrate_demo,server,3,18077796,210624,,333000,4294967295,
migrate_demo,server,3,18083025,211234,,333000,4294967295,
migrate_demo,server,3,18088197,211234,,333000,4294967295,
migrate_demo,server,3,18093407,211234,,333000,4294967295,
migrate_demo,server,3,18098597,211234,,333000,4294967295,
migrate_demo,server,3,18103754,211234,,333000,4294967295,
migrate_demo,server,3,18108981,211844,,333000,4294967295,
migrate_demo,server,3,18114169,211844,,333000,4294967295,
migrate_demo,server,3,18119358,211844,,333000,4294967295,
migrate_demo,server,3,18124515,211844,,333000,4294967295,
migrate_demo,server,3,18129700,212454,,333000,4294967295,
migrate_demo,server,3,18134874,212454,,333000,4294967295,
migrate_demo,server,3,18139988,212454,,333000,4294967295,
migrate_demo,server,3,18145174,212454,,333000,4294967295,
migrate_demo,server,3,18150711,213064,,333000,4294967295,
migrate_demo,server,3,18155945,213064,,333000,4294967295,
migrate_demo,server,3,18161123,213064,,333000,4294967295,
migrate_demo,server,3,18166305,213064,,333000,4294967295,
migrate_demo,server,3,18171504,213064,,333000,4294967295,
migrate_demo,server,3,18176713,213674,,333000,4294967295,
migrate_demo,server,3,18181842,213674,,333000,4294967295,
migrate_demo,server,3,18187029,213674,,333000,4294967295,
migrate_demo,server,3,18192230,213674,,333000,4294967295,
migrate_demo,server,3,18197419,214284,,333000,4294967295,
migrate_demo,server,3,18202640,214284,,333000,4294967295,
migrate_demo,server,3,18207811,214284,,333000,4294967295,
migrate_demo,server,3,18212991,214284,,333000,4294967295,
migrate_demo,server,3,18218176,214284,,333000,4294967295,
migrate_demo,server,3,18223482,214894,,333000,4294967295,
migrate_demo,server,3,18228636,214894,,333000,4294967295,
migrate_demo,server,3,18233853,214894,,333000,4294967295,
migrate_demo,server,3,18239045,214894,,333000,4294967295,
migrate_demo,server,3,18244233,215504,,333000,4294967295,
migrate_demo,server,3,18249411,215504,,333000,4294967295,
migrate_demo,server,3,18254617,215504,,333000,4294967295,
migrate_demo,server,3,18259790,215504,,333000,4294967295,
migrate_demo,server,3,18264987,216114,,333000,4294967295,
migrate_demo,server,3,18270229,216114,,333000,4294967295,
migrate_demo,server,3,18275393,216114,,333000,4294967295,
migrate_demo,server,3,18280601,216114,,333000,4294967295,
migrate_demo,server,3,18285757,216114,,333000,4294967295,
migrate_demo,server,3,18291031,216724,,333000,4294967295,
migrate_demo,server,3,18296228,216724,,333000,4294967295,
migrate_demo,server,3,18301431,216724,,333000,4294967295,
migrate_demo,server,3,18306685,216724,,333000,4294967295,
migrate_demo,server,3,18311928,217334,,333000,4294967295,
migrate_demo,server,3,18317135,217334,,333000,4294967295,
migrate_demo,server,3,18322321,217334,,333000,4294967295,
migrate_demo,server,3,18327532,217334,,333000,4294967295,
migrate_demo,server,3,18332811,217944,,333000,4294967295,
migrate_demo,server,3,18338004,217944,,333000,4294967295,
migrate_demo,server,3,18343161,217944,,333000,4294967295,
migrate_demo,server,3,18348321,217944,,333000,4294967295,
migrate_demo,server,3,18353521,217944,,333000,4294967295,
migrate_demo,server,3,18358751,218554,,333000,4294967295,
migrate_demo,server,3,18363924,218554,,333000,4294967295,
migrate_demo,server,3,18369162,218554,,333000,4294967295,
migrate_demo,server,3,18374361,218554,,333000,4294967295,
migrate_demo,server,3,18379511,219164,,333000,4294967295,
migrate_demo,server,3,18384837,219164,,333000,4294967295,
migrate_demo,server,3,18390028,219164,,333000,4294967295,
migrate_demo,server,3,18395176,219164,,333000,4294967295,
migrate_demo,server,3,18400709,219774,,333000,4294967295,
migrate_demo,server,3,18405856,219774,,333000,4294967295,
migrate_demo,server,3,18411066,219774,,333000,4294967295,
migrate_demo,server,3,18416250,219774,,333000,4294967295,
migrate_demo,server,3,18421509,219774,,333000,4294967295,
migrate_demo,server,3,18426736,220384,,333000,4294967295,
migrate_demo,server,3,18431919,220384,,333000,4294967295,
migrate_demo,server,3,18437082,220384,,333000,4294967295,
migrate_demo,server,3,18442228,220384,,333000,4294967295,
migrate_demo,server,3,18447418,220994,,333000,4294967295,
migrate_demo,server,3,18452527,220994,,333000,4294967295,
migrate_demo,server,3,18457657,220994,,333000,4294967295,
migrate_demo,server,3,18462833,220994,,333000,4294967295,
migrate_demo,server,3,18467996,220994,,333000,4294967295,
migrate_demo,server,3,18473148,221604,,333000,4294967295,
migrate_demo,server,3,18478391,221604,,333000,4294967295,
migrate_demo,server,3,18483614,221604,,333000,4294967295,
migrate_demo,server,3,18488798,221604,,333000,4294967295,
migrate_demo,server,3,18494018,222214,,333000,4294967295,
migrate_demo,server,3,18499193,222214,,333000,4294967295,
migrate_demo,server,3,18504366,222214,,333000,4294967295,
migrate_demo,server,3,18509578,222214,,333000,4294967295,
migrate_demo,server,3,18514794,222824,,333000,4294967295,
migrate_demo,server,3,18519958,222824,,333000,4294967295,
migrate_demo,server,3,18525099,222824,,333000,4294967295,
migrate_demo,server,3,18530343,222824,,333000,4294967295,
migrate_demo,server,3,18535511,222824,,333000,4294967295,
migrate_demo,server,3,18540736,223434,,333000,4294967295,
migrate_demo,server,3,18545934,223434,,333000,4294967295,
migrate_demo,server,3,18551110,223434,,333000,4294967295,
migrate_demo,server,3,18556259,223434,,333000,4294967295,
migrate_demo,server,3,18561474,224044,,333000,4294967295,
migrate_demo,server,3,18566742,224044,,333000,4294967295,
migrate_demo,server,3,18571942,224044,,333000,4294967295,
migrate_demo,server,3,18577174,224044,,333000,4294967295,
migrate_demo,server,3,18582432,224654,,333000,4294967295,
migrate_demo,server,3,18587618,225264,,333000,4294967295,
migrate_demo,server,3,18592838,225264,,333000,4294967295,
migrate_demo,server,3,18598023,225264,,333000,4294967295,
migrate_demo,server,3,18603200,225264,,333000,4294967295,
migrate_demo,server,3,18608687,225874,,333000,4294967295,
migrate_demo,server,3,18613877,225874,,333000,4294967295,
migrate_demo,server,3,18619102,225874,,333000,4294967295,
migrate_demo,server,3,18624269,225874,,333000,4294967295,
migrate_demo,server,3,18629453,225874,,333000,4294967295,
migrate_demo,server,3,18634680,226484,,333000,4294967295,
migrate_demo,server,3,18639874,226484,,333000,4294967295,
migrate_demo,server,3,18645085,226484,,333000,4294967295,
migrate_demo,server,3,18650233,226484,,333000,4294967295,
migrate_demo,server,3,18655440,227094,,333000,4294967295,
migrate_demo,server,3,18660607,227094,,333000,4294967295,
migrate_demo,server,3,18665735,227094,,333000,4294967295,
migrate_demo,server,3,18670957,227094,,333000,4294967295,
migrate_demo,server,3,18676106,227094,,333000,4294967295,
migrate_demo,server,3,18681270,227704,,333000,4294967295,
migrate_demo,server,3,18686480,227704,,333000,4294967295,
migrate_demo,server,3,18691736,227704,,333000,4294967295,
migrate_demo,server,3,18696929,227704,,333000,4294967295,
migrate_demo,server,3,18702149,228314,,333000,4294967295,
migrate_demo,server,3,18707362,228314,,333000,4294967295,
migrate_demo,server,3,18712531,228314,,333000,4294967295,
migrate_demo,server,3,18717693,228314,,333000,4294967295,
migrate_demo,server,3,18722844,228924,,333000,4294967295,
migrate_demo,server,3,18727991,228924,,333000,4294967295,
migrate_demo,server,3,18733137,228924,,333000,4294967295,
migrate_demo,server,3,18738409,228924,,333000,4294967295,
migrate_demo,server,3,18743595,228924,,333000,4294967295,
migrate_demo,server,3,18748807,229534,,333000,4294967295,
migrate_demo,server,3,18753964,229534,,333000,4294967295,
migrate_demo,server,3,18759144,229534,,333000,4294967295,
migrate_demo,server,3,18764303,229534,,333000,4294967295,
migrate_demo,server,3,18769519,230144,,333000,4294967295,
migrate_demo,server,3,18774674,230144,,333000,4294967295,
migrate_demo,server,3,18779849,230144,,333000,4294967295,
migrate_demo,server,3,18785010,230144,,333000,4294967295,
migrate_demo,server,3,18790465,230754,,333000,4294967295,
migrate_demo,server,3,18795736,230754,,333000,4294967295,
migrate_demo,server,3,18800907,230754,,333000,4294967295,
migrate_demo,server,3,18806056,230754,,333000,4294967295,
migrate_demo,server,3,18811204,230754,,333000,4294967295,
migrate_demo,server,3,18816418,231364,,333000,4294967295,
migrate_demo,server,3,18821577,231364,,333000,4294967295,
migrate_demo,server,3,18826765,231364,,333000,4294967295,
migrate_demo,server,3,18831957,231364,,333000,4294967295,
migrate_demo,server,3,18837158,231974,,333000,4294967295,
migrate_demo,server,3,18842360,231974,,333000,4294967295,
migrate_demo,server,3,18847554,231974,,333000,4294967295,
migrate_demo,server,3,18852819,231974,,333000,4294967295,
migrate_demo,server,3,18858322,232584,,333000,4294967295,
migrate_demo,server,3,18863611,232584,,333000,4294967295,
migrate_demo,server,3,18868764,232584,,333000,4294967295,
migrate_demo,server,3,18873970,232584,,333000,4294967295,
migrate_demo,server,3,18879208,232584,,333000,4294967295,
migrate_demo,server,3,18884441,233194,,333000,4294967295,
migrate_demo,server,3,18889589,233194,,333000,4294967295,
migrate_demo,server,3,18894769,233194,,333000,4294967295,
migrate_demo,server,3,18899951,233194,,333000,4294967295,
migrate_demo,server,3,18905092,233804,,333000,4294967295,
migrate_demo,server,3,18910209,233804,,333000,4294967295,
migrate_demo,server,3,18915390,233804,,333000,4294967295,
migrate_demo,server,3,18920551,233804,,333000,4294967295,
migrate_demo,server,3,18925702,233804,,333000,4294967295,
migrate_demo,server,3,18930874,234414,,333000,4294967295,
migrate_demo,server,3,18936042,234414,,333000,4294967295,
migrate_demo,server,3,18941193,234414,,333000,4294967295,
migrate_demo,server,3,18946331,234414,,333000,4294967295,
migrate_demo,server,3,18951478,235024,,333000,4294967295,
migrate_demo,server,3,18956665,235024,,333000,4294967295,
migrate_demo,server,3,18961860,235024,,333000,4294967295,
migrate_demo,server,3,18967033,235024,,333000,4294967295,
migrate_demo,server,3,18972245,235634,,333000,4294967295,
migrate_demo,server,3,18977450,235634,,333000,4294967295,
migrate_demo,server,3,18982610,235634,,333000,4294967295,
migrate_demo,server,3,18987793,235634,,333000,4294967295,
migrate_demo,server,3,18992985,235634,,333000,4294967295,
migrate_demo,server,3,18998234,236244,,333000,4294967295,
migrate_demo,server,3,19003421,236244,,333000,4294967295,
migrate_demo,server,3,19008639,236244,,333000,4294967295,
migrate_demo,server,3,19013854,236244,,333000,4294967295,
migrate_demo,server,3,19019065,236854,,333000,4294967295,
migrate_demo,server,3,19024232,236854,,333000,4294967295,
migrate_demo,server,3,19029446,236854,,333000,4294967295,
migrate_demo,server,3,19034630,236854,,333000,4294967295,
migrate_demo,server,3,19039970,236854,,333000,4294967295,
migrate_demo,server,3,19045227,237464,,333000,4294967295,
migrate_demo,server,3,19050404,237464,,333000,4294967295,
migrate_demo,server,3,19055657,237464,,333000,4294967295,
migrate_demo,server,3,19060865,237464,,333000,4294967295,
migrate_demo,server,3,19066050,238074,,333000,4294967295,
migrate_demo,server,3,19071267,238074,,333000,4294967295,
migrate_demo,server,3,19076444,238074,,333000,4294967295,
migrate_demo,server,3,19081638,238074,,333000,4294967295,
migrate_demo,server,3,19086861,238684,,333000,4294967295,
migrate_demo,server,3,19092092,238684,,333000,4294967295,
migrate_demo,server,3,19097309,238684,,333000,4294967295,
migrate_demo,server,3,19102472,238684,,333000,4294967295,
migrate_demo,server,3,19107657,238684,,333000,4294967295,
migrate_demo,server,3,19112858,239294,,333000,4294967295,
migrate_demo,server,3,19118034,239294,,333000,4294967295,
migrate_demo,server,3,19123207,239294,,333000,4294967295,
migrate_demo,server,3,19128373,239294,,333000,4294967295,
migrate_demo,server,3,19133542,239904,,333000,4294967295,
migrate_demo,server,3,19138706,239904,,333000,4294967295,
migrate_demo,server,3,19143864,239904,,333000,4294967295,
migrate_demo,server,3,19149069,239904,,333000,4294967295,
migrate_demo,server,3,19154287,240514,,333000,4294967295,
migrate_demo,server,3,19159465,240514,,333000,4294967295,
migrate_demo,server,3,19164728,240514,,333000,4294967295,
migrate_demo,server,3,19169909,240514,,333000,4294967295,
migrate_demo,server,3,19175097,240514,,333000,4294967295,
migrate_demo,server,3,19180273,241124,,333000,4294967295,
migrate_demo,server,3,19185504,241124,,333000,4294967295,
migrate_demo,server,3,19190678,241124,,333000,4294967295,
migrate_demo,server,3,19195840,241124,,333000,4294967295,
migrate_demo,server,3,19201037,241734,,333000,4294967295,
migrate_demo,server,3,19206194,241734,,333000,4294967295,
migrate_demo,server,3,19211384,241734,,333000,4294967295,
migrate_demo,server,3,19216549,241734,,333000,4294967295,
migrate_demo,server,3,19221957,242344,,333000,4294967295,
migrate_demo,server,3,19227111,242344,,333000,4294967295,
migrate_demo,server,3,19232259,242344,,333000,4294967295,
migrate_demo,server,3,19237470,242344,,333000,4294967295,
migrate_demo,server,3,19242638,242344,,333000,4294967295,
migrate_demo,server,3,19247819,242954,,333000,4294967295,
migrate_demo,server,3,19252980,242954,,333000,4294967295,
migrate_demo,server,3,19258165,242954,,333000,4294967295,
migrate_demo,server,3,19263319,242954,,333000,4294967295,
migrate_demo,server,3,19268471,243564,,333000,4294967295,
migrate_demo,server,3,19273624,243564,,333000,4294967295,
migrate_demo,server,3,19278798,243564,,333000,4294967295,
migrate_demo,server,3,19284052,243564,,333000,4294967295,
migrate_demo,server,3,19289193,243564,,333000,4294967295,
migrate_demo,server,3,19294466,244174,,333000,4294967295,
migrate_demo,server,3,19299670,244174,,333000,4294967295,
migrate_demo,server,3,19304818,244174,,333000,4294967295,
migrate_demo,server,3,19310143,244174,,333000,4294967295,
migrate_demo,server,3,19315352,244784,,333000,4294967295,
migrate_demo,server,3,19320567,244784,,333000,4294967295,
migrate_demo,server,3,19325768,244784,,333000,4294967295,
migrate_demo,server,3,19330953,244784,,333000,4294967295,
migrate_demo,server,3,19336239,245394,,333000,4294967295,
migrate_demo,server,3,19341417,245394,,333000,4294967295,
migrate_demo,server,3,19346633,245394,,333000,4294967295,
migrate_demo,server,3,19351808,245394,,333000,4294967295,
migrate_demo,server,3,19357060,245394,,333000,4294967295,
migrate_demo,server,3,19362239,246004,,333000,4294967295,
migrate_demo,server,3,19367677,246004,,333000,4294967295,
migrate_demo,server,3,19372877,246004,,333000,4294967295,
migrate_demo,server,3,19378002,246004,,333000,4294967295,
migrate_demo,server,3,19383205,246614,,333000,4294967295,
migrate_demo,server,3,19388337,246614,,333000,4294967295,
migrate_demo,server,3,19393503,246614,,333000,4294967295,
migrate_demo,server,3,19398754,246614,,333000,4294967295,
migrate_demo,server,3,19403983,247224,,333000,4294967295,
migrate_demo,server,3,19409187,247224,,333000,4294967295,
migrate_demo,server,3,19414405,247224,,333000,4294967295,
migrate_demo,server,3,19419640,247224,,333000,4294967295,
migrate_demo,server,3,19424829,247224,,333000,4294967295,
migrate_demo,server,3,19430098,247834,,333000,4294967295,
migrate_demo,server,3,19435364,247834,,333000,4294967295,
migrate_demo,server,3,19440635,248444,,333000,4294967295,
migrate_demo,server,3,19445912,248444,,333000,4294967295,
migrate_demo,server,3,19451132,248444,,333000,4294967295,
migrate_demo,server,3,19456375,248444,,333000,4294967295,
migrate_demo,server,3,19461668,248444,,333000,4294967295,
migrate_demo,server,3,19466975,249054,,333000,4294967295,
migrate_demo,server,3,19472209,249054,,333000,4294967295,
migrate_demo,server,3,19477533,249664,,333000,4294967295,
migrate_demo,server,3,19482786,249664,,333000,4294967295,
migrate_demo,server,3,19488056,249664,,333000,4294967295,
migrate_demo,server,3,19493259,249664,,333000,4294967295,
migrate_demo,server,3,19498559,250274,,333000,4294967295,
migrate_demo,server,3,19503865,250274,,333000,4294967295,
migrate_demo,server,3,19509149,250274,,333000,4294967295,
migrate_demo,server,3,19514413,250274,,333000,4294967295,
migrate_demo,server,3,19519618,250274,,333000,4294967295,
migrate_demo,server,3,19524837,250884,,333000,4294967295,
migrate_demo,server,3,19530158,250884,,333000,4294967295,
migrate_demo,server,3,19535415,250884,,333000,4294967295,
migrate_demo,server,3,19540613,250884,,333000,4294967295,
migrate_demo,server,3,19545836,251494,,333000,4294967295,
migrate_demo,server,3,19550987,251494,,333000,4294967295,
migrate_demo,server,3,19556179,251494,,333000,4294967295,
migrate_demo,server,3,19561461,251494,,333000,4294967295,
migrate_demo,server,3,19566667,252104,,333000,4294967295,
migrate_demo,server,3,19571846,252104,,333000,4294967295,
migrate_demo,server,3,19577056,252104,,333000,4294967295,
migrate_demo,server,3,19582208,252104,,333000,4294967295,
migrate_demo,server,3,19587444,252104,,333000,4294967295,
migrate_demo,server,3,19592689,252714,,333000,4294967295,
migrate_demo,server,3,19597850,252714,,333000,4294967295,
migrate_demo,server,3,19603048,252714,,333000,4294967295,
migrate_demo,server,3,19608254,252714,,333000,4294967295,
migrate_demo,server,3,19613522,253324,,333000,4294967295,
migrate_demo,server,3,19618790,253324,,333000,4294967295,
migrate_demo,server,3,19623970,253324,,333000,4294967295,
migrate_demo,server,3,19629191,253324,,333000,4294967295,
migrate_demo,server,3,19634856,253934,,333000,4294967295,
migrate_demo,server,3,19640028,253934,,333000,4294967295,
migrate_demo,server,3,19645197,253934,,333000,4294967295,
migrate_demo,server,3,19650383,253934,,333000,4294967295,
migrate_demo,server,3,19655549,253934,,333000,4294967295,
migrate_demo,server,3,19660704,254544,,333000,4294967295,
migrate_demo,server,3,19665823,254544,,333000,4294967295,
migrate_demo,server,3,19671013,254544,,333000,4294967295,
migrate_demo,server,3,19676218,254544,,333000,4294967295,
migrate_demo,server,3,19681408,255154,,333000,4294967295,
migrate_demo,server,3,19686576,255154,,333000,4294967295,
migrate_demo,server,3,19691773,255154,,333000,4294967295,
migrate_demo,server,3,19696913,255154,,333000,4294967295,
migrate_demo,server,3,19702246,255764,,333000,4294967295,
migrate_demo,server,3,19707383,255764,,333000,4294967295,
migrate_demo,server,3,19712563,255764,,333000,4294967295,
migrate_demo,server,3,19717722,255764,,333000,4294967295,
migrate_demo,server,3,19722892,255764,,333000,4294967295,
migrate_demo,server,3,19728098,256374,,333000,4294967295,
migrate_demo,server,3,19733284,256374,,333000,4294967295,
migrate_demo,server,3,19738468,256374,,333000,4294967295,
migrate_demo,server,3,19743638,256374,,333000,4294967295,
migrate_demo,server,3,19748838,256984,,333000,4294967295,
migrate_demo,server,3,19754005,256984,,333000,4294967295,
migrate_demo,server,3,19759180,256984,,333000,4294967295,
migrate_demo,server,3,19764426,256984,,333000,4294967295,
migrate_demo,server,3,19769654,256984,,333000,4294967295,
migrate_demo,server,3,19774873,257594,,333000,4294967295,
migrate_demo,server,3,19780069,257594,,333000,4294967295,
migrate_demo,server,3,19785242,257594,,333000,4294967295,
migrate_demo,server,3,19790387,257594,,333000,4294967295,
migrate_demo,server,3,19795564,258204,,333000,4294967295,
migrate_demo,server,3,19800766,258204,,333000,4294967295,
migrate_demo,server,3,19805947,258204,,333000,4294967295,
migrate_demo,server,3,19811135,258204,,333000,4294967295,
migrate_demo,server,3,19816428,258814,,333000,4294967295,
migrate_demo,server,3,19821585,258814,,333000,4294967295,
migrate_demo,server,3,19826758,258814,,333000,4294967295,
migrate_demo,server,3,19831911,258814,,333000,4294967295,
migrate_demo,server,3,19837140,258814,,333000,4294967295,
migrate_demo,server,3,19842265,259424,,333000,4294967295,
migrate_demo,server,3,19847454,259424,,333000,4294967295,
migrate_demo,server,3,19852636,259424,,333000,4294967295,
migrate_demo,server,3,19857856,259424,,333000,4294967295,
migrate_demo,server,3,19863075,260034,,333000,4294967295,
migrate_demo,server,3,19868248,260034,,333000,4294967295,
migrate_demo,server,3,19873447,260034,,333000,4294967295,
migrate_demo,server,3,19878631,260034,,333000,4294967295,
migrate_demo,server,3,19884213,260644,,333000,4294967295,
migrate_demo,server,3,19889420,260644,,333000,4294967295,
migrate_demo,server,3,19894651,260644,,333000,4294967295,
migrate_demo,server,3,19899832,260644,,333000,4294967295,
migrate_demo,server,3,19905008,260644,,333000,4294967295,
migrate_demo,server,3,19910223,261254,,333000,4294967295,
migrate_demo,server,3,19915397,261254,,333000,4294967295,
migrate_demo,server,3,19920551,261254,,333000,4294967295,
migrate_demo,server,3,19925702,261254,,333000,4294967295,
migrate_demo,server,3,19930875,261864,,333000,4294967295,
migrate_demo,server,3,19936041,261864,,333000,4294967295,
migrate_demo,server,3,19941174,261864,,333000,4294967295,
migrate_demo,server,3,19946349,261864,,333000,4294967295,
migrate_demo,server,3,19951504,261864,,333000,4294967295,
migrate_demo,server,3,19956745,262474,,333000,4294967295,
migrate_demo,server,3,19961923,262474,,333000,4294967295,
migrate_demo,server,3,19967091,262474,,333000,4294967295,
migrate_demo,server,3,19972231,262474,,333000,4294967295,
migrate_demo,server,3,19977444,263084,,333000,4294967295,
migrate_demo,server,3,19982628,263084,,333000,4294967295,
migrate_demo,server,3,19987820,263084,,333000,4294967295,
migrate_demo,server,3,19992991,263084,,333000,4294967295,
migrate_demo,server,3,19998366,263694,,333000,4294967295,
migrate_demo,server,3,20003545,263694,,333000,4294967295,
migrate_demo,server,3,20008731,263694,,333000,4294967295,
migrate_demo,server,3,20013912,263694,,333000,4294967295,
migrate_demo,server,3,20019104,263694,,333000,4294967295,
migrate_demo,server,3,20024277,264304,,333000,4294967295,
migrate_demo,server,3,20029448,264304,,333000,4294967295,
migrate_demo,server,3,20034642,264304,,333000,4294967295,
migrate_demo,server,3,20039795,264304,,333000,4294967295,
migrate_demo,server,3,20044989,264914,,333000,4294967295,
migrate_demo,server,3,20050146,264914,,333000,4294967295,
migrate_demo,server,3,20055319,264914,,333000,4294967295,
migrate_demo,server,3,20060464,264914,,333000,4294967295,
migrate_demo,server,3,20065744,264914,,333000,4294967295,
migrate_demo,server,3,20070931,265524,,333000,4294967295,
migrate_demo,server,3,20076106,265524,,333000,4294967295,
migrate_demo,server,3,20081297,265524,,333000,4294967295,
migrate_demo,server,3,20086480,265524,,333000,4294967295,
migrate_demo,server,3,20091670,266134,,333000,4294967295,
migrate_demo,server,3,20096879,266134,,333000,4294967295,
migrate_demo,server,3,20102021,266134,,333000,4294967295,
migrate_demo,server,3,20107213,266134,,333000,4294967295,
migrate_demo,server,3,20112422,266744,,333000,4294967295,
migrate_demo,server,3,20117576,266744,,333000,4294967295,
migrate_demo,server,3,20122805,266744,,333000,4294967295,
migrate_demo,server,3,20128007,266744,,333000,4294967295,
migrate_demo,server,3,20133187,266744,,333000,4294967295,
migrate_demo,server,3,20138382,267354,,333000,4294967295,
migrate_demo,server,3,20143641,267354,,333000,4294967295,
migrate_demo,server,3,20148840,267354,,333000,4294967295,
migrate_demo,server,3,20154030,267354,,333000,4294967295,
migrate_demo,server,3,20159280,267964,,333000,4294967295,
migrate_demo,server,3,20164434,267964,,333000,4294967295,
migrate_demo,server,3,20169611,267964,,333000,4294967295,
migrate_demo,server,3,20174810,267964,,333000,4294967295,
migrate_demo,server,3,20179983,268574,,333000,4294967295,
migrate_demo,server,3,20185157,268574,,333000,4294967295,
migrate_demo,server,3,20190343,268574,,333000,4294967295,
migrate_demo,server,3,20195563,268574,,333000,4294967295,
migrate_demo,server,3,20200695,268574,,333000,4294967295,
migrate_demo,server,3,20205939,269184,,333000,4294967295,
migrate_demo,server,3,20211159,269184,,333000,4294967295,
migrate_demo,server,3,20216323,269184,,333000,4294967295,
migrate_demo,server,3,20221491,269184,,333000,4294967295,
migrate_demo,server,3,20226745,269794,,333000,4294967295,
migrate_demo,server,3,20231910,269794,,333000,4294967295,
migrate_demo,server,3,20237068,269794,,333000,4294967295,
migrate_demo,server,3,20242241,269794,,333000,4294967295,
migrate_demo,server,3,20247737,270404,,333000,4294967295,
migrate_demo,server,3,20252910,270404,,333000,4294967295,
migrate_demo,server,3,20258103,270404,,333000,4294967295,
migrate_demo,server,3,20263298,270404,,333000,4294967295,
migrate_demo,server,3,20268439,270404,,333000,4294967295,
migrate_demo,server,3,20273653,271014,,333000,4294967295,
migrate_demo,server,3,20278797,271014,,333000,4294967295,
migrate_demo,server,3,20283999,271014,,333000,4294967295,
migrate_demo,server,3,20289185,271014,,333000,4294967295,
migrate_demo,server,3,20294381,271624,,333000,4294967295,
migrate_demo,server,3,20299590,271624,,333000,4294967295,
migrate_demo,server,3,20304785,271624,,333000,4294967295,
migrate_demo,server,3,20309947,271624,,333000,4294967295,
migrate_demo,server,3,20315114,271624,,333000,4294967295,
migrate_demo,server,3,20320281,272234,,333000,4294967295,
migrate_demo,server,3,20325480,272234,,333000,4294967295,
migrate_demo,server,3,20330749,272234,,333000,4294967295,
migrate_demo,server,3,20335974,272234,,333000,4294967295,
migrate_demo,server,3,20341152,272844,,333000,4294967295,
migrate_demo,server,3,20346334,272844,,333000,4294967295,
migrate_demo,server,3,20351560,272844,,333000,4294967295,
migrate_demo,server,3,20356733,272844,,333000,4294967295,
migrate_demo,server,3,20361938,273454,,333000,4294967295,
migrate_demo,server,3,20367157,274064,,333000,4294967295,
migrate_demo,server,3,20372331,274064,,333000,4294967295,
migrate_demo,server,3,20377522,274064,,333000,4294967295,
migrate_demo,server,3,20382692,274064,,333000,4294967295,
migrate_demo,server,3,20387973,274674,,333000,4294967295,
migrate_demo,server,3,20393161,274674,,333000,4294967295,
migrate_demo,server,3,20398321,274674,,333000,4294967295,
migrate_demo,server,3,20403518,274674,,333000,4294967295,
migrate_demo,server,3,20408680,274674,,333000,4294967295,
migrate_demo,server,3,20413810,275284,,333000,4294967295,
migrate_demo,server,3,20419074,275284,,333000,4294967295,
migrate_demo,server,3,20424223,275284,,333000,4294967295,
migrate_demo,server,3,20429389,275284,,333000,4294967295,
migrate_demo,server,3,20434593,275894,,333000,4294967295,
migrate_demo,server,3,20439733,275894,,333000,4294967295,
migrate_demo,server,3,20444903,275894,,333000,4294967295,
migrate_demo,server,3,20450106,275894,,333000,4294967295,
migrate_demo,server,3,20455497,276504,,333000,4294967295,
migrate_demo,server,3,20460676,276504,,333000,4294967295,
migrate_demo,server,3,20465836,276504,,333000,4294967295,
migrate_demo,server,3,20471032,276504,,333000,4294967295,
migrate_demo,server,3,20476185,276504,,333000,4294967295,
migrate_demo,server,3,20481439,277114,,333000,4294967295,
migrate_demo,server,3,20486626,277114,,333000,4294967295,
migrate_demo,server,3,20491857,277114,,333000,4294967295,
migrate_demo,server,3,20497048,277114,,333000,4294967295,
migrate_demo,server,3,20502244,277724,,333000,4294967295,
migrate_demo,server,3,20507406,277724,,333000,4294967295,
migrate_demo,server,3,20512551,277724,,333000,4294967295,
migrate_demo,server,3,20517707,277724,,333000,4294967295,
migrate_demo,server,3,20522851,277724,,333000,4294967295,
migrate_demo,server,3,20528027,278334,,333000,4294967295,
migrate_demo,server,3,20533297,278334,,333000,4294967295,
migrate_demo,server,3,20538454,278334,,333000,4294967295,
migrate_demo,server,3,20543624,278334,,333000,4294967295,
migrate_demo,server,3,20548805,278944,,333000,4294967295,
migrate_demo,server,3,20553953,278944,,333000,4294967295,
migrate_demo,server,3,20559134,278944,,333000,4294967295,
migrate_demo,server,3,20564301,278944,,333000,4294967295,
migrate_demo,server,3,20569502,279554,,333000,4294967295,
migrate_demo,server,3,20574679,279554,,333000,4294967295,
migrate_demo,server,3,20579887,279554,,333000,4294967295,
migrate_demo,server,3,20585076,279554,,333000,4294967295,
migrate_demo,server,3,20590242,279554,,333000,4294967295,
migrate_demo,server,3,20595430,280164,,333000,4294967295,
migrate_demo,server,3,20600608,280164,,333000,4294967295,
migrate_demo,server,3,20605784,280164,,333000,4294967295,
migrate_demo,server,3,20610952,280164,,333000,4294967295,
migrate_demo,server,3,20616136,280774,,333000,4294967295,
migrate_demo,server,3,20621279,280774,,333000,4294967295,
migrate_demo,server,3,20626464,280774,,333000,4294967295,
migrate_demo,server,3,20631679,280774,,333000,4294967295,
migrate_demo,server,3,20636885,280774,,333000,4294967295,
migrate_demo,server,3,20642138,281384,,333000,4294967295,
migrate_demo,server,3,20647333,281384,,333000,4294967295,
migrate_demo,server,3,20652572,281384,,333000,4294967295,
migrate_demo,server,3,20657726,281384,,333000,4294967295,
migrate_demo,server,3,20662916,281994,,333000,4294967295,
migrate_demo,server,3,20668105,281994,,333000,4294967295,
migrate_demo,server,3,20673401,281994,,333000,4294967295,
migrate_demo,server,3,20678611,281994,,333000,4294967295,
migrate_demo,server,3,20683766,282604,,333000,4294967295,
migrate_demo,server,3,20688939,282604,,333000,4294967295,
migrate_demo,server,3,20694125,282604,,333000,4294967295,
migrate_demo,server,3,20699387,282604,,333000,4294967295,
migrate_demo,server,3,20704559,282604,,333000,4294967295,
migrate_demo,server,3,20709778,283214,,333000,4294967295,
migrate_demo,server,3,20714910,283214,,333000,4294967295,
migrate_demo,server,3,20720093,283214,,333000,4294967295,
migrate_demo,server,3,20725294,283214,,333000,4294967295,
migrate_demo,server,3,20730514,283824,,333000,4294967295,
migrate_demo,server,3,20735778,283824,,333000,4294967295,
migrate_demo,server,3,20740973,283824,,333000,4294967295,
migrate_demo,server,3,20746150,283824,,333000,4294967295,
migrate_demo,server,3,20751609,284434,,333000,4294967295,
migrate_demo,server,3,20756766,284434,,333000,4294967295,
migrate_demo,server,3,20761955,284434,,333000,4294967295,
migrate_demo,server,3,20767170,284434,,333000,4294967295,
migrate_demo,server,3,20772356,284434,,333000,4294967295,
migrate_demo,server,3,20777574,285044,,333000,4294967295,
migrate_demo,server,3,20782795,285044,,333000,4294967295,
migrate_demo,server,3,20788004,285044,,333000,4294967295,
migrate_demo,server,3,20793233,285044,,333000,4294967295,
migrate_demo,server,3,20798463,285654,,333000,4294967295,
migrate_demo,server,3,20803749,285654,,333000,4294967295,
migrate_demo,server,3,20808927,285654,,333000,4294967295,
migrate_demo,server,3,20814121,285654,,333000,4294967295,
migrate_demo,server,3,20819299,286264,,333000,4294967295,
migrate_demo,server,3,20824514,286264,,333000,4294967295,
migrate_demo,server,3,20829685,286264,,333000,4294967295,
migrate_demo,server,3,20834893,286264,,333000,4294967295,
migrate_demo,server,3,20840083,286264,,333000,4294967295,
migrate_demo,server,3,20845321,286874,,333000,4294967295,
migrate_demo,server,3,20850579,286874,,333000,4294967295,
migrate_demo,server,3,20855784,286874,,333000,4294967295,
migrate_demo,server,3,20860969,286874,,333000,4294967295,
migrate_demo,server,3,20866179,287484,,333000,4294967295,
migrate_demo,server,3,20871418,287484,,333000,4294967295,
migrate_demo,server,3,20876630,287484,,333000,4294967295,
migrate_demo,server,3,20881768,287484,,333000,4294967295,
migrate_demo,server,3,20887099,288094,,333000,4294967295,
migrate_demo,server,3,20892302,288094,,333000,4294967295,
migrate_demo,server,3,20897504,288094,,333000,4294967295,
migrate_demo,server,3,20902771,288094,,333000,4294967295,
migrate_demo,server,3,20907950,288094,,333000,4294967295,
migrate_demo,server,3,20913154,288704,,333000,4294967295,
migrate_demo,server,3,20918345,288704,,333000,4294967295,
migrate_demo,server,3,20923538,288704,,333000,4294967295,
migrate_demo,server,3,20928722,288704,,333000,4294967295,
migrate_demo,server,3,20934079,289314,,333000,4294967295,
migrate_demo,server,3,20939268,289314,,333000,4294967295,
migrate_demo,server,3,20944450,289314,,333000,4294967295,
migrate_demo,server,3,20949684,289314,,333000,4294967295,
migrate_demo,server,3,20954844,289314,,333000,4294967295,
migrate_demo,server,3,20960028,289924,,333000,4294967295,
migrate_demo,server,3,20965184,289924,,333000,4294967295,
migrate_demo,server,3,20970401,289924,,333000,4294967295,
migrate_demo,server,3,20975621,289924,,333000,4294967295,
migrate_demo,server,3,20980855,290534,,333000,4294967295,
migrate_demo,server,3,20986022,290534,,333000,4294967295,
migrate_demo,server,3,20991192,290534,,333000,4294967295,
migrate_demo,server,3,20996375,290534,,333000,4294967295,
migrate_demo,server,3,21001594,291144,,333000,4294967295,
migrate_demo,server,3,21006777,291144,,333000,4294967295,
migrate_demo,server,3,21011990,291144,,333000,4294967295,
migrate_demo,server,3,21017174,291144,,333000,4294967295,
migrate_demo,server,3,21022346,291144,,333000,4294967295,
migrate_demo,server,3,21027551,291754,,333000,4294967295,
migrate_demo,server,3,21032749,291754,,333000,4294967295,
migrate_demo,server,3,21037922,291754,,333000,4294967295,
migrate_demo,server,3,21043123,291754,,333000,4294967295,
migrate_demo,server,3,21048274,292364,,333000,4294967295,
migrate_demo,server,3,21053476,292364,,333000,4294967295,
migrate_demo,server,3,21058701,292364,,333000,4294967295,
migrate_demo,server,3,21063909,292364,,333000,4294967295,
migrate_demo,server,3,21069110,292974,,333000,4294967295,
migrate_demo,server,3,21074291,292974,,333000,4294967295,
migrate_demo,server,3,21079491,292974,,333000,4294967295,
migrate_demo,server,3,21084714,292974,,333000,4294967295,
migrate_demo,server,3,21089938,292974,,333000,4294967295,
migrate_demo,server,3,21095119,293584,,333000,4294967295,
migrate_demo,server,3,21100290,293584,,333000,4294967295,
migrate_demo,server,3,21105506,293584,,333000,4294967295,
migrate_demo,server,3,21110701,293584,,333000,4294967295,
migrate_demo,server,3,21115931,294194,,333000,4294967295,
migrate_demo,server,3,21121124,294194,,333000,4294967295,
migrate_demo,server,3,21126320,294194,,333000,4294967295,
migrate_demo,server,3,21131536,294194,,333000,4294967295,
migrate_demo,server,3,21136764,294194,,333000,4294967295,
migrate_demo,server,3,21141993,294804,,333000,4294967295,
migrate_demo,server,3,21147175,294804,,333000,4294967295,
migrate_demo,server,3,21152343,294804,,333000,4294967295,
migrate_demo,server,3,21157525,294804,,333000,4294967295,
migrate_demo,server,3,21162780,295414,,333000,4294967295,
migrate_demo,server,3,21167962,295414,,333000,4294967295,
migrate_demo,server,3,21173111,295414,,333000,4294967295,
migrate_demo,server,3,21178310,295414,,333000,4294967295,
migrate_demo,server,3,21183484,296024,,333000,4294967295,
migrate_demo,server,3,21188736,296024,,333000,4294967295,
migrate_demo,server,3,21193934,296024,,333000,4294967295,
migrate_demo,server,3,21199127,296024,,333000,4294967295,
migrate_demo,server,3,21204288,296024,,333000,4294967295,
migrate_demo,server,3,21209540,296634,,333000,4294967295,
migrate_demo,server,3,21214763,296634,,333000,4294967295,
migrate_demo,server,3,21219958,297244,,333000,4294967295,
migrate_demo,server,3,21225148,297244,,333000,4294967295,
migrate_demo,server,3,21230389,297244,,333000,4294967295,
migrate_demo,server,3,21235578,297244,,333000,4294967295,
migrate_demo,server,3,21240948,297854,,333000,4294967295,
migrate_demo,server,3,21246101,297854,,333000,4294967295,
migrate_demo,server,3,21251269,297854,,333000,4294967295,
migrate_demo,server,3,21256459,298464,,333000,4294967295,
migrate_demo,server,3,21261649,298464,,333000,4294967295,
migrate_demo,server,3,21266897,298464,,333000,4294967295,
migrate_demo,server,3,21272052,298464,,333000,4294967295,
migrate_demo,server,3,21277250,299074,,333000,4294967295,
migrate_demo,server,3,21282484,299074,,333000,4294967295,
migrate_demo,server,3,21287667,299074,,333000,4294967295,
migrate_demo,server,3,21292900,299074,,333000,4294967295,
migrate_demo,server,3,21298100,299074,,333000,4294967295,
migrate_demo,server,3,21303302,299684,,333000,4294967295,
migrate_demo,server,3,21308474,299684,,333000,4294967295,
migrate_demo,server,3,21313661,299684,,333000,4294967295,
migrate_demo,server,3,21318845,299684,,333000,4294967295,
migrate_demo,server,3,21324080,300294,,333000,4294967295,
migrate_demo,server,3,21329265,300294,,333000,4294967295,
migrate_demo,server,3,21334443,300294,,333000,4294967295,
migrate_demo,server,3,21339637,300294,,333000,4294967295,
migrate_demo,server,3,21345157,300904,,333000,4294967295,
migrate_demo,server,3,21350330,300904,,333000,4294967295,
migrate_demo,server,3,21355538,300904,,333000,4294967295,
migrate_demo,server,3,21360817,300904,,333000,4294967295,
migrate_demo,server,3,21365981,300904,,333000,4294967295,
migrate_demo,server,3,21371141,301514,,333000,4294967295,
migrate_demo,server,3,21376322,301514,,333000,4294967295,
migrate_demo,server,3,21381501,301514,,333000,4294967295,
migrate_demo,server,3,21386674,301514,,333000,4294967295,
migrate_demo,server,3,21391850,302124,,333000,4294967295,
migrate_demo,server,3,21397029,302124,,333000,4294967295,
migrate_demo,server,3,21402181,302124,,333000,4294967295,
migrate_demo,server,3,21407315,302124,,333000,4294967295,
migrate_demo,server,3,21412495,302124,,333000,4294967295,
migrate_demo,server,3,21417771,302734,,333000,4294967295,
migrate_demo,server,3,21422953,302734,,333000,4294967295,
migrate_demo,server,3,21428109,302734,,333000,4294967295,
migrate_demo,server,3,21433307,302734,,333000,4294967295,
migrate_demo,server,3,21438474,303344,,333000,4294967295,
migrate_demo,server,3,21443646,303344,,333000,4294967295,
migrate_demo,server,3,21448806,303344,,333000,4294967295,
migrate_demo,server,3,21453974,303344,,333000,4294967295,
migrate_demo,server,3,21459200,303954,,333000,4294967295,
migrate_demo,server,3,21464399,303954,,333000,4294967295,
migrate_demo,server,3,21469619,303954,,333000,4294967295,
migrate_demo,server,3,21474775,303954,,333000,4294967295,
migrate_demo,server,3,21479919,303954,,333000,4294967295,
migrate_demo,server,3,21485087,304564,,333000,4294967295,
migrate_demo,server,3,21490332,304564,,333000,4294967295,
migrate_demo,server,3,21495499,304564,,333000,4294967295,
migrate_demo,server,3,21500682,304564,,333000,4294967295,
migrate_demo,server,3,21505873,305174,,333000,4294967295,
migrate_demo,server,3,21511040,305174,,333000,4294967295,
migrate_demo,server,3,21516251,305174,,333000,4294967295,
migrate_demo,server,3,21521529,305174,,333000,4294967295,
migrate_demo,server,3,21526891,305784,,333000,4294967295,
migrate_demo,server,3,21532148,305784,,333000,4294967295,
migrate_demo,server,3,21537325,305784,,333000,4294967295,
migrate_demo,server,3,21542509,305784,,333000,4294967295,
migrate_demo,server,3,21547670,305784,,333000,4294967295,
migrate_demo,server,3,21552971,306394,,333000,4294967295,
migrate_demo,server,3,21558161,306394,,333000,4294967295,
migrate_demo,server,3,21563341,306394,,333000,4294967295,
migrate_demo,server,3,21568514,306394,,333000,4294967295,
migrate_demo,server,3,21573718,307004,,333000,4294967295,
migrate_demo,server,3,21578883,307004,,333000,4294967295,
migrate_demo,server,3,21584045,307004,,333000,4294967295,
migrate_demo,server,3,21589238,307004,,333000,4294967295,
migrate_demo,server,3,21594413,307004,,333000,4294967295,
migrate_demo,server,3,21599634,307614,,333000,4294967295,
migrate_demo,server,3,21604815,307614,,333000,4294967295,
migrate_demo,server,3,21610010,307614,,333000,4294967295,
migrate_demo,server,3,21615217,307614,,333000,4294967295,
migrate_demo,server,3,21620391,308224,,333000,4294967295,
migrate_demo,server,3,21625614,308224,,333000,4294967295,
migrate_demo,server,3,21631042,308224,,333000,4294967295,
migrate_demo,server,3,21636263,308224,,333000,4294967295,
migrate_demo,server,3,21641489,308834,,333000,4294967295,
migrate_demo,server,3,21646733,308834,,333000,4294967295,
migrate_demo,server,3,21651956,308834,,333000,4294967295,
migrate_demo,server,3,21657116,308834,,333000,4294967295,
migrate_demo,server,3,21662323,308834,,333000,4294967295,
migrate_demo,server,3,21667529,309444,,333000,4294967295,
migrate_demo,server,3,21672721,309444,,333000,4294967295,
migrate_demo,server,3,21677869,309444,,333000,4294967295,
migrate_demo,server,3,21683061,309444,,333000,4294967295,
migrate_demo,server,3,21688239,310054,,333000,4294967295,
migrate_demo,server,3,21693367,310054,,333000,4294967295,
migrate_demo,server,3,21698600,310054,,333000,4294967295,
migrate_demo,server,3,21703756,310054,,333000,4294967295,
migrate_demo,server,3,21708927,310664,,333000,4294967295,
migrate_demo,server,3,21714119,310664,,333000,4294967295,
migrate_demo,server,3,21719270,310664,,333000,4294967295,
migrate_demo,server,3,21724422,310664,,333000,4294967295,
migrate_demo,server,3,21729631,310664,,333000,4294967295,
migrate_demo,server,3,21734834,311274,,333000,4294967295,
migrate_demo,server,3,21739988,311274,,333000,4294967295,
migrate_demo,server,3,21745139,311274,,333000,4294967295,
migrate_demo,server,3,21750317,311274,,333000,4294967295,
migrate_demo,server,3,21755477,311884,,333000,4294967295,
migrate_demo,server,3,21760693,311884,,333000,4294967295,
migrate_demo,server,3,21765865,311884,,333000,4294967295,
migrate_demo,server,3,21771070,311884,,333000,4294967295,
migrate_demo,server,3,21776268,311884,,333000,4294967295,
migrate_demo,server,3,21781411,312494,,333000,4294967295,
migrate_demo,server,3,21786610,312494,,333000,4294967295,
migrate_demo,server,3,21791793,312494,,333000,4294967295,
migrate_demo,server,3,21796991,312494,,333000,4294967295,
migrate_demo,server,3,21802216,313104,,333000,4294967295,
migrate_demo,server,3,21807401,313104,,333000,4294967295,
migrate_demo,server,3,21812596,313104,,333000,4294967295,
migrate_demo,server,3,21817757,313104,,333000,4294967295,
migrate_demo,server,3,21822996,313714,,333000,4294967295,
migrate_demo,server,3,21828135,313714,,333000,4294967295,
migrate_demo,server,3,21833308,313714,,333000,4294967295,
migrate_demo,server,3,21838505,313714,,333000,4294967295,
migrate_demo,server,3,21843702,313714,,333000,4294967295,
migrate_demo,server,3,21848899,314324,,333000,4294967295,
migrate_demo,server,3,21854064,314324,,333000,4294967295,
migrate_demo,server,3,21859271,314324,,333000,4294967295,
migrate_demo,server,3,21864446,314324,,333000,4294967295,
migrate_demo,server,3,21869672,314934,,333000,4294967295,
migrate_demo,server,3,21874886,314934,,333000,4294967295,
migrate_demo,server,3,21880077,314934,,333000,4294967295,
migrate_demo,server,3,21885260,314934,,333000,4294967295,
migrate_demo,server,3,21890949,315544,,333000,4294967295,
migrate_demo,server,3,21896129,315544,,333000,4294967295,
migrate_demo,server,3,21901330,315544,,333000,4294967295,
migrate_demo,server,3,21906538,315544,,333000,4294967295,
migrate_demo,server,3,21911681,315544,,333000,4294967295,
migrate_demo,server,3,21916882,316154,,333000,4294967295,
migrate_demo,server,3,21922055,316154,,333000,4294967295,
migrate_demo,server,3,21927244,316154,,333000,4294967295,
migrate_demo,server,3,21932413,316154,,333000,4294967295,
migrate_demo,server,3,21937606,316764,,333000,4294967295,
migrate_demo,server,3,21942801,316764,,333000,4294967295,
migrate_demo,server,3,21947970,316764,,333000,4294967295,
migrate_demo,server,3,21953135,316764,,333000,4294967295,
migrate_demo,server,3,21958918,317374,,333000,4294967295,
migrate_demo,server,3,21964071,317374,,333000,4294967295,
migrate_demo,server,3,21969290,317374,,333000,4294967295,
migrate_demo,server,3,21974546,317374,,333000,4294967295,
migrate_demo,server,3,21979716,317374,,333000,4294967295,
migrate_demo,server,3,21984896,317984,,333000,4294967295,
migrate_demo,server,3,21990082,317984,,333000,4294967295,
migrate_demo,server,3,21995301,317984,,333000,4294967295,
migrate_demo,server,3,22000424,317984,,333000,4294967295,
migrate_demo,server,3,22005584,318594,,333000,4294967295,
migrate_demo,server,3,22010712,318594,,333000,4294967295,
migrate_demo,server,3,22015857,318594,,333000,4294967295,
migrate_demo,server,3,22020993,318594,,333000,4294967295,
migrate_demo,server,3,22026435,319204,,333000,4294967295,
migrate_demo,server,3,22031620,319204,,333000,4294967295,
migrate_demo,server,3,22036734,319204,,333000,4294967295,
migrate_demo,server,3,22041893,319204,,333000,4294967295,
migrate_demo,server,3,22047058,319204,,333000,4294967295,
migrate_demo,server,3,22052253,319814,,333000,4294967295,
migrate_demo,server,3,22057478,319814,,333000,4294967295,
migrate_demo,server,3,22062615,319814,,333000,4294967295,
migrate_demo,server,3,22067748,319814,,333000,4294967295,
migrate_demo,server,3,22072892,320424,,333000,4294967295,
migrate_demo,server,3,22078049,320424,,333000,4294967295,
migrate_demo,server,3,22083204,320424,,333000,4294967295,
migrate_demo,server,3,22088346,320424,,333000,4294967295,
migrate_demo,server,3,22093547,320424,,333000,4294967295,
migrate_demo,server,3,22098731,321034,,333000,4294967295,
migrate_demo,server,3,22103928,321034,,333000,4294967295,
migrate_demo,server,3,22109084,321034,,333000,4294967295,
migrate_demo,server,3,22114292,321034,,333000,4294967295,
migrate_demo,server,3,22119460,321644,,333000,4294967295,
migrate_demo,server,3,22124646,321644,,333000,4294967295,
migrate_demo,server,3,22129815,321644,,333000,4294967295,
migrate_demo,server,3,22134976,321644,,333000,4294967295,
migrate_demo,server,3,22140274,322254,,333000,4294967295,
migrate_demo,server,3,22145471,322864,,333000,4294967295,
migrate_demo,server,3,22150727,322864,,333000,4294967295,
migrate_demo,server,3,22155900,322864,,333000,4294967295,
migrate_demo,server,3,22161078,322864,,333000,4294967295,
migrate_demo,server,3,22166537,323474,,333000,4294967295,
migrate_demo,server,3,22171691,323474,,333000,4294967295,
migrate_demo,server,3,22176862,323474,,333000,4294967295,
migrate_demo,server,3,22182050,323474,,333000,4294967295,
migrate_demo,server,3,22187204,323474,,333000,4294967295,
migrate_demo,server,3,22192360,324084,,333000,4294967295,
migrate_demo,server,3,22197531,324084,,333000,4294967295,
migrate_demo,server,3,22202723,324084,,333000,4294967295,
migrate_demo,server,3,22207927,324084,,333000,4294967295,
migrate_demo,server,3,22213115,324694,,333000,4294967295,
migrate_demo,server,3,22218266,324694,,333000,4294967295,
migrate_demo,server,3,22223400,324694,,333000,4294967295,
migrate_demo,server,3,22228543,324694,,333000,4294967295,
migrate_demo,server,3,22233695,324694,,333000,4294967295,
migrate_demo,server,3,22238870,325304,,333000,4294967295,
migrate_demo,server,3,22244005,325304,,333000,4294967295,
migrate_demo,server,3,22249206,325304,,333000,4294967295,
migrate_demo,server,3,22254417,325304,,333000,4294967295,
migrate_demo,server,3,22259624,325914,,333000,4294967295,
migrate_demo,server,3,22264832,325914,,333000,4294967295,
migrate_demo,server,3,22269983,325914,,333000,4294967295,
migrate_demo,server,3,22275165,325914,,333000,4294967295,
migrate_demo,server,3,22280410,326524,,333000,4294967295,
migrate_demo,server,3,22285602,326524,,333000,4294967295,
migrate_demo,server,3,22290779,326524,,333000,4294967295,
migrate_demo,server,3,22295983,326524,,333000,4294967295,
migrate_demo,server,3,22301195,326524,,333000,4294967295,
migrate_demo,server,3,22306382,327134,,333000,4294967295,
migrate_demo,server,3,22311550,327134,,333000,4294967295,
migrate_demo,server,3,22316746,327134,,333000,4294967295,
migrate_demo,server,3,22321986,327134,,333000,4294967295,
migrate_demo,server,3,22327160,327744,,333000,4294967295,
migrate_demo,server,3,22332424,327744,,333000,4294967295,
migrate_demo,server,3,22337663,327744,,333000,4294967295,
migrate_demo,server,3,22342824,327744,,333000,4294967295,
migrate_demo,server,3,22347994,328354,,333000,4294967295,
migrate_demo,server,3,22353284,328354,,333000,4294967295,
migrate_demo,server,3,22358462,328354,,333000,4294967295,
migrate_demo,server,3,22363660,328354,,333000,4294967295,
migrate_demo,server,3,22368843,328354,,333000,4294967295,
migrate_demo,server,3,22374029,328964,,333000,4294967295,
migrate_demo,server,3,22379174,328964,,333000,4294967295,
migrate_demo,server,3,22384362,328964,,333000,4294967295,
migrate_demo,server,3,22389557,328964,,333000,4294967295,
migrate_demo,server,3,22394761,329574,,333000,4294967295,
migrate_demo,server,3,22399972,329574,,333000,4294967295,
migrate_demo,server,3,22405161,329574,,333000,4294967295,
migrate_demo,server,3,22410345,329574,,333000,4294967295,
migrate_demo,server,3,22415519,329574,,333000,4294967295,
migrate_demo,server,3,22420699,330184,,333000,4294967295,
migrate_demo,server,3,22425886,330184,,333000,4294967295,
migrate_demo,server,3,22431091,330184,,333000,4294967295,
migrate_demo,server,3,22436318,330184,,333000,4294967295,
migrate_demo,server,3,22441563,330794,,333000,4294967295,
migrate_demo,server,3,22446814,330794,,333000,4294967295,
migrate_demo,server,3,22452013,330794,,333000,4294967295,
migrate_demo,server,3,22457207,330794,,333000,4294967295,
migrate_demo,server,3,22462382,331404,,333000,4294967295,
migrate_demo,server,3,22467580,331404,,333000,4294967295,
migrate_demo,server,3,22472787,331404,,333000,4294967295,
migrate_demo,server,3,22477973,331404,,333000,4294967295,
migrate_demo,server,3,22483161,331404,,333000,4294967295,
migrate_demo,server,3,22488380,332014,,333000,4294967295,
migrate_demo,server,3,22493560,332014,,333000,4294967295,
migrate_demo,server,3,22498760,332014,,333000,4294967295,
migrate_demo,server,3,22503983,332014,,333000,4294967295,
migrate_demo,server,3,22509219,332624,,333000,4294967295,
migrate_demo,server,3,22514430,332624,,333000,4294967295,
migrate_demo,server,3,22519634,332624,,333000,4294967295,
migrate_demo,server,3,22524884,332624,,333000,4294967295,
migrate_demo,server,3,22530083,333234,,333000,4294967295,
migrate_demo,server,3,22535214,333234,,333000,4294967295,
migrate_demo,server,3,22540401,333234,,333000,4294967295,
migrate_demo,server,3,22545612,333234,,333000,4294967295,
migrate_demo,server,3,22550855,333234,,333000,4294967295,
migrate_demo,server,3,22556072,333844,,333000,4294967295,
migrate_demo,server,3,22561248,333844,,333000,4294967295,
migrate_demo,server,3,22566454,333844,,333000,4294967295,
migrate_demo,server,3,22571707,333844,,333000,4294967295,
migrate_demo,server,3,22576928,334454,,333000,4294967295,
migrate_demo,server,3,22582052,334454,,333000,4294967295,
migrate_demo,server,3,22587250,334454,,333000,4294967295,
migrate_demo,server,3,22592427,334454,,333000,4294967295,
migrate_demo,server,3,22597646,334454,,333000,4294967295,
migrate_demo,server,3,22602893,335064,,333000,4294967295,
migrate_demo,server,3,22608093,335064,,333000,4294967295,
migrate_demo,server,3,22613271,335064,,333000,4294967295,
migrate_demo,server,3,22618428,335064,,333000,4294967295,
migrate_demo,server,3,22623639,335674,,333000,4294967295,
migrate_demo,server,3,22628832,335674,,333000,4294967295,
migrate_demo,server,3,22634025,335674,,333000,4294967295,
migrate_demo,server,3,22639255,335674,,333000,4294967295,
migrate_demo,server,3,22644460,336284,,333000,4294967295,
migrate_demo,server,3,22649655,336284,,333000,4294967295,
migrate_demo,server,3,22654883,336284,,333000,4294967295,
migrate_demo,server,3,22660149,336284,,333000,4294967295,
migrate_demo,server,3,22665395,336284,,333000,4294967295,
migrate_demo,server,3,22670639,336894,,333000,4294967295,
migrate_demo,server,3,22675833,336894,,333000,4294967295,
migrate_demo,server,3,22680997,336894,,333000,4294967295,
migrate_demo,server,3,22686144,336894,,333000,4294967295,
migrate_demo,server,3,22691322,337504,,333000,4294967295,
migrate_demo,server,3,22696522,337504,,333000,4294967295,
migrate_demo,server,3,22701703,337504,,333000,4294967295,
migrate_demo,server,3,22706926,337504,,333000,4294967295,
migrate_demo,server,3,22712153,338114,,333000,4294967295,
migrate_demo,server,3,22717424,338114,,333000,4294967295,
migrate_demo,server,3,22722695,338114,,333000,4294967295,
migrate_demo,server,3,22727920,338114,,333000,4294967295,
migrate_demo,server,3,22733146,338114,,333000,4294967295,
migrate_demo,server,3,22738340,338724,,333000,4294967295,
migrate_demo,server,3,22743537,338724,,333000,4294967295,
migrate_demo,server,3,22748786,338724,,333000,4294967295,
migrate_demo,server,3,22753983,338724,,333000,4294967295,
migrate_demo,server,3,22759191,339334,,333000,4294967295,
migrate_demo,server,3,22764364,339334,,333000,4294967295,
migrate_demo,server,3,22769600,339334,,333000,4294967295,
migrate_demo,server,3,22774767,339334,,333000,4294967295,
migrate_demo,server,3,22780354,339944,,333000,4294967295,
migrate_demo,server,3,22785540,339944,,333000,4294967295,
migrate_demo,server,3,22790808,339944,,333000,4294967295,
migrate_demo,server,3,22795991,339944,,333000,4294967295,
migrate_demo,server,3,22801181,339944,,333000,4294967295,
migrate_demo,server,3,22806419,340554,,333000,4294967295,
migrate_demo,server,3,22811667,340554,,333000,4294967295,
migrate_demo,server,3,22816905,340554,,333000,4294967295,
migrate_demo,server,3,22822099,340554,,333000,4294967295,
migrate_demo,server,3,22827270,341164,,333000,4294967295,
migrate_demo,server,3,22832470,341164,,333000,4294967295,
migrate_demo,server,3,22837742,341164,,333000,4294967295,
migrate_demo,server,3,22842933,341164,,333000,4294967295,
migrate_demo,server,3,22848328,341774,,333000,4294967295,
migrate_demo,server,3,22853463,341774,,333000,4294967295,
migrate_demo,server,3,22858638,341774,,333000,4294967295,
migrate_demo,server,3,22863837,341774,,333000,4294967295,
migrate_demo,server,3,22869020,341774,,333000,4294967295,
migrate_demo,server,3,22874175,342384,,333000,4294967295,
migrate_demo,server,3,22879382,342384,,333000,4294967295,
migrate_demo,server,3,22884604,342384,,333000,4294967295,
migrate_demo,server,3,22889757,342384,,333000,4294967295,
migrate_demo,server,3,22894928,342994,,333000,4294967295,
migrate_demo,server,3,22900092,342994,,333000,4294967295,
migrate_demo,server,3,22905280,342994,,333000,4294967295,
migrate_demo,server,3,22910458,342994,,333000,4294967295,
migrate_demo,server,3,22915775,343604,,333000,4294967295,
migrate_demo,server,3,22921027,343604,,333000,4294967295,
migrate_demo,server,3,22926212,343604,,333000,4294967295,
migrate_demo,server,3,22931422,343604,,333000,4294967295,
migrate_demo,server,3,22936623,343604,,333000,4294967295,
migrate_demo,server,3,22941807,344214,,333000,4294967295,
migrate_demo,server,3,22946950,344214,,333000,4294967295,
migrate_demo,server,3,22952166,344214,,333000,4294967295,
migrate_demo,server,3,22957348,344214,,333000,4294967295,
migrate_demo,server,3,22962521,344824,,333000,4294967295,
migrate_demo,server,3,22967680,344824,,333000,4294967295,
migrate_demo,server,3,22972885,344824,,333000,4294967295,
migrate_demo,server,3,22978078,344824,,333000,4294967295,
migrate_demo,server,3,22983254,344824,,333000,4294967295,
migrate_demo,server,3,22988442,345434,,333000,4294967295,
migrate_demo,server,3,22993667,345434,,333000,4294967295,
migrate_demo,server,3,22998883,346044,,333000,4294967295,
migrate_demo,server,3,23004036,346044,,333000,4294967295,
migrate_demo,server,3,23009184,346044,,333000,4294967295,
migrate_demo,server,3,23014375,346044,,333000,4294967295,
migrate_demo,server,3,23019530,346654,,333000,4294967295,
migrate_demo,server,3,23024700,346654,,333000,4294967295,
migrate_demo,server,3,23029869,346654,,333000,4294967295,
migrate_demo,server,3,23035115,347264,,333000,4294967295,
migrate_demo,server,3,23040291,347264,,333000,4294967295,
migrate_demo,server,3,23045453,347264,,333000,4294967295,
migrate_demo,server,3,23050629,347264,,333000,4294967295,
migrate_demo,server,3,23055911,347874,,333000,4294967295,
migrate_demo,server,3,23061096,347874,,333000,4294967295,
migrate_demo,server,3,23066340,347874,,333000,4294967295,
migrate_demo,server,3,23071590,347874,,333000,4294967295,
migrate_demo,server,3,23076786,347874,,333000,4294967295,
migrate_demo,server,3,23081982,348484,,333000,4294967295,
migrate_demo,server,3,23087177,348484,,333000,4294967295,
migrate_demo,server,3,23092351,348484,,333000,4294967295,
migrate_demo,server,3,23097540,348484,,333000,4294967295,
migrate_demo,server,3,23102726,349094,,333000,4294967295,
migrate_demo,server,3,23107889,349094,,333000,4294967295,
migrate_demo,server,3,23113059,349094,,333000,4294967295,
migrate_demo,server,3,23118249,349094,,333000,4294967295,
migrate_demo,server,3,23123460,349094,,333000,4294967295,
migrate_demo,server,3,23128640,349704,,333000,4294967295,
migrate_demo,server,3,23133813,349704,,333000,4294967295,
migrate_demo,server,3,23139031,349704,,333000,4294967295,
migrate_demo,server,3,23144233,349704,,333000,4294967295,
migrate_demo,server,3,23149403,350314,,333000,4294967295,
migrate_demo,server,3,23154574,350314,,333000,4294967295,
migrate_demo,server,3,23159748,350314,,333000,4294967295,
migrate_demo,server,3,23164917,350314,,333000,4294967295,
migrate_demo,server,3,23170032,350924,,333000,4294967295,
migrate_demo,server,3,23175218,350924,,333000,4294967295,
migrate_demo,server,3,23180398,350924,,333000,4294967295,
migrate_demo,server,3,23185591,350924,,333000,4294967295,
migrate_demo,server,3,23190810,350924,,333000,4294967295,
migrate_demo,server,3,23196060,351534,,333000,4294967295,
migrate_demo,server,3,23201209,351534,,333000,4294967295,
migrate_demo,server,3,23206372,351534,,333000,4294967295,
migrate_demo,server,3,23211515,351534,,333000,4294967295,
migrate_demo,server,3,23216727,352144,,333000,4294967295,
migrate_demo,server,3,23221923,352144,,333000,4294967295,
migrate_demo,server,3,23227140,352144,,333000,4294967295,
migrate_demo,server,3,23232357,352144,,333000,4294967295,
migrate_demo,server,3,23237845,352754,,333000,4294967295,
migrate_demo,server,3,23243041,352754,,333000,4294967295,
migrate_demo,server,3,23248165,352754,,333000,4294967295,
migrate_demo,server,3,23253408,352754,,333000,4294967295,
migrate_demo,server,3,23258629,352754,,333000,4294967295,
migrate_demo,server,3,23263886,353364,,333000,4294967295,
migrate_demo,server,3,23269053,353364,,333000,4294967295,
migrate_demo,server,3,23274259,353364,,333000,4294967295,
migrate_demo,server,3,23279428,353364,,333000,4294967295,
migrate_demo,server,3,23284640,353974,,333000,4294967295,
migrate_demo,server,3,23289825,353974,,333000,4294967295,
migrate_demo,server,3,23295071,353974,,333000,4294967295,
migrate_demo,server,3,23300251,353974,,333000,4294967295,
migrate_demo,server,3,23305490,354584,,333000,4294967295,
migrate_demo,server,3,23310718,354584,,333000,4294967295,
migrate_demo,server,3,23315933,354584,,333000,4294967295,
migrate_demo,server,3,23321114,354584,,333000,4294967295,
migrate_demo,server,3,23326309,354584,,333000,4294967295,
migrate_demo,server,3,23331437,355194,,333000,4294967295,
migrate_demo,server,3,23336613,355194,,333000,4294967295,
migrate_demo,server,3,23341795,355194,,333000,4294967295,
migrate_demo,server,3,23347030,355194,,333000,4294967295,
migrate_demo,server,3,23352199,355804,,333000,4294967295,
migrate_demo,server,3,23357382,355804,,333000,4294967295,
migrate_demo,server,3,23362563,355804,,333000,4294967295,
migrate_demo,server,3,23367724,355804,,333000,4294967295,
migrate_demo,server,3,23372922,355804,,333000,4294967295,
migrate_demo,server,3,23378131,356414,,333000,4294967295,
migrate_demo,server,3,23383344,356414,,333000,4294967295,
migrate_demo,server,3,23388503,356414,,333000,4294967295,
migrate_demo,server,3,23393649,356414,,333000,4294967295,
migrate_demo,server,3,23398819,357024,,333000,4294967295,
migrate_demo,server,3,23404092,357024,,333000,4294967295,
migrate_demo,server,3,23409246,357024,,333000,4294967295,
migrate_demo,server,3,23414439,357024,,333000,4294967295,
migrate_demo,server,3,23419676,357634,,333000,4294967295,
migrate_demo,server,3,23424851,357634,,333000,4294967295,
migrate_demo,server,3,23430045,357634,,333000,4294967295,
migrate_demo,server,3,23435201,357634,,333000,4294967295,
migrate_demo,server,3,23440396,357634,,333000,4294967295,
migrate_demo,server,3,23445559,358244,,333000,4294967295,
migrate_demo,server,3,23450729,358244,,333000,4294967295,
migrate_demo,server,3,23455898,358244,,333000,4294967295,
migrate_demo,server,3,23461119,358244,,333000,4294967295,
migrate_demo,server,3,23466288,358854,,333000,4294967295,
migrate_demo,server,3,23471431,358854,,333000,4294967295,
migrate_demo,server,3,23476583,358854,,333000,4294967295,
migrate_demo,server,3,23481716,358854,,333000,4294967295,
migrate_demo,server,3,23486861,358854,,333000,4294967295,
migrate_demo,server,3,23492059,359464,,333000,4294967295,
migrate_demo,server,3,23497267,359464,,333000,4294967295,
migrate_demo,server,3,23502481,359464,,333000,4294967295,
migrate_demo,server,3,23507669,359464,,333000,4294967295,
migrate_demo,server,3,23512840,360074,,333000,4294967295,
migrate_demo,server,3,23517981,360074,,333000,4294967295,
migrate_demo,server,3,23523127,360074,,333000,4294967295,
migrate_demo,server,3,23528285,360074,,333000,4294967295,
migrate_demo,server,3,23533481,360684,,333000,4294967295,
migrate_demo,server,3,23538663,360684,,333000,4294967295,
migrate_demo,server,3,23543851,360684,,333000,4294967295,
migrate_demo,server,3,23549036,360684,,333000,4294967295,
migrate_demo,server,3,23554200,360684,,333000,4294967295,
migrate_demo,server,3,23559424,361294,,333000,4294967295,
migrate_demo,server,3,23564618,361294,,333000,4294967295,
migrate_demo,server,3,23569835,361294,,333000,4294967295,
migrate_demo,server,3,23574998,361294,,333000,4294967295,
migrate_demo,server,3,23580178,361904,,333000,4294967295,
migrate_demo,server,3,23585425,361904,,333000,4294967295,
migrate_demo,server,3,23590597,361904,,333000,4294967295,
migrate_demo,server,3,23595754,361904,,333000,4294967295,
migrate_demo,server,3,23601442,362514,,333000,4294967295,
migrate_demo,server,3,23606697,362514,,333000,4294967295,
migrate_demo,server,3,23611844,362514,,333000,4294967295,
migrate_demo,server,3,23617035,362514,,333000,4294967295,
migrate_demo,server,3,23622217,362514,,333000,4294967295,
migrate_demo,server,3,23627427,363124,,333000,4294967295,
migrate_demo,server,3,23632614,363124,,333000,4294967295,
migrate_demo,server,3,23637815,363124,,333000,4294967295,
migrate_demo,server,3,23643029,363124,,333000,4294967295,
migrate_demo,server,3,23648245,363734,,333000,4294967295,
migrate_demo,server,3,23653418,363734,,333000,4294967295,
migrate_demo,server,3,23658620,363734,,333000,4294967295,
migrate_demo,server,3,23663825,363734,,333000,4294967295,
migrate_demo,server,3,23669349,364344,,333000,4294967295,
migrate_demo,server,3,23674620,364344,,333000,4294967295,
migrate_demo,server,3,23679814,364344,,333000,4294967295,
migrate_demo,server,3,23684978,364344,,333000,4294967295,
migrate_demo,server,3,23690125,364344,,333000,4294967295,
migrate_demo,server,3,23695352,364954,,333000,4294967295,
migrate_demo,server,3,23700549,364954,,333000,4294967295,
migrate_demo,server,3,23705744,364954,,333000,4294967295,
migrate_demo,server,3,23710902,364954,,333000,4294967295,
migrate_demo,server,3,23716093,365564,,333000,4294967295,
migrate_demo,server,3,23721264,365564,,333000,4294967295,
migrate_demo,server,3,23726474,365564,,333000,4294967295,
migrate_demo,server,3,23731638,365564,,333000,4294967295,
migrate_demo,server,3,23736843,365564,,333000,4294967295,
migrate_demo,server,3,23742091,366174,,333000,4294967295,
migrate_demo,server,3,23747293,366174,,333000,4294967295,
migrate_demo,server,3,23752436,366174,,333000,4294967295,
migrate_demo,server,3,23757653,366174,,333000,4294967295,
migrate_demo,server,3,23762863,366784,,333000,4294967295,
migrate_demo,server,3,23768002,366784,,333000,4294967295,
migrate_demo,server,3,23773172,366784,,333000,4294967295,
migrate_demo,server,3,23778305,366784,,333000,4294967295,
migrate_demo,server,3,23783499,367394,,333000,4294967295,
migrate_demo,server,3,23788695,367394,,333000,4294967295,
migrate_demo,server,3,23793852,367394,,333000,4294967295,
migrate_demo,server,3,23798997,367394,,333000,4294967295,
migrate_demo,server,3,23804162,367394,,333000,4294967295,
migrate_demo,server,3,23809371,368004,,333000,4294967295,
migrate_demo,server,3,23814586,368004,,333000,4294967295,
migrate_demo,server,3,23819745,368004,,333000,4294967295,
migrate_demo,server,3,23824905,368004,,333000,4294967295,
migrate_demo,server,3,23830205,368614,,333000,4294967295,
migrate_demo,server,3,23835440,368614,,333000,4294967295,
migrate_demo,server,3,23840608,368614,,333000,4294967295,
migrate_demo,server,3,23845870,368614,,333000,4294967295,
migrate_demo,server,3,23851091,369224,,333000,4294967295,
migrate_demo,server,3,23856256,369224,,333000,4294967295,
migrate_demo,server,3,23861396,369224,,333000,4294967295,
migrate_demo,server,3,23866526,369224,,333000,4294967295,
migrate_demo,server,3,23871725,369224,,333000,4294967295,
migrate_demo,server,3,23876924,369834,,333000,4294967295,
migrate_demo,server,3,23882106,369834,,333000,4294967295,
migrate_demo,server,3,23887308,369834,,333000,4294967295,
migrate_demo,server,3,23892515,369834,,333000,4294967295,
migrate_demo,server,3,23897678,370444,,333000,4294967295,
migrate_demo,server,3,23902844,370444,,333000,4294967295,
migrate_demo,server,3,23907999,370444,,333000,4294967295,
migrate_demo,server,3,23913157,370444,,333000,4294967295,
migrate_demo,server,3,23918379,370444,,333000,4294967295,
migrate_demo,server,3,23923597,371664,,333000,4294967295,
migrate_demo,server,3,23928799,371664,,333000,4294967295,
migrate_demo,server,3,23933932,371664,,333000,4294967295,
migrate_demo,server,3,23939146,371664,,333000,4294967295,
migrate_demo,server,3,23944316,371664,,333000,4294967295,
migrate_demo,server,3,23949550,372274,,333000,4294967295,
migrate_demo,server,3,23954754,372274,,333000,4294967295,
migrate_demo,server,3,23959954,372274,,333000,4294967295,
migrate_demo,server,3,23965115,372274,,333000,4294967295,
migrate_demo,server,3,23970297,372884,,333000,4294967295,
migrate_demo,server,3,23975455,372884,,333000,4294967295,
migrate_demo,server,3,23980682,372884,,333000,4294967295,
migrate_demo,server,3,23985915,372884,,333000,4294967295,
migrate_demo,server,3,23991120,373494,,333000,4294967295,
migrate_demo,server,3,23996277,373494,,333000,4294967295,
migrate_demo,server,3,24001445,373494,,333000,4294967295,
migrate_demo,server,3,24006654,373494,,333000,4294967295,
migrate_demo,server,3,24011791,373494,,333000,4294967295,
migrate_demo,server,3,24016978,374104,,333000,4294967295,
migrate_demo,server,3,24022175,374104,,333000,4294967295,
migrate_demo,server,3,24027361,374104,,333000,4294967295,
migrate_demo,server,3,24032615,374104,,333000,4294967295,
migrate_demo,server,3,24037823,374714,,333000,4294967295,
migrate_demo,server,3,24042952,374714,,333000,4294967295,
migrate_demo,server,3,24048100,374714,,333000,4294967295,
migrate_demo,server,3,24053260,374714,,333000,4294967295,
migrate_demo,server,3,24058562,375324,,333000,4294967295,
migrate_demo,server,3,24063779,375324,,333000,4294967295,
migrate_demo,server,3,24069002,375324,,333000,4294967295,
migrate_demo,server,3,24074161,375324,,333000,4294967295,
migrate_demo,server,3,24079331,375324,,333000,4294967295,
migrate_demo,server,3,24084600,375934,,333000,4294967295,
migrate_demo,server,3,24089778,375934,,333000,4294967295,
migrate_demo,server,3,24094979,375934,,333000,4294967295,
migrate_demo,server,3,24100211,375934,,333000,4294967295,
migrate_demo,server,3,24105408,376544,,333000,4294967295,
migrate_demo,server,3,24110612,376544,,333000,4294967295,
migrate_demo,server,3,24115810,376544,,333000,4294967295,
migrate_demo,server,3,24121043,376544,,333000,4294967295,
migrate_demo,server,3,24126242,376544,,333000,4294967295,
migrate_demo,server,3,24131433,377154,,333000,4294967295,
migrate_demo,server,3,24136584,377154,,333000,4294967295,
migrate_demo,server,3,24141770,377154,,333000,4294967295,
migrate_demo,server,3,24146932,377154,,333000,4294967295,
migrate_demo,server,3,24152150,377764,,333000,4294967295,
migrate_demo,server,3,24157398,377764,,333000,4294967295,
migrate_demo,server,3,24162591,377764,,333000,4294967295,
migrate_demo,server,3,24167805,377764,,333000,4294967295,
migrate_demo,server,3,24173048,378374,,333000,4294967295,
migrate_demo,server,3,24178256,378374,,333000,4294967295,
migrate_demo,server,3,24183437,378374,,333000,4294967295,
migrate_demo,server,3,24188602,378374,,333000,4294967295,
migrate_demo,server,3,24193742,378374,,333000,4294967295,
migrate_demo,server,3,24198916,378984,,333000,4294967295,
migrate_demo,server,3,24204086,378984,,333000,4294967295,
migrate_demo,server,3,24209272,378984,,333000,4294967295,
migrate_demo,server,3,24214481,378984,,333000,4294967295,
migrate_demo,server,3,24219689,379594,,333000,4294967295,
migrate_demo,server,3,24224918,379594,,333000,4294967295,
migrate_demo,server,3,24230140,379594,,333000,4294967295,
migrate_demo,server,3,24235349,379594,,333000,4294967295,
migrate_demo,server,3,24240673,380204,,333000,4294967295,
migrate_demo,server,3,24245895,380204,,333000,4294967295,
migrate_demo,server,3,24251099,380204,,333000,4294967295,
migrate_demo,server,3,24256263,380204,,333000,4294967295,
migrate_demo,server,3,24261446,380204,,333000,4294967295,
migrate_demo,server,3,24266601,380814,,333000,4294967295,
migrate_demo,server,3,24271762,380814,,333000,4294967295,
migrate_demo,server,3,24276987,380814,,333000,4294967295,
migrate_demo,server,3,24282176,380814,,333000,4294967295,
migrate_demo,server,3,24287359,381424,,333000,4294967295,
migrate_demo,server,3,24292545,381424,,333000,4294967295,
migrate_demo,server,3,24297714,381424,,333000,4294967295,
migrate_demo,server,3,24302950,381424,,333000,4294967295,
migrate_demo,server,3,24308168,381424,,333000,4294967295,
migrate_demo,server,3,24313417,382034,,333000,4294967295,
migrate_demo,server,3,24318632,382034,,333000,4294967295,
migrate_demo,server,3,24323811,382034,,333000,4294967295,
migrate_demo,server,3,24329005,382034,,333000,4294967295,
migrate_demo,server,3,24334227,382644,,333000,4294967295,
migrate_demo,server,3,24339441,382644,,333000,4294967295,
migrate_demo,server,3,24344655,382644,,333000,4294967295,
migrate_demo,server,3,24349922,382644,,333000,4294967295,
migrate_demo,server,3,24355237,383254,,333000,4294967295,
migrate_demo,server,3,24360409,383254,,333000,4294967295,
migrate_demo,server,3,24365620,383254,,333000,4294967295,
migrate_demo,server,3,24370777,383254,,333000,4294967295,
migrate_demo,server,3,24375958,383254,,333000,4294967295,
migrate_demo,server,3,24381158,383864,,333000,4294967295,
migrate_demo,server,3,24386436,383864,,333000,4294967295,
migrate_demo,server,3,24391623,383864,,333000,4294967295,
migrate_demo,server,3,24396860,383864,,333000,4294967295,
migrate_demo,server,3,24402109,384474,,333000,4294967295,
migrate_demo,server,3,24407293,384474,,333000,4294967295,
migrate_demo,server,3,24412449,384474,,333000,4294967295,
migrate_demo,server,3,24417645,384474,,333000,4294967295,
migrate_demo,server,3,24422799,385084,,333000,4294967295,
migrate_demo,server,3,24427996,385084,,333000,4294967295,
migrate_demo,server,3,24433240,385084,,333000,4294967295,
migrate_demo,server,3,24438461,385084,,333000,4294967295,
migrate_demo,server,3,24443685,385084,,333000,4294967295,
migrate_demo,server,3,24448908,385694,,333000,4294967295,
migrate_demo,server,3,24454064,385694,,333000,4294967295,
migrate_demo,server,3,24459277,385694,,333000,4294967295,
migrate_demo,server,3,24464470,385694,,333000,4294967295,
migrate_demo,server,3,24469651,386304,,333000,4294967295,
migrate_demo,server,3,24474870,386304,,333000,4294967295,
migrate_demo,server,3,24480073,386304,,333000,4294967295,
migrate_demo,server,3,24485375,386304,,333000,4294967295,
migrate_demo,server,3,24490715,386914,,333000,4294967295,
migrate_demo,server,3,24495979,386914,,333000,4294967295,
migrate_demo,server,3,24501169,386914,,333000,4294967295,
migrate_demo,server,3,24506382,386914,,333000,4294967295,
migrate_demo,server,3,24511570,386914,,333000,4294967295,
migrate_demo,server,3,24516762,387524,,333000,4294967295,
migrate_demo,server,3,24521945,387524,,333000,4294967295,
migrate_demo,server,3,24527144,387524,,333000,4294967295,
migrate_demo,server,3,24532384,387524,,333000,4294967295,
migrate_demo,server,3,24537630,388134,,333000,4294967295,
migrate_demo,server,3,24542859,388134,,333000,4294967295,
migrate_demo,server,3,24548134,388134,,333000,4294967295,
migrate_demo,server,3,24553366,388134,,333000,4294967295,
migrate_demo,server,3,24558758,388744,,333000,4294967295,
migrate_demo,server,3,24563968,388744,,333000,4294967295,
migrate_demo,server,3,24569181,388744,,333000,4294967295,
migrate_demo,server,3,24574379,388744,,333000,4294967295,
migrate_demo,server,3,24579590,388744,,333000,4294967295,
migrate_demo,server,3,24584824,389354,,333000,4294967295,
migrate_demo,server,3,24590009,389354,,333000,4294967295,
migrate_demo,server,3,24595234,389354,,333000,4294967295,
migrate_demo,server,3,24600436,389354,,333000,4294967295,
migrate_demo,server,3,24605650,389964,,333000,4294967295,
migrate_demo,server,3,24610834,389964,,333000,4294967295,
migrate_demo,server,3,24616012,389964,,333000,4294967295,
migrate_demo,server,3,24621227,389964,,333000,4294967295,
migrate_demo,server,3,24626438,389964,,333000,4294967295,
migrate_demo,server,3,24631658,390574,,333000,4294967295,
migrate_demo,server,3,24636853,390574,,333000,4294967295,
migrate_demo,server,3,24642065,390574,,333000,4294967295,
migrate_demo,server,3,24647236,390574,,333000,4294967295,
migrate_demo,server,3,24652445,391184,,333000,4294967295,
migrate_demo,server,3,24657648,391184,,333000,4294967295,
migrate_demo,server,3,24662851,391184,,333000,4294967295,
migrate_demo,server,3,24668107,391184,,333000,4294967295,
migrate_demo,server,3,24673225,391794,,333000,4294967295,
migrate_demo,server,3,24678372,391794,,333000,4294967295,
migrate_demo,server,3,24683514,391794,,333000,4294967295,
migrate_demo,server,3,24688760,391794,,333000,4294967295,
migrate_demo,server,3,24694009,391794,,333000,4294967295,
migrate_demo,server,3,24699237,392404,,333000,4294967295,
migrate_demo,server,3,24704415,392404,,333000,4294967295,
migrate_demo,server,3,24709610,392404,,333000,4294967295,
migrate_demo,server,3,24714798,392404,,333000,4294967295,
migrate_demo,server,3,24720030,393014,,333000,4294967295,
migrate_demo,server,3,24725274,393014,,333000,4294967295,
migrate_demo,server,3,24730493,393014,,333000,4294967295,
migrate_demo,server,3,24735788,393014,,333000,4294967295,
migrate_demo,server,3,24741073,393624,,333000,4294967295,
migrate_demo,server,3,24746281,393624,,333000,4294967295,
migrate_demo,server,3,24751486,393624,,333000,4294967295,
migrate_demo,server,3,24756708,393624,,333000,4294967295,
migrate_demo,server,3,24761987,393624,,333000,4294967295,
migrate_demo,server,3,24767266,394234,,333000,4294967295,
migrate_demo,server,3,24772522,394844,,333000,4294967295,
migrate_demo,server,3,24777777,394844,,333000,4294967295,
migrate_demo,server,3,24783023,394844,,333000,4294967295,
migrate_demo,server,3,24788316,394844,,333000,4294967295,
migrate_demo,server,3,24793537,394844,,333000,4294967295,
migrate_demo,server,3,24798802,394844,,333000,4294967295,
migrate_demo,server,3,24803977,394844,,333000,4294967295,
migrate_demo,server,3,24809201,394844,,333000,4294967295,
migrate_demo,server,3,24814495,394844,,333000,4294967295,
migrate_demo,server,3,24819734,394844,,333000,4294967295,
migrate_demo,server,3,24824986,394844,,333000,4294967295,
migrate_demo,server,3,24830178,394844,,333000,4294967295,
migrate_demo,server,3,24835368,394844,,333000,4294967295,
migrate_demo,server,3,24840625,394844,,333000,4294967295,
migrate_demo,server,3,24845862,394844,,333000,4294967295,
migrate_demo,server,3,24851021,394844,,333000,4294967295,
migrate_demo,server,3,24856257,394844,,333000,4294967295,
migrate_demo,server,3,24861585,394844,,333000,4294967295,
migrate_demo,server,3,24866744,394844,,333000,4294967295,
migrate_demo,server,3,24872008,394844,,333000,4294967295,
migrate_demo,server,3,24877258,394844,,333000,4294967295,
migrate_demo,server,3,24882445,394844,,333000,4294967295,
migrate_demo,server,3,24887732,394844,,333000,4294967295,
migrate_demo,server,3,24893009,394844,,333000,4294967295,
migrate_demo,server,3,24898252,394844,,333000,4294967295,
migrate_demo,server,3,24903489,394844,,333000,4294967295,
migrate_demo,server,3,24908728,394844,,333000,4294967295,
migrate_demo,server,3,24913979,394844,,333000,4294967295,
migrate_demo,server,3,24919260,394844,,333000,4294967295,
migrate_demo,server,3,24924542,394844,,333000,4294967295,
migrate_demo,server,3,24929786,394844,,333000,4294967295,
migrate_demo,server,3,24934998,394844,,333000,4294967295,
migrate_demo,server,3,24940225,394844,,333000,4294967295,
migrate_demo,server,3,24945479,394844,,333000,4294967295,
migrate_demo,server,3,24950720,394844,,333000,4294967295,
migrate_demo,server,3,24955942,394844,,333000,4294967295,
migrate_demo,server,3,24961243,394844,,333000,4294967295,
migrate_demo,server,3,24966468,394844,,333000,4294967295,
migrate_demo,server,3,24971703,394844,,333000,4294967295,
migrate_demo,server,3,24976992,394844,,333000,4294967295,
migrate_demo,server,3,24982236,394844,,333000,4294967295,
migrate_demo,server,3,24987454,394844,,333000,4294967295,
migrate_demo,server,3,24992735,394844,,333000,4294967295,
migrate_demo,server,3,24997968,394844,,333000,4294967295,
migrate_demo,server,3,25003205,394844,,333000,4294967295,
migrate_demo,server,3,25008439,394844,,333000,4294967295,
migrate_demo,server,3,25013663,394844,,333000,4294967295,
migrate_demo,server,3,25018953,394844,,333000,4294967295,
migrate_demo,server,3,25024204,394844,,333000,4294967295,
migrate_demo,server,3,25029412,394844,,333000,4294967295,
migrate_demo,server,3,25034656,394844,,333000,4294967295,
migrate_demo,server,3,25039881,394844,,333000,4294967295,
migrate_demo,server,3,25045127,394844,,333000,4294967295,
migrate_demo,server,3,25050361,394844,,333000,4294967295,
migrate_demo,server,3,25055612,394844,,333000,4294967295,
migrate_demo,server,3,25060855,394844,,333000,4294967295,
migrate_demo,server,3,25066050,394844,,333000,4294967295,
migrate_demo,server,3,25071328,394844,,333000,4294967295,
migrate_demo,server,3,25076574,394844,,333000,4294967295,
migrate_demo,server,3,25081820,394844,,333000,4294967295,
migrate_demo,server,3,25087062,394844,,333000,4294967295,
migrate_demo,server,3,25092272,394844,,333000,4294967295,
migrate_demo,server,3,25097535,394844,,333000,4294967295,
migrate_demo,server,3,25102811,394844,,333000,4294967295,
migrate_demo,server,3,25108046,394844,,333000,4294967295,
migrate_demo,server,3,25113306,394844,,333000,4294967295,
migrate_demo,server,3,25118517,394844,,333000,4294967295,
migrate_demo,server,3,25123779,394844,,333000,4294967295,
migrate_demo,server,3,25129017,394844,,333000,4294967295,
migrate_demo,server,3,25134257,394844,,333000,4294967295,
migrate_demo,server,3,25139496,394844,,333000,4294967295,
migrate_demo,server,3,25144750,394844,,333000,4294967295,
migrate_demo,server,3,25149986,394844,,333000,4294967295,
migrate_demo,server,3,25155231,394844,,333000,4294967295,
migrate_demo,server,3,25160465,394844,,333000,4294967295,
migrate_demo,server,3,25165725,394844,,333000,4294967295,
migrate_demo,server,3,25170950,394844,,333000,4294967295,
migrate_demo,server,3,25176228,394844,,333000,4294967295,
migrate_demo,server,3,25181531,394844,,333000,4294967295,
migrate_demo,server,3,25186812,394844,,333000,4294967295,
migrate_demo,server,3,25192088,394844,,333000,4294967295,
migrate_demo,server,3,25197479,394844,,333000,4294967295,
migrate_demo,server,3,25202717,394844,,333000,4294967295,
migrate_demo,server,3,25207940,394844,,333000,4294967295,
migrate_demo,server,3,25213204,394844,,333000,4294967295,
migrate_demo,server,3,25218448,394844,,333000,4294967295,
migrate_demo,server,3,25223685,394844,,333000,4294967295,
migrate_demo,server,3,25228949,394844,,333000,4294967295,
migrate_demo,server,3,25234246,394844,,333000,4294967295,
migrate_demo,server,3,25239506,394844,,333000,4294967295,
migrate_demo,server,3,25244830,394844,,333000,4294967295,
migrate_demo,server,3,25250138,394844,,333000,4294967295,
migrate_demo,server,3,25255365,394844,,333000,4294967295,
migrate_demo,server,3,25260591,394844,,333000,4294967295,
migrate_demo,server,3,25265846,394844,,333000,4294967295,
migrate_demo,server,3,25271121,394844,,333000,4294967295,
migrate_demo,server,3,25276420,394844,,333000,4294967295,
migrate_demo,server,3,25281663,394844,,333000,4294967295,
migrate_demo,server,3,25286899,394844,,333000,4294967295,
migrate_demo,server,3,25292170,394844,,333000,4294967295,
migrate_demo,server,3,25297477,394844,,333000,4294967295,
migrate_demo,server,3,25302711,394844,,333000,4294967295,
migrate_demo,server,3,25307971,394844,,333000,4294967295,
migrate_demo,server,3,25313221,394844,,333000,4294967295,
migrate_demo,server,3,25318463,394844,,333000,4294967295,
migrate_demo,server,3,25323732,394844,,333000,4294967295,
migrate_demo,server,3,25329014,394844,,333000,4294967295,
migrate_demo,server,3,25334198,394844,,333000,4294967295,
migrate_demo,server,3,25339421,394844,,333000,4294967295,
migrate_demo,server,3,25344688,394844,,333000,4294967295,
migrate_demo,server,3,25349903,394844,,333000,4294967295,
migrate_demo,server,3,25355111,394844,,333000,4294967295,
migrate_demo,server,3,25360341,394844,,333000,4294967295,
migrate_demo,server,3,25365577,394844,,333000,4294967295,
migrate_demo,server,3,25370863,394844,,333000,4294967295,
migrate_demo,server,3,25376160,394844,,333000,4294967295,
migrate_demo,server,3,25381502,394844,,333000,4294967295,
migrate_demo,server,3,25386745,394844,,333000,4294967295,
migrate_demo,server,3,25391976,394844,,333000,4294967295,
migrate_demo,server,3,25397223,394844,,333000,4294967295,
migrate_demo,server,3,25402476,394844,,333000,4294967295,
migrate_demo,server,3,25407737,394844,,333000,4294967295,
migrate_demo,server,3,25412996,394844,,333000,4294967295,
migrate_demo,server,3,25418257,394844,,333000,4294967295,
migrate_demo,server,3,25423528,394844,,333000,4294967295,
migrate_demo,server,3,25428764,394844,,333000,4294967295,
migrate_demo,server,3,25433991,394844,,333000,4294967295,
