arm,role,rep,time_us,cwnd,bytes_in_flight,smoothed_rtt,min_rtt,latest_rtt
migrate_demo,client,4,45775,12200,,22084,22084,
migrate_demo,client,4,50984,12200,,22084,22084,
migrate_demo,client,4,56255,12200,,22084,22084,
migrate_demo,client,4,61498,12200,,22084,22084,
migrate_demo,client,4,66728,12200,,21905,20659,
migrate_demo,client,4,71876,12200,,21905,20659,
migrate_demo,client,4,77098,12200,,21905,20659,
migrate_demo,client,4,82318,12200,,21905,20659,
migrate_demo,client,4,87540,12200,,21299,20252,
migrate_demo,client,4,92709,12200,,21299,20252,
migrate_demo,client,4,97883,12200,,21299,20252,
migrate_demo,client,4,103136,12200,,21299,20252,
migrate_demo,client,4,108366,12200,,21170,20252,
migrate_demo,client,4,113568,12200,,21622,20252,
migrate_demo,client,4,118761,12200,,22459,20252,
migrate_demo,client,4,123985,12200,,22187,20252,
migrate_demo,client,4,129143,12200,,21757,20201,
migrate_demo,client,4,134319,12200,,22066,20201,
migrate_demo,client,4,139596,12200,,23337,20201,
migrate_demo,client,4,144755,12200,,24621,20201,
migrate_demo,client,4,149936,12200,,26843,20201,
migrate_demo,client,4,155212,12200,,29402,20201,
migrate_demo,client,4,160430,12200,,31028,20201,
migrate_demo,client,4,165615,12200,,33321,20201,
migrate_demo,client,4,170838,12200,,35073,20201,
migrate_demo,client,4,176023,12200,,37896,20201,
migrate_demo,client,4,181191,12200,,39746,20201,
migrate_demo,client,4,186413,12200,,41712,20201,
migrate_demo,client,4,191634,12200,,45622,20201,
migrate_demo,client,4,196835,12200,,47680,20201,
migrate_demo,client,4,202031,12200,,49924,20201,
migrate_demo,client,4,207252,12200,,51997,20201,
migrate_demo,client,4,212503,12200,,55158,20201,
migrate_demo,client,4,217726,12200,,57304,20201,
migrate_demo,client,4,222992,12200,,59385,20201,
migrate_demo,client,4,228242,12200,,62745,20201,
migrate_demo,client,4,233476,12200,,64853,20201,
migrate_demo,client,4,238704,12200,,67170,20201,
migrate_demo,client,4,243893,12200,,70634,20201,
migrate_demo,client,4,249094,12200,,72767,20201,
migrate_demo,client,4,254386,12200,,75080,20201,
migrate_demo,client,4,259613,12200,,77439,20201,
migrate_demo,client,4,264810,12200,,80832,20201,
migrate_demo,client,4,270129,12200,,83029,20201,
migrate_demo,client,4,275344,12200,,86237,20201,
migrate_demo,client,4,280609,12200,,88574,20201,
migrate_demo,client,4,285778,12200,,90884,20201,
migrate_demo,client,4,291026,12200,,92993,20201,
migrate_demo,client,4,296236,12200,,96541,20201,
migrate_demo,client,4,301428,12200,,98668,20201,
migrate_demo,client,4,306667,12200,,102116,20201,
migrate_demo,client,4,311872,12200,,103303,20201,
migrate_demo,client,4,317038,12200,,106718,20201,
migrate_demo,client,4,322276,12200,,108971,20201,
migrate_demo,client,4,327501,12200,,111376,20201,
migrate_demo,client,4,332621,12200,,114879,20201,
migrate_demo,client,4,337870,12200,,116968,20201,
migrate_demo,client,4,343004,12200,,119064,20201,
migrate_demo,client,4,348223,12200,,122457,20201,
migrate_demo,client,4,353434,12200,,124578,20201,
migrate_demo,client,4,358584,12200,,128048,20201,
migrate_demo,client,4,363846,12200,,129319,20201,
migrate_demo,client,4,369094,12200,,132912,20201,
migrate_demo,client,4,374286,12200,,135327,20201,
migrate_demo,client,4,379577,12200,,137591,20201,
migrate_demo,client,4,384822,12200,,139717,20201,
migrate_demo,client,4,390041,12200,,142160,20201,
migrate_demo,client,4,395336,12308,,145608,20201,
migrate_demo,client,4,400588,12408,,148145,20201,
migrate_demo,client,4,405767,12560,,151591,20201,
migrate_demo,client,4,410947,12611,,152847,20201,
migrate_demo,client,4,416183,12713,,155341,20201,
migrate_demo,client,4,421428,12815,,157817,20201,
migrate_demo,client,4,426626,12966,,161305,20201,
migrate_demo,client,4,431838,13066,,163816,20201,
migrate_demo,client,4,437080,13166,,166341,20201,
migrate_demo,client,4,442487,13266,,168808,20201,
migrate_demo,client,4,447735,13366,,171017,20201,
migrate_demo,client,4,452964,13466,,173516,20201,
migrate_demo,client,4,458139,13616,,177231,20201,
migrate_demo,client,4,463331,13716,,179696,20201,
migrate_demo,client,4,468527,13816,,182149,20201,
migrate_demo,client,4,473815,13866,,183291,20201,
migrate_demo,client,4,478982,14016,,187187,20201,
migrate_demo,client,4,484122,14116,,189730,20201,
migrate_demo,client,4,489311,14216,,192245,20201,
migrate_demo,client,4,494542,14316,,194748,20201,
migrate_demo,client,4,499701,14416,,197143,20201,
migrate_demo,client,4,504917,14516,,199525,20201,
migrate_demo,client,4,510191,14666,,203211,20201,
migrate_demo,client,4,515335,14716,,204528,20201,
migrate_demo,client,4,520542,14816,,207122,20201,
migrate_demo,client,4,525771,14916,,209454,20201,
migrate_demo,client,4,531005,15066,,213316,20201,
migrate_demo,client,4,536273,15166,,215837,20201,
migrate_demo,client,4,541468,15266,,218335,20201,
migrate_demo,client,4,546738,15366,,220813,20201,
migrate_demo,client,4,551901,15516,,224274,20201,
migrate_demo,client,4,557139,15566,,225526,20201,
migrate_demo,client,4,562352,15716,,229068,20201,
migrate_demo,client,4,567615,15816,,231587,20201,
migrate_demo,client,4,572857,15914,,234015,20201,
migrate_demo,client,4,578180,16010,,236665,20201,
migrate_demo,client,4,583424,16106,,239235,20201,
migrate_demo,client,4,588597,16202,,241787,20201,
migrate_demo,client,4,593846,16298,,244307,20201,
migrate_demo,client,4,599043,16394,,246804,20201,
migrate_demo,client,4,604235,16490,,249275,20201,
migrate_demo,client,4,609449,16634,,252751,20201,
migrate_demo,client,4,614665,16730,,255243,20201,
migrate_demo,client,4,619889,16826,,257534,20201,
migrate_demo,client,4,625062,16922,,260059,20201,
migrate_demo,client,4,630133,17018,,262549,20201,
migrate_demo,client,4,635340,17114,,264814,20201,
migrate_demo,client,4,640560,17210,,267327,20201,
migrate_demo,client,4,645777,17306,,269588,20201,
migrate_demo,client,4,650982,17450,,273381,20201,
migrate_demo,client,4,656231,17546,,275679,20201,
migrate_demo,client,4,661405,17642,,278207,20201,
migrate_demo,client,4,666610,17738,,280707,20201,
migrate_demo,client,4,671774,17834,,283179,20201,
migrate_demo,client,4,676941,17930,,285650,20201,
migrate_demo,client,4,682131,18074,,289307,20201,
migrate_demo,client,4,687253,18122,,290611,20201,
migrate_demo,client,4,692420,18218,,292960,20201,
migrate_demo,client,4,697628,18314,,295556,20201,
migrate_demo,client,4,702710,18458,,299368,20201,
migrate_demo,client,4,707939,18554,,301642,20201,
migrate_demo,client,4,713161,18650,,304177,20201,
migrate_demo,client,4,718430,18746,,306687,20201,
migrate_demo,client,4,723610,18842,,309170,20201,
migrate_demo,client,4,728865,18938,,311431,20201,
migrate_demo,client,4,734048,19034,,313953,20201,
migrate_demo,client,4,739348,19178,,317692,20201,
migrate_demo,client,4,744595,19274,,319945,20201,
migrate_demo,client,4,749806,19370,,322445,20201,
migrate_demo,client,4,755016,19466,,324943,20201,
migrate_demo,client,4,760193,19562,,327409,20201,
migrate_demo,client,4,765380,19658,,329619,20201,
migrate_demo,client,4,770573,19802,,333152,20201,
migrate_demo,client,4,775748,19898,,335683,20201,
migrate_demo,client,4,780914,20042,,339218,20201,
migrate_demo,client,4,786143,20090,,340490,20201,
migrate_demo,client,4,791294,20186,,342777,20201,
migrate_demo,client,4,796486,20282,,345333,20201,
migrate_demo,client,4,801696,20378,,347863,20201,
migrate_demo,client,4,806931,20522,,351604,20201,
migrate_demo,client,4,812132,20618,,354062,20201,
migrate_demo,client,4,817416,20714,,356530,20201,
migrate_demo,client,4,822587,20810,,358973,20201,
migrate_demo,client,4,827809,20954,,362407,20201,
migrate_demo,client,4,832978,21002,,363653,20201,
migrate_demo,client,4,838261,21098,,366145,20201,
migrate_demo,client,4,843572,21242,,369854,20201,
migrate_demo,client,4,848780,21386,,373309,20201,
migrate_demo,client,4,853982,21434,,374562,20201,
migrate_demo,client,4,859228,21530,,377061,20201,
migrate_demo,client,4,864485,21626,,379518,20201,
migrate_demo,client,4,869685,21722,,381975,20201,
migrate_demo,client,4,874915,21866,,385650,20201,
migrate_demo,client,4,880163,21962,,388092,20201,
migrate_demo,client,4,885358,22058,,390532,20201,
migrate_demo,client,4,890614,22154,,392964,20201,
migrate_demo,client,4,895861,22250,,395385,20201,
migrate_demo,client,4,901036,22394,,398790,20201,
migrate_demo,client,4,906283,22490,,401267,20201,
migrate_demo,client,4,911421,22586,,403547,20201,
migrate_demo,client,4,916640,22682,,406042,20201,
migrate_demo,client,4,921897,22778,,408532,20201,
migrate_demo,client,4,927078,22922,,412002,20201,
migrate_demo,client,4,932285,22970,,413260,20201,
migrate_demo,client,4,937444,23066,,415754,20201,
migrate_demo,client,4,942706,23210,,419480,20201,
migrate_demo,client,4,947860,23306,,421945,20201,
migrate_demo,client,4,953096,23402,,424399,20201,
migrate_demo,client,4,958260,23546,,427830,20201,
migrate_demo,client,4,963437,23594,,429076,20201,
migrate_demo,client,4,968651,23690,,431546,20201,
migrate_demo,client,4,973914,23786,,433794,20201,
migrate_demo,client,4,979104,23930,,437365,20201,
migrate_demo,client,4,984266,24026,,439892,20201,
migrate_demo,client,4,989496,24122,,442172,20201,
migrate_demo,client,4,994624,24218,,444724,20201,
migrate_demo,client,4,999843,24314,,447234,20201,
migrate_demo,client,4,1005075,24410,,449728,20201,
migrate_demo,client,4,1010279,24506,,452199,20201,
migrate_demo,client,4,1015542,24650,,455896,20201,
migrate_demo,client,4,1020773,24746,,458114,20201,
migrate_demo,client,4,1025978,24842,,460616,20201,
migrate_demo,client,4,1031162,24938,,462864,20201,
migrate_demo,client,4,1036362,25082,,466433,20201,
migrate_demo,client,4,1041527,25226,,469787,20201,
migrate_demo,client,4,1046757,25274,,471016,20201,
migrate_demo,client,4,1052004,25370,,473238,20201,
migrate_demo,client,4,1057212,25466,,475734,20201,
migrate_demo,client,4,1062416,25562,,477985,20201,
migrate_demo,client,4,1067546,25706,,481760,20201,
migrate_demo,client,4,1072717,25802,,484229,20201,
migrate_demo,client,4,1077950,25898,,486478,20201,
migrate_demo,client,4,1083162,25994,,488993,20201,
migrate_demo,client,4,1088360,26090,,491487,20201,
migrate_demo,client,4,1093525,26186,,493959,20201,
migrate_demo,client,4,1098825,26282,,496419,20201,
migrate_demo,client,4,1104074,26426,,500092,20201,
migrate_demo,client,4,1109256,26522,,502539,20201,
migrate_demo,client,4,1114520,26618,,504979,20201,
migrate_demo,client,4,1119713,26714,,507403,20201,
migrate_demo,client,4,1124893,26810,,509844,20201,
migrate_demo,client,4,1130102,26906,,512266,20201,
migrate_demo,client,4,1135341,27050,,515908,20201,
migrate_demo,client,4,1140568,27146,,518327,20201,
migrate_demo,client,4,1145880,27242,,520533,20201,
migrate_demo,client,4,1151062,27338,,523022,20201,
migrate_demo,client,4,1156283,27434,,525479,20201,
migrate_demo,client,4,1161525,27530,,527926,20201,
migrate_demo,client,4,1166744,27674,,531398,20201,
migrate_demo,client,4,1171931,27770,,533655,20201,
migrate_demo,client,4,1177175,27914,,537195,20201,
migrate_demo,client,4,1182367,27962,,538472,20201,
migrate_demo,client,4,1187562,28058,,541007,20201,
migrate_demo,client,4,1192769,28154,,543524,20201,
migrate_demo,client,4,1197962,28250,,545783,20201,
migrate_demo,client,4,1203121,28394,,549554,20201,
migrate_demo,client,4,1208345,28490,,552025,20201,
migrate_demo,client,4,1213575,28586,,554504,20201,
migrate_demo,client,4,1218753,28682,,556973,20201,
migrate_demo,client,4,1224041,28778,,559429,20201,
migrate_demo,client,4,1229236,28874,,561872,20201,
migrate_demo,client,4,1234538,28970,,564314,20201,
migrate_demo,client,4,1239762,29114,,567976,20201,
migrate_demo,client,4,1244935,29210,,570403,20201,
migrate_demo,client,4,1250152,29306,,572595,20201,
migrate_demo,client,4,1255346,29402,,575073,20201,
migrate_demo,client,4,1260533,29498,,577544,20201,
migrate_demo,client,4,1265799,29594,,580005,20201,
migrate_demo,client,4,1271046,29738,,583459,20201,
migrate_demo,client,4,1276289,29834,,585945,20201,
migrate_demo,client,4,1281600,29930,,588426,20201,
migrate_demo,client,4,1286830,30026,,590896,20201,
migrate_demo,client,4,1292008,30122,,593354,20201,
migrate_demo,client,4,1297197,30218,,595797,20201,
migrate_demo,client,4,1302404,30410,,599014,20201,
migrate_demo,client,4,1307666,30602,,601318,20201,
migrate_demo,client,4,1312880,30650,,601920,20201,
migrate_demo,client,4,1318144,31034,,602780,20201,
migrate_demo,client,4,1323297,31226,,603436,20201,
migrate_demo,client,4,1328471,31466,,603940,20201,
migrate_demo,client,4,1333822,31466,,603940,20201,
migrate_demo,client,4,1338976,31754,,604326,20201,
migrate_demo,client,4,1344155,31754,,604326,20201,
migrate_demo,client,4,1349348,32234,,604608,20201,
migrate_demo,client,4,1354523,32378,,604832,20201,
migrate_demo,client,4,1359672,32618,,605005,20201,
migrate_demo,client,4,1364836,32618,,605005,20201,
migrate_demo,client,4,1370009,32618,,605005,20201,
migrate_demo,client,4,1375348,33242,,605136,20201,
migrate_demo,client,4,1380564,33434,,605237,20201,
migrate_demo,client,4,1385836,33434,,605237,20201,
migrate_demo,client,4,1391088,33962,,605320,20201,
migrate_demo,client,4,1396271,33962,,605320,20201,
migrate_demo,client,4,1401400,33962,,605320,20201,
migrate_demo,client,4,1406565,34586,,605364,20201,
migrate_demo,client,4,1411706,34586,,605364,20201,
migrate_demo,client,4,1416910,34922,,605415,20201,
migrate_demo,client,4,1422136,34922,,605415,20201,
migrate_demo,client,4,1427386,35402,,605436,20201,
migrate_demo,client,4,1432576,35546,,605469,20201,
migrate_demo,client,4,1437777,35738,,605492,20201,
migrate_demo,client,4,1443017,35978,,605507,20201,
migrate_demo,client,4,1448275,36218,,605527,20201,
migrate_demo,client,4,1453464,36218,,605527,20201,
migrate_demo,client,4,1458631,36554,,605535,20201,
migrate_demo,client,4,1463814,36554,,605535,20201,
migrate_demo,client,4,1468972,36938,,605535,20201,
migrate_demo,client,4,1474129,37226,,605536,20201,
migrate_demo,client,4,1479341,37226,,605536,20201,
migrate_demo,client,4,1484518,37226,,605536,20201,
migrate_demo,client,4,1489712,37802,,605535,20201,
migrate_demo,client,4,1494979,37994,,605550,20201,
migrate_demo,client,4,1500168,38282,,605556,20201,
migrate_demo,client,4,1505336,38330,,605557,20201,
migrate_demo,client,4,1510605,38666,,605568,20201,
migrate_demo,client,4,1515990,38666,,605568,20201,
migrate_demo,client,4,1521238,39050,,605571,20201,
migrate_demo,client,4,1526359,39290,,605575,20201,
migrate_demo,client,4,1531529,39290,,605575,20201,
migrate_demo,client,4,1536691,39290,,605575,20201,
migrate_demo,client,4,1541887,39290,,605575,20201,
migrate_demo,client,4,1547085,39290,,605575,20201,
migrate_demo,client,4,1552308,39290,,605575,20201,
migrate_demo,client,4,1557580,40442,,605576,20201,
migrate_demo,client,4,1562781,40778,,605574,20201,
migrate_demo,client,4,1568001,40778,,605574,20201,
migrate_demo,client,4,1573230,40778,,605574,20201,
migrate_demo,client,4,1578535,41354,,605568,20201,
migrate_demo,client,4,1583721,41498,,605569,20201,
migrate_demo,client,4,1588924,41498,,605569,20201,
migrate_demo,client,4,1594120,41978,,605564,20201,
migrate_demo,client,4,1599332,42218,,605556,20201,
migrate_demo,client,4,1604531,42410,,605563,20201,
migrate_demo,client,4,1609677,42602,,605769,20201,
migrate_demo,client,4,1614915,42842,,605730,20201,
migrate_demo,client,4,1620134,43034,,605612,20201,
migrate_demo,client,4,1625313,43034,,605612,20201,
migrate_demo,client,4,1630512,43466,,605594,20201,
migrate_demo,client,4,1635622,43658,,605589,20201,
migrate_demo,client,4,1640851,43850,,605591,20201,
migrate_demo,client,4,1646125,43850,,605591,20201,
migrate_demo,client,4,1651317,43850,,605591,20201,
migrate_demo,client,4,1656508,44426,,605591,20201,
migrate_demo,client,4,1661674,44714,,605515,20201,
migrate_demo,client,4,1666823,44906,,605525,20201,
migrate_demo,client,4,1671997,45050,,605472,20201,
migrate_demo,client,4,1677270,45194,,605487,20201,
migrate_demo,client,4,1682476,45434,,605504,20201,
migrate_demo,client,4,1687719,45578,,605520,20201,
migrate_demo,client,4,1692944,45866,,605530,20201,
migrate_demo,client,4,1698123,45866,,605530,20201,
migrate_demo,client,4,1703307,45866,,605530,20201,
migrate_demo,client,4,1708440,46490,,605543,20201,
migrate_demo,client,4,1713656,46730,,605548,20201,
migrate_demo,client,4,1718824,46922,,605552,20201,
migrate_demo,client,4,1724175,47114,,605555,20201,
migrate_demo,client,4,1729406,47354,,605554,20201,
migrate_demo,client,4,1734615,47402,,605556,20201,
migrate_demo,client,4,1739796,47402,,605556,20201,
migrate_demo,client,4,1744976,47978,,605558,20201,
migrate_demo,client,4,1750171,48096,,605558,20201,
migrate_demo,client,4,1755508,48096,,605565,20201,
migrate_demo,client,4,1760800,48096,,605565,20201,
migrate_demo,client,4,1766014,48096,,605565,20201,
migrate_demo,client,4,1771193,48096,,605565,20201,
migrate_demo,client,4,1776393,48096,,605565,20201,
migrate_demo,client,4,1781613,48096,,605566,20201,
migrate_demo,client,4,1786773,48096,,605560,20201,
migrate_demo,client,4,1792083,48096,,605485,20201,
migrate_demo,client,4,1797263,48096,,605485,20201,
migrate_demo,client,4,1802498,48096,,605485,20201,
migrate_demo,client,4,1807665,48096,,605449,20201,
migrate_demo,client,4,1812860,48096,,605474,20201,
migrate_demo,client,4,1818091,48096,,605484,20201,
migrate_demo,client,4,1823279,48096,,605498,20201,
migrate_demo,client,4,1828463,48096,,605498,20201,
migrate_demo,client,4,1833633,48096,,605498,20201,
migrate_demo,client,4,1838860,48096,,605498,20201,
migrate_demo,client,4,1844089,48096,,605684,20201,
migrate_demo,client,4,1849305,48096,,605684,20201,
migrate_demo,client,4,1854509,48096,,605658,20201,
migrate_demo,client,4,1859687,48096,,605658,20201,
migrate_demo,client,4,1864975,48096,,605658,20201,
migrate_demo,client,4,1870209,48096,,605658,20201,
migrate_demo,client,4,1875398,48096,,605641,20201,
migrate_demo,client,4,1880602,48096,,605641,20201,
migrate_demo,client,4,1885829,48096,,605641,20201,
migrate_demo,client,4,1891057,48096,,605790,20201,
migrate_demo,client,4,1896320,48096,,605790,20201,
migrate_demo,client,4,1901485,48096,,605747,20201,
migrate_demo,client,4,1906814,48096,,605747,20201,
migrate_demo,client,4,1912115,48096,,605747,20201,
migrate_demo,client,4,1917341,48096,,605747,20201,
migrate_demo,client,4,1922532,48096,,605747,20201,
migrate_demo,client,4,1927695,48096,,605747,20201,
migrate_demo,client,4,1932962,48096,,605747,20201,
migrate_demo,client,4,1938260,48096,,605747,20201,
migrate_demo,client,4,1943508,48096,,605747,20201,
migrate_demo,client,4,1948752,48096,,605747,20201,
migrate_demo,client,4,1953929,48096,,605747,20201,
migrate_demo,client,4,1959134,48096,,605747,20201,
migrate_demo,client,4,1964313,48096,,605747,20201,
migrate_demo,client,4,1969565,48096,,605747,20201,
migrate_demo,client,4,1974799,48096,,605747,20201,
migrate_demo,client,4,1980149,48096,,605747,20201,
migrate_demo,client,4,1985297,48096,,605747,20201,
migrate_demo,client,4,1990488,48096,,605747,20201,
migrate_demo,client,4,1995646,48096,,605747,20201,
migrate_demo,client,4,2000899,48096,,605747,20201,
migrate_demo,client,4,2006119,48096,,605747,20201,
migrate_demo,client,4,2011380,48096,,605747,20201,
migrate_demo,client,4,2016688,48096,,605747,20201,
migrate_demo,client,4,2021905,48096,,605747,20201,
migrate_demo,client,4,2027081,48096,,605747,20201,
migrate_demo,client,4,2032326,48096,,605747,20201,
migrate_demo,client,4,2037487,48096,,605747,20201,
migrate_demo,client,4,2042678,48096,,605747,20201,
migrate_demo,client,4,2047896,48096,,605747,20201,
migrate_demo,client,4,2053138,48096,,605747,20201,
migrate_demo,client,4,2058354,48096,,605747,20201,
migrate_demo,client,4,2063586,48096,,605747,20201,
migrate_demo,client,4,2068901,48096,,605747,20201,
migrate_demo,client,4,2074062,48096,,605747,20201,
migrate_demo,client,4,2079293,48096,,605747,20201,
migrate_demo,client,4,2084510,48096,,605747,20201,
migrate_demo,client,4,2089703,48096,,605747,20201,
migrate_demo,client,4,2094894,48096,,605747,20201,
migrate_demo,client,4,2100123,48096,,605747,20201,
migrate_demo,client,4,2105310,48096,,605747,20201,
migrate_demo,client,4,2110514,48096,,605747,20201,
migrate_demo,client,4,2115832,48096,,605747,20201,
migrate_demo,client,4,2121049,48096,,605747,20201,
migrate_demo,client,4,2126218,48096,,605747,20201,
migrate_demo,client,4,2131398,48096,,605747,20201,
migrate_demo,client,4,2136588,48096,,605747,20201,
migrate_demo,client,4,2141763,48096,,605747,20201,
migrate_demo,client,4,2146943,48096,,605747,20201,
migrate_demo,client,4,2152148,48096,,605747,20201,
migrate_demo,client,4,2157323,48096,,605747,20201,
migrate_demo,client,4,2162527,48096,,605747,20201,
migrate_demo,client,4,2167822,48096,,605747,20201,
migrate_demo,client,4,2173023,48096,,605747,20201,
migrate_demo,client,4,2178234,48096,,605747,20201,
migrate_demo,client,4,2183481,48096,,605747,20201,
migrate_demo,client,4,2188694,48096,,605747,20201,
migrate_demo,client,4,2193890,48096,,605747,20201,
migrate_demo,client,4,2199116,48096,,605747,20201,
migrate_demo,client,4,2204424,48096,,605747,20201,
migrate_demo,client,4,2209594,48096,,605747,20201,
migrate_demo,client,4,2214749,48096,,605747,20201,
migrate_demo,client,4,2219948,48096,,605747,20201,
migrate_demo,client,4,2225166,48096,,605747,20201,
migrate_demo,client,4,2230346,48096,,605747,20201,
migrate_demo,client,4,2235631,48096,,605747,20201,
migrate_demo,client,4,2240920,48096,,605747,20201,
migrate_demo,client,4,2246146,48096,,605747,20201,
migrate_demo,client,4,2251336,48096,,605747,20201,
migrate_demo,client,4,2256498,48096,,605747,20201,
migrate_demo,client,4,2261740,48096,,605747,20201,
migrate_demo,client,4,2267046,48096,,605747,20201,
migrate_demo,client,4,2272278,48096,,605747,20201,
migrate_demo,client,4,2277456,48096,,605747,20201,
migrate_demo,client,4,2282687,48096,,605747,20201,
migrate_demo,client,4,2287889,48096,,605747,20201,
migrate_demo,client,4,2293043,48096,,605747,20201,
migrate_demo,client,4,2298265,48096,,605747,20201,
migrate_demo,client,4,2303496,48096,,605747,20201,
migrate_demo,client,4,2308647,48096,,605747,20201,
migrate_demo,client,4,2313785,48096,,605747,20201,
migrate_demo,client,4,2318999,48096,,605747,20201,
migrate_demo,client,4,2324188,48096,,605747,20201,
migrate_demo,client,4,2329379,48096,,605747,20201,
migrate_demo,client,4,2334596,48096,,605747,20201,
migrate_demo,client,4,2339825,48096,,605747,20201,
migrate_demo,client,4,2345050,48096,,605747,20201,
migrate_demo,client,4,2350224,48096,,605747,20201,
migrate_demo,client,4,2355398,48096,,605747,20201,
migrate_demo,client,4,2360619,48096,,605747,20201,
migrate_demo,client,4,2365736,48096,,605747,20201,
migrate_demo,client,4,2370919,48096,,605747,20201,
migrate_demo,client,4,2376116,48096,,605747,20201,
migrate_demo,client,4,2381303,48096,,605747,20201,
migrate_demo,client,4,2386483,48096,,605747,20201,
migrate_demo,client,4,2391630,48096,,605747,20201,
migrate_demo,client,4,2396875,48096,,605747,20201,
migrate_demo,client,4,2402034,48096,,605747,20201,
migrate_demo,client,4,2407255,48096,,605747,20201,
migrate_demo,client,4,2412428,48096,,605747,20201,
migrate_demo,client,4,2417692,48096,,605747,20201,
migrate_demo,client,4,2422922,48096,,605747,20201,
migrate_demo,client,4,2428067,48096,,605747,20201,
migrate_demo,client,4,2433306,48096,,605747,20201,
migrate_demo,client,4,2438530,48096,,605747,20201,
migrate_demo,client,4,2443722,48096,,605747,20201,
migrate_demo,client,4,2448843,48096,,605747,20201,
migrate_demo,client,4,2454236,48096,,605747,20201,
migrate_demo,client,4,2459457,48096,,605747,20201,
migrate_demo,client,4,2464739,48096,,605747,20201,
migrate_demo,client,4,2469960,48096,,605747,20201,
migrate_demo,client,4,2475107,48096,,605747,20201,
migrate_demo,client,4,2480309,48096,,605747,20201,
migrate_demo,client,4,2485475,48096,,605747,20201,
migrate_demo,client,4,2490706,48096,,605747,20201,
migrate_demo,client,4,2495917,48096,,605747,20201,
migrate_demo,client,4,2501076,48096,,605747,20201,
migrate_demo,client,4,2506373,48096,,605747,20201,
migrate_demo,client,4,2511581,48096,,605747,20201,
migrate_demo,client,4,2516725,48096,,605747,20201,
migrate_demo,client,4,2522747,96241,,439321,20201,
migrate_demo,client,4,2527873,96241,,439321,20201,
migrate_demo,client,4,2533078,96241,,439321,20201,
migrate_demo,client,4,2538239,96241,,439321,20201,
migrate_demo,client,4,2543505,96241,,439321,20201,
migrate_demo,client,4,2548723,96241,,439321,20201,
migrate_demo,client,4,2553910,96241,,439321,20201,
migrate_demo,client,4,2559180,96241,,439321,20201,
migrate_demo,client,4,2564401,96241,,439321,20201,
migrate_demo,client,4,2569634,96241,,439321,20201,
migrate_demo,client,4,2574785,96241,,439321,20201,
migrate_demo,client,4,2579897,96241,,439321,20201,
migrate_demo,client,4,2585076,96241,,439321,20201,
migrate_demo,client,4,2590302,96241,,439321,20201,
migrate_demo,client,4,2595570,96241,,439321,20201,
migrate_demo,client,4,2600789,96241,,439321,20201,
migrate_demo,client,4,2606058,96241,,439321,20201,
migrate_demo,client,4,2611309,96241,,439321,20201,
migrate_demo,client,4,2616527,96241,,439321,20201,
migrate_demo,client,4,2621822,96241,,439321,20201,
migrate_demo,client,4,2627087,96241,,439321,20201,
migrate_demo,client,4,2632413,96241,,439321,20201,
migrate_demo,client,4,2637637,96241,,439321,20201,
migrate_demo,client,4,2642777,96241,,439321,20201,
migrate_demo,client,4,2647976,96241,,439321,20201,
migrate_demo,client,4,2653288,96241,,439321,20201,
migrate_demo,client,4,2658461,96241,,439321,20201,
migrate_demo,client,4,2663622,96241,,439321,20201,
migrate_demo,client,4,2668810,96241,,439321,20201,
migrate_demo,client,4,2673984,96241,,439321,20201,
migrate_demo,client,4,2679242,96241,,439321,20201,
migrate_demo,client,4,2684459,96241,,439321,20201,
migrate_demo,client,4,2689693,96241,,439321,20201,
migrate_demo,client,4,2694893,96241,,439321,20201,
migrate_demo,client,4,2700055,96241,,439321,20201,
migrate_demo,client,4,2705337,96241,,439321,20201,
migrate_demo,client,4,2710516,96241,,439321,20201,
migrate_demo,client,4,2715720,96241,,439321,20201,
migrate_demo,client,4,2720957,96241,,439321,20201,
migrate_demo,client,4,2726180,96241,,439321,20201,
migrate_demo,client,4,2731370,96241,,439321,20201,
migrate_demo,client,4,2736531,96241,,439321,20201,
migrate_demo,client,4,2741767,96241,,439321,20201,
migrate_demo,client,4,2746916,96241,,439321,20201,
migrate_demo,client,4,2752161,96241,,439321,20201,
migrate_demo,client,4,2757406,96241,,439321,20201,
migrate_demo,client,4,2762619,96241,,439321,20201,
migrate_demo,client,4,2767804,96241,,439321,20201,
migrate_demo,client,4,2772989,96241,,439321,20201,
migrate_demo,client,4,2778202,96241,,439321,20201,
migrate_demo,client,4,2783369,96241,,439321,20201,
migrate_demo,client,4,2788609,96241,,439321,20201,
migrate_demo,client,4,2793916,96241,,439321,20201,
migrate_demo,client,4,2799080,96241,,439321,20201,
migrate_demo,client,4,2804339,96241,,439321,20201,
migrate_demo,client,4,2809552,96241,,439321,20201,
migrate_demo,client,4,2814753,96241,,439321,20201,
migrate_demo,client,4,2819931,96241,,439321,20201,
migrate_demo,client,4,2825159,96241,,439321,20201,
migrate_demo,client,4,2830413,96241,,439321,20201,
migrate_demo,client,4,2835564,96241,,439321,20201,
migrate_demo,client,4,2840724,96241,,439321,20201,
migrate_demo,client,4,2845931,96241,,439321,20201,
migrate_demo,client,4,2851126,96241,,439321,20201,
migrate_demo,client,4,2856312,96241,,439321,20201,
migrate_demo,client,4,2861584,96241,,439321,20201,
migrate_demo,client,4,2866823,96241,,439321,20201,
migrate_demo,client,4,2872100,96241,,439321,20201,
migrate_demo,client,4,2877354,96241,,439321,20201,
migrate_demo,client,4,2882513,96241,,439321,20201,
migrate_demo,client,4,2887738,96241,,439321,20201,
migrate_demo,client,4,2893012,96241,,439321,20201,
migrate_demo,client,4,2898178,96241,,439321,20201,
migrate_demo,client,4,2903425,96241,,439321,20201,
migrate_demo,client,4,2908618,96241,,439321,20201,
migrate_demo,client,4,2913842,96241,,439321,20201,
migrate_demo,client,4,2919190,96241,,439321,20201,
migrate_demo,client,4,2924357,96241,,439321,20201,
migrate_demo,client,4,2929598,96241,,439321,20201,
migrate_demo,client,4,2934757,96241,,439321,20201,
migrate_demo,client,4,2939983,96241,,439321,20201,
migrate_demo,client,4,2945130,96241,,439321,20201,
migrate_demo,client,4,2950291,96241,,439321,20201,
migrate_demo,client,4,2955450,96241,,439321,20201,
migrate_demo,client,4,2960660,96241,,439321,20201,
migrate_demo,client,4,2965862,96241,,439321,20201,
migrate_demo,client,4,2971077,96241,,439321,20201,
migrate_demo,client,4,2976254,96241,,439321,20201,
migrate_demo,client,4,2981427,96241,,439321,20201,
migrate_demo,client,4,2986612,96241,,439321,20201,
migrate_demo,client,4,2991786,96241,,439321,20201,
migrate_demo,client,4,2997006,96241,,439321,20201,
migrate_demo,client,4,3002175,96241,,439321,20201,
migrate_demo,client,4,3007414,96241,,439321,20201,
migrate_demo,client,4,3012598,96241,,439321,20201,
migrate_demo,client,4,3017830,96241,,439321,20201,
migrate_demo,client,4,3023020,96290,,447351,20201,
migrate_demo,client,4,3028248,96290,,447351,20201,
migrate_demo,client,4,3033475,96290,,454591,20201,
migrate_demo,client,4,3038691,96290,,461340,20201,
migrate_demo,client,4,3043993,96290,,467633,20201,
migrate_demo,client,4,3049221,96290,,467633,20201,
migrate_demo,client,4,3054464,96290,,467633,20201,
migrate_demo,client,4,3059620,96290,,467633,20201,
migrate_demo,client,4,3064779,96290,,467633,20201,
migrate_demo,client,4,3070172,96290,,475000,20201,
migrate_demo,client,4,3075402,96290,,475000,20201,
migrate_demo,client,4,3080594,96290,,475000,20201,
migrate_demo,client,4,3085807,96290,,475000,20201,
migrate_demo,client,4,3091040,96290,,475000,20201,
migrate_demo,client,4,3096255,96290,,475000,20201,
migrate_demo,client,4,3101474,96290,,475000,20201,
migrate_demo,client,4,3106662,96290,,475000,20201,
migrate_demo,client,4,3111845,96290,,475000,20201,
migrate_demo,client,4,3117128,96290,,475000,20201,
migrate_demo,client,4,3122336,96290,,475000,20201,
migrate_demo,client,4,3127523,96290,,475000,20201,
migrate_demo,client,4,3132759,96290,,475000,20201,
migrate_demo,client,4,3137924,96290,,475000,20201,
migrate_demo,client,4,3143119,96290,,475000,20201,
migrate_demo,client,4,3148344,96290,,475000,20201,
migrate_demo,client,4,3153557,96290,,475000,20201,
migrate_demo,client,4,3158767,96290,,475000,20201,
migrate_demo,client,4,3163977,96290,,475000,20201,
migrate_demo,client,4,3169179,96290,,475000,20201,
migrate_demo,client,4,3174372,96290,,475000,20201,
migrate_demo,client,4,3179580,96290,,475000,20201,
migrate_demo,client,4,3184771,96290,,475000,20201,
migrate_demo,client,4,3190018,96290,,475000,20201,
migrate_demo,client,4,3195148,96290,,475000,20201,
migrate_demo,client,4,3200342,96290,,475000,20201,
migrate_demo,client,4,3205541,96290,,475000,20201,
migrate_demo,client,4,3210766,96290,,475000,20201,
migrate_demo,client,4,3216002,96290,,475000,20201,
migrate_demo,client,4,3221179,96290,,475000,20201,
migrate_demo,client,4,3226464,96290,,475000,20201,
migrate_demo,client,4,3231666,96290,,475000,20201,
migrate_demo,client,4,3236942,96290,,475000,20201,
migrate_demo,client,4,3242208,96290,,475000,20201,
migrate_demo,client,4,3247394,96290,,475000,20201,
migrate_demo,client,4,3252575,96290,,475000,20201,
migrate_demo,client,4,3257753,96290,,475000,20201,
migrate_demo,client,4,3262934,96290,,475000,20201,
migrate_demo,client,4,3268117,96290,,475000,20201,
migrate_demo,client,4,3273337,96290,,475000,20201,
migrate_demo,client,4,3278539,96290,,475000,20201,
migrate_demo,client,4,3283785,96290,,475000,20201,
migrate_demo,client,4,3289005,96290,,475000,20201,
migrate_demo,client,4,3294185,96290,,475000,20201,
migrate_demo,client,4,3299422,96290,,475000,20201,
migrate_demo,client,4,3304653,96290,,475000,20201,
migrate_demo,client,4,3309938,96290,,475000,20201,
migrate_demo,client,4,3315181,96290,,475000,20201,
migrate_demo,client,4,3320566,96290,,475000,20201,
migrate_demo,client,4,3325808,96290,,475000,20201,
migrate_demo,client,4,3331068,96290,,475000,20201,
migrate_demo,client,4,3336227,96290,,475000,20201,
migrate_demo,client,4,3341418,96290,,475000,20201,
migrate_demo,client,4,3346788,96290,,475000,20201,
migrate_demo,client,4,3352106,96290,,475000,20201,
migrate_demo,client,4,3357333,96290,,475000,20201,
migrate_demo,client,4,3362620,96290,,475000,20201,
migrate_demo,client,4,3367883,96290,,475000,20201,
migrate_demo,client,4,3373098,96290,,475000,20201,
migrate_demo,client,4,3378341,96290,,475000,20201,
migrate_demo,client,4,3383549,96290,,475000,20201,
migrate_demo,client,4,3388845,96290,,475000,20201,
migrate_demo,client,4,3394109,96290,,475000,20201,
migrate_demo,client,4,3399386,96290,,475000,20201,
migrate_demo,client,4,3404576,96290,,475000,20201,
migrate_demo,client,4,3409779,96290,,475000,20201,
migrate_demo,client,4,3414978,96290,,475000,20201,
migrate_demo,client,4,3420258,96290,,475000,20201,
migrate_demo,client,4,3425485,96290,,475000,20201,
migrate_demo,client,4,3430677,96290,,475000,20201,
migrate_demo,client,4,3435973,96290,,475000,20201,
migrate_demo,client,4,3441193,96290,,475000,20201,
migrate_demo,client,4,3446389,96290,,475000,20201,
migrate_demo,client,4,3451570,96290,,475000,20201,
migrate_demo,client,4,3456891,96290,,475000,20201,
migrate_demo,client,4,3462128,96290,,475000,20201,
migrate_demo,client,4,3467369,96290,,475000,20201,
migrate_demo,client,4,3472636,96290,,475000,20201,
migrate_demo,client,4,3477952,96290,,475000,20201,
migrate_demo,client,4,3483162,96290,,475000,20201,
migrate_demo,client,4,3488404,96290,,475000,20201,
migrate_demo,client,4,3493701,96290,,475000,20201,
migrate_demo,client,4,3498921,96290,,475000,20201,
migrate_demo,client,4,3504197,96290,,475000,20201,
migrate_demo,client,4,3509416,96290,,475000,20201,
migrate_demo,client,4,3514658,96290,,475000,20201,
migrate_demo,client,4,3519871,96290,,475000,20201,
migrate_demo,client,4,3525069,96290,,475000,20201,
migrate_demo,client,4,3530302,96290,,475000,20201,
migrate_demo,client,4,3535616,96290,,475000,20201,
migrate_demo,client,4,3540873,96290,,475000,20201,
migrate_demo,client,4,3546238,96290,,475000,20201,
migrate_demo,client,4,3551486,96290,,475000,20201,
migrate_demo,client,4,3556738,96290,,475000,20201,
migrate_demo,client,4,3561956,96290,,475000,20201,
migrate_demo,client,4,3567249,96290,,475000,20201,
migrate_demo,client,4,3572467,96290,,475000,20201,
migrate_demo,client,4,3577786,96290,,475000,20201,
migrate_demo,client,4,3582997,96290,,475000,20201,
migrate_demo,client,4,3588259,96290,,475000,20201,
migrate_demo,client,4,3593473,96290,,475000,20201,
migrate_demo,client,4,3598712,96290,,475000,20201,
migrate_demo,client,4,3603917,96290,,475000,20201,
migrate_demo,client,4,3609154,96290,,488224,20201,
migrate_demo,client,4,3614445,96290,,488224,20201,
migrate_demo,client,4,3619698,96290,,488224,20201,
migrate_demo,client,4,3624954,96290,,488224,20201,
migrate_demo,client,4,3630165,96290,,488224,20201,
migrate_demo,client,4,3635334,96290,,488224,20201,
migrate_demo,client,4,3640595,96290,,488224,20201,
migrate_demo,client,4,3645793,96290,,488224,20201,
migrate_demo,client,4,3651146,96290,,488224,20201,
migrate_demo,client,4,3656378,96290,,488224,20201,
migrate_demo,client,4,3661700,96290,,488224,20201,
migrate_demo,client,4,3666916,96290,,488224,20201,
migrate_demo,client,4,3672157,96290,,488224,20201,
migrate_demo,client,4,3677368,96290,,488224,20201,
migrate_demo,client,4,3682625,96290,,488224,20201,
migrate_demo,client,4,3687865,96290,,488224,20201,
migrate_demo,client,4,3693104,96290,,488224,20201,
migrate_demo,client,4,3698309,96290,,488224,20201,
migrate_demo,client,4,3703549,96290,,488224,20201,
migrate_demo,client,4,3708783,96290,,488224,20201,
migrate_demo,client,4,3714050,96290,,488224,20201,
migrate_demo,client,4,3719297,96290,,488224,20201,
migrate_demo,client,4,3724472,96290,,488224,20201,
migrate_demo,client,4,3729747,96290,,488224,20201,
migrate_demo,client,4,3734985,96290,,488224,20201,
migrate_demo,client,4,3740235,96290,,488224,20201,
migrate_demo,client,4,3745478,96290,,488224,20201,
migrate_demo,client,4,3750719,96290,,488224,20201,
migrate_demo,client,4,3755949,96290,,488224,20201,
migrate_demo,client,4,3761179,96290,,488224,20201,
migrate_demo,client,4,3766414,96290,,488224,20201,
migrate_demo,client,4,3771632,96290,,488224,20201,
migrate_demo,client,4,3776880,96290,,488224,20201,
migrate_demo,client,4,3782185,96290,,488224,20201,
migrate_demo,client,4,3787573,96290,,488224,20201,
migrate_demo,client,4,3792831,96290,,488224,20201,
migrate_demo,client,4,3798108,96290,,488224,20201,
migrate_demo,client,4,3803352,96290,,488224,20201,
migrate_demo,client,4,3808623,96290,,488224,20201,
migrate_demo,client,4,3813899,96290,,488224,20201,
migrate_demo,client,4,3819090,96290,,488224,20201,
migrate_demo,client,4,3824279,96290,,500923,20201,
migrate_demo,client,4,3829502,96290,,500923,20201,
migrate_demo,client,4,3834750,96290,,500923,20201,
migrate_demo,client,4,3839983,96290,,500923,20201,
migrate_demo,client,4,3845233,96290,,500923,20201,
migrate_demo,client,4,3850497,96290,,500923,20201,
migrate_demo,client,4,3855709,96290,,500923,20201,
migrate_demo,client,4,3860899,96290,,500923,20201,
migrate_demo,client,4,3866145,96290,,500923,20201,
migrate_demo,client,4,3871349,96290,,500923,20201,
migrate_demo,client,4,3876554,96290,,500923,20201,
migrate_demo,client,4,3881787,96290,,500923,20201,
migrate_demo,client,4,3886999,96290,,500923,20201,
migrate_demo,client,4,3892192,96290,,500923,20201,
migrate_demo,client,4,3897392,96290,,500923,20201,
migrate_demo,client,4,3902582,96290,,500923,20201,
migrate_demo,client,4,3907837,96290,,500923,20201,
migrate_demo,client,4,3913083,96290,,500923,20201,
migrate_demo,client,4,3918324,96290,,500923,20201,
migrate_demo,client,4,3923533,96290,,500923,20201,
migrate_demo,client,4,3928781,96290,,500923,20201,
migrate_demo,client,4,3934019,96290,,500923,20201,
migrate_demo,client,4,3939324,96290,,500923,20201,
migrate_demo,client,4,3944520,96290,,500923,20201,
migrate_demo,client,4,3949744,96290,,500923,20201,
migrate_demo,client,4,3955021,96290,,500923,20201,
migrate_demo,client,4,3960268,96290,,500923,20201,
migrate_demo,client,4,3965499,96290,,500923,20201,
migrate_demo,client,4,3970698,96290,,500923,20201,
migrate_demo,client,4,3976023,96290,,500923,20201,
migrate_demo,client,4,3981238,96290,,500923,20201,
migrate_demo,client,4,3986450,96290,,500923,20201,
migrate_demo,client,4,3991648,96290,,500923,20201,
migrate_demo,client,4,3996874,96290,,500923,20201,
migrate_demo,client,4,4002122,96290,,500923,20201,
migrate_demo,client,4,4007353,96290,,500923,20201,
migrate_demo,client,4,4012585,96290,,500923,20201,
migrate_demo,client,4,4017783,96290,,500923,20201,
migrate_demo,client,4,4023076,96290,,500923,20201,
migrate_demo,client,4,4028253,96290,,500923,20201,
migrate_demo,client,4,4033466,96290,,500923,20201,
migrate_demo,client,4,4038686,96290,,500923,20201,
migrate_demo,client,4,4043943,96290,,500923,20201,
migrate_demo,client,4,4049206,96290,,500923,20201,
migrate_demo,client,4,4054449,96290,,500923,20201,
migrate_demo,client,4,4059673,96290,,500923,20201,
migrate_demo,client,4,4064909,96290,,500923,20201,
migrate_demo,client,4,4070148,96290,,500923,20201,
migrate_demo,client,4,4075409,96290,,500923,20201,
migrate_demo,client,4,4080679,96290,,500923,20201,
migrate_demo,client,4,4085898,96290,,500923,20201,
migrate_demo,client,4,4091175,96290,,500923,20201,
migrate_demo,client,4,4096417,96290,,500923,20201,
migrate_demo,client,4,4101607,96290,,500923,20201,
migrate_demo,client,4,4106795,96290,,500923,20201,
migrate_demo,client,4,4112058,96290,,500923,20201,
migrate_demo,client,4,4117308,96290,,500923,20201,
migrate_demo,client,4,4122485,96290,,500923,20201,
migrate_demo,client,4,4127796,96290,,500923,20201,
migrate_demo,client,4,4133034,96290,,500923,20201,
migrate_demo,client,4,4138139,96290,,500923,20201,
migrate_demo,client,4,4143343,96290,,500923,20201,
migrate_demo,client,4,4148555,96290,,500923,20201,
migrate_demo,client,4,4153809,96290,,500923,20201,
migrate_demo,client,4,4159011,96290,,500923,20201,
migrate_demo,client,4,4164288,96290,,500923,20201,
migrate_demo,client,4,4169504,96290,,500923,20201,
migrate_demo,client,4,4174736,96290,,500923,20201,
migrate_demo,client,4,4179969,96290,,500923,20201,
migrate_demo,client,4,4185252,96290,,500923,20201,
migrate_demo,client,4,4190583,96290,,500923,20201,
migrate_demo,client,4,4195819,96290,,500923,20201,
migrate_demo,client,4,4201013,96290,,500923,20201,
migrate_demo,client,4,4206222,96290,,500923,20201,
migrate_demo,client,4,4211450,96290,,500923,20201,
migrate_demo,client,4,4216730,96290,,500923,20201,
migrate_demo,client,4,4221956,96290,,500923,20201,
migrate_demo,client,4,4227190,96290,,500923,20201,
migrate_demo,client,4,4232390,96290,,500923,20201,
migrate_demo,client,4,4237577,96290,,500923,20201,
migrate_demo,client,4,4242766,96290,,500923,20201,
migrate_demo,client,4,4247947,96290,,500923,20201,
migrate_demo,client,4,4253138,96290,,500923,20201,
migrate_demo,client,4,4258335,96290,,500923,20201,
migrate_demo,client,4,4263560,96290,,500923,20201,
migrate_demo,client,4,4268778,96290,,500923,20201,
migrate_demo,client,4,4273986,96290,,500923,20201,
migrate_demo,client,4,4279184,96290,,500923,20201,
migrate_demo,client,4,4284424,96290,,500923,20201,
migrate_demo,client,4,4289657,96290,,500923,20201,
migrate_demo,client,4,4294914,96290,,500923,20201,
migrate_demo,client,4,4300111,96290,,500923,20201,
migrate_demo,client,4,4305356,96290,,500923,20201,
migrate_demo,client,4,4310639,96290,,500923,20201,
migrate_demo,client,4,4315867,96290,,500923,20201,
migrate_demo,client,4,4321173,96290,,500923,20201,
migrate_demo,client,4,4326433,96290,,500923,20201,
migrate_demo,client,4,4331722,96290,,500923,20201,
migrate_demo,client,4,4336981,96290,,500923,20201,
migrate_demo,client,4,4342217,96290,,500923,20201,
migrate_demo,client,4,4347452,96290,,500923,20201,
migrate_demo,client,4,4352649,96290,,500923,20201,
migrate_demo,client,4,4357861,96290,,500923,20201,
migrate_demo,client,4,4363075,96290,,500923,20201,
migrate_demo,client,4,4368291,96290,,500923,20201,
migrate_demo,client,4,4373524,96290,,500923,20201,
migrate_demo,client,4,4378706,96290,,500923,20201,
migrate_demo,client,4,4383934,96290,,500923,20201,
migrate_demo,client,4,4389093,96290,,500923,20201,
migrate_demo,client,4,4394373,96290,,500923,20201,
migrate_demo,client,4,4399595,96290,,500923,20201,
migrate_demo,client,4,4404795,96290,,500923,20201,
migrate_demo,client,4,4409989,96290,,500923,20201,
migrate_demo,client,4,4415212,96290,,500923,20201,
migrate_demo,client,4,4420510,96290,,500923,20201,
migrate_demo,client,4,4425745,96290,,500923,20201,
migrate_demo,client,4,4430969,96290,,500923,20201,
migrate_demo,client,4,4436271,96290,,500923,20201,
migrate_demo,client,4,4441509,96290,,500923,20201,
migrate_demo,client,4,4446763,96290,,500923,20201,
migrate_demo,client,4,4451988,96290,,500923,20201,
migrate_demo,client,4,4457248,96290,,500923,20201,
migrate_demo,client,4,4462447,96290,,500923,20201,
migrate_demo,client,4,4467683,96290,,500923,20201,
migrate_demo,client,4,4472891,96290,,500923,20201,
migrate_demo,client,4,4478145,96290,,500923,20201,
migrate_demo,client,4,4483393,96290,,500923,20201,
migrate_demo,client,4,4488588,96290,,500923,20201,
migrate_demo,client,4,4493795,96290,,500923,20201,
migrate_demo,client,4,4498986,96290,,500923,20201,
migrate_demo,client,4,4504195,96290,,500923,20201,
migrate_demo,client,4,4509405,96290,,500923,20201,
migrate_demo,client,4,4514611,96290,,500923,20201,
migrate_demo,client,4,4519808,96290,,500923,20201,
migrate_demo,client,4,4525146,96290,,500923,20201,
migrate_demo,client,4,4530372,96290,,500923,20201,
migrate_demo,client,4,4535582,96290,,500923,20201,
migrate_demo,client,4,4540793,96290,,500923,20201,
migrate_demo,client,4,4546047,96290,,500923,20201,
migrate_demo,client,4,4551341,96290,,500923,20201,
migrate_demo,client,4,4556642,96290,,500923,20201,
migrate_demo,client,4,4561844,96290,,500923,20201,
migrate_demo,client,4,4567052,96290,,500923,20201,
migrate_demo,client,4,4572252,96290,,500923,20201,
migrate_demo,client,4,4577466,96290,,500923,20201,
migrate_demo,client,4,4582708,96290,,500923,20201,
migrate_demo,client,4,4588111,96290,,500923,20201,
migrate_demo,client,4,4593357,96290,,500923,20201,
migrate_demo,client,4,4598629,96290,,500923,20201,
migrate_demo,client,4,4604036,96290,,500923,20201,
migrate_demo,client,4,4609322,96290,,500923,20201,
migrate_demo,client,4,4614597,96290,,500923,20201,
migrate_demo,client,4,4619864,96290,,500923,20201,
migrate_demo,client,4,4625179,96290,,500923,20201,
migrate_demo,client,4,4630432,96290,,500923,20201,
migrate_demo,client,4,4635733,96290,,500923,20201,
migrate_demo,client,4,4640909,96290,,500923,20201,
migrate_demo,client,4,4646113,96290,,500923,20201,
migrate_demo,client,4,4651356,96290,,500923,20201,
migrate_demo,client,4,4656557,96290,,500923,20201,
migrate_demo,client,4,4661776,96290,,500923,20201,
migrate_demo,client,4,4667114,96290,,511353,20201,
migrate_demo,client,4,4672335,96290,,511353,20201,
migrate_demo,client,4,4677515,96290,,511353,20201,
migrate_demo,client,4,4682786,96290,,511353,20201,
migrate_demo,client,4,4688035,96290,,511353,20201,
migrate_demo,client,4,4693353,96290,,511353,20201,
migrate_demo,client,4,4698574,96290,,520480,20201,
migrate_demo,client,4,4703851,96290,,520480,20201,
migrate_demo,client,4,4709053,96290,,520480,20201,
migrate_demo,client,4,4714360,96290,,520480,20201,
migrate_demo,client,4,4719659,96290,,520480,20201,
migrate_demo,client,4,4724849,96290,,520480,20201,
migrate_demo,client,4,4730129,96290,,520480,20201,
migrate_demo,client,4,4735379,96290,,520480,20201,
migrate_demo,client,4,4740599,96290,,520480,20201,
migrate_demo,client,4,4745879,96290,,520480,20201,
migrate_demo,client,4,4751089,96290,,520480,20201,
migrate_demo,client,4,4756313,96290,,520480,20201,
migrate_demo,client,4,4761548,96290,,520480,20201,
migrate_demo,client,4,4766790,96290,,520480,20201,
migrate_demo,client,4,4772051,96290,,520480,20201,
migrate_demo,client,4,4777279,96290,,520480,20201,
migrate_demo,client,4,4782539,96290,,520480,20201,
migrate_demo,client,4,4787786,96290,,520480,20201,
migrate_demo,client,4,4793062,96290,,520480,20201,
migrate_demo,client,4,4798298,96290,,520480,20201,
migrate_demo,client,4,4803532,96290,,520480,20201,
migrate_demo,client,4,4808746,96290,,520480,20201,
migrate_demo,client,4,4814017,96290,,520480,20201,
migrate_demo,client,4,4819228,96290,,520480,20201,
migrate_demo,client,4,4824431,96290,,520480,20201,
migrate_demo,client,4,4829725,96290,,520480,20201,
migrate_demo,client,4,4834950,96290,,520480,20201,
migrate_demo,client,4,4840181,96290,,520480,20201,
migrate_demo,client,4,4845435,96290,,520480,20201,
migrate_demo,client,4,4850715,96290,,520480,20201,
migrate_demo,client,4,4855929,96290,,520480,20201,
migrate_demo,client,4,4861166,96290,,520480,20201,
migrate_demo,client,4,4866357,96290,,520480,20201,
migrate_demo,client,4,4871668,96290,,520480,20201,
migrate_demo,client,4,4876885,96290,,520480,20201,
migrate_demo,client,4,4882088,96290,,520480,20201,
migrate_demo,client,4,4887270,96290,,520480,20201,
migrate_demo,client,4,4892498,96290,,520480,20201,
migrate_demo,client,4,4897653,96290,,520480,20201,
migrate_demo,client,4,4902866,96290,,520480,20201,
migrate_demo,client,4,4908097,96290,,520480,20201,
migrate_demo,client,4,4913319,96290,,520480,20201,
migrate_demo,client,4,4918555,96290,,520480,20201,
migrate_demo,client,4,4923783,96290,,520480,20201,
migrate_demo,client,4,4929039,96290,,520480,20201,
migrate_demo,client,4,4934257,96290,,520480,20201,
migrate_demo,client,4,4939535,96290,,520480,20201,
migrate_demo,client,4,4944734,96290,,520480,20201,
migrate_demo,client,4,4949935,96290,,520480,20201,
migrate_demo,client,4,4955143,96290,,520480,20201,
migrate_demo,client,4,4960413,96290,,520480,20201,
migrate_demo,client,4,4965645,96290,,520480,20201,
migrate_demo,client,4,4970900,96290,,520480,20201,
migrate_demo,client,4,4976179,96290,,520480,20201,
migrate_demo,client,4,4981417,96290,,520480,20201,
migrate_demo,client,4,4986604,96290,,520480,20201,
migrate_demo,client,4,4991825,96290,,520480,20201,
migrate_demo,client,4,4997096,96290,,520480,20201,
migrate_demo,client,4,5002324,96290,,520480,20201,
migrate_demo,client,4,5007527,96290,,520480,20201,
migrate_demo,client,4,5012771,96290,,520480,20201,
migrate_demo,client,4,5017999,96290,,520480,20201,
migrate_demo,client,4,5023214,96290,,520480,20201,
migrate_demo,client,4,5028422,96290,,520480,20201,
migrate_demo,client,4,5033664,96290,,520480,20201,
migrate_demo,client,4,5038947,96290,,520480,20201,
migrate_demo,client,4,5044185,96290,,520480,20201,
migrate_demo,client,4,5049487,96290,,520480,20201,
migrate_demo,client,4,5054781,96290,,520480,20201,
migrate_demo,client,4,5060055,96290,,520480,20201,
migrate_demo,client,4,5065326,96290,,520480,20201,
migrate_demo,client,4,5070581,96290,,520480,20201,
migrate_demo,client,4,5075778,96290,,520480,20201,
migrate_demo,client,4,5081075,96290,,520480,20201,
migrate_demo,client,4,5086391,96290,,520480,20201,
migrate_demo,client,4,5091715,96290,,520480,20201,
migrate_demo,client,4,5096998,96290,,460505,20201,
migrate_demo,client,4,5102262,96290,,460505,20201,
migrate_demo,client,4,5107557,96290,,460505,20201,
migrate_demo,client,4,5112895,96290,,408056,20201,
migrate_demo,client,4,5118200,96290,,408056,20201,
migrate_demo,client,4,5123481,96290,,408056,20201,
migrate_demo,client,4,5128743,96290,,408056,20201,
migrate_demo,client,4,5134059,96290,,408056,20201,
migrate_demo,client,4,5139296,96290,,408056,20201,
migrate_demo,client,4,5144560,96290,,408056,20201,
migrate_demo,client,4,5149868,96290,,362132,20201,
migrate_demo,client,4,5155171,96290,,362132,20201,
migrate_demo,client,4,5160400,96290,,362132,20201,
migrate_demo,client,4,5165663,96290,,362132,20201,
migrate_demo,client,4,5170944,96290,,362132,20201,
migrate_demo,client,4,5176152,96290,,362132,20201,
migrate_demo,client,4,5181391,96290,,362132,20201,
migrate_demo,client,4,5186622,96290,,362132,20201,
migrate_demo,client,4,5191888,96290,,321936,20201,
migrate_demo,client,4,5197177,96290,,321936,20201,
migrate_demo,client,4,5202501,96290,,321936,20201,
migrate_demo,client,4,5207803,96290,,321936,20201,
migrate_demo,client,4,5213098,96290,,321936,20201,
migrate_demo,client,4,5218367,96290,,321936,20201,
migrate_demo,client,4,5223658,96290,,321936,20201,
migrate_demo,client,4,5228914,96290,,321936,20201,
migrate_demo,client,4,5234417,96290,,321936,20201,
migrate_demo,client,4,5239723,96290,,321936,20201,
migrate_demo,client,4,5244942,96290,,321936,20201,
migrate_demo,client,4,5250190,96290,,321936,20201,
migrate_demo,client,4,5255435,96290,,321936,20201,
migrate_demo,client,4,5260663,96290,,286752,20201,
migrate_demo,client,4,5265935,96290,,286752,20201,
migrate_demo,client,4,5271176,96290,,286752,20201,
migrate_demo,client,4,5276499,96290,,286752,20201,
migrate_demo,client,4,5281789,96290,,286752,20201,
migrate_demo,client,4,5287044,96290,,286752,20201,
migrate_demo,client,4,5292285,96290,,286752,20201,
migrate_demo,client,4,5297552,96290,,286752,20201,
migrate_demo,client,4,5302819,96290,,286752,20201,
migrate_demo,client,4,5308071,96290,,286752,20201,
migrate_demo,client,4,5313406,96290,,286752,20201,
migrate_demo,client,4,5318690,96290,,286752,20201,
migrate_demo,client,4,5323928,96290,,286752,20201,
migrate_demo,client,4,5329194,96290,,286752,20201,
migrate_demo,client,4,5334392,96290,,286752,20201,
migrate_demo,client,4,5339615,96290,,286752,20201,
migrate_demo,client,4,5344897,96290,,286752,20201,
migrate_demo,client,4,5350216,96290,,286752,20201,
migrate_demo,client,4,5355651,96290,,255967,20201,
migrate_demo,client,4,5360930,96290,,255967,20201,
migrate_demo,client,4,5366208,96290,,255967,20201,
migrate_demo,client,4,5371487,96290,,255967,20201,
migrate_demo,client,4,5376757,96290,,255967,20201,
migrate_demo,client,4,5382021,96290,,255967,20201,
migrate_demo,client,4,5387373,96290,,255967,20201,
migrate_demo,client,4,5392667,96290,,255967,20201,
migrate_demo,client,4,5397953,96290,,255967,20201,
migrate_demo,client,4,5403249,96290,,255967,20201,
migrate_demo,client,4,5408526,96290,,255967,20201,
migrate_demo,client,4,5413837,96290,,255967,20201,
migrate_demo,client,4,5419126,96290,,255967,20201,
migrate_demo,client,4,5424398,96290,,255967,20201,
migrate_demo,client,4,5429648,96290,,255967,20201,
migrate_demo,client,4,5434921,96290,,255967,20201,
migrate_demo,client,4,5440146,96290,,255967,20201,
migrate_demo,client,4,5445478,96290,,255967,20201,
migrate_demo,client,4,5450728,96290,,255967,20201,
migrate_demo,client,4,5456025,96290,,255967,20201,
migrate_demo,client,4,5461336,96290,,255967,20201,
migrate_demo,client,4,5466583,96290,,255967,20201,
migrate_demo,client,4,5471854,96290,,255967,20201,
migrate_demo,client,4,5477136,96290,,255967,20201,
migrate_demo,client,4,5482413,96290,,255967,20201,
migrate_demo,client,4,5487670,96290,,255967,20201,
migrate_demo,client,4,5492962,96290,,255967,20201,
migrate_demo,client,4,5498319,96290,,255967,20201,
migrate_demo,client,4,5503617,96290,,255967,20201,
migrate_demo,client,4,5508919,96290,,255967,20201,
migrate_demo,client,4,5514142,96290,,255967,20201,
migrate_demo,client,4,5519406,96290,,255967,20201,
migrate_demo,client,4,5524685,96290,,255967,20201,
migrate_demo,client,4,5529965,96290,,255967,20201,
migrate_demo,client,4,5535215,96290,,255967,20201,
migrate_demo,client,4,5540453,96290,,255967,20201,
migrate_demo,client,4,5545709,96290,,255967,20201,
migrate_demo,client,4,5550968,96290,,255967,20201,
migrate_demo,client,4,5556234,96290,,255967,20201,
migrate_demo,client,4,5561548,96290,,255967,20201,
migrate_demo,client,4,5566876,96290,,255967,20201,
migrate_demo,client,4,5572150,96290,,255967,20201,
migrate_demo,client,4,5577414,96290,,255967,20201,
migrate_demo,client,4,5582675,96290,,255967,20201,
migrate_demo,client,4,5587959,96290,,255967,20201,
migrate_demo,client,4,5593201,96290,,255967,20201,
migrate_demo,client,4,5598494,96290,,255967,20201,
migrate_demo,client,4,5603749,96290,,255967,20201,
migrate_demo,client,4,5609070,96290,,255967,20201,
migrate_demo,client,4,5614341,96290,,255967,20201,
migrate_demo,client,4,5619698,96290,,255967,20201,
migrate_demo,client,4,5624962,96290,,255967,20201,
migrate_demo,client,4,5630272,96290,,255967,20201,
migrate_demo,client,4,5635558,96290,,255967,20201,
migrate_demo,client,4,5640837,96290,,255967,20201,
migrate_demo,client,4,5646165,96290,,255967,20201,
migrate_demo,client,4,5651473,96290,,255967,20201,
migrate_demo,client,4,5656775,96290,,255967,20201,
migrate_demo,client,4,5662004,96290,,255967,20201,
migrate_demo,client,4,5667304,96290,,255967,20201,
migrate_demo,client,4,5672636,96290,,255967,20201,
migrate_demo,client,4,5677975,96290,,255967,20201,
migrate_demo,client,4,5683268,96290,,255967,20201,
migrate_demo,client,4,5688549,96290,,255967,20201,
migrate_demo,client,4,5693868,96290,,255967,20201,
migrate_demo,client,4,5699165,96290,,255967,20201,
migrate_demo,client,4,5704463,96290,,255967,20201,
migrate_demo,client,4,5709730,96290,,255967,20201,
migrate_demo,client,4,5714947,96290,,255967,20201,
migrate_demo,client,4,5720232,96290,,255967,20201,
migrate_demo,client,4,5725544,96290,,255967,20201,
migrate_demo,client,4,5730869,96290,,255967,20201,
migrate_demo,client,4,5736179,96290,,255967,20201,
migrate_demo,client,4,5741470,96290,,255967,20201,
migrate_demo,client,4,5746795,96290,,255967,20201,
migrate_demo,client,4,5752076,96290,,255967,20201,
migrate_demo,client,4,5757338,96290,,255967,20201,
migrate_demo,client,4,5762639,96290,,255967,20201,
migrate_demo,client,4,5767892,96290,,255967,20201,
migrate_demo,client,4,5773204,96290,,255967,20201,
migrate_demo,client,4,5778466,96290,,255967,20201,
migrate_demo,client,4,5783709,96290,,255967,20201,
migrate_demo,client,4,5789012,96290,,255967,20201,
migrate_demo,client,4,5794333,96290,,255967,20201,
migrate_demo,client,4,5799587,96290,,255967,20201,
migrate_demo,client,4,5804851,96290,,255967,20201,
migrate_demo,client,4,5810169,96290,,255967,20201,
migrate_demo,client,4,5815437,96290,,255967,20201,
migrate_demo,client,4,5820727,96290,,255967,20201,
migrate_demo,client,4,5826014,96290,,255967,20201,
migrate_demo,client,4,5831284,96290,,255967,20201,
migrate_demo,client,4,5836586,96290,,255967,20201,
migrate_demo,client,4,5841938,96290,,255967,20201,
migrate_demo,client,4,5847439,96290,,255967,20201,
migrate_demo,client,4,5852703,96290,,255967,20201,
migrate_demo,client,4,5857958,96290,,255967,20201,
migrate_demo,client,4,5863240,96290,,255967,20201,
migrate_demo,client,4,5868453,96290,,255967,20201,
migrate_demo,client,4,5873722,96290,,255967,20201,
migrate_demo,client,4,5879028,96290,,255967,20201,
migrate_demo,client,4,5884292,96290,,255967,20201,
migrate_demo,client,4,5889515,96290,,255967,20201,
migrate_demo,client,4,5894780,96290,,255967,20201,
migrate_demo,client,4,5900088,96290,,255967,20201,
migrate_demo,client,4,5905349,96290,,255967,20201,
migrate_demo,client,4,5910655,96290,,255967,20201,
migrate_demo,client,4,5915841,96290,,255967,20201,
migrate_demo,client,4,5921130,96290,,255967,20201,
migrate_demo,client,4,5926360,96290,,255967,20201,
migrate_demo,client,4,5931619,96290,,255967,20201,
migrate_demo,client,4,5936840,96290,,255967,20201,
migrate_demo,client,4,5942122,96290,,255967,20201,
migrate_demo,client,4,5947314,96290,,255967,20201,
migrate_demo,client,4,5952599,96290,,255967,20201,
migrate_demo,client,4,5957766,96290,,255967,20201,
migrate_demo,client,4,5962979,96290,,255967,20201,
migrate_demo,client,4,5968176,96290,,255967,20201,
migrate_demo,client,4,5973426,96290,,255967,20201,
migrate_demo,client,4,5978653,96290,,255967,20201,
migrate_demo,client,4,5983888,96290,,255967,20201,
migrate_demo,client,4,5989073,96290,,255967,20201,
migrate_demo,client,4,5994261,96290,,255967,20201,
migrate_demo,client,4,5999469,96290,,255967,20201,
migrate_demo,client,4,6004751,96290,,255967,20201,
migrate_demo,client,4,6009979,96290,,255967,20201,
migrate_demo,client,4,6015227,96290,,255967,20201,
migrate_demo,client,4,6020481,96290,,255967,20201,
migrate_demo,client,4,6025729,96290,,255967,20201,
migrate_demo,client,4,6030982,96290,,255967,20201,
migrate_demo,client,4,6036186,96290,,255967,20201,
migrate_demo,client,4,6041389,96290,,255967,20201,
migrate_demo,client,4,6046589,96290,,255967,20201,
migrate_demo,client,4,6051817,96290,,255967,20201,
migrate_demo,client,4,6057002,96290,,255967,20201,
migrate_demo,client,4,6062224,96290,,255967,20201,
migrate_demo,client,4,6067422,96290,,255967,20201,
migrate_demo,client,4,6072632,96290,,255967,20201,
migrate_demo,client,4,6077804,96290,,255967,20201,
migrate_demo,client,4,6082970,96290,,255967,20201,
migrate_demo,client,4,6088206,96290,,255967,20201,
migrate_demo,client,4,6093390,96290,,255967,20201,
migrate_demo,client,4,6098634,96290,,255967,20201,
migrate_demo,client,4,6103895,96290,,255967,20201,
migrate_demo,client,4,6109115,96290,,255967,20201,
migrate_demo,client,4,6114373,96290,,255967,20201,
migrate_demo,client,4,6119567,96290,,255967,20201,
migrate_demo,client,4,6124826,96290,,255967,20201,
migrate_demo,client,4,6130118,96290,,255967,20201,
migrate_demo,client,4,6135334,96290,,255967,20201,
migrate_demo,client,4,6140521,96290,,255967,20201,
migrate_demo,client,4,6145742,96290,,255967,20201,
migrate_demo,client,4,6150979,96290,,255967,20201,
migrate_demo,client,4,6156217,96290,,255967,20201,
migrate_demo,client,4,6161400,96290,,255967,20201,
migrate_demo,client,4,6166637,96290,,255967,20201,
migrate_demo,client,4,6171820,96290,,255967,20201,
migrate_demo,client,4,6177038,96290,,255967,20201,
migrate_demo,client,4,6182337,96290,,255967,20201,
migrate_demo,client,4,6187592,96290,,255967,20201,
migrate_demo,client,4,6192842,96290,,255967,20201,
migrate_demo,client,4,6198183,96290,,255967,20201,
migrate_demo,client,4,6203451,96290,,255967,20201,
migrate_demo,client,4,6208701,96290,,255967,20201,
migrate_demo,client,4,6213954,96290,,255967,20201,
migrate_demo,client,4,6219210,96290,,255967,20201,
migrate_demo,client,4,6224442,96290,,255967,20201,
migrate_demo,client,4,6229640,96290,,255967,20201,
migrate_demo,client,4,6234859,96290,,255967,20201,
migrate_demo,client,4,6240133,96290,,255967,20201,
migrate_demo,client,4,6245398,96290,,255967,20201,
migrate_demo,client,4,6250652,96290,,255967,20201,
migrate_demo,client,4,6255916,96290,,255967,20201,
migrate_demo,client,4,6261142,96290,,255967,20201,
migrate_demo,client,4,6266396,96290,,255967,20201,
migrate_demo,client,4,6271664,96290,,255967,20201,
migrate_demo,client,4,6277001,96290,,255967,20201,
migrate_demo,client,4,6282246,96290,,255967,20201,
migrate_demo,client,4,6287520,96290,,255967,20201,
migrate_demo,client,4,6292780,96290,,255967,20201,
migrate_demo,client,4,6298017,96290,,255967,20201,
migrate_demo,client,4,6303296,96290,,255967,20201,
migrate_demo,client,4,6308548,96290,,255967,20201,
migrate_demo,client,4,6313889,96290,,255967,20201,
migrate_demo,client,4,6319144,96290,,255967,20201,
migrate_demo,client,4,6324410,96290,,255967,20201,
migrate_demo,client,4,6329716,96290,,255967,20201,
migrate_demo,client,4,6335005,96290,,255967,20201,
migrate_demo,client,4,6340266,96290,,255967,20201,
migrate_demo,client,4,6345534,96290,,255967,20201,
migrate_demo,client,4,6350791,96290,,255967,20201,
migrate_demo,client,4,6356083,96290,,255967,20201,
migrate_demo,client,4,6361444,96290,,255967,20201,
migrate_demo,client,4,6366749,96290,,255967,20201,
migrate_demo,client,4,6372009,96290,,255967,20201,
migrate_demo,client,4,6377280,96290,,255967,20201,
migrate_demo,client,4,6382484,96290,,255967,20201,
migrate_demo,client,4,6387711,96290,,255967,20201,
migrate_demo,client,4,6393010,96290,,255967,20201,
migrate_demo,client,4,6398339,96290,,255967,20201,
migrate_demo,client,4,6403564,96290,,255967,20201,
migrate_demo,client,4,6408895,96290,,255967,20201,
migrate_demo,client,4,6414147,96290,,255967,20201,
migrate_demo,client,4,6419403,96290,,255967,20201,
migrate_demo,client,4,6424612,96290,,255967,20201,
migrate_demo,client,4,6429833,96290,,255967,20201,
migrate_demo,client,4,6435134,96290,,255967,20201,
migrate_demo,client,4,6440391,96290,,255967,20201,
migrate_demo,client,4,6445705,96290,,255967,20201,
migrate_demo,client,4,6450897,96290,,255967,20201,
migrate_demo,client,4,6456104,96290,,255967,20201,
migrate_demo,client,4,6461300,96290,,255967,20201,
migrate_demo,client,4,6466602,96290,,255967,20201,
migrate_demo,client,4,6471800,96290,,255967,20201,
migrate_demo,client,4,6477083,96290,,255967,20201,
migrate_demo,client,4,6482294,96290,,255967,20201,
migrate_demo,client,4,6487599,96290,,255967,20201,
migrate_demo,client,4,6492833,96290,,255967,20201,
migrate_demo,client,4,6498037,96290,,255967,20201,
migrate_demo,client,4,6503353,96290,,255967,20201,
migrate_demo,client,4,6508641,96290,,255967,20201,
migrate_demo,client,4,6513913,96290,,255967,20201,
migrate_demo,client,4,6519191,96290,,255967,20201,
migrate_demo,client,4,6524458,96290,,255967,20201,
migrate_demo,client,4,6529741,96290,,255967,20201,
migrate_demo,client,4,6535033,96290,,255967,20201,
migrate_demo,client,4,6540261,96290,,255967,20201,
migrate_demo,client,4,6545503,96290,,255967,20201,
migrate_demo,client,4,6550772,96290,,255967,20201,
migrate_demo,client,4,6555948,96290,,255967,20201,
migrate_demo,client,4,6561108,96290,,255967,20201,
migrate_demo,client,4,6566340,96290,,255967,20201,
migrate_demo,client,4,6571588,96290,,255967,20201,
migrate_demo,client,4,6576855,96290,,255967,20201,
migrate_demo,client,4,6582060,96290,,255967,20201,
migrate_demo,client,4,6587278,96290,,255967,20201,
migrate_demo,client,4,6592536,96290,,255967,20201,
migrate_demo,client,4,6597790,96290,,255967,20201,
migrate_demo,client,4,6603083,96290,,255967,20201,
migrate_demo,client,4,6608338,96290,,255967,20201,
migrate_demo,client,4,6613546,96290,,255967,20201,
migrate_demo,client,4,6618867,96290,,255967,20201,
migrate_demo,client,4,6624166,96290,,255967,20201,
migrate_demo,client,4,6629434,96290,,255967,20201,
migrate_demo,client,4,6634669,96290,,255967,20201,
migrate_demo,client,4,6639998,96290,,255967,20201,
migrate_demo,client,4,6645219,96290,,255967,20201,
migrate_demo,client,4,6650485,96290,,255967,20201,
migrate_demo,client,4,6655710,96290,,255967,20201,
migrate_demo,client,4,6660910,96290,,255967,20201,
migrate_demo,client,4,6666094,96290,,255967,20201,
migrate_demo,client,4,6671272,96290,,255967,20201,
migrate_demo,client,4,6676529,96290,,255967,20201,
migrate_demo,client,4,6681724,96290,,255967,20201,
migrate_demo,client,4,6686962,96290,,255967,20201,
migrate_demo,client,4,6692230,96290,,255967,20201,
migrate_demo,client,4,6697570,96290,,255967,20201,
migrate_demo,client,4,6702830,96290,,255967,20201,
migrate_demo,client,4,6708129,96290,,255967,20201,
migrate_demo,client,4,6713477,96290,,255967,20201,
migrate_demo,client,4,6718760,96290,,255967,20201,
migrate_demo,client,4,6724089,96290,,255967,20201,
migrate_demo,client,4,6729352,96290,,255967,20201,
migrate_demo,client,4,6734565,96290,,255967,20201,
migrate_demo,client,4,6739863,96290,,255967,20201,
migrate_demo,client,4,6745211,96290,,255967,20201,
migrate_demo,client,4,6750489,96290,,255967,20201,
migrate_demo,client,4,6755747,96290,,255967,20201,
migrate_demo,client,4,6761042,96290,,255967,20201,
migrate_demo,client,4,6766312,96290,,255967,20201,
migrate_demo,client,4,6771582,96290,,255967,20201,
migrate_demo,client,4,6776851,96290,,255967,20201,
migrate_demo,client,4,6782089,96290,,255967,20201,
migrate_demo,client,4,6787349,96290,,255967,20201,
migrate_demo,client,4,6792618,96290,,255967,20201,
migrate_demo,client,4,6797890,96290,,255967,20201,
migrate_demo,client,4,6803153,96290,,255967,20201,
migrate_demo,client,4,6808437,96290,,255967,20201,
migrate_demo,client,4,6813691,96290,,255967,20201,
migrate_demo,client,4,6818959,96290,,255967,20201,
migrate_demo,client,4,6824207,96290,,255967,20201,
migrate_demo,client,4,6829470,96290,,255967,20201,
migrate_demo,client,4,6834752,96290,,255967,20201,
migrate_demo,client,4,6840036,96290,,255967,20201,
migrate_demo,client,4,6845314,96290,,255967,20201,
migrate_demo,client,4,6850584,96290,,255967,20201,
migrate_demo,client,4,6855858,96290,,255967,20201,
migrate_demo,client,4,6861070,96290,,255967,20201,
migrate_demo,client,4,6866343,96290,,255967,20201,
migrate_demo,client,4,6871627,96290,,255967,20201,
migrate_demo,client,4,6876861,96290,,255967,20201,
migrate_demo,client,4,6882147,96290,,255967,20201,
migrate_demo,client,4,6887448,96290,,255967,20201,
migrate_demo,client,4,6892765,96290,,255967,20201,
migrate_demo,client,4,6898119,96290,,255967,20201,
migrate_demo,client,4,6903382,96290,,255967,20201,
migrate_demo,client,4,6908643,96290,,255967,20201,
migrate_demo,client,4,6913928,96290,,255967,20201,
migrate_demo,client,4,6919107,96290,,255967,20201,
migrate_demo,client,4,6924389,96290,,255967,20201,
migrate_demo,client,4,6929666,96290,,255967,20201,
migrate_demo,client,4,6934838,96290,,255967,20201,
migrate_demo,client,4,6940095,96290,,255967,20201,
migrate_demo,client,4,6945292,96290,,255967,20201,
migrate_demo,client,4,6950500,96290,,255967,20201,
migrate_demo,client,4,6955772,96290,,255967,20201,
migrate_demo,client,4,6961072,96290,,255967,20201,
migrate_demo,client,4,6966229,96290,,255967,20201,
migrate_demo,client,4,6971626,96290,,255967,20201,
migrate_demo,client,4,6976814,96290,,255967,20201,
migrate_demo,client,4,6982009,96290,,255967,20201,
migrate_demo,client,4,6987258,96290,,255967,20201,
migrate_demo,client,4,6992468,96290,,255967,20201,
migrate_demo,client,4,6997727,96290,,255967,20201,
migrate_demo,client,4,7002965,96290,,255967,20201,
migrate_demo,client,4,7008181,96290,,255967,20201,
migrate_demo,client,4,7013373,96290,,255967,20201,
migrate_demo,client,4,7018575,96290,,255967,20201,
migrate_demo,client,4,7023777,96290,,255967,20201,
migrate_demo,client,4,7028943,96290,,255967,20201,
migrate_demo,client,4,7034164,96290,,255967,20201,
migrate_demo,client,4,7039361,96290,,255967,20201,
migrate_demo,client,4,7044556,96290,,255967,20201,
migrate_demo,client,4,7049804,96290,,255967,20201,
migrate_demo,client,4,7055004,96290,,255967,20201,
migrate_demo,client,4,7060190,96290,,255967,20201,
migrate_demo,client,4,7065364,96290,,255967,20201,
migrate_demo,client,4,7070570,96290,,255967,20201,
migrate_demo,client,4,7075734,96290,,255967,20201,
migrate_demo,client,4,7080897,96290,,255967,20201,
migrate_demo,client,4,7086113,96290,,255967,20201,
migrate_demo,client,4,7091320,96290,,255967,20201,
migrate_demo,client,4,7096505,96290,,255967,20201,
migrate_demo,client,4,7101730,96290,,255967,20201,
migrate_demo,client,4,7106853,96290,,255967,20201,
migrate_demo,client,4,7112082,96290,,255967,20201,
migrate_demo,client,4,7117277,96290,,255967,20201,
migrate_demo,client,4,7122499,96290,,255967,20201,
migrate_demo,client,4,7127677,96290,,255967,20201,
migrate_demo,client,4,7132873,96290,,255967,20201,
migrate_demo,client,4,7138135,96290,,255967,20201,
migrate_demo,client,4,7143326,96290,,255967,20201,
migrate_demo,client,4,7148551,96290,,255967,20201,
migrate_demo,client,4,7153771,96290,,255967,20201,
migrate_demo,client,4,7158993,96290,,255967,20201,
migrate_demo,client,4,7164220,96290,,255967,20201,
migrate_demo,client,4,7169421,96290,,255967,20201,
migrate_demo,client,4,7174863,96290,,255967,20201,
migrate_demo,client,4,7180085,96290,,255967,20201,
migrate_demo,client,4,7185289,96290,,255967,20201,
migrate_demo,client,4,7190474,96290,,255967,20201,
migrate_demo,client,4,7195700,96290,,255967,20201,
migrate_demo,client,4,7200838,96290,,255967,20201,
migrate_demo,client,4,7206163,96290,,255967,20201,
migrate_demo,client,4,7211368,96290,,255967,20201,
migrate_demo,client,4,7216615,96290,,255967,20201,
migrate_demo,client,4,7221826,96290,,255967,20201,
migrate_demo,client,4,7227092,96290,,255967,20201,
migrate_demo,client,4,7232356,96290,,255967,20201,
migrate_demo,client,4,7237537,96290,,255967,20201,
migrate_demo,client,4,7242804,96290,,255967,20201,
migrate_demo,client,4,7247999,96290,,255967,20201,
migrate_demo,client,4,7253276,96290,,255967,20201,
migrate_demo,client,4,7258456,96290,,255967,20201,
migrate_demo,client,4,7263792,96290,,255967,20201,
migrate_demo,client,4,7268979,96290,,255967,20201,
migrate_demo,client,4,7274216,96290,,255967,20201,
migrate_demo,client,4,7279447,96290,,255967,20201,
migrate_demo,client,4,7284726,96290,,255967,20201,
migrate_demo,client,4,7290018,96290,,255967,20201,
migrate_demo,client,4,7295283,96290,,255967,20201,
migrate_demo,client,4,7300512,96290,,255967,20201,
migrate_demo,client,4,7305797,96290,,255967,20201,
migrate_demo,client,4,7311008,96290,,255967,20201,
migrate_demo,client,4,7316197,96290,,255967,20201,
migrate_demo,client,4,7321422,96290,,255967,20201,
migrate_demo,client,4,7326732,96290,,255967,20201,
migrate_demo,client,4,7331944,96290,,255967,20201,
migrate_demo,client,4,7337137,96290,,255967,20201,
migrate_demo,client,4,7342395,96290,,255967,20201,
migrate_demo,client,4,7347617,96290,,255967,20201,
migrate_demo,client,4,7352875,96290,,255967,20201,
migrate_demo,client,4,7358146,96290,,255967,20201,
migrate_demo,client,4,7363457,96290,,255967,20201,
migrate_demo,client,4,7368656,96290,,255967,20201,
migrate_demo,client,4,7373925,96290,,255967,20201,
migrate_demo,client,4,7379110,96290,,255967,20201,
migrate_demo,client,4,7384356,96290,,255967,20201,
migrate_demo,client,4,7389574,96290,,255967,20201,
migrate_demo,client,4,7394773,96290,,255967,20201,
migrate_demo,client,4,7399963,96290,,255967,20201,
migrate_demo,client,4,7405211,96290,,255967,20201,
migrate_demo,client,4,7410401,96290,,255967,20201,
migrate_demo,client,4,7415658,96290,,255967,20201,
migrate_demo,client,4,7420908,96290,,255967,20201,
migrate_demo,client,4,7426114,96290,,255967,20201,
migrate_demo,client,4,7431386,96290,,255967,20201,
migrate_demo,client,4,7436580,96290,,255967,20201,
migrate_demo,client,4,7441786,96290,,255967,20201,
migrate_demo,client,4,7446990,96290,,255967,20201,
migrate_demo,client,4,7452227,96290,,255967,20201,
migrate_demo,client,4,7457470,96290,,255967,20201,
migrate_demo,client,4,7462728,96290,,255967,20201,
migrate_demo,client,4,7467952,96290,,255967,20201,
migrate_demo,client,4,7473224,96290,,255967,20201,
migrate_demo,client,4,7478522,96290,,255967,20201,
migrate_demo,client,4,7483760,96290,,255967,20201,
migrate_demo,client,4,7489010,96290,,255967,20201,
migrate_demo,client,4,7494301,96290,,255967,20201,
migrate_demo,client,4,7499560,96290,,255967,20201,
migrate_demo,client,4,7504698,96290,,255967,20201,
migrate_demo,client,4,7509915,96290,,255967,20201,
migrate_demo,client,4,7515157,96290,,255967,20201,
migrate_demo,client,4,7520405,96290,,255967,20201,
migrate_demo,client,4,7525669,96290,,255967,20201,
migrate_demo,client,4,7530896,96290,,255967,20201,
migrate_demo,client,4,7536118,96290,,255967,20201,
migrate_demo,client,4,7541418,96290,,255967,20201,
migrate_demo,client,4,7546673,96290,,255967,20201,
migrate_demo,client,4,7551925,96290,,255967,20201,
migrate_demo,client,4,7557182,96290,,255967,20201,
migrate_demo,client,4,7562431,96290,,255967,20201,
migrate_demo,client,4,7567675,96290,,255967,20201,
migrate_demo,client,4,7572912,96290,,255967,20201,
migrate_demo,client,4,7578114,96290,,255967,20201,
migrate_demo,client,4,7583353,96290,,255967,20201,
migrate_demo,client,4,7588618,96290,,255967,20201,
migrate_demo,client,4,7593927,96290,,255967,20201,
migrate_demo,client,4,7599093,96290,,255967,20201,
migrate_demo,client,4,7604420,96290,,255967,20201,
migrate_demo,client,4,7609683,96290,,255967,20201,
migrate_demo,client,4,7614969,96290,,255967,20201,
migrate_demo,client,4,7620242,96290,,255967,20201,
migrate_demo,client,4,7625511,96290,,255967,20201,
migrate_demo,client,4,7630774,96290,,255967,20201,
migrate_demo,client,4,7636052,96290,,255967,20201,
migrate_demo,client,4,7641278,96290,,255967,20201,
migrate_demo,client,4,7646575,96290,,255967,20201,
migrate_demo,client,4,7651839,96290,,255967,20201,
migrate_demo,client,4,7657055,96290,,255967,20201,
migrate_demo,client,4,7662388,96290,,255967,20201,
migrate_demo,client,4,7667595,96290,,255967,20201,
migrate_demo,client,4,7672873,96290,,255967,20201,
migrate_demo,client,4,7678091,96290,,255967,20201,
migrate_demo,client,4,7683349,96290,,255967,20201,
migrate_demo,client,4,7688684,96290,,255967,20201,
migrate_demo,client,4,7693956,96290,,255967,20201,
migrate_demo,client,4,7699183,96290,,255967,20201,
migrate_demo,client,4,7704393,96290,,255967,20201,
migrate_demo,client,4,7709752,96290,,255967,20201,
migrate_demo,client,4,7715048,96290,,255967,20201,
migrate_demo,client,4,7720292,96290,,255967,20201,
migrate_demo,client,4,7725551,96290,,255967,20201,
migrate_demo,client,4,7730796,96290,,255967,20201,
migrate_demo,client,4,7736102,96290,,255967,20201,
migrate_demo,client,4,7741400,96290,,255967,20201,
migrate_demo,client,4,7746656,96290,,255967,20201,
migrate_demo,client,4,7751959,96290,,255967,20201,
migrate_demo,client,4,7757227,96290,,255967,20201,
migrate_demo,client,4,7762522,96290,,255967,20201,
migrate_demo,client,4,7767796,96290,,255967,20201,
migrate_demo,client,4,7773020,96290,,255967,20201,
migrate_demo,client,4,7778266,96290,,255967,20201,
migrate_demo,client,4,7783515,96290,,255967,20201,
migrate_demo,client,4,7788781,96290,,255967,20201,
migrate_demo,client,4,7793985,96290,,255967,20201,
migrate_demo,client,4,7799218,96290,,255967,20201,
migrate_demo,client,4,7804442,96290,,255967,20201,
migrate_demo,client,4,7809677,96290,,255967,20201,
migrate_demo,client,4,7814959,96290,,255967,20201,
migrate_demo,client,4,7820216,96290,,255967,20201,
migrate_demo,client,4,7825457,96290,,255967,20201,
migrate_demo,client,4,7830700,96290,,255967,20201,
migrate_demo,client,4,7835953,96290,,255967,20201,
migrate_demo,client,4,7841146,96290,,255967,20201,
migrate_demo,client,4,7846373,96290,,255967,20201,
migrate_demo,client,4,7851644,96290,,255967,20201,
migrate_demo,client,4,7856955,96290,,255967,20201,
migrate_demo,client,4,7862350,96290,,255967,20201,
migrate_demo,client,4,7867726,96290,,255967,20201,
migrate_demo,client,4,7873007,96290,,255967,20201,
migrate_demo,client,4,7878291,96290,,255967,20201,
migrate_demo,client,4,7883591,96290,,255967,20201,
migrate_demo,client,4,7888792,96290,,255967,20201,
migrate_demo,client,4,7893971,96290,,255967,20201,
migrate_demo,client,4,7899164,96290,,255967,20201,
migrate_demo,client,4,7904396,96290,,255967,20201,
migrate_demo,client,4,7909604,96290,,255967,20201,
migrate_demo,client,4,7914859,96290,,255967,20201,
migrate_demo,client,4,7920121,96290,,255967,20201,
migrate_demo,client,4,7925364,96290,,255967,20201,
migrate_demo,client,4,7930565,96290,,255967,20201,
migrate_demo,client,4,7935749,96290,,255967,20201,
migrate_demo,client,4,7941049,96290,,255967,20201,
migrate_demo,client,4,7946411,96290,,255967,20201,
migrate_demo,client,4,7951665,96290,,255967,20201,
migrate_demo,client,4,7956938,96290,,255967,20201,
migrate_demo,client,4,7962214,96290,,255967,20201,
migrate_demo,client,4,7967461,96290,,255967,20201,
migrate_demo,client,4,7972700,96290,,255967,20201,
migrate_demo,client,4,7977854,96290,,255967,20201,
migrate_demo,client,4,7983123,96290,,255967,20201,
migrate_demo,client,4,7988442,96290,,255967,20201,
migrate_demo,client,4,7993660,96290,,255967,20201,
migrate_demo,client,4,7998969,96290,,255967,20201,
migrate_demo,client,4,8004233,96290,,255967,20201,
migrate_demo,client,4,8009534,96290,,255967,20201,
migrate_demo,client,4,8014721,96290,,255967,20201,
migrate_demo,client,4,8019988,96290,,255967,20201,
migrate_demo,client,4,8025261,96290,,255967,20201,
migrate_demo,client,4,8030485,96290,,255967,20201,
migrate_demo,client,4,8035768,96290,,255967,20201,
migrate_demo,client,4,8040985,96290,,255967,20201,
migrate_demo,client,4,8046253,96290,,255967,20201,
migrate_demo,client,4,8051499,96290,,255967,20201,
migrate_demo,client,4,8056758,96290,,255967,20201,
migrate_demo,client,4,8062009,96290,,255967,20201,
migrate_demo,client,4,8067259,96290,,255967,20201,
migrate_demo,client,4,8072484,96290,,255967,20201,
migrate_demo,client,4,8077761,96290,,255967,20201,
migrate_demo,client,4,8083064,96290,,255967,20201,
migrate_demo,client,4,8088312,96290,,255967,20201,
migrate_demo,client,4,8093581,96290,,255967,20201,
migrate_demo,client,4,8098826,96290,,255967,20201,
migrate_demo,client,4,8104075,96290,,255967,20201,
migrate_demo,client,4,8109352,96290,,255967,20201,
migrate_demo,client,4,8114640,96290,,255967,20201,
migrate_demo,client,4,8119784,96290,,255967,20201,
migrate_demo,client,4,8125023,96290,,255967,20201,
migrate_demo,client,4,8130279,96290,,255967,20201,
migrate_demo,client,4,8135562,96290,,255967,20201,
migrate_demo,client,4,8140860,96290,,255967,20201,
migrate_demo,client,4,8146170,96290,,255967,20201,
migrate_demo,client,4,8151361,96290,,255967,20201,
migrate_demo,client,4,8156620,96290,,255967,20201,
migrate_demo,client,4,8161883,96290,,255967,20201,
migrate_demo,client,4,8167137,96290,,255967,20201,
migrate_demo,client,4,8172329,96290,,255967,20201,
migrate_demo,client,4,8177572,96290,,255967,20201,
migrate_demo,client,4,8182816,96290,,255967,20201,
migrate_demo,client,4,8188055,96290,,255967,20201,
migrate_demo,client,4,8193308,96290,,255967,20201,
migrate_demo,client,4,8198563,96290,,255967,20201,
migrate_demo,client,4,8203799,96290,,255967,20201,
migrate_demo,client,4,8209047,96290,,255967,20201,
migrate_demo,client,4,8214247,96290,,255967,20201,
migrate_demo,client,4,8219501,96290,,255967,20201,
migrate_demo,client,4,8224724,96290,,255967,20201,
migrate_demo,client,4,8229940,96290,,255967,20201,
migrate_demo,client,4,8235172,96290,,255967,20201,
migrate_demo,client,4,8240393,96290,,255967,20201,
migrate_demo,client,4,8245604,96290,,255967,20201,
migrate_demo,client,4,8250895,96290,,255967,20201,
migrate_demo,client,4,8256109,96290,,255967,20201,
migrate_demo,client,4,8261317,96290,,255967,20201,
migrate_demo,client,4,8266708,96290,,255967,20201,
migrate_demo,client,4,8271953,96290,,255967,20201,
migrate_demo,client,4,8277201,96290,,255967,20201,
migrate_demo,client,4,8282436,96290,,255967,20201,
migrate_demo,client,4,8287642,96290,,255967,20201,
migrate_demo,client,4,8292899,96290,,255967,20201,
migrate_demo,client,4,8298211,96290,,255967,20201,
migrate_demo,client,4,8303457,96290,,255967,20201,
migrate_demo,client,4,8308836,96290,,255967,20201,
migrate_demo,client,4,8314047,96290,,255967,20201,
migrate_demo,client,4,8319277,96290,,255967,20201,
migrate_demo,client,4,8324534,96290,,255967,20201,
migrate_demo,client,4,8329731,96290,,255967,20201,
migrate_demo,client,4,8334949,96290,,255967,20201,
migrate_demo,client,4,8340200,96290,,255967,20201,
migrate_demo,client,4,8345421,96290,,255967,20201,
migrate_demo,client,4,8350661,96290,,255967,20201,
migrate_demo,client,4,8355837,96290,,255967,20201,
migrate_demo,client,4,8361090,96290,,255967,20201,
migrate_demo,client,4,8366299,96290,,255967,20201,
migrate_demo,client,4,8371576,96290,,255967,20201,
migrate_demo,client,4,8376818,96290,,255967,20201,
migrate_demo,client,4,8382120,96290,,255967,20201,
migrate_demo,client,4,8387328,96290,,255967,20201,
migrate_demo,client,4,8392574,96290,,255967,20201,
migrate_demo,client,4,8397785,96290,,255967,20201,
migrate_demo,client,4,8402968,96290,,255967,20201,
migrate_demo,client,4,8408152,96290,,255967,20201,
migrate_demo,client,4,8413426,96290,,255967,20201,
migrate_demo,client,4,8418593,96290,,255967,20201,
migrate_demo,client,4,8423844,96290,,255967,20201,
migrate_demo,client,4,8429051,96290,,255967,20201,
migrate_demo,client,4,8434307,96290,,255967,20201,
migrate_demo,client,4,8439593,96290,,255967,20201,
migrate_demo,client,4,8444820,96290,,255967,20201,
migrate_demo,client,4,8450066,96290,,255967,20201,
migrate_demo,client,4,8455357,96290,,255967,20201,
migrate_demo,client,4,8460602,96290,,255967,20201,
migrate_demo,client,4,8465846,96290,,255967,20201,
migrate_demo,client,4,8471066,96290,,255967,20201,
migrate_demo,client,4,8476304,96290,,255967,20201,
migrate_demo,client,4,8481574,96290,,255967,20201,
migrate_demo,client,4,8486818,96290,,255967,20201,
migrate_demo,client,4,8492053,96290,,255967,20201,
migrate_demo,client,4,8497270,96290,,255967,20201,
migrate_demo,client,4,8502557,96290,,255967,20201,
migrate_demo,client,4,8507918,96290,,255967,20201,
migrate_demo,client,4,8513149,96290,,255967,20201,
migrate_demo,client,4,8518301,96290,,255967,20201,
migrate_demo,client,4,8523552,96290,,255967,20201,
migrate_demo,client,4,8528713,96290,,255967,20201,
migrate_demo,client,4,8533990,96290,,255967,20201,
migrate_demo,client,4,8539283,96290,,255967,20201,
migrate_demo,client,4,8544539,96290,,255967,20201,
migrate_demo,client,4,8549750,96290,,255967,20201,
migrate_demo,client,4,8555056,96290,,255967,20201,
migrate_demo,client,4,8560298,96290,,255967,20201,
migrate_demo,client,4,8565580,96290,,255967,20201,
migrate_demo,client,4,8570854,96290,,255967,20201,
migrate_demo,client,4,8576150,96290,,255967,20201,
migrate_demo,client,4,8581403,96290,,255967,20201,
migrate_demo,client,4,8586642,96290,,255967,20201,
migrate_demo,client,4,8591908,96290,,255967,20201,
migrate_demo,client,4,8597170,96290,,255967,20201,
migrate_demo,client,4,8602457,96290,,255967,20201,
migrate_demo,client,4,8607743,96290,,255967,20201,
migrate_demo,client,4,8613005,96290,,255967,20201,
migrate_demo,client,4,8618267,96290,,255967,20201,
migrate_demo,client,4,8623538,96290,,255967,20201,
migrate_demo,client,4,8628776,96290,,255967,20201,
migrate_demo,client,4,8634001,96290,,255967,20201,
migrate_demo,client,4,8639248,96290,,255967,20201,
migrate_demo,client,4,8644538,96290,,255967,20201,
migrate_demo,client,4,8649851,96290,,255967,20201,
migrate_demo,client,4,8655091,96290,,255967,20201,
migrate_demo,client,4,8660259,96290,,255967,20201,
migrate_demo,client,4,8665477,96290,,255967,20201,
migrate_demo,client,4,8670739,96290,,255967,20201,
migrate_demo,client,4,8676003,96290,,255967,20201,
migrate_demo,client,4,8681233,96290,,255967,20201,
migrate_demo,client,4,8686502,96290,,255967,20201,
migrate_demo,client,4,8691705,96290,,255967,20201,
migrate_demo,client,4,8696987,96290,,255967,20201,
migrate_demo,client,4,8702232,96290,,255967,20201,
migrate_demo,client,4,8707530,96290,,255967,20201,
migrate_demo,client,4,8712685,96290,,255967,20201,
migrate_demo,client,4,8717868,96290,,255967,20201,
migrate_demo,client,4,8723093,96290,,255967,20201,
migrate_demo,client,4,8728331,96290,,255967,20201,
migrate_demo,client,4,8733596,96290,,255967,20201,
migrate_demo,client,4,8738817,96290,,255967,20201,
migrate_demo,client,4,8744010,96290,,255967,20201,
migrate_demo,client,4,8749245,96290,,255967,20201,
migrate_demo,client,4,8754492,96290,,255967,20201,
migrate_demo,client,4,8759756,96290,,255967,20201,
migrate_demo,client,4,8765087,96290,,255967,20201,
migrate_demo,client,4,8770405,96290,,255967,20201,
migrate_demo,client,4,8775672,96290,,255967,20201,
migrate_demo,client,4,8781075,96290,,255967,20201,
migrate_demo,client,4,8786319,96290,,255967,20201,
migrate_demo,client,4,8791500,96290,,255967,20201,
migrate_demo,client,4,8796806,96290,,255967,20201,
migrate_demo,client,4,8802085,96290,,255967,20201,
migrate_demo,client,4,8807312,96290,,255967,20201,
migrate_demo,client,4,8812626,96290,,255967,20201,
migrate_demo,client,4,8817877,96290,,255967,20201,
migrate_demo,client,4,8823144,96290,,255967,20201,
migrate_demo,client,4,8828416,96290,,255967,20201,
migrate_demo,client,4,8833679,96290,,255967,20201,
migrate_demo,client,4,8838904,96290,,255967,20201,
migrate_demo,client,4,8844180,96290,,255967,20201,
migrate_demo,client,4,8849424,96290,,255967,20201,
migrate_demo,client,4,8854653,96290,,255967,20201,
migrate_demo,client,4,8859911,96290,,255967,20201,
migrate_demo,client,4,8865106,96290,,255967,20201,
migrate_demo,client,4,8870369,96290,,255967,20201,
migrate_demo,client,4,8875611,96290,,255967,20201,
migrate_demo,client,4,8880864,96290,,255967,20201,
migrate_demo,client,4,8886096,96290,,255967,20201,
migrate_demo,client,4,8891328,96290,,255967,20201,
migrate_demo,client,4,8896613,96290,,255967,20201,
migrate_demo,client,4,8901796,96290,,255967,20201,
migrate_demo,client,4,8907048,96290,,255967,20201,
migrate_demo,client,4,8912218,96290,,255967,20201,
migrate_demo,client,4,8917431,96290,,255967,20201,
migrate_demo,client,4,8922752,96290,,255967,20201,
migrate_demo,client,4,8927992,96290,,255967,20201,
migrate_demo,client,4,8933262,96290,,255967,20201,
migrate_demo,client,4,8938526,96290,,255967,20201,
migrate_demo,client,4,8943823,96290,,255967,20201,
migrate_demo,client,4,8949056,96290,,255967,20201,
migrate_demo,client,4,8954350,96290,,255967,20201,
migrate_demo,client,4,8959579,96290,,255967,20201,
migrate_demo,client,4,8964883,96290,,255967,20201,
migrate_demo,client,4,8970114,96290,,255967,20201,
migrate_demo,client,4,8975363,96290,,255967,20201,
migrate_demo,client,4,8980623,96290,,255967,20201,
migrate_demo,client,4,8985967,96290,,255967,20201,
migrate_demo,client,4,8991185,96290,,255967,20201,
migrate_demo,client,4,8996357,96290,,255967,20201,
migrate_demo,client,4,9001561,96290,,255967,20201,
migrate_demo,client,4,9006827,96290,,255967,20201,
migrate_demo,client,4,9012118,96290,,255967,20201,
migrate_demo,client,4,9017407,96290,,255967,20201,
migrate_demo,client,4,9022682,96290,,255967,20201,
migrate_demo,client,4,9027933,96290,,255967,20201,
migrate_demo,client,4,9033145,96290,,255967,20201,
migrate_demo,client,4,9038436,96290,,255967,20201,
migrate_demo,client,4,9043715,96290,,255967,20201,
migrate_demo,client,4,9048937,96290,,255967,20201,
migrate_demo,client,4,9054132,96290,,255967,20201,
migrate_demo,client,4,9059348,96290,,255967,20201,
migrate_demo,client,4,9064543,96290,,255967,20201,
migrate_demo,client,4,9069921,96290,,255967,20201,
migrate_demo,client,4,9075185,96290,,255967,20201,
migrate_demo,client,4,9080492,96290,,255967,20201,
migrate_demo,client,4,9085751,96290,,255967,20201,
migrate_demo,client,4,9090972,96290,,255967,20201,
migrate_demo,client,4,9096199,96290,,255967,20201,
migrate_demo,client,4,9101446,96290,,255967,20201,
migrate_demo,client,4,9106679,96290,,255967,20201,
migrate_demo,client,4,9111906,96290,,255967,20201,
migrate_demo,client,4,9117221,96290,,255967,20201,
migrate_demo,client,4,9122460,96290,,255967,20201,
migrate_demo,client,4,9127668,96290,,255967,20201,
migrate_demo,client,4,9132896,96290,,255967,20201,
migrate_demo,client,4,9138151,96290,,255967,20201,
migrate_demo,client,4,9143466,96290,,255967,20201,
migrate_demo,client,4,9148772,96290,,255967,20201,
migrate_demo,client,4,9153963,96290,,255967,20201,
migrate_demo,client,4,9159229,96290,,255967,20201,
migrate_demo,client,4,9164425,96290,,255967,20201,
migrate_demo,client,4,9169668,96290,,255967,20201,
migrate_demo,client,4,9174854,96290,,255967,20201,
migrate_demo,client,4,9180118,96290,,255967,20201,
migrate_demo,client,4,9185452,96290,,255967,20201,
migrate_demo,client,4,9190673,96290,,255967,20201,
migrate_demo,client,4,9195910,96290,,255967,20201,
migrate_demo,client,4,9201177,96290,,255967,20201,
migrate_demo,client,4,9206452,96290,,255967,20201,
migrate_demo,client,4,9211675,96290,,255967,20201,
migrate_demo,client,4,9216932,96290,,255967,20201,
migrate_demo,client,4,9222158,96290,,255967,20201,
migrate_demo,client,4,9227491,96290,,255967,20201,
migrate_demo,client,4,9232754,96290,,255967,20201,
migrate_demo,client,4,9237989,96290,,255967,20201,
migrate_demo,client,4,9243198,96290,,255967,20201,
migrate_demo,client,4,9248426,96290,,255967,20201,
migrate_demo,client,4,9253640,96290,,255967,20201,
migrate_demo,client,4,9258870,96290,,255967,20201,
migrate_demo,client,4,9264102,96290,,255967,20201,
migrate_demo,client,4,9269171,96290,,255967,20201,
migrate_demo,client,4,9274423,96290,,255967,20201,
migrate_demo,client,4,9279663,96290,,255967,20201,
migrate_demo,client,4,9284951,96290,,255967,20201,
migrate_demo,client,4,9290206,96290,,255967,20201,
migrate_demo,client,4,9295373,96290,,255967,20201,
migrate_demo,client,4,9300551,96290,,255967,20201,
migrate_demo,client,4,9305743,96290,,255967,20201,
migrate_demo,client,4,9310995,96290,,255967,20201,
migrate_demo,client,4,9316246,96290,,255967,20201,
migrate_demo,client,4,9321500,96290,,255967,20201,
migrate_demo,client,4,9326758,96290,,255967,20201,
migrate_demo,client,4,9331984,96290,,255967,20201,
migrate_demo,client,4,9337222,96290,,255967,20201,
migrate_demo,client,4,9342444,96290,,255967,20201,
migrate_demo,client,4,9347705,96290,,255967,20201,
migrate_demo,client,4,9352988,96290,,255967,20201,
migrate_demo,client,4,9358230,96290,,255967,20201,
migrate_demo,client,4,9363481,96290,,255967,20201,
migrate_demo,client,4,9368772,96290,,255967,20201,
migrate_demo,client,4,9374009,96290,,255967,20201,
migrate_demo,client,4,9379262,96290,,255967,20201,
migrate_demo,client,4,9384470,96290,,255967,20201,
migrate_demo,client,4,9389700,96290,,255967,20201,
migrate_demo,client,4,9394897,96290,,255967,20201,
migrate_demo,client,4,9400171,96290,,255967,20201,
migrate_demo,client,4,9405381,96290,,255967,20201,
migrate_demo,client,4,9410659,96290,,255967,20201,
migrate_demo,client,4,9415889,96290,,255967,20201,
migrate_demo,client,4,9421145,96290,,255967,20201,
migrate_demo,client,4,9426436,96290,,255967,20201,
migrate_demo,client,4,9431741,96290,,255967,20201,
migrate_demo,client,4,9436929,96290,,255967,20201,
migrate_demo,client,4,9442200,96290,,255967,20201,
migrate_demo,client,4,9447461,96290,,255967,20201,
migrate_demo,client,4,9452724,96290,,255967,20201,
migrate_demo,client,4,9457990,96290,,255967,20201,
migrate_demo,client,4,9463222,96290,,255967,20201,
migrate_demo,client,4,9468459,96290,,255967,20201,
migrate_demo,client,4,9473906,96290,,255967,20201,
migrate_demo,client,4,9479157,96290,,255967,20201,
migrate_demo,client,4,9484411,96290,,255967,20201,
migrate_demo,client,4,9489724,96290,,255967,20201,
migrate_demo,client,4,9495027,96290,,255967,20201,
migrate_demo,client,4,9500255,96290,,255967,20201,
migrate_demo,client,4,9505470,96290,,255967,20201,
migrate_demo,client,4,9510748,96290,,255967,20201,
migrate_demo,client,4,9515950,96290,,255967,20201,
migrate_demo,client,4,9521440,96290,,255967,20201,
migrate_demo,client,4,9526756,96290,,255967,20201,
migrate_demo,client,4,9531956,96290,,255967,20201,
migrate_demo,client,4,9537183,96290,,255967,20201,
migrate_demo,client,4,9542444,96290,,255967,20201,
migrate_demo,client,4,9547722,96290,,255967,20201,
migrate_demo,client,4,9552993,96290,,255967,20201,
migrate_demo,client,4,9558275,96290,,255967,20201,
migrate_demo,client,4,9563569,96290,,255967,20201,
migrate_demo,client,4,9569045,96290,,255967,20201,
migrate_demo,client,4,9574345,96290,,255967,20201,
migrate_demo,client,4,9579638,96290,,255967,20201,
migrate_demo,client,4,9584903,96290,,255967,20201,
migrate_demo,client,4,9590222,96290,,255967,20201,
migrate_demo,client,4,9595426,96290,,255967,20201,
migrate_demo,client,4,9600717,96290,,255967,20201,
migrate_demo,client,4,9605931,96290,,255967,20201,
migrate_demo,client,4,9611123,96290,,255967,20201,
migrate_demo,client,4,9616439,96290,,255967,20201,
migrate_demo,client,4,9621727,96290,,255967,20201,
migrate_demo,client,4,9626981,96290,,255967,20201,
migrate_demo,client,4,9632300,96290,,255967,20201,
migrate_demo,client,4,9637501,96290,,255967,20201,
migrate_demo,client,4,9642799,96290,,255967,20201,
migrate_demo,client,4,9648026,96290,,255967,20201,
migrate_demo,client,4,9653308,96290,,255967,20201,
migrate_demo,client,4,9658563,96290,,255967,20201,
migrate_demo,client,4,9663851,96290,,255967,20201,
migrate_demo,client,4,9668996,96290,,255967,20201,
migrate_demo,client,4,9674314,96290,,255967,20201,
migrate_demo,client,4,9679558,96290,,255967,20201,
migrate_demo,client,4,9684821,96290,,255967,20201,
migrate_demo,client,4,9690093,96290,,255967,20201,
migrate_demo,client,4,9695329,96290,,255967,20201,
migrate_demo,client,4,9700626,96290,,255967,20201,
migrate_demo,client,4,9705886,96290,,255967,20201,
migrate_demo,client,4,9711160,96290,,255967,20201,
migrate_demo,client,4,9716432,96290,,255967,20201,
migrate_demo,client,4,9721645,96290,,255967,20201,
migrate_demo,client,4,9726876,96290,,255967,20201,
migrate_demo,client,4,9732078,96290,,255967,20201,
migrate_demo,client,4,9737314,96290,,255967,20201,
migrate_demo,client,4,9742517,96290,,255967,20201,
migrate_demo,client,4,9747762,96290,,255967,20201,
migrate_demo,client,4,9752999,96290,,255967,20201,
migrate_demo,client,4,9758169,96290,,255967,20201,
migrate_demo,client,4,9763501,96290,,255967,20201,
migrate_demo,client,4,9768816,96290,,255967,20201,
migrate_demo,client,4,9774125,96290,,255967,20201,
migrate_demo,client,4,9779461,96290,,255967,20201,
migrate_demo,client,4,9784749,96290,,255967,20201,
migrate_demo,client,4,9790058,96290,,255967,20201,
migrate_demo,client,4,9795325,96290,,255967,20201,
migrate_demo,client,4,9800582,96290,,255967,20201,
migrate_demo,client,4,9805837,96290,,255967,20201,
migrate_demo,client,4,9811016,96290,,255967,20201,
migrate_demo,client,4,9816241,96290,,255967,20201,
migrate_demo,client,4,9821476,96290,,255967,20201,
migrate_demo,client,4,9826736,96290,,255967,20201,
migrate_demo,client,4,9832000,96290,,255967,20201,
migrate_demo,client,4,9837263,96290,,255967,20201,
migrate_demo,client,4,9842536,96290,,255967,20201,
migrate_demo,client,4,9847781,96290,,255967,20201,
migrate_demo,client,4,9853058,96290,,255967,20201,
migrate_demo,client,4,9858315,96290,,255967,20201,
migrate_demo,client,4,9863495,96290,,255967,20201,
migrate_demo,client,4,9868687,96290,,255967,20201,
migrate_demo,client,4,9873931,96290,,255967,20201,
migrate_demo,client,4,9879150,96290,,255967,20201,
migrate_demo,client,4,9884334,96290,,255967,20201,
migrate_demo,client,4,9889553,96290,,255967,20201,
migrate_demo,client,4,9894807,96290,,255967,20201,
migrate_demo,client,4,9900024,96290,,255967,20201,
migrate_demo,client,4,9905319,96290,,255967,20201,
migrate_demo,client,4,9910576,96290,,255967,20201,
migrate_demo,client,4,9915834,96290,,255967,20201,
migrate_demo,client,4,9921054,96290,,255967,20201,
migrate_demo,client,4,9926360,96290,,255967,20201,
migrate_demo,client,4,9931596,96290,,255967,20201,
migrate_demo,client,4,9936897,96290,,255967,20201,
migrate_demo,client,4,9942193,96290,,255967,20201,
migrate_demo,client,4,9947450,96290,,255967,20201,
migrate_demo,client,4,9952651,96290,,255967,20201,
migrate_demo,client,4,9957844,96290,,255967,20201,
migrate_demo,client,4,9963091,96290,,255967,20201,
migrate_demo,client,4,9968335,96290,,255967,20201,
migrate_demo,client,4,9973613,96290,,255967,20201,
migrate_demo,client,4,9978896,96290,,255967,20201,
migrate_demo,client,4,9984160,96290,,255967,20201,
migrate_demo,client,4,9989449,96290,,255967,20201,
migrate_demo,client,4,9994660,96290,,255967,20201,
migrate_demo,client,4,9999906,96290,,255967,20201,
migrate_demo,client,4,10005075,96290,,255967,20201,
migrate_demo,client,4,10010339,96290,,255967,20201,
migrate_demo,client,4,10015523,96290,,255967,20201,
migrate_demo,client,4,10020775,96290,,255967,20201,
migrate_demo,client,4,10025963,96290,,255967,20201,
migrate_demo,client,4,10031168,96290,,255967,20201,
migrate_demo,client,4,10036422,96290,,255967,20201,
migrate_demo,client,4,10041670,96290,,255967,20201,
migrate_demo,client,4,10046959,96290,,255967,20201,
migrate_demo,client,4,10052210,96290,,255967,20201,
migrate_demo,client,4,10057485,96290,,255967,20201,
migrate_demo,client,4,10062798,96290,,255967,20201,
migrate_demo,client,4,10068057,96290,,255967,20201,
migrate_demo,client,4,10073306,96290,,255967,20201,
migrate_demo,client,4,10078535,96290,,255967,20201,
migrate_demo,client,4,10083811,96290,,255967,20201,
migrate_demo,client,4,10089120,96290,,255967,20201,
migrate_demo,client,4,10094415,96290,,255967,20201,
migrate_demo,client,4,10099645,96290,,255967,20201,
migrate_demo,client,4,10104844,96290,,255967,20201,
migrate_demo,client,4,10110096,96290,,255967,20201,
migrate_demo,client,4,10115332,96290,,255967,20201,
migrate_demo,client,4,10120527,96290,,255967,20201,
migrate_demo,client,4,10125850,96290,,229086,20201,
migrate_demo,client,4,10131109,96290,,229086,20201,
migrate_demo,client,4,10136318,96290,,229086,20201,
migrate_demo,client,4,10141423,96290,,229086,20201,
migrate_demo,client,4,10146796,96290,,229086,20201,
migrate_demo,client,4,10151995,96290,,229086,20201,
migrate_demo,client,4,10157249,96290,,229086,20201,
migrate_demo,client,4,10162496,96290,,229086,20201,
migrate_demo,client,4,10167695,96290,,229086,20201,
migrate_demo,client,4,10172870,96290,,229086,20201,
migrate_demo,client,4,10178157,96290,,229086,20201,
migrate_demo,client,4,10183374,96290,,229086,20201,
migrate_demo,client,4,10188653,96290,,205542,20201,
migrate_demo,client,4,10193909,96290,,205542,20201,
migrate_demo,client,4,10199036,96290,,205542,20201,
migrate_demo,client,4,10204223,96290,,205542,20201,
migrate_demo,client,4,10209356,96290,,205542,20201,
migrate_demo,client,4,10214666,96290,,205542,20201,
migrate_demo,client,4,10219928,96290,,205542,20201,
migrate_demo,client,4,10225200,96290,,205542,20201,
migrate_demo,client,4,10230473,96290,,205542,20201,
migrate_demo,client,4,10235725,96290,,205542,20201,
migrate_demo,client,4,10240982,96290,,205542,20201,
migrate_demo,client,4,10246260,96290,,205542,20201,
migrate_demo,client,4,10251451,96290,,184968,20201,
migrate_demo,client,4,10256707,96290,,184968,20201,
migrate_demo,client,4,10261853,96290,,184968,20201,
migrate_demo,client,4,10267018,96290,,184968,20201,
migrate_demo,client,4,10272227,96290,,184968,20201,
migrate_demo,client,4,10277472,96290,,184968,20201,
migrate_demo,client,4,10282731,96290,,184968,20201,
migrate_demo,client,4,10288038,96290,,184968,20201,
migrate_demo,client,4,10293234,96290,,184968,20201,
migrate_demo,client,4,10298665,96290,,184968,20201,
migrate_demo,client,4,10303973,96290,,184968,20201,
migrate_demo,client,4,10309238,96290,,184968,20201,
migrate_demo,client,4,10314446,96290,,166967,20201,
migrate_demo,client,4,10319637,96290,,166967,20201,
migrate_demo,client,4,10324900,96290,,166967,20201,
migrate_demo,client,4,10330107,96290,,166967,20201,
migrate_demo,client,4,10335321,96290,,166967,20201,
migrate_demo,client,4,10340534,96290,,166967,20201,
migrate_demo,client,4,10345916,96290,,166967,20201,
migrate_demo,client,4,10351192,96290,,166967,20201,
migrate_demo,client,4,10356549,96290,,166967,20201,
migrate_demo,client,4,10361845,96290,,166967,20201,
migrate_demo,client,4,10367026,96290,,166967,20201,
migrate_demo,client,4,10372242,96290,,166967,20201,
migrate_demo,client,4,10377445,96290,,151209,20201,
migrate_demo,client,4,10382633,96290,,151209,20201,
migrate_demo,client,4,10387959,96290,,151209,20201,
migrate_demo,client,4,10393129,96290,,151209,20201,
migrate_demo,client,4,10398305,96290,,151209,20201,
migrate_demo,client,4,10403503,96290,,151209,20201,
migrate_demo,client,4,10408755,96290,,151209,20201,
migrate_demo,client,4,10413975,96290,,151209,20201,
migrate_demo,client,4,10419227,96290,,151209,20201,
migrate_demo,client,4,10424475,96290,,151209,20201,
migrate_demo,client,4,10429733,96290,,151209,20201,
migrate_demo,client,4,10434924,96290,,151209,20201,
migrate_demo,client,4,10440158,96290,,137410,20201,
migrate_demo,client,4,10445364,96290,,137410,20201,
migrate_demo,client,4,10450631,96290,,137410,20201,
migrate_demo,client,4,10455850,96290,,137410,20201,
migrate_demo,client,4,10461085,96290,,137410,20201,
migrate_demo,client,4,10466278,96290,,137410,20201,
migrate_demo,client,4,10471503,96290,,137410,20201,
migrate_demo,client,4,10476755,96290,,137410,20201,
migrate_demo,client,4,10481955,96290,,137410,20201,
migrate_demo,client,4,10487140,96290,,137410,20201,
migrate_demo,client,4,10492386,96290,,137410,20201,
migrate_demo,client,4,10497610,96290,,137410,20201,
migrate_demo,client,4,10502812,96290,,125392,20201,
migrate_demo,client,4,10508050,96290,,125392,20201,
migrate_demo,client,4,10513279,96290,,125392,20201,
migrate_demo,client,4,10518489,96290,,125392,20201,
migrate_demo,client,4,10523654,96290,,125392,20201,
migrate_demo,client,4,10528810,96290,,125392,20201,
migrate_demo,client,4,10533994,96290,,125392,20201,
migrate_demo,client,4,10539280,96290,,125392,20201,
migrate_demo,client,4,10544504,96290,,125392,20201,
migrate_demo,client,4,10549739,96290,,125392,20201,
migrate_demo,client,4,10554955,96290,,125392,20201,
migrate_demo,client,4,10560218,96290,,125392,20201,
migrate_demo,client,4,10565404,96290,,114872,20201,
migrate_demo,client,4,10570552,96290,,114872,20201,
migrate_demo,client,4,10575695,96290,,114872,20201,
migrate_demo,client,4,10580903,96290,,114872,20201,
migrate_demo,client,4,10586100,96290,,114872,20201,
migrate_demo,client,4,10591317,96290,,114872,20201,
migrate_demo,client,4,10596551,96290,,114872,20201,
migrate_demo,client,4,10601760,96290,,114872,20201,
migrate_demo,client,4,10606995,96290,,114872,20201,
migrate_demo,client,4,10612277,96290,,114872,20201,
migrate_demo,client,4,10617542,96290,,114872,20201,
migrate_demo,client,4,10622769,96290,,114872,20201,
migrate_demo,client,4,10627938,96290,,105654,20201,
migrate_demo,client,4,10633177,96290,,105654,20201,
migrate_demo,client,4,10638442,96290,,105654,20201,
migrate_demo,client,4,10643650,96290,,105654,20201,
migrate_demo,client,4,10648851,96290,,105654,20201,
migrate_demo,client,4,10654158,96290,,105654,20201,
migrate_demo,client,4,10659383,96290,,105654,20201,
migrate_demo,client,4,10664616,96290,,105654,20201,
migrate_demo,client,4,10669847,96290,,105654,20201,
migrate_demo,client,4,10675152,96290,,105654,20201,
migrate_demo,client,4,10680414,96290,,105654,20201,
migrate_demo,client,4,10685618,96290,,105654,20201,
migrate_demo,client,4,10690844,96290,,97563,20201,
migrate_demo,client,4,10696104,96290,,97563,20201,
migrate_demo,client,4,10701388,96290,,97563,20201,
migrate_demo,client,4,10706618,96290,,97563,20201,
migrate_demo,client,4,10711803,96290,,97563,20201,
migrate_demo,client,4,10716958,96290,,97563,20201,
migrate_demo,client,4,10722221,96290,,97563,20201,
migrate_demo,client,4,10727428,96290,,97563,20201,
migrate_demo,client,4,10732731,96290,,97563,20201,
migrate_demo,client,4,10737994,96290,,97563,20201,
migrate_demo,client,4,10743259,96290,,97563,20201,
migrate_demo,client,4,10748493,96290,,90451,20201,
migrate_demo,client,4,10753752,96290,,90451,20201,
migrate_demo,client,4,10758937,96290,,90451,20201,
migrate_demo,client,4,10764150,96290,,90451,20201,
migrate_demo,client,4,10769362,96290,,90451,20201,
migrate_demo,client,4,10774554,96290,,90451,20201,
migrate_demo,client,4,10779796,96290,,90451,20201,
migrate_demo,client,4,10785136,96290,,90451,20201,
migrate_demo,client,4,10790401,96290,,90451,20201,
migrate_demo,client,4,10795681,96290,,90451,20201,
migrate_demo,client,4,10800939,96290,,84249,20201,
migrate_demo,client,4,10806203,96290,,84249,20201,
migrate_demo,client,4,10811515,96290,,84249,20201,
migrate_demo,client,4,10816807,96290,,84249,20201,
migrate_demo,client,4,10822111,96290,,84249,20201,
migrate_demo,client,4,10827304,96290,,84249,20201,
migrate_demo,client,4,10832612,96290,,84249,20201,
migrate_demo,client,4,10837849,96290,,84249,20201,
migrate_demo,client,4,10843145,96290,,84249,20201,
migrate_demo,client,4,10848401,96290,,84249,20201,
migrate_demo,client,4,10853585,96290,,84249,20201,
migrate_demo,client,4,10858877,96290,,84249,20201,
migrate_demo,client,4,10864306,96290,,84249,20201,
migrate_demo,client,4,10869529,96290,,84249,20201,
migrate_demo,client,4,10874803,96290,,84249,20201,
migrate_demo,client,4,10880044,96290,,84249,20201,
migrate_demo,client,4,10885252,96290,,84249,20201,
migrate_demo,client,4,10890560,96290,,84249,20201,
migrate_demo,client,4,10895779,96290,,84249,20201,
migrate_demo,client,4,10901030,96290,,84249,20201,
migrate_demo,client,4,10906218,96290,,84249,20201,
migrate_demo,client,4,10911415,96290,,84249,20201,
migrate_demo,client,4,10916641,96290,,84249,20201,
migrate_demo,client,4,10921895,96290,,84249,20201,
migrate_demo,client,4,10927150,96290,,84249,20201,
migrate_demo,client,4,10932392,96290,,84249,20201,
migrate_demo,client,4,10937533,96290,,84249,20201,
migrate_demo,client,4,10942753,96290,,84249,20201,
migrate_demo,client,4,10947882,96290,,84249,20201,
migrate_demo,client,4,10953109,96290,,84249,20201,
migrate_demo,client,4,10958311,96290,,84249,20201,
migrate_demo,client,4,10963567,96290,,84249,20201,
migrate_demo,client,4,10968740,96290,,84249,20201,
migrate_demo,client,4,10973957,96290,,84249,20201,
migrate_demo,client,4,10979125,96290,,84249,20201,
migrate_demo,client,4,10984413,96290,,84249,20201,
migrate_demo,client,4,10989661,96290,,84249,20201,
migrate_demo,client,4,10994854,96290,,84249,20201,
migrate_demo,client,4,11000016,96290,,84249,20201,
migrate_demo,client,4,11005202,96290,,84249,20201,
migrate_demo,client,4,11010465,96290,,84249,20201,
migrate_demo,client,4,11015676,96290,,84249,20201,
migrate_demo,client,4,11020897,96290,,84249,20201,
migrate_demo,client,4,11026117,96290,,84249,20201,
migrate_demo,client,4,11031359,96290,,84249,20201,
migrate_demo,client,4,11036793,96290,,84249,20201,
migrate_demo,client,4,11042024,96290,,84249,20201,
migrate_demo,client,4,11047245,96290,,84249,20201,
migrate_demo,client,4,11052373,96290,,84249,20201,
migrate_demo,client,4,11057614,96290,,84249,20201,
migrate_demo,client,4,11062857,96290,,84249,20201,
migrate_demo,client,4,11068076,96290,,84249,20201,
migrate_demo,client,4,11073273,96290,,84249,20201,
migrate_demo,client,4,11078468,96290,,84249,20201,
migrate_demo,client,4,11083638,96290,,84249,20201,
migrate_demo,client,4,11088898,96290,,84249,20201,
migrate_demo,client,4,11094055,96290,,84249,20201,
migrate_demo,client,4,11099272,96290,,84249,20201,
migrate_demo,client,4,11104477,96290,,84249,20201,
migrate_demo,client,4,11109695,96290,,84249,20201,
migrate_demo,client,4,11114932,96290,,84249,20201,
migrate_demo,client,4,11120133,96290,,84249,20201,
migrate_demo,client,4,11125400,96290,,84249,20201,
migrate_demo,client,4,11130517,96290,,84249,20201,
migrate_demo,client,4,11135746,96290,,84249,20201,
migrate_demo,client,4,11140988,96290,,84249,20201,
migrate_demo,client,4,11146265,96290,,84249,20201,
migrate_demo,client,4,11151501,96290,,84249,20201,
migrate_demo,client,4,11156629,96290,,84249,20201,
migrate_demo,client,4,11161886,96290,,84249,20201,
migrate_demo,client,4,11167180,96290,,84249,20201,
migrate_demo,client,4,11172481,96290,,84249,20201,
migrate_demo,client,4,11177753,96290,,84249,20201,
migrate_demo,client,4,11182896,96290,,84249,20201,
migrate_demo,client,4,11188149,96290,,84249,20201,
migrate_demo,client,4,11193390,96290,,84249,20201,
migrate_demo,client,4,11198575,96290,,84249,20201,
migrate_demo,client,4,11203729,96290,,84249,20201,
migrate_demo,client,4,11208949,96290,,84249,20201,
migrate_demo,client,4,11214190,96290,,84249,20201,
migrate_demo,client,4,11219414,96290,,84249,20201,
migrate_demo,client,4,11224653,96290,,84249,20201,
migrate_demo,client,4,11229931,96290,,84249,20201,
migrate_demo,client,4,11235155,96290,,84249,20201,
migrate_demo,client,4,11240401,96290,,84249,20201,
migrate_demo,client,4,11245649,96290,,84249,20201,
migrate_demo,client,4,11250931,96290,,84249,20201,
migrate_demo,client,4,11256114,96290,,84249,20201,
migrate_demo,client,4,11261341,96290,,84249,20201,
migrate_demo,client,4,11266602,96290,,84249,20201,
migrate_demo,client,4,11271784,96290,,84249,20201,
migrate_demo,client,4,11277083,96290,,84249,20201,
migrate_demo,client,4,11282384,96290,,84249,20201,
migrate_demo,client,4,11287582,96290,,84249,20201,
migrate_demo,client,4,11292828,96290,,84249,20201,
migrate_demo,client,4,11298247,96290,,84249,20201,
migrate_demo,client,4,11303490,96290,,84249,20201,
migrate_demo,client,4,11308741,96290,,84249,20201,
migrate_demo,client,4,11313974,96290,,84249,20201,
migrate_demo,client,4,11319239,96290,,84249,20201,
migrate_demo,client,4,11324436,96290,,84249,20201,
migrate_demo,client,4,11329592,96290,,84249,20201,
migrate_demo,client,4,11334888,96290,,84249,20201,
migrate_demo,client,4,11340103,96290,,84249,20201,
migrate_demo,client,4,11345378,96290,,84249,20201,
migrate_demo,client,4,11350609,96290,,84249,20201,
migrate_demo,client,4,11355848,96290,,84249,20201,
migrate_demo,client,4,11361086,96290,,84249,20201,
migrate_demo,client,4,11366276,96290,,84249,20201,
migrate_demo,client,4,11371540,96290,,84249,20201,
migrate_demo,client,4,11376866,96290,,84249,20201,
migrate_demo,client,4,11382127,96290,,84249,20201,
migrate_demo,client,4,11387330,96290,,84249,20201,
migrate_demo,client,4,11392537,96290,,84249,20201,
migrate_demo,client,4,11397706,96290,,84249,20201,
migrate_demo,client,4,11402960,96290,,84249,20201,
migrate_demo,client,4,11408124,96290,,84249,20201,
migrate_demo,client,4,11413399,96290,,84249,20201,
migrate_demo,client,4,11418622,96290,,84249,20201,
migrate_demo,client,4,11423939,96290,,84249,20201,
migrate_demo,client,4,11429246,96290,,84249,20201,
migrate_demo,client,4,11434556,96290,,84249,20201,
migrate_demo,client,4,11439802,96290,,84249,20201,
migrate_demo,client,4,11445030,96290,,84249,20201,
migrate_demo,client,4,11450257,96290,,84249,20201,
migrate_demo,client,4,11455474,96290,,84249,20201,
migrate_demo,client,4,11460861,96290,,84249,20201,
migrate_demo,client,4,11466077,96290,,84249,20201,
migrate_demo,client,4,11471295,96290,,84249,20201,
migrate_demo,client,4,11476489,96290,,84249,20201,
migrate_demo,client,4,11481702,96290,,84249,20201,
migrate_demo,client,4,11486924,96290,,84249,20201,
migrate_demo,client,4,11492084,96290,,84249,20201,
migrate_demo,client,4,11497314,96290,,84249,20201,
migrate_demo,client,4,11502508,96290,,84249,20201,
migrate_demo,client,4,11507751,96290,,84249,20201,
migrate_demo,client,4,11512971,96290,,84249,20201,
migrate_demo,client,4,11518205,96290,,84249,20201,
migrate_demo,client,4,11523323,96290,,84249,20201,
migrate_demo,client,4,11528579,96290,,84249,20201,
migrate_demo,client,4,11533850,96290,,84249,20201,
migrate_demo,client,4,11539109,96290,,84249,20201,
migrate_demo,client,4,11544365,96290,,84249,20201,
migrate_demo,client,4,11549569,96290,,84249,20201,
migrate_demo,client,4,11554828,96290,,84249,20201,
migrate_demo,client,4,11560073,96290,,84249,20201,
migrate_demo,client,4,11565287,96290,,84249,20201,
migrate_demo,client,4,11570541,96290,,84249,20201,
migrate_demo,client,4,11575813,96290,,84249,20201,
migrate_demo,client,4,11581027,96290,,84249,20201,
migrate_demo,client,4,11586284,96290,,84249,20201,
migrate_demo,client,4,11591470,96290,,84249,20201,
migrate_demo,client,4,11596671,96290,,84249,20201,
migrate_demo,client,4,11601915,96290,,84249,20201,
migrate_demo,client,4,11607125,96290,,84249,20201,
migrate_demo,client,4,11612365,96290,,84249,20201,
migrate_demo,client,4,11617555,96290,,84249,20201,
migrate_demo,client,4,11622833,96290,,84249,20201,
migrate_demo,client,4,11628170,96290,,84249,20201,
migrate_demo,client,4,11633378,96290,,84249,20201,
migrate_demo,client,4,11638632,96290,,84249,20201,
migrate_demo,client,4,11643822,96290,,84249,20201,
migrate_demo,client,4,11649010,96290,,84249,20201,
migrate_demo,client,4,11654227,96290,,84249,20201,
migrate_demo,client,4,11659413,96290,,84249,20201,
migrate_demo,client,4,11664656,96290,,84249,20201,
migrate_demo,client,4,11669853,96290,,84249,20201,
migrate_demo,client,4,11675122,96290,,84249,20201,
migrate_demo,client,4,11680325,96290,,84249,20201,
migrate_demo,client,4,11685540,96290,,84249,20201,
migrate_demo,client,4,11690789,96290,,84249,20201,
migrate_demo,client,4,11696025,96290,,84249,20201,
migrate_demo,client,4,11701273,96290,,84249,20201,
migrate_demo,client,4,11706569,96290,,84249,20201,
migrate_demo,client,4,11711927,96290,,84249,20201,
migrate_demo,client,4,11717112,96290,,84249,20201,
migrate_demo,client,4,11722280,96290,,84249,20201,
migrate_demo,client,4,11727480,96290,,84249,20201,
migrate_demo,client,4,11732759,96290,,84249,20201,
migrate_demo,client,4,11737989,96290,,84249,20201,
migrate_demo,client,4,11743177,96290,,84249,20201,
migrate_demo,client,4,11748381,96290,,84249,20201,
migrate_demo,client,4,11753574,96290,,84249,20201,
migrate_demo,client,4,11758812,96290,,84249,20201,
migrate_demo,client,4,11764006,96290,,84249,20201,
migrate_demo,client,4,11769237,96290,,84249,20201,
migrate_demo,client,4,11774495,96290,,84249,20201,
migrate_demo,client,4,11779730,96290,,84249,20201,
migrate_demo,client,4,11784963,96290,,84249,20201,
migrate_demo,client,4,11790096,96290,,84249,20201,
migrate_demo,client,4,11795241,96290,,84249,20201,
migrate_demo,client,4,11800453,96290,,84249,20201,
migrate_demo,client,4,11805676,96290,,84249,20201,
migrate_demo,client,4,11810841,96290,,84249,20201,
migrate_demo,client,4,11816071,96290,,84249,20201,
migrate_demo,client,4,11821356,96290,,84249,20201,
migrate_demo,client,4,11826677,96290,,84249,20201,
migrate_demo,client,4,11831897,96290,,84249,20201,
migrate_demo,client,4,11837109,96290,,84249,20201,
migrate_demo,client,4,11842308,96290,,84249,20201,
migrate_demo,client,4,11847511,96290,,84249,20201,
migrate_demo,client,4,11852779,96290,,84249,20201,
migrate_demo,client,4,11858009,96290,,84249,20201,
migrate_demo,client,4,11863248,96290,,84249,20201,
migrate_demo,client,4,11868388,96290,,84249,20201,
migrate_demo,client,4,11873620,96290,,84249,20201,
migrate_demo,client,4,11878831,96290,,84249,20201,
migrate_demo,client,4,11884006,96290,,84249,20201,
migrate_demo,client,4,11889268,96290,,84249,20201,
migrate_demo,client,4,11894481,96290,,84249,20201,
migrate_demo,client,4,11899730,96290,,84249,20201,
migrate_demo,client,4,11904950,96290,,84249,20201,
migrate_demo,client,4,11910118,96290,,84249,20201,
migrate_demo,client,4,11915417,96290,,84249,20201,
migrate_demo,client,4,11920609,96290,,84249,20201,
migrate_demo,client,4,11925832,96290,,84249,20201,
migrate_demo,client,4,11931009,96290,,84249,20201,
migrate_demo,client,4,11936256,96290,,84249,20201,
migrate_demo,client,4,11941474,96290,,84249,20201,
migrate_demo,client,4,11946633,96290,,84249,20201,
migrate_demo,client,4,11951835,96290,,84249,20201,
migrate_demo,client,4,11957023,96290,,84249,20201,
migrate_demo,client,4,11962197,96290,,84249,20201,
migrate_demo,client,4,11967430,96290,,84249,20201,
migrate_demo,client,4,11972603,96290,,84249,20201,
migrate_demo,client,4,11977793,96290,,84249,20201,
migrate_demo,client,4,11983011,96290,,84249,20201,
migrate_demo,client,4,11988268,96290,,84249,20201,
migrate_demo,client,4,11993461,96290,,84249,20201,
migrate_demo,client,4,11998602,96290,,84249,20201,
migrate_demo,client,4,12003814,96290,,84249,20201,
migrate_demo,client,4,12008999,96290,,84249,20201,
migrate_demo,client,4,12014251,96290,,84249,20201,
migrate_demo,client,4,12019518,96290,,84249,20201,
migrate_demo,client,4,12024702,96290,,84249,20201,
migrate_demo,client,4,12029900,96290,,84249,20201,
migrate_demo,client,4,12035106,96290,,84249,20201,
migrate_demo,client,4,12040342,96290,,84249,20201,
migrate_demo,client,4,12045527,96290,,84249,20201,
migrate_demo,client,4,12050849,96290,,84249,20201,
migrate_demo,client,4,12056027,96290,,84249,20201,
migrate_demo,client,4,12061231,96290,,84249,20201,
migrate_demo,client,4,12066520,96290,,84249,20201,
migrate_demo,client,4,12071728,96290,,84249,20201,
migrate_demo,client,4,12076947,96290,,84249,20201,
migrate_demo,client,4,12082187,96290,,84249,20201,
migrate_demo,client,4,12087385,96290,,84249,20201,
migrate_demo,client,4,12092587,96290,,84249,20201,
migrate_demo,client,4,12097730,96290,,84249,20201,
migrate_demo,client,4,12102971,96290,,84249,20201,
migrate_demo,client,4,12108177,96290,,84249,20201,
migrate_demo,client,4,12113378,96290,,84249,20201,
migrate_demo,client,4,12118574,96290,,84249,20201,
migrate_demo,client,4,12123812,96290,,84249,20201,
migrate_demo,client,4,12129083,96290,,84249,20201,
migrate_demo,client,4,12134288,96290,,84249,20201,
migrate_demo,client,4,12139571,96290,,84249,20201,
migrate_demo,client,4,12144776,96290,,84249,20201,
migrate_demo,client,4,12150019,96290,,84249,20201,
migrate_demo,client,4,12155167,96290,,84249,20201,
migrate_demo,client,4,12160327,96290,,84249,20201,
migrate_demo,client,4,12165499,96290,,84249,20201,
migrate_demo,client,4,12170745,96290,,84249,20201,
migrate_demo,client,4,12175946,96290,,84249,20201,
migrate_demo,client,4,12181150,96290,,84249,20201,
migrate_demo,client,4,12186336,96290,,84249,20201,
migrate_demo,client,4,12191571,96290,,84249,20201,
migrate_demo,client,4,12196738,96290,,84249,20201,
migrate_demo,client,4,12201918,96290,,84249,20201,
migrate_demo,client,4,12207156,96290,,84249,20201,
migrate_demo,client,4,12212289,96290,,84249,20201,
migrate_demo,client,4,12217508,96290,,79004,20201,
migrate_demo,client,4,12222754,96290,,79004,20201,
migrate_demo,client,4,12227992,96290,,79004,20201,
migrate_demo,client,4,12233228,96290,,79004,20201,
migrate_demo,client,4,12238497,96290,,79004,20201,
migrate_demo,client,4,12243747,96290,,79004,20201,
migrate_demo,client,4,12248884,96290,,79004,20201,
migrate_demo,client,4,12254096,96290,,79004,20201,
migrate_demo,client,4,12259296,96290,,79004,20201,
migrate_demo,client,4,12264582,96290,,79004,20201,
migrate_demo,client,4,12269696,96290,,79004,20201,
migrate_demo,client,4,12274903,96290,,79004,20201,
migrate_demo,client,4,12280144,96290,,79004,20201,
migrate_demo,client,4,12285382,96290,,79004,20201,
migrate_demo,client,4,12290579,96290,,79004,20201,
migrate_demo,client,4,12295756,96290,,79004,20201,
migrate_demo,client,4,12300972,96290,,79004,20201,
migrate_demo,client,4,12306253,96290,,79004,20201,
migrate_demo,client,4,12311454,96290,,79004,20201,
migrate_demo,client,4,12316650,96290,,79004,20201,
migrate_demo,client,4,12321924,96290,,79004,20201,
migrate_demo,client,4,12327214,96290,,79004,20201,
migrate_demo,client,4,12332588,96290,,79004,20201,
migrate_demo,client,4,12337816,96290,,79004,20201,
migrate_demo,client,4,12343012,96290,,79004,20201,
migrate_demo,client,4,12348219,96290,,79004,20201,
migrate_demo,client,4,12353417,96290,,79004,20201,
migrate_demo,client,4,12358772,96290,,79004,20201,
migrate_demo,client,4,12363991,96290,,79004,20201,
migrate_demo,client,4,12369217,96290,,74233,20201,
migrate_demo,client,4,12374475,96290,,74233,20201,
migrate_demo,client,4,12379613,96290,,74233,20201,
migrate_demo,client,4,12384818,96290,,74233,20201,
migrate_demo,client,4,12390044,96290,,74233,20201,
migrate_demo,client,4,12395324,96290,,74233,20201,
migrate_demo,client,4,12400564,96290,,74233,20201,
migrate_demo,client,4,12405827,96290,,74233,20201,
migrate_demo,client,4,12411108,96290,,74233,20201,
migrate_demo,client,4,12416369,96290,,74233,20201,
migrate_demo,client,4,12421583,96290,,74233,20201,
migrate_demo,client,4,12426815,96290,,74233,20201,
migrate_demo,client,4,12432023,96290,,70058,20201,
migrate_demo,client,4,12437283,96290,,70058,20201,
migrate_demo,client,4,12442544,96290,,70058,20201,
migrate_demo,client,4,12447743,96290,,70058,20201,
migrate_demo,client,4,12452971,96290,,70058,20201,
migrate_demo,client,4,12458162,96290,,70058,20201,
migrate_demo,client,4,12463374,96290,,70058,20201,
migrate_demo,client,4,12468534,96290,,70058,20201,
migrate_demo,client,4,12473745,96290,,70058,20201,
migrate_demo,client,4,12478953,96290,,70058,20201,
migrate_demo,client,4,12484152,96290,,70058,20201,
migrate_demo,client,4,12489390,96290,,70058,20201,
migrate_demo,client,4,12494600,96290,,70058,20201,
migrate_demo,client,4,12499802,96290,,70058,20201,
migrate_demo,client,4,12504966,96290,,70058,20201,
migrate_demo,client,4,12510221,96290,,66455,20201,
migrate_demo,client,4,12515411,96290,,66455,20201,
migrate_demo,client,4,12520620,96290,,66455,20201,
migrate_demo,client,4,12525849,96290,,66455,20201,
migrate_demo,client,4,12531046,96290,,66455,20201,
migrate_demo,client,4,12536273,96290,,66455,20201,
migrate_demo,client,4,12541492,96290,,66455,20201,
migrate_demo,client,4,12546688,96290,,66455,20201,
migrate_demo,client,4,12551900,96290,,66455,20201,
migrate_demo,client,4,12557129,96290,,66455,20201,
migrate_demo,client,4,12562354,96290,,66455,20201,
migrate_demo,client,4,12567589,96290,,66455,20201,
migrate_demo,client,4,12572947,96290,,66455,20201,
migrate_demo,client,4,12578209,96290,,66455,20201,
migrate_demo,client,4,12583381,96290,,66455,20201,
migrate_demo,client,4,12588556,96290,,63244,20201,
migrate_demo,client,4,12593837,96290,,63244,20201,
migrate_demo,client,4,12599186,96290,,63244,20201,
migrate_demo,client,4,12604378,96290,,63244,20201,
migrate_demo,client,4,12609610,96290,,63244,20201,
migrate_demo,client,4,12614856,96290,,63244,20201,
migrate_demo,client,4,12620108,96290,,63244,20201,
migrate_demo,client,4,12625488,96290,,63244,20201,
migrate_demo,client,4,12630741,96290,,63244,20201,
migrate_demo,client,4,12635955,96290,,63244,20201,
migrate_demo,client,4,12641189,96290,,63244,20201,
migrate_demo,client,4,12646424,96290,,63244,20201,
migrate_demo,client,4,12651726,96290,,63244,20201,
migrate_demo,client,4,12656991,96290,,63244,20201,
migrate_demo,client,4,12662197,96290,,63244,20201,
migrate_demo,client,4,12667406,96290,,63244,20201,
migrate_demo,client,4,12672629,96290,,63244,20201,
migrate_demo,client,4,12677963,96290,,63244,20201,
migrate_demo,client,4,12683245,96290,,63244,20201,
migrate_demo,client,4,12688488,96290,,63244,20201,
migrate_demo,client,4,12693752,96290,,63244,20201,
migrate_demo,client,4,12699013,96290,,63244,20201,
migrate_demo,client,4,12704311,96290,,63244,20201,
migrate_demo,client,4,12709431,96290,,63244,20201,
migrate_demo,client,4,12714647,96290,,63244,20201,
migrate_demo,client,4,12719917,96290,,63244,20201,
migrate_demo,client,4,12725180,96290,,63244,20201,
migrate_demo,client,4,12730500,96290,,63244,20201,
migrate_demo,client,4,12735765,96290,,63244,20201,
migrate_demo,client,4,12740988,96290,,63244,20201,
migrate_demo,client,4,12746204,96290,,60429,20201,
migrate_demo,client,4,12751347,96290,,60429,20201,
migrate_demo,client,4,12756542,96290,,60429,20201,
migrate_demo,client,4,12761697,96290,,60429,20201,
migrate_demo,client,4,12766903,96290,,60429,20201,
migrate_demo,client,4,12772130,96290,,60429,20201,
migrate_demo,client,4,12777366,96290,,60429,20201,
migrate_demo,client,4,12782582,96290,,60429,20201,
migrate_demo,client,4,12787804,96290,,60429,20201,
migrate_demo,client,4,12792998,96290,,60429,20201,
migrate_demo,client,4,12798266,96290,,60429,20201,
migrate_demo,client,4,12803556,96290,,60429,20201,
migrate_demo,client,4,12808701,96290,,60429,20201,
migrate_demo,client,4,12813837,96290,,60429,20201,
migrate_demo,client,4,12819002,96290,,60429,20201,
migrate_demo,client,4,12824198,96290,,57980,20201,
migrate_demo,client,4,12829422,96290,,57980,20201,
migrate_demo,client,4,12834593,96290,,57980,20201,
migrate_demo,client,4,12839717,96290,,57980,20201,
migrate_demo,client,4,12844880,96290,,57980,20201,
migrate_demo,client,4,12850175,96290,,57980,20201,
migrate_demo,client,4,12855402,96290,,57980,20201,
migrate_demo,client,4,12860573,96290,,57980,20201,
migrate_demo,client,4,12865744,96290,,57980,20201,
migrate_demo,client,4,12870955,96290,,57980,20201,
migrate_demo,client,4,12876150,96290,,57980,20201,
migrate_demo,client,4,12881311,96290,,57980,20201,
migrate_demo,client,4,12886504,96290,,57980,20201,
migrate_demo,client,4,12891680,96290,,57980,20201,
migrate_demo,client,4,12896818,96290,,57980,20201,
migrate_demo,client,4,12902117,96290,,57980,20201,
migrate_demo,client,4,12907313,96290,,55833,20201,
migrate_demo,client,4,12912542,96290,,55833,20201,
migrate_demo,client,4,12917759,96290,,55833,20201,
migrate_demo,client,4,12923034,96290,,55833,20201,
migrate_demo,client,4,12928204,96290,,55833,20201,
migrate_demo,client,4,12933407,96290,,55833,20201,
migrate_demo,client,4,12938598,96290,,55833,20201,
migrate_demo,client,4,12943759,96290,,55833,20201,
migrate_demo,client,4,12948988,96290,,55833,20201,
migrate_demo,client,4,12954250,96290,,55833,20201,
migrate_demo,client,4,12959472,96290,,53957,20201,
migrate_demo,client,4,12964664,96290,,53957,20201,
migrate_demo,client,4,12969778,96290,,53957,20201,
migrate_demo,client,4,12975112,96290,,53957,20201,
migrate_demo,client,4,12980315,96290,,53957,20201,
migrate_demo,client,4,12985565,96290,,53957,20201,
migrate_demo,client,4,12990814,96290,,53957,20201,
migrate_demo,client,4,12996013,96290,,53957,20201,
migrate_demo,client,4,13001238,96290,,53957,20201,
migrate_demo,client,4,13006401,96290,,53957,20201,
migrate_demo,client,4,13011646,96290,,53957,20201,
migrate_demo,client,4,13016911,96290,,53957,20201,
migrate_demo,client,4,13022169,96290,,53957,20201,
migrate_demo,client,4,13027418,96290,,53957,20201,
migrate_demo,client,4,13032725,96290,,53957,20201,
migrate_demo,client,4,13037983,96290,,52316,20201,
migrate_demo,client,4,13043151,96290,,52316,20201,
migrate_demo,client,4,13048333,96290,,52316,20201,
migrate_demo,client,4,13053559,96290,,52316,20201,
migrate_demo,client,4,13058760,96290,,52316,20201,
migrate_demo,client,4,13063979,96290,,50917,20201,
migrate_demo,client,4,13069226,96290,,50917,20201,
migrate_demo,client,4,13074411,96290,,50917,20201,
migrate_demo,client,4,13079608,96290,,50917,20201,
migrate_demo,client,4,13084836,96290,,50917,20201,
migrate_demo,client,4,13090105,96290,,50917,20201,
migrate_demo,client,4,13095307,96290,,50917,20201,
migrate_demo,client,4,13100446,96290,,50917,20201,
migrate_demo,client,4,13105664,96290,,50917,20201,
migrate_demo,client,4,13110910,96290,,50917,20201,
migrate_demo,client,4,13116101,96290,,49657,20201,
migrate_demo,client,4,13121391,96290,,49657,20201,
migrate_demo,client,4,13126568,96290,,49657,20201,
migrate_demo,client,4,13131751,96290,,49657,20201,
migrate_demo,client,4,13136905,96290,,49657,20201,
migrate_demo,client,4,13142140,96290,,49657,20201,
migrate_demo,client,4,13147299,96290,,49657,20201,
migrate_demo,client,4,13152413,96290,,49657,20201,
migrate_demo,client,4,13157634,96290,,49657,20201,
migrate_demo,client,4,13162851,96290,,49657,20201,
migrate_demo,client,4,13168098,96290,,49657,20201,
migrate_demo,client,4,13173323,96290,,49657,20201,
migrate_demo,client,4,13178549,96290,,49657,20201,
migrate_demo,client,4,13183763,96290,,49657,20201,
migrate_demo,client,4,13189026,96290,,49657,20201,
migrate_demo,client,4,13194269,96290,,49657,20201,
migrate_demo,client,4,13199387,96290,,49657,20201,
migrate_demo,client,4,13204542,96290,,49657,20201,
migrate_demo,client,4,13209770,96290,,49657,20201,
migrate_demo,client,4,13214944,96290,,49657,20201,
migrate_demo,client,4,13220071,96290,,48550,20201,
migrate_demo,client,4,13225267,96290,,48550,20201,
migrate_demo,client,4,13230428,96290,,48550,20201,
migrate_demo,client,4,13235672,96290,,48550,20201,
migrate_demo,client,4,13240923,96290,,48550,20201,
migrate_demo,client,4,13246121,96290,,48550,20201,
migrate_demo,client,4,13251312,96290,,48550,20201,
migrate_demo,client,4,13256602,96290,,48550,20201,
migrate_demo,client,4,13261801,96290,,48550,20201,
migrate_demo,client,4,13267000,96290,,48550,20201,
migrate_demo,client,4,13272162,96290,,47611,20201,
migrate_demo,client,4,13277332,96290,,47611,20201,
migrate_demo,client,4,13282574,96290,,47611,20201,
migrate_demo,client,4,13287777,96290,,47611,20201,
migrate_demo,client,4,13292948,96290,,47611,20201,
migrate_demo,client,4,13298160,96290,,46791,20201,
migrate_demo,client,4,13303376,96290,,46791,20201,
migrate_demo,client,4,13308570,96290,,46791,20201,
migrate_demo,client,4,13313765,96290,,46791,20201,
migrate_demo,client,4,13318978,96290,,46791,20201,
migrate_demo,client,4,13324241,96290,,46791,20201,
migrate_demo,client,4,13329499,96290,,46791,20201,
migrate_demo,client,4,13334756,96290,,46791,20201,
migrate_demo,client,4,13339921,96290,,46791,20201,
migrate_demo,client,4,13345126,96290,,46075,20201,
migrate_demo,client,4,13350365,96290,,46075,20201,
migrate_demo,client,4,13355580,96290,,46075,20201,
migrate_demo,client,4,13360813,96290,,46075,20201,
migrate_demo,client,4,13366118,96290,,46075,20201,
migrate_demo,client,4,13371358,96290,,45450,20201,
migrate_demo,client,4,13376558,96290,,45450,20201,
migrate_demo,client,4,13381776,96290,,45450,20201,
migrate_demo,client,4,13386960,96290,,45450,20201,
migrate_demo,client,4,13392133,96290,,46627,20201,
migrate_demo,client,4,13397355,96290,,46627,20201,
migrate_demo,client,4,13402609,96290,,46627,20201,
migrate_demo,client,4,13407800,96290,,46627,20201,
migrate_demo,client,4,13412956,96290,,46627,20201,
migrate_demo,client,4,13418122,96290,,46627,20201,
migrate_demo,client,4,13423331,96290,,46627,20201,
migrate_demo,client,4,13428518,96290,,46627,20201,
migrate_demo,client,4,13433741,96290,,45914,20201,
migrate_demo,client,4,13439000,96290,,45914,20201,
migrate_demo,client,4,13444212,96290,,45914,20201,
migrate_demo,client,4,13449437,96290,,45914,20201,
migrate_demo,client,4,13454663,96290,,45914,20201,
migrate_demo,client,4,13459968,96290,,45914,20201,
migrate_demo,client,4,13465167,96290,,45914,20201,
migrate_demo,client,4,13470364,96290,,45914,20201,
migrate_demo,client,4,13475577,96290,,45914,20201,
migrate_demo,client,4,13480794,96290,,45914,20201,
migrate_demo,client,4,13485956,96290,,45914,20201,
migrate_demo,client,4,13491244,96290,,45914,20201,
migrate_demo,client,4,13496394,96290,,45914,20201,
migrate_demo,client,4,13501558,96290,,45914,20201,
migrate_demo,client,4,13506735,96290,,45914,20201,
migrate_demo,client,4,13511920,96290,,45286,20201,
migrate_demo,client,4,13517124,96290,,45286,20201,
migrate_demo,client,4,13522382,96290,,45286,20201,
migrate_demo,client,4,13527608,96290,,45286,20201,
migrate_demo,client,4,13532817,96290,,45286,20201,
migrate_demo,client,4,13537964,96290,,45286,20201,
migrate_demo,client,4,13543148,96290,,45286,20201,
migrate_demo,client,4,13548327,96290,,45286,20201,
migrate_demo,client,4,13553598,96290,,45286,20201,
migrate_demo,client,4,13558756,96290,,45286,20201,
migrate_demo,client,4,13564025,96290,,45286,20201,
migrate_demo,client,4,13569258,96290,,45286,20201,
migrate_demo,client,4,13574632,96290,,45286,20201,
migrate_demo,client,4,13579874,96290,,45286,20201,
migrate_demo,client,4,13585105,96290,,45286,20201,
migrate_demo,client,4,13590327,96290,,44725,20201,
migrate_demo,client,4,13595549,96290,,44725,20201,
migrate_demo,client,4,13600927,96290,,44725,20201,
migrate_demo,client,4,13606158,96290,,44725,20201,
migrate_demo,client,4,13611381,96290,,44725,20201,
migrate_demo,client,4,13616581,96290,,44725,20201,
migrate_demo,client,4,13621917,96290,,44725,20201,
migrate_demo,client,4,13627156,96290,,44725,20201,
migrate_demo,client,4,13632501,96290,,44725,20201,
migrate_demo,client,4,13637776,96290,,44725,20201,
migrate_demo,client,4,13643017,96290,,44725,20201,
migrate_demo,client,4,13648226,96290,,44725,20201,
migrate_demo,client,4,13653372,96290,,44725,20201,
migrate_demo,client,4,13658601,96290,,44725,20201,
migrate_demo,client,4,13663860,96290,,44725,20201,
migrate_demo,client,4,13669123,96290,,44276,20201,
migrate_demo,client,4,13674343,96290,,44276,20201,
migrate_demo,client,4,13679527,96290,,44276,20201,
migrate_demo,client,4,13684801,96290,,44276,20201,
migrate_demo,client,4,13690027,96290,,44276,20201,
migrate_demo,client,4,13695199,96290,,44276,20201,
migrate_demo,client,4,13700315,96290,,44276,20201,
migrate_demo,client,4,13705585,96290,,44276,20201,
migrate_demo,client,4,13710808,96290,,44276,20201,
migrate_demo,client,4,13716087,96290,,44276,20201,
migrate_demo,client,4,13721315,96290,,44276,20201,
migrate_demo,client,4,13726562,96290,,44276,20201,
migrate_demo,client,4,13731768,96290,,44276,20201,
migrate_demo,client,4,13737016,96290,,44276,20201,
migrate_demo,client,4,13742243,96290,,44276,20201,
migrate_demo,client,4,13747439,96290,,43876,20201,
migrate_demo,client,4,13752694,96290,,43876,20201,
migrate_demo,client,4,13757868,96290,,43876,20201,
migrate_demo,client,4,13763096,96290,,43876,20201,
migrate_demo,client,4,13768263,96290,,43876,20201,
migrate_demo,client,4,13773512,96290,,43876,20201,
migrate_demo,client,4,13778676,96290,,43876,20201,
migrate_demo,client,4,13783920,96290,,43876,20201,
migrate_demo,client,4,13789183,96290,,43876,20201,
migrate_demo,client,4,13794350,96290,,43876,20201,
migrate_demo,client,4,13799584,96290,,43538,20201,
migrate_demo,client,4,13804726,96290,,43538,20201,
migrate_demo,client,4,13809925,96290,,43538,20201,
migrate_demo,client,4,13815149,96290,,43538,20201,
migrate_demo,client,4,13820302,96290,,43538,20201,
migrate_demo,client,4,13825430,96290,,43214,20201,
migrate_demo,client,4,13830578,96290,,43214,20201,
migrate_demo,client,4,13835771,96290,,43214,20201,
migrate_demo,client,4,13840937,96290,,43214,20201,
migrate_demo,client,4,13846134,96290,,43214,20201,
migrate_demo,client,4,13851328,96290,,42904,20201,
migrate_demo,client,4,13856579,96290,,42904,20201,
migrate_demo,client,4,13861756,96290,,42904,20201,
migrate_demo,client,4,13867025,96290,,42904,20201,
migrate_demo,client,4,13872199,96290,,42904,20201,
migrate_demo,client,4,13877465,96290,,42642,20201,
migrate_demo,client,4,13882748,96290,,42642,20201,
migrate_demo,client,4,13888119,96290,,42642,20201,
migrate_demo,client,4,13893397,96290,,42642,20201,
migrate_demo,client,4,13898723,96290,,42642,20201,
migrate_demo,client,4,13904028,96290,,42427,20201,
migrate_demo,client,4,13909267,96290,,42427,20201,
migrate_demo,client,4,13914437,96290,,42427,20201,
migrate_demo,client,4,13919761,96290,,42427,20201,
migrate_demo,client,4,13925030,96290,,42427,20201,
migrate_demo,client,4,13930269,96290,,42228,20201,
migrate_demo,client,4,13935606,96290,,42228,20201,
migrate_demo,client,4,13940844,96290,,42228,20201,
migrate_demo,client,4,13946197,96290,,42228,20201,
migrate_demo,client,4,13951461,96290,,42228,20201,
migrate_demo,client,4,13956754,96290,,42049,20201,
migrate_demo,client,4,13962040,96290,,42049,20201,
migrate_demo,client,4,13967252,96290,,42049,20201,
migrate_demo,client,4,13972495,96290,,42049,20201,
migrate_demo,client,4,13977772,96290,,42049,20201,
migrate_demo,client,4,13982989,96290,,41929,20201,
migrate_demo,client,4,13988225,96290,,41929,20201,
migrate_demo,client,4,13993356,96290,,41929,20201,
migrate_demo,client,4,13998598,96290,,41929,20201,
migrate_demo,client,4,14003930,96290,,41929,20201,
migrate_demo,client,4,14009198,96290,,41800,20201,
migrate_demo,client,4,14014380,96290,,41800,20201,
migrate_demo,client,4,14019594,96290,,41800,20201,
migrate_demo,client,4,14024893,96290,,41800,20201,
migrate_demo,client,4,14030192,96290,,41691,20201,
migrate_demo,client,4,14035408,96290,,41691,20201,
migrate_demo,client,4,14040779,96290,,41691,20201,
migrate_demo,client,4,14046092,96290,,41691,20201,
migrate_demo,client,4,14051324,96290,,41691,20201,
migrate_demo,client,4,14056681,96290,,41590,20201,
migrate_demo,client,4,14061982,96290,,41590,20201,
migrate_demo,client,4,14067229,96290,,41590,20201,
migrate_demo,client,4,14072488,96290,,41590,20201,
migrate_demo,client,4,14077785,96290,,41590,20201,
migrate_demo,client,4,14083045,96290,,41492,20201,
migrate_demo,client,4,14088355,96290,,41492,20201,
migrate_demo,client,4,14093618,96290,,41492,20201,
migrate_demo,client,4,14098943,96290,,41492,20201,
migrate_demo,client,4,14104184,96290,,41492,20201,
migrate_demo,client,4,14109521,96290,,41412,20201,
migrate_demo,client,4,14114779,96290,,41412,20201,
migrate_demo,client,4,14120146,96290,,41412,20201,
migrate_demo,client,4,14125466,96290,,41412,20201,
migrate_demo,client,4,14130730,96290,,41340,20201,
migrate_demo,client,4,14136025,96290,,41340,20201,
migrate_demo,client,4,14141261,96290,,41340,20201,
migrate_demo,client,4,14146561,96290,,41340,20201,
migrate_demo,client,4,14151795,96290,,41340,20201,
migrate_demo,client,4,14156993,96290,,41293,20201,
migrate_demo,client,4,14162275,96290,,41293,20201,
migrate_demo,client,4,14167528,96290,,41293,20201,
migrate_demo,client,4,14172877,96290,,41293,20201,
migrate_demo,client,4,14178204,96290,,41293,20201,
migrate_demo,client,4,14183464,96290,,41238,20201,
migrate_demo,client,4,14188738,96290,,41238,20201,
migrate_demo,client,4,14193989,96290,,41238,20201,
migrate_demo,client,4,14199338,96290,,41238,20201,
migrate_demo,client,4,14204561,96290,,41191,20201,
migrate_demo,client,4,14209817,96290,,41191,20201,
migrate_demo,client,4,14215051,96290,,41191,20201,
migrate_demo,client,4,14220342,96290,,41191,20201,
migrate_demo,client,4,14225659,96290,,41191,20201,
migrate_demo,client,4,14230972,96290,,41154,20201,
migrate_demo,client,4,14236355,96290,,41154,20201,
migrate_demo,client,4,14241594,96290,,41154,20201,
migrate_demo,client,4,14246856,96290,,41154,20201,
migrate_demo,client,4,14252196,96290,,41154,20201,
migrate_demo,client,4,14257438,96290,,41184,20201,
migrate_demo,client,4,14262649,96290,,41184,20201,
migrate_demo,client,4,14267869,96290,,41184,20201,
migrate_demo,client,4,14273128,96290,,41184,20201,
migrate_demo,client,4,14278367,96290,,41122,20201,
migrate_demo,client,4,14283542,96290,,41122,20201,
migrate_demo,client,4,14288828,96290,,41122,20201,
migrate_demo,client,4,14294124,96290,,41122,20201,
migrate_demo,client,4,14299326,96290,,41122,20201,
migrate_demo,client,4,14304593,96290,,41088,20201,
migrate_demo,client,4,14309810,96290,,41088,20201,
migrate_demo,client,4,14315032,96290,,41088,20201,
migrate_demo,client,4,14320292,96290,,41088,20201,
migrate_demo,client,4,14325510,96290,,41095,20201,
migrate_demo,client,4,14330722,96290,,41095,20201,
migrate_demo,client,4,14336067,96290,,41095,20201,
migrate_demo,client,4,14341307,96290,,41095,20201,
migrate_demo,client,4,14346520,96290,,41095,20201,
migrate_demo,client,4,14351710,96290,,41061,20201,
migrate_demo,client,4,14356939,96290,,41061,20201,
migrate_demo,client,4,14362229,96290,,41061,20201,
migrate_demo,client,4,14367469,96290,,41061,20201,
migrate_demo,client,4,14372677,96290,,41061,20201,
migrate_demo,client,4,14377938,96290,,41027,20201,
migrate_demo,client,4,14383276,96290,,41027,20201,
migrate_demo,client,4,14388526,96290,,41027,20201,
migrate_demo,client,4,14393724,96290,,41027,20201,
migrate_demo,client,4,14398923,96290,,42416,20201,
migrate_demo,client,4,14404145,96290,,42416,20201,
migrate_demo,client,4,14409396,96290,,42221,20201,
migrate_demo,client,4,14414619,96290,,42221,20201,
migrate_demo,client,4,14420050,96290,,42221,20201,
migrate_demo,client,4,14425304,96290,,42221,20201,
migrate_demo,client,4,14430542,96290,,42221,20201,
migrate_demo,client,4,14435764,96290,,42050,20201,
migrate_demo,client,4,14441147,96290,,42050,20201,
migrate_demo,client,4,14446399,96290,,42050,20201,
migrate_demo,client,4,14451631,96290,,42050,20201,
migrate_demo,client,4,14456822,96290,,41916,20201,
migrate_demo,client,4,14462168,96290,,41916,20201,
migrate_demo,client,4,14467455,96290,,41916,20201,
migrate_demo,client,4,14472801,96290,,41916,20201,
migrate_demo,client,4,14478035,96290,,41916,20201,
migrate_demo,client,4,14483356,96290,,41779,20201,
migrate_demo,client,4,14488601,96290,,41779,20201,
migrate_demo,client,4,14493916,96290,,41779,20201,
migrate_demo,client,4,14499163,96290,,41779,20201,
migrate_demo,client,4,14504331,96290,,41669,20201,
migrate_demo,client,4,14509593,96290,,41669,20201,
migrate_demo,client,4,14514853,96290,,41669,20201,
migrate_demo,client,4,14520009,96290,,41669,20201,
migrate_demo,client,4,14525282,96290,,41669,20201,
migrate_demo,client,4,14530582,96290,,41549,20201,
migrate_demo,client,4,14535858,96290,,41549,20201,
migrate_demo,client,4,14541188,96290,,41549,20201,
migrate_demo,client,4,14546445,96290,,41549,20201,
migrate_demo,client,4,14551667,96290,,41459,20201,
migrate_demo,client,4,14556943,96290,,41459,20201,
migrate_demo,client,4,14562171,96290,,41459,20201,
migrate_demo,client,4,14567444,96290,,41459,20201,
migrate_demo,client,4,14572736,96290,,41401,20201,
migrate_demo,client,4,14578016,96290,,41401,20201,
migrate_demo,client,4,14583235,96290,,41401,20201,
migrate_demo,client,4,14588504,96290,,41401,20201,
migrate_demo,client,4,14593873,96290,,41401,20201,
migrate_demo,client,4,14599196,96290,,41325,20201,
migrate_demo,client,4,14604507,96290,,41325,20201,
migrate_demo,client,4,14609706,96290,,41325,20201,
migrate_demo,client,4,14614986,96290,,41325,20201,
migrate_demo,client,4,14620178,96290,,41250,20201,
migrate_demo,client,4,14625415,96290,,41250,20201,
migrate_demo,client,4,14630689,96290,,41250,20201,
migrate_demo,client,4,14635961,96290,,41250,20201,
migrate_demo,client,4,14641225,96290,,41195,20201,
migrate_demo,client,4,14646485,96290,,41195,20201,
migrate_demo,client,4,14651760,96290,,41195,20201,
migrate_demo,client,4,14657047,96290,,41195,20201,
migrate_demo,client,4,14662320,96290,,41195,20201,
migrate_demo,client,4,14667552,96290,,41137,20201,
migrate_demo,client,4,14672823,96290,,41137,20201,
migrate_demo,client,4,14678037,96290,,41137,20201,
migrate_demo,client,4,14683236,96290,,41137,20201,
migrate_demo,client,4,14688460,96290,,41101,20201,
migrate_demo,client,4,14693654,96290,,41101,20201,
migrate_demo,client,4,14698899,96290,,41101,20201,
migrate_demo,client,4,14704215,96290,,41101,20201,
migrate_demo,client,4,14709428,96290,,41074,20201,
migrate_demo,client,4,14714701,96290,,41074,20201,
migrate_demo,client,4,14719958,96290,,41074,20201,
migrate_demo,client,4,14725164,96290,,41074,20201,
migrate_demo,client,4,14730385,96290,,41074,20201,
migrate_demo,client,4,14735607,96290,,41048,20201,
migrate_demo,client,4,14740847,96290,,41048,20201,
migrate_demo,client,4,14746118,96290,,41048,20201,
migrate_demo,client,4,14751382,96290,,41048,20201,
migrate_demo,client,4,14756629,96290,,41040,20201,
migrate_demo,client,4,14761870,96290,,41040,20201,
migrate_demo,client,4,14767118,96290,,41040,20201,
migrate_demo,client,4,14772357,96290,,41040,20201,
migrate_demo,client,4,14777616,96290,,41040,20201,
migrate_demo,client,4,14782840,96290,,41069,20201,
migrate_demo,client,4,14788082,96290,,41069,20201,
migrate_demo,client,4,14793333,96290,,41069,20201,
migrate_demo,client,4,14798573,96290,,41069,20201,
migrate_demo,client,4,14803791,96290,,41101,20201,
migrate_demo,client,4,14809061,96290,,41101,20201,
migrate_demo,client,4,14814357,96290,,41101,20201,
migrate_demo,client,4,14819589,96290,,41101,20201,
migrate_demo,client,4,14824798,96290,,41132,20201,
migrate_demo,client,4,14830100,96290,,41132,20201,
migrate_demo,client,4,14835413,96290,,41132,20201,
migrate_demo,client,4,14840699,96290,,41132,20201,
migrate_demo,client,4,14845945,96290,,41132,20201,
migrate_demo,client,4,14851146,96290,,41224,20201,
migrate_demo,client,4,14856390,96290,,41224,20201,
migrate_demo,client,4,14861604,96290,,41224,20201,
migrate_demo,client,4,14866868,96290,,41224,20201,
migrate_demo,client,4,14872147,96290,,41300,20201,
migrate_demo,client,4,14877397,96290,,41300,20201,
migrate_demo,client,4,14882651,96290,,41300,20201,
migrate_demo,client,4,14887980,96290,,41300,20201,
migrate_demo,client,4,14893209,96290,,41433,20201,
migrate_demo,client,4,14898498,96290,,41433,20201,
migrate_demo,client,4,14903766,96290,,41433,20201,
migrate_demo,client,4,14909108,96290,,41433,20201,
migrate_demo,client,4,14914357,96290,,41433,20201,
migrate_demo,client,4,14919631,96290,,41545,20201,
migrate_demo,client,4,14924909,96290,,41545,20201,
migrate_demo,client,4,14930270,96290,,41545,20201,
migrate_demo,client,4,14935464,96290,,41545,20201,
migrate_demo,client,4,14940709,96290,,41646,20201,
migrate_demo,client,4,14945973,96290,,41646,20201,
migrate_demo,client,4,14951237,96290,,41646,20201,
migrate_demo,client,4,14956528,96290,,41646,20201,
migrate_demo,client,4,14961765,96290,,41793,20201,
migrate_demo,client,4,14966988,96290,,41793,20201,
migrate_demo,client,4,14972309,96290,,41793,20201,
migrate_demo,client,4,14977609,96290,,41793,20201,
migrate_demo,client,4,14982826,96290,,41793,20201,
migrate_demo,client,4,14988038,96290,,41994,20201,
migrate_demo,client,4,14993302,96290,,41994,20201,
migrate_demo,client,4,14998561,96290,,41994,20201,
migrate_demo,client,4,15003816,96290,,41994,20201,
migrate_demo,client,4,15009002,96290,,42179,20201,
migrate_demo,client,4,15014309,96290,,42179,20201,
migrate_demo,client,4,15019563,96290,,42179,20201,
migrate_demo,client,4,15024844,96290,,42179,20201,
migrate_demo,client,4,15030150,96290,,42325,20201,
migrate_demo,client,4,15035385,96290,,42325,20201,
migrate_demo,client,4,15040640,96290,,42325,20201,
migrate_demo,client,4,15045966,96290,,42325,20201,
migrate_demo,client,4,15051223,96290,,42325,20201,
migrate_demo,client,4,15056443,96290,,42440,20201,
migrate_demo,client,4,15061739,96290,,42440,20201,
migrate_demo,client,4,15067087,96290,,42440,20201,
migrate_demo,client,4,15072372,96290,,42440,20201,
migrate_demo,client,4,15077667,96290,,42563,20201,
migrate_demo,client,4,15082917,96290,,42563,20201,
migrate_demo,client,4,15088139,96290,,42563,20201,
migrate_demo,client,4,15093446,96290,,42563,20201,
migrate_demo,client,4,15098698,96290,,42656,20201,
migrate_demo,client,4,15103924,96290,,42656,20201,
migrate_demo,client,4,15109140,96290,,42656,20201,
migrate_demo,client,4,15114331,96290,,42656,20201,
migrate_demo,client,4,15119566,96290,,42656,20201,
migrate_demo,client,4,15124743,96290,,42746,20201,
migrate_demo,client,4,15130045,96290,,42746,20201,
migrate_demo,client,4,15135287,96290,,42746,20201,
migrate_demo,client,4,15140550,96290,,42746,20201,
migrate_demo,client,4,15145852,96290,,42825,20201,
migrate_demo,client,4,15151085,96290,,42825,20201,
migrate_demo,client,4,15156306,96290,,42825,20201,
migrate_demo,client,4,15161578,96290,,42825,20201,
migrate_demo,client,4,15166816,96290,,42856,20201,
migrate_demo,client,4,15172125,96290,,42856,20201,
migrate_demo,client,4,15177418,96290,,42856,20201,
migrate_demo,client,4,15182711,96290,,42856,20201,
migrate_demo,client,4,15187983,96290,,42856,20201,
migrate_demo,client,4,15193267,96290,,42896,20201,
migrate_demo,client,4,15198558,96290,,42896,20201,
migrate_demo,client,4,15203879,96290,,42896,20201,
migrate_demo,client,4,15209228,96290,,42896,20201,
migrate_demo,client,4,15214424,96290,,42955,20201,
migrate_demo,client,4,15219650,96290,,42955,20201,
migrate_demo,client,4,15224978,96290,,42955,20201,
migrate_demo,client,4,15230218,96290,,42955,20201,
migrate_demo,client,4,15235414,96290,,43007,20201,
migrate_demo,client,4,15240714,96290,,43007,20201,
migrate_demo,client,4,15245931,96290,,43007,20201,
migrate_demo,client,4,15251206,96290,,43007,20201,
migrate_demo,client,4,15256466,96290,,43007,20201,
migrate_demo,client,4,15261677,96290,,43682,20201,
migrate_demo,client,4,15266922,96290,,43682,20201,
migrate_demo,client,4,15272263,96290,,43682,20201,
migrate_demo,client,4,15277446,96290,,43633,20201,
migrate_demo,client,4,15282684,96290,,43633,20201,
migrate_demo,client,4,15288049,96290,,43633,20201,
migrate_demo,client,4,15293356,96290,,43633,20201,
migrate_demo,client,4,15298631,96290,,45430,20201,
migrate_demo,client,4,15303836,96290,,45430,20201,
migrate_demo,client,4,15309017,96290,,45234,20201,
migrate_demo,client,4,15314238,96290,,45234,20201,
migrate_demo,client,4,15319428,96290,,45234,20201,
migrate_demo,client,4,15324652,96290,,45234,20201,
migrate_demo,client,4,15329890,96290,,45061,20201,
migrate_demo,client,4,15335126,96290,,45061,20201,
migrate_demo,client,4,15340433,96290,,45061,20201,
migrate_demo,client,4,15345761,96290,,45061,20201,
migrate_demo,client,4,15351020,96290,,45061,20201,
migrate_demo,client,4,15356338,96290,,44917,20201,
migrate_demo,client,4,15361628,96290,,44917,20201,
migrate_demo,client,4,15366885,96290,,44917,20201,
migrate_demo,client,4,15372135,96290,,44917,20201,
migrate_demo,client,4,15377483,96290,,44748,20201,
migrate_demo,client,4,15382837,96290,,44748,20201,
migrate_demo,client,4,15388166,96290,,44748,20201,
migrate_demo,client,4,15393454,96290,,44748,20201,
migrate_demo,client,4,15398695,96290,,44636,20201,
migrate_demo,client,4,15403951,96290,,44636,20201,
migrate_demo,client,4,15409240,96290,,44636,20201,
migrate_demo,client,4,15414492,96290,,44636,20201,
migrate_demo,client,4,15419741,96290,,44636,20201,
migrate_demo,client,4,15424969,96290,,44604,20201,
migrate_demo,client,4,15430307,96290,,44604,20201,
migrate_demo,client,4,15435599,96290,,44604,20201,
migrate_demo,client,4,15440786,96290,,44604,20201,
migrate_demo,client,4,15445978,96290,,44567,20201,
migrate_demo,client,4,15451261,96290,,44567,20201,
migrate_demo,client,4,15456531,96290,,44567,20201,
migrate_demo,client,4,15461852,96290,,44567,20201,
migrate_demo,client,4,15467129,96290,,44548,20201,
migrate_demo,client,4,15472429,96290,,44548,20201,
migrate_demo,client,4,15477690,96290,,44548,20201,
migrate_demo,client,4,15482906,96290,,44548,20201,
migrate_demo,client,4,15488193,96290,,44548,20201,
migrate_demo,client,4,15493398,96290,,44526,20201,
migrate_demo,client,4,15498697,96290,,44526,20201,
migrate_demo,client,4,15503982,96290,,44526,20201,
migrate_demo,client,4,15509227,96290,,44526,20201,
migrate_demo,client,4,15514404,96290,,44475,20201,
migrate_demo,client,4,15519668,96290,,44475,20201,
migrate_demo,client,4,15524904,96290,,44475,20201,
migrate_demo,client,4,15530149,96290,,44475,20201,
migrate_demo,client,4,15535398,96290,,44524,20201,
migrate_demo,client,4,15540615,96290,,44524,20201,
migrate_demo,client,4,15545883,96290,,44524,20201,
migrate_demo,client,4,15551162,96290,,44524,20201,
migrate_demo,client,4,15556433,96290,,44524,20201,
migrate_demo,client,4,15561639,96290,,44561,20201,
migrate_demo,client,4,15566936,96290,,44561,20201,
migrate_demo,client,4,15572231,96290,,44561,20201,
migrate_demo,client,4,15577466,96290,,44561,20201,
migrate_demo,client,4,15582669,96290,,44570,20201,
migrate_demo,client,4,15587983,96290,,44570,20201,
migrate_demo,client,4,15593304,96290,,44570,20201,
migrate_demo,client,4,15598636,96290,,44570,20201,
migrate_demo,client,4,15603927,96290,,44609,20201,
migrate_demo,client,4,15609214,96290,,44609,20201,
migrate_demo,client,4,15614462,96290,,44609,20201,
migrate_demo,client,4,15619697,96290,,44609,20201,
migrate_demo,client,4,15624872,96290,,44609,20201,
migrate_demo,client,4,15630046,96290,,44711,20201,
migrate_demo,client,4,15635256,96290,,44711,20201,
migrate_demo,client,4,15640501,96290,,44711,20201,
migrate_demo,client,4,15645720,96290,,44711,20201,
migrate_demo,client,4,15650889,96290,,44771,20201,
migrate_demo,client,4,15656203,96290,,44771,20201,
migrate_demo,client,4,15661461,96290,,44771,20201,
migrate_demo,client,4,15666714,96290,,44771,20201,
migrate_demo,client,4,15671991,96290,,44841,20201,
migrate_demo,client,4,15677327,96290,,44841,20201,
migrate_demo,client,4,15682554,96290,,44841,20201,
migrate_demo,client,4,15687831,96290,,44841,20201,
migrate_demo,client,4,15693032,96290,,44841,20201,
migrate_demo,client,4,15698219,96290,,44898,20201,
migrate_demo,client,4,15703508,96290,,44898,20201,
migrate_demo,client,4,15708698,96290,,44898,20201,
migrate_demo,client,4,15713919,96290,,44898,20201,
migrate_demo,client,4,15719154,96290,,45026,20201,
migrate_demo,client,4,15724384,96290,,45026,20201,
migrate_demo,client,4,15729631,96290,,45026,20201,
migrate_demo,client,4,15734858,96290,,45026,20201,
migrate_demo,client,4,15740015,96290,,45108,20201,
migrate_demo,client,4,15745297,96290,,45108,20201,
migrate_demo,client,4,15750604,96290,,45108,20201,
migrate_demo,client,4,15755867,96290,,45108,20201,
migrate_demo,client,4,15761173,96290,,45108,20201,
migrate_demo,client,4,15766420,96290,,45205,20201,
migrate_demo,client,4,15771715,96290,,45205,20201,
migrate_demo,client,4,15777023,96290,,45205,20201,
migrate_demo,client,4,15782328,96290,,45205,20201,
migrate_demo,client,4,15787508,96290,,45353,20201,
migrate_demo,client,4,15792758,96290,,45353,20201,
migrate_demo,client,4,15798012,96290,,45353,20201,
migrate_demo,client,4,15803258,96290,,45353,20201,
migrate_demo,client,4,15808518,96290,,45353,20201,
migrate_demo,client,4,15813807,96290,,45489,20201,
migrate_demo,client,4,15819047,96290,,45489,20201,
migrate_demo,client,4,15824252,96290,,45489,20201,
migrate_demo,client,4,15829483,96290,,45489,20201,
migrate_demo,client,4,15834743,96290,,45598,20201,
migrate_demo,client,4,15840032,96290,,45598,20201,
migrate_demo,client,4,15845263,96290,,45598,20201,
migrate_demo,client,4,15850567,96290,,45598,20201,
migrate_demo,client,4,15855782,96290,,45761,20201,
migrate_demo,client,4,15861028,96290,,45761,20201,
migrate_demo,client,4,15866263,96290,,45761,20201,
migrate_demo,client,4,15871540,96290,,45761,20201,
migrate_demo,client,4,15876825,96290,,45761,20201,
migrate_demo,client,4,15882087,96290,,45905,20201,
migrate_demo,client,4,15887416,96290,,45905,20201,
migrate_demo,client,4,15892837,96290,,45905,20201,
migrate_demo,client,4,15898141,96290,,45905,20201,
migrate_demo,client,4,15903404,96290,,46028,20201,
migrate_demo,client,4,15908651,96290,,46028,20201,
migrate_demo,client,4,15913906,96290,,46028,20201,
migrate_demo,client,4,15919160,96290,,46028,20201,
migrate_demo,client,4,15924382,96290,,46202,20201,
migrate_demo,client,4,15929583,96290,,46202,20201,
migrate_demo,client,4,15934814,96290,,46202,20201,
migrate_demo,client,4,15940039,96290,,46202,20201,
migrate_demo,client,4,15945305,96290,,46202,20201,
migrate_demo,client,4,15950503,96290,,46348,20201,
migrate_demo,client,4,15955718,96290,,46348,20201,
migrate_demo,client,4,15961033,96290,,46348,20201,
migrate_demo,client,4,15966364,96290,,46348,20201,
migrate_demo,client,4,15971566,96290,,46543,20201,
migrate_demo,client,4,15976761,96290,,46543,20201,
migrate_demo,client,4,15981967,96290,,46543,20201,
migrate_demo,client,4,15987162,96290,,46543,20201,
migrate_demo,client,4,15992360,96290,,46717,20201,
migrate_demo,client,4,15997568,96290,,46717,20201,
migrate_demo,client,4,16002896,96290,,46717,20201,
migrate_demo,client,4,16008059,96290,,46717,20201,
migrate_demo,client,4,16013304,96290,,46717,20201,
migrate_demo,client,4,16018504,96290,,46832,20201,
migrate_demo,client,4,16023795,96290,,46832,20201,
migrate_demo,client,4,16029032,96290,,46832,20201,
migrate_demo,client,4,16034338,96290,,46832,20201,
migrate_demo,client,4,16039527,96290,,47036,20201,
migrate_demo,client,4,16044753,96290,,47036,20201,
migrate_demo,client,4,16050030,96290,,47036,20201,
migrate_demo,client,4,16055277,96290,,47036,20201,
migrate_demo,client,4,16060513,96290,,47036,20201,
migrate_demo,client,4,16065767,96290,,47208,20201,
migrate_demo,client,4,16071136,96290,,47208,20201,
migrate_demo,client,4,16076394,96290,,47208,20201,
migrate_demo,client,4,16081678,96290,,47208,20201,
migrate_demo,client,4,16086949,96290,,47420,20201,
migrate_demo,client,4,16092309,96290,,47420,20201,
migrate_demo,client,4,16097557,96290,,47420,20201,
migrate_demo,client,4,16102797,96290,,47420,20201,
migrate_demo,client,4,16107939,96290,,47611,20201,
migrate_demo,client,4,16113249,96290,,47611,20201,
migrate_demo,client,4,16118557,96290,,47611,20201,
migrate_demo,client,4,16123879,96290,,47611,20201,
migrate_demo,client,4,16129173,96290,,47611,20201,
migrate_demo,client,4,16134423,96290,,47834,20201,
migrate_demo,client,4,16139641,96290,,47834,20201,
migrate_demo,client,4,16144892,96290,,47834,20201,
migrate_demo,client,4,16150127,96290,,47834,20201,
migrate_demo,client,4,16155322,96290,,48034,20201,
migrate_demo,client,4,16160579,96290,,48034,20201,
migrate_demo,client,4,16165928,96290,,48034,20201,
migrate_demo,client,4,16171143,96290,,48034,20201,
migrate_demo,client,4,16176387,96290,,48204,20201,
migrate_demo,client,4,16181635,96290,,48204,20201,
migrate_demo,client,4,16186902,96290,,48204,20201,
migrate_demo,client,4,16192142,96290,,48204,20201,
migrate_demo,client,4,16197356,96290,,48204,20201,
migrate_demo,client,4,16202613,96290,,50690,20201,
migrate_demo,client,4,16207909,96290,,50690,20201,
migrate_demo,client,4,16213170,96290,,50690,20201,
migrate_demo,client,4,16218371,96290,,50690,20201,
migrate_demo,client,4,16223679,96290,,50690,20201,
migrate_demo,client,4,16228907,96290,,50672,20201,
migrate_demo,client,4,16234214,96290,,50672,20201,
migrate_demo,client,4,16239444,96290,,50672,20201,
migrate_demo,client,4,16244627,96290,,50672,20201,
migrate_demo,client,4,16249827,96290,,50653,20201,
migrate_demo,client,4,16255191,96290,,50653,20201,
migrate_demo,client,4,16260495,96290,,50653,20201,
migrate_demo,client,4,16265770,96290,,50653,20201,
migrate_demo,client,4,16271020,96290,,50653,20201,
migrate_demo,client,4,16276250,96290,,50705,20201,
migrate_demo,client,4,16281621,96290,,50705,20201,
migrate_demo,client,4,16286889,96290,,50705,20201,
migrate_demo,client,4,16292091,96290,,50705,20201,
migrate_demo,client,4,16297333,96290,,50692,20201,
migrate_demo,client,4,16302598,96290,,50692,20201,
migrate_demo,client,4,16307917,96290,,50692,20201,
migrate_demo,client,4,16313156,96290,,50692,20201,
migrate_demo,client,4,16318364,96290,,50746,20201,
migrate_demo,client,4,16323613,96290,,50746,20201,
migrate_demo,client,4,16328875,96290,,50746,20201,
migrate_demo,client,4,16334096,96290,,50746,20201,
migrate_demo,client,4,16339287,96290,,50746,20201,
migrate_demo,client,4,16344593,96290,,50830,20201,
migrate_demo,client,4,16349874,96290,,50830,20201,
migrate_demo,client,4,16355172,96290,,50830,20201,
migrate_demo,client,4,16360388,96290,,50830,20201,
migrate_demo,client,4,16365694,96290,,50967,20201,
migrate_demo,client,4,16370912,96290,,50967,20201,
migrate_demo,client,4,16376187,96290,,50967,20201,
migrate_demo,client,4,16381443,96290,,50967,20201,
migrate_demo,client,4,16386651,96290,,51050,20201,
migrate_demo,client,4,16391895,96290,,51050,20201,
migrate_demo,client,4,16397112,96290,,51050,20201,
migrate_demo,client,4,16402346,96290,,51050,20201,
migrate_demo,client,4,16407588,96290,,51050,20201,
migrate_demo,client,4,16412856,96290,,51246,20201,
migrate_demo,client,4,16418221,96290,,51246,20201,
migrate_demo,client,4,16423479,96290,,51246,20201,
migrate_demo,client,4,16428728,96290,,51246,20201,
migrate_demo,client,4,16433967,96290,,51398,20201,
migrate_demo,client,4,16439289,96290,,51398,20201,
migrate_demo,client,4,16444638,96290,,51398,20201,
migrate_demo,client,4,16449968,96290,,51398,20201,
migrate_demo,client,4,16455272,96290,,51602,20201,
migrate_demo,client,4,16460642,96290,,51602,20201,
migrate_demo,client,4,16466026,96290,,51602,20201,
migrate_demo,client,4,16471283,96290,,51602,20201,
migrate_demo,client,4,16476549,96290,,51602,20201,
migrate_demo,client,4,16481779,96290,,51773,20201,
migrate_demo,client,4,16487055,96290,,51773,20201,
migrate_demo,client,4,16492305,96290,,51773,20201,
migrate_demo,client,4,16497572,96290,,51773,20201,
migrate_demo,client,4,16502865,96290,,51984,20201,
migrate_demo,client,4,16508228,96290,,51984,20201,
migrate_demo,client,4,16513496,96290,,51984,20201,
migrate_demo,client,4,16518720,96290,,51984,20201,
migrate_demo,client,4,16524080,96290,,52174,20201,
migrate_demo,client,4,16529386,96290,,52174,20201,
migrate_demo,client,4,16534731,96290,,52174,20201,
migrate_demo,client,4,16540018,96290,,52174,20201,
migrate_demo,client,4,16545301,96290,,52174,20201,
migrate_demo,client,4,16550593,96290,,52404,20201,
migrate_demo,client,4,16555869,96290,,52404,20201,
migrate_demo,client,4,16561177,96290,,52404,20201,
migrate_demo,client,4,16566423,96290,,52404,20201,
migrate_demo,client,4,16571714,96290,,52590,20201,
migrate_demo,client,4,16576986,96290,,52590,20201,
migrate_demo,client,4,16582292,96290,,52590,20201,
migrate_demo,client,4,16587632,96290,,52590,20201,
migrate_demo,client,4,16592897,96290,,52830,20201,
migrate_demo,client,4,16598176,96290,,52830,20201,
migrate_demo,client,4,16603381,96290,,52830,20201,
migrate_demo,client,4,16608606,96290,,52830,20201,
migrate_demo,client,4,16613800,96290,,52830,20201,
migrate_demo,client,4,16618982,96290,,53027,20201,
migrate_demo,client,4,16624200,96290,,53027,20201,
migrate_demo,client,4,16629452,96290,,53027,20201,
migrate_demo,client,4,16634704,96290,,53027,20201,
migrate_demo,client,4,16639886,96290,,53298,20201,
migrate_demo,client,4,16645127,96290,,53298,20201,
migrate_demo,client,4,16650367,96290,,53298,20201,
migrate_demo,client,4,16655590,96290,,53298,20201,
migrate_demo,client,4,16660832,96290,,53298,20201,
migrate_demo,client,4,16666061,96290,,53491,20201,
migrate_demo,client,4,16671345,96290,,53491,20201,
migrate_demo,client,4,16676637,96290,,53491,20201,
migrate_demo,client,4,16681879,96290,,53491,20201,
migrate_demo,client,4,16687122,96290,,53732,20201,
migrate_demo,client,4,16692469,96290,,53732,20201,
migrate_demo,client,4,16697632,96290,,53732,20201,
migrate_demo,client,4,16702911,96290,,53732,20201,
migrate_demo,client,4,16708169,96290,,53948,20201,
migrate_demo,client,4,16713439,96290,,53948,20201,
migrate_demo,client,4,16718792,96290,,53948,20201,
migrate_demo,client,4,16724043,96290,,53948,20201,
migrate_demo,client,4,16729291,96290,,53948,20201,
migrate_demo,client,4,16734516,96290,,54198,20201,
migrate_demo,client,4,16739736,96290,,54198,20201,
migrate_demo,client,4,16744952,96290,,54198,20201,
migrate_demo,client,4,16750214,96290,,54198,20201,
migrate_demo,client,4,16755383,96290,,54420,20201,
migrate_demo,client,4,16760621,96290,,54420,20201,
migrate_demo,client,4,16765909,96290,,54420,20201,
migrate_demo,client,4,16771158,96290,,54420,20201,
migrate_demo,client,4,16776453,96290,,54686,20201,
migrate_demo,client,4,16781702,96290,,54686,20201,
migrate_demo,client,4,16786941,96290,,54686,20201,
migrate_demo,client,4,16792204,96290,,54686,20201,
migrate_demo,client,4,16797480,96290,,54686,20201,
migrate_demo,client,4,16802714,96290,,54916,20201,
migrate_demo,client,4,16808056,96290,,54916,20201,
migrate_demo,client,4,16813236,96290,,54916,20201,
migrate_demo,client,4,16818440,96290,,54916,20201,
migrate_demo,client,4,16823646,96290,,55140,20201,
migrate_demo,client,4,16828895,96290,,55140,20201,
migrate_demo,client,4,16834117,96290,,55140,20201,
migrate_demo,client,4,16839449,96290,,55140,20201,
migrate_demo,client,4,16844818,96290,,55140,20201,
migrate_demo,client,4,16850160,96290,,55329,20201,
migrate_demo,client,4,16855546,96290,,55329,20201,
migrate_demo,client,4,16860797,96290,,55329,20201,
migrate_demo,client,4,16866005,96290,,55329,20201,
migrate_demo,client,4,16871294,96290,,55598,20201,
migrate_demo,client,4,16876551,96290,,55598,20201,
migrate_demo,client,4,16881873,96290,,55598,20201,
migrate_demo,client,4,16887104,96290,,55598,20201,
migrate_demo,client,4,16892295,96290,,55840,20201,
migrate_demo,client,4,16897580,96290,,55840,20201,
migrate_demo,client,4,16902846,96290,,55840,20201,
migrate_demo,client,4,16908166,96290,,55840,20201,
migrate_demo,client,4,16913416,96290,,55840,20201,
migrate_demo,client,4,16918649,96290,,56128,20201,
migrate_demo,client,4,16923859,96290,,56128,20201,
migrate_demo,client,4,16929181,96290,,56128,20201,
migrate_demo,client,4,16934329,96290,,56128,20201,
migrate_demo,client,4,16939535,96290,,56363,20201,
migrate_demo,client,4,16944747,96290,,56363,20201,
migrate_demo,client,4,16949974,96290,,56363,20201,
migrate_demo,client,4,16955221,96290,,56363,20201,
migrate_demo,client,4,16960461,96290,,56634,20201,
migrate_demo,client,4,16965706,96290,,56634,20201,
migrate_demo,client,4,16970948,96290,,56634,20201,
migrate_demo,client,4,16976189,96290,,56634,20201,
migrate_demo,client,4,16981409,96290,,56634,20201,
migrate_demo,client,4,16986643,96290,,56871,20201,
migrate_demo,client,4,16991927,96290,,56871,20201,
migrate_demo,client,4,16997151,96290,,56871,20201,
migrate_demo,client,4,17002459,96290,,56871,20201,
migrate_demo,client,4,17007697,96290,,57135,20201,
migrate_demo,client,4,17012966,96290,,57135,20201,
migrate_demo,client,4,17018184,96290,,57135,20201,
migrate_demo,client,4,17023431,96290,,57135,20201,
migrate_demo,client,4,17028749,96290,,57135,20201,
migrate_demo,client,4,17034020,96290,,57379,20201,
migrate_demo,client,4,17039300,96290,,57379,20201,
migrate_demo,client,4,17044591,96290,,57379,20201,
migrate_demo,client,4,17049786,96290,,57379,20201,
migrate_demo,client,4,17055070,96290,,58338,20201,
migrate_demo,client,4,17060280,96290,,58338,20201,
migrate_demo,client,4,17065564,96290,,58338,20201,
migrate_demo,client,4,17070823,96290,,58481,20201,
migrate_demo,client,4,17076065,96290,,58481,20201,
migrate_demo,client,4,17081277,96290,,58481,20201,
migrate_demo,client,4,17086554,96290,,58481,20201,
migrate_demo,client,4,17091794,96290,,58481,20201,
migrate_demo,client,4,17097002,96290,,60373,20201,
migrate_demo,client,4,17102327,96290,,60330,20201,
migrate_demo,client,4,17107662,96290,,60330,20201,
migrate_demo,client,4,17112935,96290,,60330,20201,
migrate_demo,client,4,17118215,96290,,60330,20201,
migrate_demo,client,4,17123461,96290,,60330,20201,
migrate_demo,client,4,17128710,96290,,60356,20201,
migrate_demo,client,4,17133967,96290,,60356,20201,
migrate_demo,client,4,17139270,96290,,60356,20201,
migrate_demo,client,4,17144486,96290,,60356,20201,
migrate_demo,client,4,17149678,96290,,60377,20201,
migrate_demo,client,4,17154911,96290,,60377,20201,
migrate_demo,client,4,17160199,96290,,60377,20201,
migrate_demo,client,4,17165464,96290,,60377,20201,
migrate_demo,client,4,17170604,96290,,60460,20201,
migrate_demo,client,4,17175861,96290,,60460,20201,
migrate_demo,client,4,17181169,96290,,60460,20201,
migrate_demo,client,4,17186431,96290,,60460,20201,
migrate_demo,client,4,17191680,96290,,60460,20201,
migrate_demo,client,4,17196855,96290,,60528,20201,
migrate_demo,client,4,17202157,96290,,60528,20201,
migrate_demo,client,4,17207423,96290,,60528,20201,
migrate_demo,client,4,17212716,96290,,60528,20201,
migrate_demo,client,4,17217894,96290,,60643,20201,
migrate_demo,client,4,17223062,96290,,60643,20201,
migrate_demo,client,4,17228282,96290,,60643,20201,
migrate_demo,client,4,17233728,96290,,60643,20201,
migrate_demo,client,4,17239004,96290,,60643,20201,
migrate_demo,client,4,17244279,96290,,60721,20201,
migrate_demo,client,4,17249550,96290,,60721,20201,
migrate_demo,client,4,17254804,96290,,60721,20201,
migrate_demo,client,4,17260053,96290,,60721,20201,
migrate_demo,client,4,17265337,96290,,60886,20201,
migrate_demo,client,4,17270592,96290,,60886,20201,
migrate_demo,client,4,17275808,96290,,60886,20201,
migrate_demo,client,4,17281110,96290,,60886,20201,
migrate_demo,client,4,17286311,96290,,61024,20201,
migrate_demo,client,4,17291599,96290,,61024,20201,
migrate_demo,client,4,17296797,96290,,61024,20201,
migrate_demo,client,4,17302063,96290,,61024,20201,
migrate_demo,client,4,17307386,96290,,61024,20201,
migrate_demo,client,4,17312606,96290,,61218,20201,
migrate_demo,client,4,17317912,96290,,61218,20201,
migrate_demo,client,4,17323182,96290,,61218,20201,
migrate_demo,client,4,17328382,96290,,61218,20201,
migrate_demo,client,4,17333577,96290,,61394,20201,
migrate_demo,client,4,17338781,96290,,61394,20201,
migrate_demo,client,4,17343999,96290,,61394,20201,
migrate_demo,client,4,17349282,96290,,61394,20201,
migrate_demo,client,4,17354497,96290,,61591,20201,
migrate_demo,client,4,17359787,96290,,61591,20201,
migrate_demo,client,4,17364989,96290,,61591,20201,
migrate_demo,client,4,17370260,96290,,61591,20201,
migrate_demo,client,4,17375497,96290,,61591,20201,
migrate_demo,client,4,17380826,96290,,61784,20201,
migrate_demo,client,4,17386211,96290,,61784,20201,
migrate_demo,client,4,17391485,96290,,61784,20201,
migrate_demo,client,4,17396756,96290,,61784,20201,
migrate_demo,client,4,17402062,96290,,62007,20201,
migrate_demo,client,4,17407411,96290,,62007,20201,
migrate_demo,client,4,17412744,96290,,62007,20201,
migrate_demo,client,4,17417982,96290,,62007,20201,
migrate_demo,client,4,17423200,96290,,62204,20201,
migrate_demo,client,4,17428494,96290,,62204,20201,
migrate_demo,client,4,17433757,96290,,62204,20201,
migrate_demo,client,4,17439031,96290,,62204,20201,
migrate_demo,client,4,17444255,96290,,62204,20201,
migrate_demo,client,4,17449540,96290,,62434,20201,
migrate_demo,client,4,17454875,96290,,62434,20201,
migrate_demo,client,4,17460151,96290,,62434,20201,
migrate_demo,client,4,17465432,96290,,62434,20201,
migrate_demo,client,4,17470661,96290,,62652,20201,
migrate_demo,client,4,17475933,96290,,62652,20201,
migrate_demo,client,4,17481192,96290,,62652,20201,
migrate_demo,client,4,17486451,96290,,62652,20201,
migrate_demo,client,4,17491694,96290,,62652,20201,
migrate_demo,client,4,17496930,96290,,62887,20201,
migrate_demo,client,4,17502297,96290,,62887,20201,
migrate_demo,client,4,17507617,96290,,62887,20201,
migrate_demo,client,4,17512830,96290,,62887,20201,
migrate_demo,client,4,17518146,96290,,63099,20201,
migrate_demo,client,4,17523432,96290,,63099,20201,
migrate_demo,client,4,17528699,96290,,63099,20201,
migrate_demo,client,4,17533919,96290,,63099,20201,
migrate_demo,client,4,17539153,96290,,63345,20201,
migrate_demo,client,4,17544410,96290,,63345,20201,
migrate_demo,client,4,17549676,96290,,63345,20201,
migrate_demo,client,4,17554877,96290,,63345,20201,
migrate_demo,client,4,17560154,96290,,63345,20201,
migrate_demo,client,4,17565340,96290,,63566,20201,
migrate_demo,client,4,17570546,96290,,63566,20201,
migrate_demo,client,4,17575886,96290,,63566,20201,
migrate_demo,client,4,17581082,96290,,63566,20201,
migrate_demo,client,4,17586272,96290,,63835,20201,
migrate_demo,client,4,17591598,96290,,63835,20201,
migrate_demo,client,4,17596880,96290,,63835,20201,
migrate_demo,client,4,17602058,96290,,63835,20201,
migrate_demo,client,4,17607187,96290,,64054,20201,
migrate_demo,client,4,17612433,96290,,64054,20201,
migrate_demo,client,4,17617685,96290,,64054,20201,
migrate_demo,client,4,17622871,96290,,64054,20201,
migrate_demo,client,4,17628104,96290,,64054,20201,
migrate_demo,client,4,17633283,96290,,64296,20201,
migrate_demo,client,4,17638545,96290,,64296,20201,
migrate_demo,client,4,17643753,96290,,64296,20201,
migrate_demo,client,4,17648951,96290,,64296,20201,
migrate_demo,client,4,17654274,96290,,64522,20201,
migrate_demo,client,4,17659541,96290,,64522,20201,
migrate_demo,client,4,17664790,96290,,64522,20201,
migrate_demo,client,4,17670025,96290,,64522,20201,
migrate_demo,client,4,17675237,96290,,64522,20201,
migrate_demo,client,4,17680404,96290,,64784,20201,
migrate_demo,client,4,17685678,96290,,64784,20201,
migrate_demo,client,4,17690947,96290,,64784,20201,
migrate_demo,client,4,17696152,96290,,64784,20201,
migrate_demo,client,4,17701342,96290,,65006,20201,
migrate_demo,client,4,17706584,96290,,65006,20201,
migrate_demo,client,4,17711824,96290,,65006,20201,
migrate_demo,client,4,17717061,96290,,65006,20201,
migrate_demo,client,4,17722248,96290,,65272,20201,
migrate_demo,client,4,17727578,96290,,65272,20201,
migrate_demo,client,4,17732899,96290,,65272,20201,
migrate_demo,client,4,17738105,96290,,65272,20201,
migrate_demo,client,4,17743310,96290,,65272,20201,
migrate_demo,client,4,17748491,96290,,65507,20201,
migrate_demo,client,4,17753764,96290,,65507,20201,
migrate_demo,client,4,17758996,96290,,65507,20201,
migrate_demo,client,4,17764271,96290,,65507,20201,
migrate_demo,client,4,17769487,96290,,65768,20201,
migrate_demo,client,4,17774837,96290,,65768,20201,
migrate_demo,client,4,17780120,96290,,65768,20201,
migrate_demo,client,4,17785375,96290,,65768,20201,
migrate_demo,client,4,17790593,96290,,65984,20201,
migrate_demo,client,4,17795885,96290,,65984,20201,
migrate_demo,client,4,17801145,96290,,65984,20201,
migrate_demo,client,4,17806392,96290,,65984,20201,
migrate_demo,client,4,17811733,96290,,65984,20201,
migrate_demo,client,4,17816960,96290,,66249,20201,
migrate_demo,client,4,17822256,96290,,66249,20201,
migrate_demo,client,4,17827506,96290,,66249,20201,
migrate_demo,client,4,17832749,96290,,66249,20201,
migrate_demo,client,4,17837891,96290,,66485,20201,
migrate_demo,client,4,17843110,96290,,66485,20201,
migrate_demo,client,4,17848301,96290,,66485,20201,
migrate_demo,client,4,17853485,96290,,66485,20201,
migrate_demo,client,4,17858654,96290,,66485,20201,
migrate_demo,client,4,17863883,96290,,66750,20201,
migrate_demo,client,4,17869170,96290,,66750,20201,
migrate_demo,client,4,17874429,96290,,66750,20201,
migrate_demo,client,4,17879728,96290,,66750,20201,
migrate_demo,client,4,17884952,96290,,66980,20201,
migrate_demo,client,4,17890506,96290,,66980,20201,
migrate_demo,client,4,17895744,96290,,66980,20201,
migrate_demo,client,4,17901018,96290,,66980,20201,
migrate_demo,client,4,17906233,96290,,67209,20201,
migrate_demo,client,4,17911495,96290,,67209,20201,
migrate_demo,client,4,17916789,96290,,67209,20201,
migrate_demo,client,4,17922098,96290,,67209,20201,
migrate_demo,client,4,17927302,96290,,67209,20201,
migrate_demo,client,4,17932554,96290,,67411,20201,
migrate_demo,client,4,17937908,96290,,67411,20201,
migrate_demo,client,4,17943236,96290,,67411,20201,
migrate_demo,client,4,17948480,96290,,67411,20201,
migrate_demo,client,4,17953810,96290,,67692,20201,
migrate_demo,client,4,17959094,96290,,67692,20201,
migrate_demo,client,4,17964311,96290,,67692,20201,
migrate_demo,client,4,17969566,96290,,67692,20201,
migrate_demo,client,4,17974688,96290,,67936,20201,
migrate_demo,client,4,17979956,96290,,67936,20201,
migrate_demo,client,4,17985291,96290,,67936,20201,
migrate_demo,client,4,17990513,96290,,67936,20201,
migrate_demo,client,4,17995797,96290,,67936,20201,
migrate_demo,client,4,18000995,96290,,70610,20201,
migrate_demo,client,4,18006238,96290,,70548,20201,
migrate_demo,client,4,18011526,96290,,70548,20201,
migrate_demo,client,4,18016740,96290,,70548,20201,
migrate_demo,client,4,18021995,96290,,70548,20201,
migrate_demo,client,4,18027241,96290,,70545,20201,
migrate_demo,client,4,18032479,96290,,70545,20201,
migrate_demo,client,4,18037706,96290,,70545,20201,
migrate_demo,client,4,18042862,96290,,70545,20201,
migrate_demo,client,4,18048102,96290,,70554,20201,
migrate_demo,client,4,18053435,96290,,70554,20201,
migrate_demo,client,4,18058696,96290,,70554,20201,
migrate_demo,client,4,18063979,96290,,70554,20201,
migrate_demo,client,4,18069176,96290,,70554,20201,
migrate_demo,client,4,18074426,96290,,70609,20201,
migrate_demo,client,4,18079736,96290,,70609,20201,
migrate_demo,client,4,18085056,96290,,70609,20201,
migrate_demo,client,4,18090268,96290,,70609,20201,
migrate_demo,client,4,18095515,96290,,70669,20201,
migrate_demo,client,4,18100783,96290,,70669,20201,
migrate_demo,client,4,18106027,96290,,70669,20201,
migrate_demo,client,4,18111264,96290,,70669,20201,
migrate_demo,client,4,18116542,96290,,70794,20201,
migrate_demo,client,4,18121788,96290,,70794,20201,
migrate_demo,client,4,18127165,96290,,70794,20201,
migrate_demo,client,4,18132490,96290,,70794,20201,
migrate_demo,client,4,18137801,96290,,70794,20201,
migrate_demo,client,4,18143084,96290,,70900,20201,
migrate_demo,client,4,18148340,96290,,70900,20201,
migrate_demo,client,4,18153595,96290,,70900,20201,
migrate_demo,client,4,18158953,96290,,70900,20201,
migrate_demo,client,4,18164122,96290,,71047,20201,
migrate_demo,client,4,18169340,96290,,71047,20201,
migrate_demo,client,4,18174581,96290,,71047,20201,
migrate_demo,client,4,18179774,96290,,71047,20201,
migrate_demo,client,4,18184963,96290,,71192,20201,
migrate_demo,client,4,18190266,96290,,71192,20201,
migrate_demo,client,4,18195518,96290,,71192,20201,
migrate_demo,client,4,18200752,96290,,71192,20201,
migrate_demo,client,4,18205943,96290,,71192,20201,
migrate_demo,client,4,18211155,96290,,71376,20201,
migrate_demo,client,4,18216508,96290,,71376,20201,
migrate_demo,client,4,18221786,96290,,71376,20201,
migrate_demo,client,4,18227083,96290,,71376,20201,
migrate_demo,client,4,18232310,96290,,71532,20201,
migrate_demo,client,4,18237709,96290,,71532,20201,
migrate_demo,client,4,18242930,96290,,71532,20201,
migrate_demo,client,4,18248147,96290,,71532,20201,
migrate_demo,client,4,18253415,96290,,71532,20201,
migrate_demo,client,4,18258677,96290,,71736,20201,
migrate_demo,client,4,18264011,96290,,71736,20201,
migrate_demo,client,4,18269245,96290,,71736,20201,
migrate_demo,client,4,18274548,96290,,71736,20201,
migrate_demo,client,4,18279734,96290,,71912,20201,
migrate_demo,client,4,18284977,96290,,71912,20201,
migrate_demo,client,4,18290244,96290,,71912,20201,
migrate_demo,client,4,18295505,96290,,71912,20201,
migrate_demo,client,4,18300662,96290,,72130,20201,
migrate_demo,client,4,18306010,96290,,72130,20201,
migrate_demo,client,4,18311249,96290,,72130,20201,
migrate_demo,client,4,18316517,96290,,72130,20201,
migrate_demo,client,4,18321788,96290,,72130,20201,
migrate_demo,client,4,18327020,96290,,72327,20201,
migrate_demo,client,4,18332242,96290,,72327,20201,
migrate_demo,client,4,18337473,96290,,72327,20201,
migrate_demo,client,4,18342687,96290,,72327,20201,
migrate_demo,client,4,18347956,96290,,72555,20201,
migrate_demo,client,4,18353281,96290,,72555,20201,
migrate_demo,client,4,18358606,96290,,72555,20201,
migrate_demo,client,4,18363908,96290,,72555,20201,
migrate_demo,client,4,18369157,96290,,72751,20201,
migrate_demo,client,4,18374394,96290,,72751,20201,
migrate_demo,client,4,18379648,96290,,72751,20201,
migrate_demo,client,4,18384857,96290,,72751,20201,
migrate_demo,client,4,18390256,96290,,72751,20201,
migrate_demo,client,4,18395476,96290,,72992,20201,
migrate_demo,client,4,18400735,96290,,72992,20201,
migrate_demo,client,4,18406012,96290,,72992,20201,
migrate_demo,client,4,18411335,96290,,72992,20201,
migrate_demo,client,4,18416611,96290,,73204,20201,
migrate_demo,client,4,18421955,96290,,73204,20201,
migrate_demo,client,4,18427226,96290,,73204,20201,
migrate_demo,client,4,18432504,96290,,73204,20201,
migrate_demo,client,4,18437744,96290,,73440,20201,
migrate_demo,client,4,18443049,96290,,73440,20201,
migrate_demo,client,4,18448408,96290,,73440,20201,
migrate_demo,client,4,18453706,96290,,73440,20201,
migrate_demo,client,4,18458892,96290,,73440,20201,
migrate_demo,client,4,18464162,96290,,73657,20201,
migrate_demo,client,4,18469468,96290,,73657,20201,
migrate_demo,client,4,18474720,96290,,73657,20201,
migrate_demo,client,4,18480022,96290,,73657,20201,
migrate_demo,client,4,18485226,96290,,73914,20201,
migrate_demo,client,4,18490447,96290,,73914,20201,
migrate_demo,client,4,18495721,96290,,73914,20201,
migrate_demo,client,4,18500946,96290,,73914,20201,
migrate_demo,client,4,18506271,96290,,73914,20201,
migrate_demo,client,4,18511504,96290,,74139,20201,
migrate_demo,client,4,18516723,96290,,74139,20201,
migrate_demo,client,4,18521915,96290,,74139,20201,
migrate_demo,client,4,18527148,96290,,74139,20201,
migrate_demo,client,4,18532351,96290,,74393,20201,
migrate_demo,client,4,18537729,96290,,74393,20201,
migrate_demo,client,4,18543034,96290,,74393,20201,
migrate_demo,client,4,18548307,96290,,74393,20201,
migrate_demo,client,4,18553530,96290,,74609,20201,
migrate_demo,client,4,18558726,96290,,74609,20201,
migrate_demo,client,4,18564041,96290,,74609,20201,
migrate_demo,client,4,18569293,96290,,74609,20201,
migrate_demo,client,4,18574488,96290,,74609,20201,
migrate_demo,client,4,18579781,96290,,74865,20201,
migrate_demo,client,4,18585062,96290,,74865,20201,
migrate_demo,client,4,18590277,96290,,74865,20201,
migrate_demo,client,4,18595596,96290,,74865,20201,
migrate_demo,client,4,18600923,96290,,75096,20201,
migrate_demo,client,4,18606260,96290,,75096,20201,
migrate_demo,client,4,18611520,96290,,75096,20201,
migrate_demo,client,4,18616771,96290,,75096,20201,
migrate_demo,client,4,18622109,96290,,75356,20201,
migrate_demo,client,4,18627443,96290,,75356,20201,
migrate_demo,client,4,18632690,96290,,75356,20201,
migrate_demo,client,4,18638064,96290,,75356,20201,
migrate_demo,client,4,18643384,96290,,75356,20201,
migrate_demo,client,4,18648597,96290,,75586,20201,
migrate_demo,client,4,18653862,96290,,75586,20201,
migrate_demo,client,4,18659105,96290,,75586,20201,
migrate_demo,client,4,18664417,96290,,75586,20201,
migrate_demo,client,4,18669664,96290,,75845,20201,
migrate_demo,client,4,18674901,96290,,75845,20201,
migrate_demo,client,4,18680163,96290,,75845,20201,
migrate_demo,client,4,18685399,96290,,75845,20201,
migrate_demo,client,4,18690690,96290,,76077,20201,
migrate_demo,client,4,18695957,96290,,76077,20201,
migrate_demo,client,4,18701201,96290,,76077,20201,
migrate_demo,client,4,18706428,96290,,76077,20201,
migrate_demo,client,4,18711640,96290,,76077,20201,
migrate_demo,client,4,18716885,96290,,76344,20201,
migrate_demo,client,4,18722113,96290,,76344,20201,
migrate_demo,client,4,18727355,96290,,76344,20201,
migrate_demo,client,4,18732568,96290,,76344,20201,
migrate_demo,client,4,18737803,96290,,76580,20201,
migrate_demo,client,4,18743039,96290,,76580,20201,
migrate_demo,client,4,18748306,96290,,76580,20201,
migrate_demo,client,4,18753576,96290,,76580,20201,
migrate_demo,client,4,18758782,96290,,76580,20201,
migrate_demo,client,4,18763986,96290,,76839,20201,
migrate_demo,client,4,18769304,96290,,76839,20201,
migrate_demo,client,4,18774532,96290,,76839,20201,
migrate_demo,client,4,18779749,96290,,76839,20201,
migrate_demo,client,4,18784983,96290,,77072,20201,
migrate_demo,client,4,18790263,96290,,77072,20201,
migrate_demo,client,4,18795550,96290,,77072,20201,
migrate_demo,client,4,18800782,96290,,77072,20201,
migrate_demo,client,4,18806068,96290,,77338,20201,
migrate_demo,client,4,18811410,96290,,77338,20201,
migrate_demo,client,4,18816694,96290,,77338,20201,
migrate_demo,client,4,18822001,96290,,77338,20201,
migrate_demo,client,4,18827193,96290,,77338,20201,
migrate_demo,client,4,18832644,96290,,77577,20201,
migrate_demo,client,4,18837968,96290,,77577,20201,
migrate_demo,client,4,18843243,96290,,77577,20201,
migrate_demo,client,4,18848514,96290,,77577,20201,
migrate_demo,client,4,18853800,96290,,78600,20201,
migrate_demo,client,4,18859027,96290,,78600,20201,
migrate_demo,client,4,18864405,96290,,78600,20201,
migrate_demo,client,4,18869661,96290,,78747,20201,
migrate_demo,client,4,18874927,96290,,78747,20201,
migrate_demo,client,4,18880192,96290,,78747,20201,
migrate_demo,client,4,18885468,96290,,78747,20201,
migrate_demo,client,4,18890810,96290,,78747,20201,
migrate_demo,client,4,18896004,96290,,80575,20201,
migrate_demo,client,4,18901232,96290,,80515,20201,
migrate_demo,client,4,18906463,96290,,80515,20201,
migrate_demo,client,4,18911634,96290,,80515,20201,
migrate_demo,client,4,18916843,96290,,80515,20201,
migrate_demo,client,4,18922102,96290,,80515,20201,
migrate_demo,client,4,18927273,96290,,80503,20201,
migrate_demo,client,4,18932591,96290,,80503,20201,
migrate_demo,client,4,18937911,96290,,80503,20201,
migrate_demo,client,4,18943207,96290,,80503,20201,
migrate_demo,client,4,18948464,96290,,80532,20201,
migrate_demo,client,4,18953772,96290,,80532,20201,
migrate_demo,client,4,18959085,96290,,80532,20201,
migrate_demo,client,4,18964445,96290,,80532,20201,
migrate_demo,client,4,18969790,96290,,80532,20201,
migrate_demo,client,4,18975084,96290,,80602,20201,
migrate_demo,client,4,18980293,96290,,80602,20201,
migrate_demo,client,4,18985607,96290,,80602,20201,
migrate_demo,client,4,18990910,96290,,80602,20201,
migrate_demo,client,4,18996144,96290,,80637,20201,
migrate_demo,client,4,19001416,96290,,80637,20201,
migrate_demo,client,4,19006636,96290,,80637,20201,
migrate_demo,client,4,19011912,96290,,80637,20201,
migrate_demo,client,4,19017037,96290,,80772,20201,
migrate_demo,client,4,19022234,96290,,80772,20201,
migrate_demo,client,4,19027471,96290,,80772,20201,
migrate_demo,client,4,19032773,96290,,80772,20201,
migrate_demo,client,4,19038014,96290,,80772,20201,
migrate_demo,client,4,19043273,96290,,80885,20201,
migrate_demo,client,4,19048560,96290,,80885,20201,
migrate_demo,client,4,19053992,96290,,80885,20201,
migrate_demo,client,4,19059283,96290,,80885,20201,
migrate_demo,client,4,19064414,96290,,81020,20201,
migrate_demo,client,4,19070251,96290,,81020,20201,
migrate_demo,client,4,19075452,96290,,81020,20201,
migrate_demo,client,4,19080756,96290,,81020,20201,
migrate_demo,client,4,19086008,96290,,81244,20201,
migrate_demo,client,4,19091166,96290,,81244,20201,
migrate_demo,client,4,19096410,96290,,81244,20201,
migrate_demo,client,4,19101606,96290,,81244,20201,
migrate_demo,client,4,19106825,96290,,81244,20201,
migrate_demo,client,4,19112065,96290,,81425,20201,
migrate_demo,client,4,19117483,96290,,81425,20201,
migrate_demo,client,4,19122699,96290,,81425,20201,
migrate_demo,client,4,19127951,96290,,81425,20201,
migrate_demo,client,4,19133219,96290,,81591,20201,
migrate_demo,client,4,19138492,96290,,81591,20201,
migrate_demo,client,4,19143768,96290,,81591,20201,
migrate_demo,client,4,19149174,96290,,81591,20201,
migrate_demo,client,4,19154442,96290,,81792,20201,
migrate_demo,client,4,19159697,96290,,81792,20201,
migrate_demo,client,4,19164895,96290,,81792,20201,
migrate_demo,client,4,19170260,96290,,81792,20201,
migrate_demo,client,4,19175522,96290,,81792,20201,
migrate_demo,client,4,19180713,96290,,81976,20201,
migrate_demo,client,4,19186004,96290,,81976,20201,
migrate_demo,client,4,19191291,96290,,81976,20201,
migrate_demo,client,4,19196508,96290,,81976,20201,
migrate_demo,client,4,19201777,96290,,82120,20201,
migrate_demo,client,4,19207069,96290,,82120,20201,
migrate_demo,client,4,19212390,96290,,82120,20201,
migrate_demo,client,4,19217641,96290,,82120,20201,
migrate_demo,client,4,19222886,96290,,82276,20201,
migrate_demo,client,4,19228149,96290,,82276,20201,
migrate_demo,client,4,19233474,96290,,82276,20201,
migrate_demo,client,4,19238770,96290,,82276,20201,
migrate_demo,client,4,19244113,96290,,82276,20201,
migrate_demo,client,4,19249503,96290,,82533,20201,
migrate_demo,client,4,19254745,96290,,82533,20201,
migrate_demo,client,4,19259968,96290,,82533,20201,
migrate_demo,client,4,19265257,96290,,82533,20201,
migrate_demo,client,4,19270466,96290,,82740,20201,
migrate_demo,client,4,19275699,96290,,82740,20201,
migrate_demo,client,4,19280949,96290,,82740,20201,
migrate_demo,client,4,19286318,96290,,82740,20201,
migrate_demo,client,4,19291532,96290,,82988,20201,
migrate_demo,client,4,19296748,96290,,82988,20201,
migrate_demo,client,4,19301978,96290,,82988,20201,
migrate_demo,client,4,19307271,96290,,82988,20201,
migrate_demo,client,4,19312482,96290,,82988,20201,
migrate_demo,client,4,19318001,96290,,83225,20201,
migrate_demo,client,4,19323256,96290,,83225,20201,
migrate_demo,client,4,19328562,96290,,83225,20201,
migrate_demo,client,4,19333847,96290,,83225,20201,
migrate_demo,client,4,19339193,96290,,83486,20201,
migrate_demo,client,4,19344481,96290,,83486,20201,
migrate_demo,client,4,19349889,96290,,83486,20201,
migrate_demo,client,4,19355209,96290,,83486,20201,
migrate_demo,client,4,19360483,96290,,83711,20201,
migrate_demo,client,4,19365648,96290,,83711,20201,
migrate_demo,client,4,19370891,96290,,83711,20201,
migrate_demo,client,4,19376199,96290,,83711,20201,
migrate_demo,client,4,19381486,96290,,83711,20201,
migrate_demo,client,4,19386745,96290,,83968,20201,
migrate_demo,client,4,19392020,96290,,83968,20201,
migrate_demo,client,4,19397287,96290,,83968,20201,
migrate_demo,client,4,19402562,96290,,83968,20201,
migrate_demo,client,4,19407784,96290,,84191,20201,
migrate_demo,client,4,19413015,96290,,84191,20201,
migrate_demo,client,4,19418271,96290,,84191,20201,
migrate_demo,client,4,19423485,96290,,84191,20201,
migrate_demo,client,4,19428803,96290,,84191,20201,
migrate_demo,client,4,19434107,96290,,84413,20201,
migrate_demo,client,4,19439371,96290,,84413,20201,
migrate_demo,client,4,19444741,96290,,84413,20201,
migrate_demo,client,4,19450045,96290,,84413,20201,
migrate_demo,client,4,19455277,96290,,84601,20201,
migrate_demo,client,4,19460521,96290,,84601,20201,
migrate_demo,client,4,19465811,96290,,84601,20201,
migrate_demo,client,4,19471017,96290,,84601,20201,
migrate_demo,client,4,19476288,96290,,84881,20201,
migrate_demo,client,4,19481618,96290,,84881,20201,
migrate_demo,client,4,19486918,96290,,84881,20201,
migrate_demo,client,4,19492155,96290,,84881,20201,
migrate_demo,client,4,19497491,96290,,84881,20201,
migrate_demo,client,4,19502753,96290,,85081,20201,
migrate_demo,client,4,19508060,96290,,85081,20201,
migrate_demo,client,4,19513327,96290,,85081,20201,
migrate_demo,client,4,19518584,96290,,85081,20201,
migrate_demo,client,4,19523831,96290,,85357,20201,
migrate_demo,client,4,19529143,96290,,85357,20201,
migrate_demo,client,4,19534404,96290,,85357,20201,
migrate_demo,client,4,19539684,96290,,85357,20201,
migrate_demo,client,4,19544901,96290,,85604,20201,
migrate_demo,client,4,19550232,96290,,85604,20201,
migrate_demo,client,4,19555514,96290,,85604,20201,
migrate_demo,client,4,19560756,96290,,85604,20201,
migrate_demo,client,4,19566128,96290,,85604,20201,
migrate_demo,client,4,19571383,96290,,85886,20201,
migrate_demo,client,4,19576662,96290,,85886,20201,
migrate_demo,client,4,19581905,96290,,85886,20201,
migrate_demo,client,4,19587190,96290,,85886,20201,
migrate_demo,client,4,19592472,96290,,86131,20201,
migrate_demo,client,4,19597667,96290,,86131,20201,
migrate_demo,client,4,19602951,96290,,86131,20201,
migrate_demo,client,4,19608267,96290,,86131,20201,
migrate_demo,client,4,19613503,96290,,86407,20201,
migrate_demo,client,4,19618817,96290,,86407,20201,
migrate_demo,client,4,19624167,96290,,86407,20201,
migrate_demo,client,4,19629563,96290,,86407,20201,
migrate_demo,client,4,19634846,96290,,86407,20201,
migrate_demo,client,4,19640100,96290,,86613,20201,
migrate_demo,client,4,19645371,96290,,86613,20201,
migrate_demo,client,4,19650620,96290,,86613,20201,
migrate_demo,client,4,19655876,96290,,86613,20201,
migrate_demo,client,4,19661166,96290,,86882,20201,
migrate_demo,client,4,19666357,96290,,86882,20201,
migrate_demo,client,4,19671633,96290,,86882,20201,
migrate_demo,client,4,19676864,96290,,86882,20201,
migrate_demo,client,4,19682155,96290,,87119,20201,
migrate_demo,client,4,19687501,96290,,87119,20201,
migrate_demo,client,4,19692906,96290,,87119,20201,
migrate_demo,client,4,19698232,96290,,87119,20201,
migrate_demo,client,4,19703517,96290,,87119,20201,
migrate_demo,client,4,19708809,96290,,87393,20201,
migrate_demo,client,4,19714751,96290,,87393,20201,
migrate_demo,client,4,19720033,96290,,87393,20201,
migrate_demo,client,4,19725332,96290,,87393,20201,
migrate_demo,client,4,19730544,96290,,87628,20201,
migrate_demo,client,4,19735828,96290,,87628,20201,
migrate_demo,client,4,19741117,96290,,87628,20201,
migrate_demo,client,4,19746385,96290,,87628,20201,
migrate_demo,client,4,19751675,96290,,87867,20201,
migrate_demo,client,4,19756949,96290,,87867,20201,
migrate_demo,client,4,19762126,96290,,87867,20201,
migrate_demo,client,4,19767304,96290,,87867,20201,
migrate_demo,client,4,19772540,96290,,87867,20201,
migrate_demo,client,4,19777715,96290,,88112,20201,
migrate_demo,client,4,19782968,96290,,88112,20201,
migrate_demo,client,4,19788202,96290,,88112,20201,
migrate_demo,client,4,19793493,96290,,88112,20201,
migrate_demo,client,4,19798716,96290,,90779,20201,
migrate_demo,client,4,19803920,96290,,90723,20201,
migrate_demo,client,4,19809126,96290,,90723,20201,
migrate_demo,client,4,19814357,96290,,90723,20201,
migrate_demo,client,4,19819697,96290,,90723,20201,
migrate_demo,client,4,19824920,96290,,90735,20201,
migrate_demo,client,4,19830221,96290,,90735,20201,
migrate_demo,client,4,19835528,96290,,90735,20201,
migrate_demo,client,4,19840791,96290,,90735,20201,
migrate_demo,client,4,19846047,96290,,90735,20201,
migrate_demo,client,4,19851352,96290,,90759,20201,
migrate_demo,client,4,19856676,96290,,90759,20201,
migrate_demo,client,4,19861964,96290,,90759,20201,
migrate_demo,client,4,19867263,96290,,90759,20201,
migrate_demo,client,4,19872615,96290,,90796,20201,
migrate_demo,client,4,19877837,96290,,90796,20201,
migrate_demo,client,4,19883048,96290,,90796,20201,
migrate_demo,client,4,19888298,96290,,90796,20201,
migrate_demo,client,4,19893569,96290,,90865,20201,
migrate_demo,client,4,19898855,96290,,90865,20201,
migrate_demo,client,4,19904105,96290,,90865,20201,
migrate_demo,client,4,19909432,96290,,90865,20201,
migrate_demo,client,4,19914717,96290,,90865,20201,
migrate_demo,client,4,19919910,96290,,90988,20201,
migrate_demo,client,4,19925175,96290,,90988,20201,
migrate_demo,client,4,19930427,96290,,90988,20201,
migrate_demo,client,4,19935684,96290,,90988,20201,
migrate_demo,client,4,19940880,96290,,91075,20201,
migrate_demo,client,4,19946120,96290,,91075,20201,
migrate_demo,client,4,19951318,96290,,91075,20201,
migrate_demo,client,4,19956634,96290,,91075,20201,
migrate_demo,client,4,19961849,96290,,91229,20201,
migrate_demo,client,4,19967092,96290,,91229,20201,
migrate_demo,client,4,19972381,96290,,91229,20201,
migrate_demo,client,4,19977644,96290,,91229,20201,
migrate_demo,client,4,19982880,96290,,91229,20201,
migrate_demo,client,4,19988090,96290,,91371,20201,
migrate_demo,client,4,19993353,96290,,91371,20201,
migrate_demo,client,4,19998536,96290,,91371,20201,
migrate_demo,client,4,20003793,96290,,91371,20201,
migrate_demo,client,4,20009064,96290,,91548,20201,
migrate_demo,client,4,20014317,96290,,91548,20201,
migrate_demo,client,4,20019523,96290,,91548,20201,
migrate_demo,client,4,20024777,96290,,91548,20201,
migrate_demo,client,4,20030029,96290,,91712,20201,
migrate_demo,client,4,20035249,96290,,91712,20201,
migrate_demo,client,4,20040445,96290,,91712,20201,
migrate_demo,client,4,20045699,96290,,91712,20201,
migrate_demo,client,4,20050954,96290,,91712,20201,
migrate_demo,client,4,20056241,96290,,91914,20201,
migrate_demo,client,4,20061518,96290,,91914,20201,
migrate_demo,client,4,20066772,96290,,91914,20201,
migrate_demo,client,4,20072011,96290,,91914,20201,
migrate_demo,client,4,20077218,96290,,92098,20201,
migrate_demo,client,4,20082504,96290,,92098,20201,
migrate_demo,client,4,20087838,96290,,92098,20201,
migrate_demo,client,4,20093058,96290,,92098,20201,
migrate_demo,client,4,20098308,96290,,92098,20201,
migrate_demo,client,4,20103556,96290,,92320,20201,
migrate_demo,client,4,20108827,96290,,92320,20201,
migrate_demo,client,4,20114187,96290,,92320,20201,
migrate_demo,client,4,20119433,96290,,92320,20201,
migrate_demo,client,4,20124616,96290,,92503,20201,
migrate_demo,client,4,20129820,96290,,92503,20201,
migrate_demo,client,4,20135026,96290,,92503,20201,
migrate_demo,client,4,20140251,96290,,92503,20201,
migrate_demo,client,4,20145436,96290,,92734,20201,
migrate_demo,client,4,20150651,96290,,92734,20201,
migrate_demo,client,4,20155819,96290,,92734,20201,
migrate_demo,client,4,20161099,96290,,92734,20201,
migrate_demo,client,4,20166328,96290,,92734,20201,
migrate_demo,client,4,20171608,96290,,92937,20201,
migrate_demo,client,4,20176860,96290,,92937,20201,
migrate_demo,client,4,20182164,96290,,92937,20201,
migrate_demo,client,4,20187413,96290,,92937,20201,
migrate_demo,client,4,20192638,96290,,93179,20201,
migrate_demo,client,4,20197897,96290,,93179,20201,
migrate_demo,client,4,20203103,96290,,93179,20201,
migrate_demo,client,4,20208338,96290,,93179,20201,
migrate_demo,client,4,20213543,96290,,93179,20201,
migrate_demo,client,4,20218777,96290,,93395,20201,
migrate_demo,client,4,20223973,96290,,93395,20201,
migrate_demo,client,4,20229196,96290,,93395,20201,
migrate_demo,client,4,20234420,96290,,93395,20201,
migrate_demo,client,4,20239652,96290,,93637,20201,
migrate_demo,client,4,20244925,96290,,93637,20201,
migrate_demo,client,4,20250176,96290,,93637,20201,
migrate_demo,client,4,20255434,96290,,93637,20201,
migrate_demo,client,4,20260643,96290,,93849,20201,
migrate_demo,client,4,20265884,96290,,93849,20201,
migrate_demo,client,4,20271087,96290,,93849,20201,
migrate_demo,client,4,20276360,96290,,93849,20201,
migrate_demo,client,4,20281555,96290,,93849,20201,
migrate_demo,client,4,20286831,96290,,94086,20201,
migrate_demo,client,4,20292049,96290,,94086,20201,
migrate_demo,client,4,20297405,96290,,94086,20201,
migrate_demo,client,4,20302695,96290,,94086,20201,
migrate_demo,client,4,20307871,96290,,94314,20201,
migrate_demo,client,4,20313097,96290,,94314,20201,
migrate_demo,client,4,20318343,96290,,94314,20201,
migrate_demo,client,4,20323489,96290,,94314,20201,
migrate_demo,client,4,20328787,96290,,94577,20201,
migrate_demo,client,4,20334015,96290,,94577,20201,
migrate_demo,client,4,20339244,96290,,94577,20201,
migrate_demo,client,4,20344553,96290,,94577,20201,
migrate_demo,client,4,20349796,96290,,94577,20201,
migrate_demo,client,4,20355039,96290,,94793,20201,
migrate_demo,client,4,20360280,96290,,94793,20201,
migrate_demo,client,4,20365455,96290,,94793,20201,
migrate_demo,client,4,20370746,96290,,94793,20201,
migrate_demo,client,4,20376014,96290,,95044,20201,
migrate_demo,client,4,20381270,96290,,95044,20201,
migrate_demo,client,4,20386477,96290,,95044,20201,
migrate_demo,client,4,20391727,96290,,95044,20201,
migrate_demo,client,4,20396968,96290,,95044,20201,
migrate_demo,client,4,20402219,96290,,95238,20201,
migrate_demo,client,4,20407482,96290,,95238,20201,
migrate_demo,client,4,20412727,96290,,95238,20201,
migrate_demo,client,4,20418015,96290,,95238,20201,
migrate_demo,client,4,20423295,96290,,95498,20201,
migrate_demo,client,4,20428614,96290,,95498,20201,
migrate_demo,client,4,20433829,96290,,95498,20201,
migrate_demo,client,4,20439088,96290,,95498,20201,
migrate_demo,client,4,20444304,96290,,95738,20201,
migrate_demo,client,4,20449558,96290,,95738,20201,
migrate_demo,client,4,20454788,96290,,95738,20201,
migrate_demo,client,4,20460042,96290,,95738,20201,
migrate_demo,client,4,20465286,96290,,95738,20201,
migrate_demo,client,4,20470581,96290,,96004,20201,
migrate_demo,client,4,20475884,96290,,96004,20201,
migrate_demo,client,4,20481167,96290,,96004,20201,
migrate_demo,client,4,20486446,96290,,96004,20201,
migrate_demo,client,4,20491692,96290,,96237,20201,
migrate_demo,client,4,20496919,96290,,96237,20201,
migrate_demo,client,4,20502242,96290,,96237,20201,
migrate_demo,client,4,20507484,96290,,96237,20201,
migrate_demo,client,4,20512717,96290,,96505,20201,
migrate_demo,client,4,20517885,96290,,96505,20201,
migrate_demo,client,4,20523155,96290,,96505,20201,
migrate_demo,client,4,20528354,96290,,96505,20201,
migrate_demo,client,4,20533683,96290,,96505,20201,
migrate_demo,client,4,20538878,96290,,96726,20201,
migrate_demo,client,4,20544125,96290,,96726,20201,
migrate_demo,client,4,20549417,96290,,96726,20201,
migrate_demo,client,4,20554669,96290,,96726,20201,
migrate_demo,client,4,20559942,96290,,96950,20201,
migrate_demo,client,4,20565254,96290,,96950,20201,
migrate_demo,client,4,20570563,96290,,96950,20201,
migrate_demo,client,4,20575867,96290,,96950,20201,
migrate_demo,client,4,20581100,96290,,97202,20201,
migrate_demo,client,4,20586332,96290,,97202,20201,
migrate_demo,client,4,20591558,96290,,97202,20201,
migrate_demo,client,4,20596859,96290,,97202,20201,
migrate_demo,client,4,20602191,96290,,97202,20201,
migrate_demo,client,4,20607572,96290,,97476,20201,
migrate_demo,client,4,20612899,96290,,97476,20201,
migrate_demo,client,4,20618122,96290,,97476,20201,
migrate_demo,client,4,20623448,96290,,97476,20201,
migrate_demo,client,4,20628689,96290,,97717,20201,
migrate_demo,client,4,20634047,96290,,97717,20201,
migrate_demo,client,4,20639408,96290,,97717,20201,
migrate_demo,client,4,20644607,96290,,97717,20201,
migrate_demo,client,4,20649856,96290,,97717,20201,
migrate_demo,client,4,20655076,96290,,98815,20201,
migrate_demo,client,4,20660275,96290,,98815,20201,
migrate_demo,client,4,20665581,96290,,98815,20201,
migrate_demo,client,4,20670803,96290,,98955,20201,
migrate_demo,client,4,20676023,96290,,98955,20201,
migrate_demo,client,4,20681298,96290,,98955,20201,
migrate_demo,client,4,20686535,96290,,98955,20201,
migrate_demo,client,4,20691776,96290,,100715,20201,
migrate_demo,client,4,20696973,96290,,100715,20201,
migrate_demo,client,4,20702353,96290,,100677,20201,
migrate_demo,client,4,20707590,96290,,100677,20201,
migrate_demo,client,4,20712774,96290,,100677,20201,
migrate_demo,client,4,20718018,96290,,100677,20201,
migrate_demo,client,4,20723221,96290,,100702,20201,
migrate_demo,client,4,20728457,96290,,100702,20201,
migrate_demo,client,4,20733736,96290,,100702,20201,
migrate_demo,client,4,20738919,96290,,100702,20201,
migrate_demo,client,4,20744143,96290,,100702,20201,
migrate_demo,client,4,20749466,96290,,100719,20201,
migrate_demo,client,4,20754626,96290,,100719,20201,
migrate_demo,client,4,20759871,96290,,100719,20201,
migrate_demo,client,4,20765142,96290,,100719,20201,
migrate_demo,client,4,20770327,96290,,100808,20201,
migrate_demo,client,4,20775573,96290,,100808,20201,
migrate_demo,client,4,20780818,96290,,100808,20201,
migrate_demo,client,4,20786038,96290,,100808,20201,
migrate_demo,client,4,20791300,96290,,100808,20201,
migrate_demo,client,4,20796529,96290,,100882,20201,
migrate_demo,client,4,20801808,96290,,100882,20201,
migrate_demo,client,4,20807063,96290,,100882,20201,
migrate_demo,client,4,20812289,96290,,100882,20201,
migrate_demo,client,4,20817562,96290,,100996,20201,
migrate_demo,client,4,20822858,96290,,100996,20201,
migrate_demo,client,4,20828346,96290,,100996,20201,
migrate_demo,client,4,20833608,96290,,100996,20201,
migrate_demo,client,4,20838834,96290,,101114,20201,
migrate_demo,client,4,20844071,96290,,101114,20201,
migrate_demo,client,4,20849382,96290,,101114,20201,
migrate_demo,client,4,20854626,96290,,101114,20201,
migrate_demo,client,4,20859948,96290,,101114,20201,
migrate_demo,client,4,20865197,96290,,101279,20201,
migrate_demo,client,4,20870444,96290,,101279,20201,
migrate_demo,client,4,20875708,96290,,101279,20201,
migrate_demo,client,4,20880903,96290,,101279,20201,
migrate_demo,client,4,20886261,96290,,101422,20201,
migrate_demo,client,4,20891560,96290,,101422,20201,
migrate_demo,client,4,20896794,96290,,101422,20201,
migrate_demo,client,4,20902104,96290,,101422,20201,
migrate_demo,client,4,20907346,96290,,101611,20201,
migrate_demo,client,4,20912670,96290,,101611,20201,
migrate_demo,client,4,20917975,96290,,101611,20201,
migrate_demo,client,4,20923217,96290,,101611,20201,
migrate_demo,client,4,20928405,96290,,101611,20201,
migrate_demo,client,4,20933586,96290,,101778,20201,
migrate_demo,client,4,20938849,96290,,101778,20201,
migrate_demo,client,4,20944050,96290,,101778,20201,
migrate_demo,client,4,20949311,96290,,101778,20201,
migrate_demo,client,4,20954543,96290,,101989,20201,
migrate_demo,client,4,20959776,96290,,101989,20201,
migrate_demo,client,4,20965032,96290,,101989,20201,
migrate_demo,client,4,20970278,96290,,101989,20201,
migrate_demo,client,4,20975506,96290,,102173,20201,
migrate_demo,client,4,20980829,96290,,102173,20201,
migrate_demo,client,4,20986140,96290,,102173,20201,
migrate_demo,client,4,20991435,96290,,102173,20201,
migrate_demo,client,4,20996794,96290,,102173,20201,
migrate_demo,client,4,21002117,96290,,102391,20201,
migrate_demo,client,4,21007381,96290,,102391,20201,
migrate_demo,client,4,21012581,96290,,102391,20201,
migrate_demo,client,4,21017773,96290,,102391,20201,
migrate_demo,client,4,21022988,96290,,102561,20201,
migrate_demo,client,4,21028306,96290,,102561,20201,
migrate_demo,client,4,21033570,96290,,102561,20201,
migrate_demo,client,4,21038903,96290,,102561,20201,
migrate_demo,client,4,21044182,96290,,102561,20201,
migrate_demo,client,4,21049421,96290,,102761,20201,
migrate_demo,client,4,21054661,96290,,102761,20201,
migrate_demo,client,4,21059913,96290,,102761,20201,
migrate_demo,client,4,21065201,96290,,102761,20201,
migrate_demo,client,4,21070522,96290,,102941,20201,
migrate_demo,client,4,21075746,96290,,102941,20201,
migrate_demo,client,4,21081086,96290,,102941,20201,
migrate_demo,client,4,21086266,96290,,102941,20201,
migrate_demo,client,4,21091443,96290,,103196,20201,
migrate_demo,client,4,21096734,96290,,103196,20201,
migrate_demo,client,4,21101944,96290,,103196,20201,
migrate_demo,client,4,21107197,96290,,103196,20201,
migrate_demo,client,4,21112421,96290,,103196,20201,
migrate_demo,client,4,21117591,96290,,103421,20201,
migrate_demo,client,4,21122821,96290,,103421,20201,
migrate_demo,client,4,21128065,96290,,103421,20201,
migrate_demo,client,4,21133333,96290,,103421,20201,
migrate_demo,client,4,21138554,96290,,103676,20201,
migrate_demo,client,4,21143790,96290,,103676,20201,
migrate_demo,client,4,21148926,96290,,103676,20201,
migrate_demo,client,4,21154245,96290,,103676,20201,
migrate_demo,client,4,21159507,96290,,103905,20201,
migrate_demo,client,4,21164752,96290,,103905,20201,
migrate_demo,client,4,21169968,96290,,103905,20201,
migrate_demo,client,4,21175171,96290,,103905,20201,
migrate_demo,client,4,21180451,96290,,103905,20201,
migrate_demo,client,4,21185656,96290,,104156,20201,
migrate_demo,client,4,21190884,96290,,104156,20201,
migrate_demo,client,4,21196172,96290,,104156,20201,
migrate_demo,client,4,21201467,96290,,104156,20201,
migrate_demo,client,4,21206708,96290,,104385,20201,
migrate_demo,client,4,21212022,96290,,104385,20201,
migrate_demo,client,4,21217384,96290,,104385,20201,
migrate_demo,client,4,21222613,96290,,104385,20201,
migrate_demo,client,4,21227818,96290,,104385,20201,
migrate_demo,client,4,21233001,96290,,104646,20201,
migrate_demo,client,4,21238179,96290,,104646,20201,
migrate_demo,client,4,21243400,96290,,104646,20201,
migrate_demo,client,4,21248650,96290,,104646,20201,
migrate_demo,client,4,21253953,96290,,104872,20201,
migrate_demo,client,4,21259194,96290,,104872,20201,
migrate_demo,client,4,21264446,96290,,104872,20201,
migrate_demo,client,4,21269674,96290,,104872,20201,
migrate_demo,client,4,21274962,96290,,105137,20201,
migrate_demo,client,4,21280200,96290,,105137,20201,
migrate_demo,client,4,21285481,96290,,105137,20201,
migrate_demo,client,4,21290794,96290,,105137,20201,
migrate_demo,client,4,21296054,96290,,105137,20201,
migrate_demo,client,4,21301282,96290,,105365,20201,
migrate_demo,client,4,21306538,96290,,105365,20201,
migrate_demo,client,4,21311825,96290,,105365,20201,
migrate_demo,client,4,21317074,96290,,105365,20201,
migrate_demo,client,4,21322328,96290,,105600,20201,
migrate_demo,client,4,21327560,96290,,105600,20201,
migrate_demo,client,4,21332777,96290,,105600,20201,
migrate_demo,client,4,21338001,96290,,105600,20201,
migrate_demo,client,4,21343179,96290,,105818,20201,
migrate_demo,client,4,21348377,96290,,105818,20201,
migrate_demo,client,4,21353644,96290,,105818,20201,
migrate_demo,client,4,21358924,96290,,105818,20201,
migrate_demo,client,4,21364149,96290,,105818,20201,
migrate_demo,client,4,21369431,96290,,106084,20201,
migrate_demo,client,4,21374646,96290,,106084,20201,
migrate_demo,client,4,21379850,96290,,106084,20201,
migrate_demo,client,4,21385149,96290,,106084,20201,
migrate_demo,client,4,21390360,96290,,106297,20201,
migrate_demo,client,4,21395636,96290,,106297,20201,
migrate_demo,client,4,21400861,96290,,106297,20201,
migrate_demo,client,4,21406099,96290,,106297,20201,
migrate_demo,client,4,21411324,96290,,106297,20201,
migrate_demo,client,4,21416662,96290,,106570,20201,
migrate_demo,client,4,21421934,96290,,106570,20201,
migrate_demo,client,4,21427206,96290,,106570,20201,
migrate_demo,client,4,21432452,96290,,106570,20201,
migrate_demo,client,4,21437595,96290,,106793,20201,
migrate_demo,client,4,21442853,96290,,106793,20201,
migrate_demo,client,4,21448116,96290,,106793,20201,
migrate_demo,client,4,21453333,96290,,106793,20201,
migrate_demo,client,4,21458627,96290,,107071,20201,
migrate_demo,client,4,21463841,96290,,107071,20201,
migrate_demo,client,4,21469075,96290,,107071,20201,
migrate_demo,client,4,21474330,96290,,107071,20201,
migrate_demo,client,4,21479614,96290,,107071,20201,
migrate_demo,client,4,21484895,96290,,107319,20201,
migrate_demo,client,4,21490204,96290,,107319,20201,
migrate_demo,client,4,21495513,96290,,107319,20201,
migrate_demo,client,4,21500881,96290,,107319,20201,
migrate_demo,client,4,21506160,96290,,107566,20201,
migrate_demo,client,4,21511586,96290,,107566,20201,
migrate_demo,client,4,21516803,96290,,107566,20201,
migrate_demo,client,4,21522127,96290,,107566,20201,
migrate_demo,client,4,21527364,96290,,107808,20201,
migrate_demo,client,4,21532687,96290,,107808,20201,
migrate_demo,client,4,21537993,96290,,107808,20201,
migrate_demo,client,4,21543275,96290,,107808,20201,
migrate_demo,client,4,21548548,96290,,107808,20201,
migrate_demo,client,4,21553748,96290,,108089,20201,
migrate_demo,client,4,21559007,96290,,108089,20201,
migrate_demo,client,4,21564270,96290,,108089,20201,
migrate_demo,client,4,21569384,96290,,108089,20201,
migrate_demo,client,4,21574588,96290,,108328,20201,
migrate_demo,client,4,21579924,96290,,108328,20201,
migrate_demo,client,4,21585188,96290,,108328,20201,
migrate_demo,client,4,21590456,96290,,108328,20201,
migrate_demo,client,4,21595781,96290,,111007,20201,
migrate_demo,client,4,21601007,96290,,110956,20201,
migrate_demo,client,4,21606315,96290,,110956,20201,
migrate_demo,client,4,21611581,96290,,110956,20201,
migrate_demo,client,4,21616926,96290,,110956,20201,
migrate_demo,client,4,21622250,96290,,110956,20201,
migrate_demo,client,4,21627517,96290,,110921,20201,
migrate_demo,client,4,21632800,96290,,110921,20201,
migrate_demo,client,4,21638031,96290,,110921,20201,
migrate_demo,client,4,21643275,96290,,110921,20201,
migrate_demo,client,4,21648532,96290,,110919,20201,
migrate_demo,client,4,21653699,96290,,110919,20201,
migrate_demo,client,4,21658997,96290,,110919,20201,
migrate_demo,client,4,21664237,96290,,110919,20201,
migrate_demo,client,4,21669443,96290,,110988,20201,
migrate_demo,client,4,21674720,96290,,110988,20201,
migrate_demo,client,4,21679999,96290,,110988,20201,
migrate_demo,client,4,21685297,96290,,110988,20201,
migrate_demo,client,4,21690492,96290,,110988,20201,
migrate_demo,client,4,21695710,96290,,111043,20201,
migrate_demo,client,4,21700930,96290,,111043,20201,
migrate_demo,client,4,21706167,96290,,111043,20201,
migrate_demo,client,4,21711392,96290,,111043,20201,
migrate_demo,client,4,21716592,96290,,111172,20201,
migrate_demo,client,4,21721858,96290,,111172,20201,
migrate_demo,client,4,21727089,96290,,111172,20201,
migrate_demo,client,4,21732402,96290,,111172,20201,
migrate_demo,client,4,21737708,96290,,111280,20201,
migrate_demo,client,4,21742932,96290,,111280,20201,
migrate_demo,client,4,21748243,96290,,111280,20201,
migrate_demo,client,4,21753469,96290,,111280,20201,
migrate_demo,client,4,21758724,96290,,111280,20201,
migrate_demo,client,4,21763954,96290,,111441,20201,
migrate_demo,client,4,21769210,96290,,111441,20201,
migrate_demo,client,4,21774436,96290,,111441,20201,
migrate_demo,client,4,21779681,96290,,111441,20201,
migrate_demo,client,4,21784913,96290,,111579,20201,
migrate_demo,client,4,21790133,96290,,111579,20201,
migrate_demo,client,4,21795426,96290,,111579,20201,
migrate_demo,client,4,21800803,96290,,111579,20201,
migrate_demo,client,4,21806176,96290,,111579,20201,
migrate_demo,client,4,21811390,96290,,111769,20201,
migrate_demo,client,4,21816686,96290,,111769,20201,
migrate_demo,client,4,21821932,96290,,111769,20201,
migrate_demo,client,4,21827256,96290,,111769,20201,
migrate_demo,client,4,21832446,96290,,111930,20201,
migrate_demo,client,4,21837692,96290,,111930,20201,
migrate_demo,client,4,21842929,96290,,111930,20201,
migrate_demo,client,4,21848192,96290,,111930,20201,
migrate_demo,client,4,21853452,96290,,112129,20201,
migrate_demo,client,4,21858741,96290,,112129,20201,
migrate_demo,client,4,21863996,96290,,112129,20201,
migrate_demo,client,4,21869302,96290,,112129,20201,
migrate_demo,client,4,21874556,96290,,112129,20201,
migrate_demo,client,4,21879824,96290,,112299,20201,
migrate_demo,client,4,21885173,96290,,112299,20201,
migrate_demo,client,4,21890521,96290,,112299,20201,
migrate_demo,client,4,21895804,96290,,112299,20201,
migrate_demo,client,4,21901078,96290,,112520,20201,
migrate_demo,client,4,21906392,96290,,112520,20201,
migrate_demo,client,4,21911752,96290,,112520,20201,
migrate_demo,client,4,21917111,96290,,112520,20201,
migrate_demo,client,4,21922364,96290,,112710,20201,
migrate_demo,client,4,21927665,96290,,112710,20201,
migrate_demo,client,4,21932936,96290,,112710,20201,
migrate_demo,client,4,21938242,96290,,112710,20201,
migrate_demo,client,4,21943518,96290,,112710,20201,
migrate_demo,client,4,21948787,96290,,112941,20201,
migrate_demo,client,4,21954077,96290,,112941,20201,
migrate_demo,client,4,21959369,96290,,112941,20201,
migrate_demo,client,4,21964700,96290,,112941,20201,
migrate_demo,client,4,21969991,96290,,113141,20201,
migrate_demo,client,4,21975289,96290,,113141,20201,
migrate_demo,client,4,21980531,96290,,113141,20201,
migrate_demo,client,4,21985734,96290,,113141,20201,
migrate_demo,client,4,21990893,96290,,113379,20201,
migrate_demo,client,4,21996149,96290,,113379,20201,
migrate_demo,client,4,22001363,96290,,113379,20201,
migrate_demo,client,4,22006536,96290,,113379,20201,
migrate_demo,client,4,22011837,96290,,113379,20201,
migrate_demo,client,4,22017215,96290,,113593,20201,
migrate_demo,client,4,22022458,96290,,113593,20201,
migrate_demo,client,4,22027694,96290,,113593,20201,
migrate_demo,client,4,22033076,96290,,113593,20201,
migrate_demo,client,4,22038293,96290,,113825,20201,
migrate_demo,client,4,22043611,96290,,113825,20201,
migrate_demo,client,4,22048911,96290,,113825,20201,
migrate_demo,client,4,22054242,96290,,113825,20201,
migrate_demo,client,4,22059522,96290,,114006,20201,
migrate_demo,client,4,22064911,96290,,114006,20201,
migrate_demo,client,4,22070293,96290,,114006,20201,
migrate_demo,client,4,22075519,96290,,114006,20201,
migrate_demo,client,4,22080755,96290,,114006,20201,
migrate_demo,client,4,22086103,96290,,114267,20201,
migrate_demo,client,4,22091451,96290,,114267,20201,
migrate_demo,client,4,22096843,96290,,114267,20201,
migrate_demo,client,4,22102213,96290,,114267,20201,
migrate_demo,client,4,22107487,96290,,114492,20201,
migrate_demo,client,4,22112873,96290,,114492,20201,
migrate_demo,client,4,22118169,96290,,114492,20201,
migrate_demo,client,4,22123520,96290,,114492,20201,
migrate_demo,client,4,22128733,96290,,114754,20201,
migrate_demo,client,4,22134017,96290,,114754,20201,
migrate_demo,client,4,22139278,96290,,114754,20201,
migrate_demo,client,4,22144483,96290,,114754,20201,
migrate_demo,client,4,22149737,96290,,114754,20201,
migrate_demo,client,4,22154950,96290,,114973,20201,
migrate_demo,client,4,22160241,96290,,114973,20201,
migrate_demo,client,4,22165519,96290,,114973,20201,
migrate_demo,client,4,22170800,96290,,114973,20201,
migrate_demo,client,4,22176139,96290,,115240,20201,
migrate_demo,client,4,22181472,96290,,115240,20201,
migrate_demo,client,4,22186787,96290,,115240,20201,
migrate_demo,client,4,22192094,96290,,115240,20201,
migrate_demo,client,4,22197353,96290,,115469,20201,
migrate_demo,client,4,22202668,96290,,115469,20201,
migrate_demo,client,4,22207912,96290,,115469,20201,
migrate_demo,client,4,22213236,96290,,115469,20201,
migrate_demo,client,4,22218468,96290,,115469,20201,
migrate_demo,client,4,22223730,96290,,115704,20201,
migrate_demo,client,4,22228925,96290,,115704,20201,
migrate_demo,client,4,22234188,96290,,115704,20201,
migrate_demo,client,4,22239421,96290,,115704,20201,
migrate_demo,client,4,22244756,96290,,115905,20201,
migrate_demo,client,4,22250061,96290,,115905,20201,
migrate_demo,client,4,22255359,96290,,115905,20201,
migrate_demo,client,4,22260596,96290,,115905,20201,
migrate_demo,client,4,22265834,96290,,116174,20201,
migrate_demo,client,4,22271052,96290,,116174,20201,
migrate_demo,client,4,22276254,96290,,116174,20201,
migrate_demo,client,4,22281481,96290,,116174,20201,
migrate_demo,client,4,22286724,96290,,116174,20201,
migrate_demo,client,4,22291932,96290,,116404,20201,
migrate_demo,client,4,22297272,96290,,116404,20201,
migrate_demo,client,4,22302493,96290,,116404,20201,
migrate_demo,client,4,22307804,96290,,116404,20201,
migrate_demo,client,4,22312958,96290,,116683,20201,
migrate_demo,client,4,22318229,96290,,116683,20201,
migrate_demo,client,4,22323557,96290,,116683,20201,
migrate_demo,client,4,22328794,96290,,116683,20201,
migrate_demo,client,4,22334041,96290,,116683,20201,
migrate_demo,client,4,22339205,96290,,116919,20201,
migrate_demo,client,4,22344501,96290,,116919,20201,
migrate_demo,client,4,22349690,96290,,116919,20201,
migrate_demo,client,4,22354915,96290,,116919,20201,
migrate_demo,client,4,22360141,96290,,117189,20201,
migrate_demo,client,4,22365462,96290,,117189,20201,
migrate_demo,client,4,22370693,96290,,117189,20201,
migrate_demo,client,4,22375929,96290,,117189,20201,
migrate_demo,client,4,22381140,96290,,117431,20201,
migrate_demo,client,4,22386374,96290,,117431,20201,
migrate_demo,client,4,22391644,96290,,117431,20201,
migrate_demo,client,4,22396875,96290,,117431,20201,
migrate_demo,client,4,22402184,96290,,117431,20201,
migrate_demo,client,4,22407378,96290,,117707,20201,
migrate_demo,client,4,22412639,96290,,117707,20201,
migrate_demo,client,4,22417947,96290,,117707,20201,
migrate_demo,client,4,22423134,96290,,117707,20201,
migrate_demo,client,4,22428331,96290,,117947,20201,
migrate_demo,client,4,22433682,96290,,117947,20201,
migrate_demo,client,4,22438944,96290,,117947,20201,
migrate_demo,client,4,22444192,96290,,117947,20201,
migrate_demo,client,4,22449401,96290,,119109,20201,
migrate_demo,client,4,22454630,96290,,119109,20201,
migrate_demo,client,4,22459958,96290,,119109,20201,
migrate_demo,client,4,22465177,96290,,119227,20201,
migrate_demo,client,4,22470453,96290,,119227,20201,
migrate_demo,client,4,22475687,96290,,119227,20201,
migrate_demo,client,4,22481037,96290,,119227,20201,
migrate_demo,client,4,22486277,96290,,119227,20201,
migrate_demo,client,4,22491558,96290,,120899,20201,
migrate_demo,client,4,22496859,96290,,120899,20201,
migrate_demo,client,4,22502083,96290,,120817,20201,
migrate_demo,client,4,22507371,96290,,120817,20201,
migrate_demo,client,4,22512579,96290,,120817,20201,
migrate_demo,client,4,22517909,96290,,120817,20201,
migrate_demo,client,4,22523143,96290,,120852,20201,
migrate_demo,client,4,22528381,96290,,120852,20201,
migrate_demo,client,4,22533690,96290,,120852,20201,
migrate_demo,client,4,22538943,96290,,120852,20201,
migrate_demo,client,4,22544234,96290,,120852,20201,
migrate_demo,client,4,22549472,96290,,120854,20201,
migrate_demo,client,4,22554746,96290,,120854,20201,
migrate_demo,client,4,22559932,96290,,120854,20201,
migrate_demo,client,4,22565294,96290,,120854,20201,
migrate_demo,client,4,22570551,96290,,120949,20201,
migrate_demo,client,4,22575753,96290,,120949,20201,
migrate_demo,client,4,22581011,96290,,120949,20201,
migrate_demo,client,4,22586275,96290,,120949,20201,
migrate_demo,client,4,22591530,96290,,121033,20201,
migrate_demo,client,4,22596804,96290,,121033,20201,
migrate_demo,client,4,22602126,96290,,121033,20201,
migrate_demo,client,4,22607395,96290,,121033,20201,
migrate_demo,client,4,22612825,96290,,121033,20201,
migrate_demo,client,4,22618193,96290,,121173,20201,
migrate_demo,client,4,22623502,96290,,121173,20201,
migrate_demo,client,4,22628909,96290,,121173,20201,
migrate_demo,client,4,22634266,96290,,121173,20201,
migrate_demo,client,4,22639533,96290,,121250,20201,
migrate_demo,client,4,22644773,96290,,121250,20201,
migrate_demo,client,4,22650049,96290,,121250,20201,
migrate_demo,client,4,22655282,96290,,121250,20201,
migrate_demo,client,4,22660495,96290,,121384,20201,
migrate_demo,client,4,22665782,96290,,121384,20201,
migrate_demo,client,4,22671015,96290,,121384,20201,
migrate_demo,client,4,22676299,96290,,121384,20201,
migrate_demo,client,4,22681565,96290,,121384,20201,
migrate_demo,client,4,22686817,96290,,121544,20201,
migrate_demo,client,4,22692110,96290,,121544,20201,
migrate_demo,client,4,22697315,96290,,121544,20201,
migrate_demo,client,4,22702541,96290,,121544,20201,
migrate_demo,client,4,22707719,96290,,121734,20201,
migrate_demo,client,4,22712977,96290,,121734,20201,
migrate_demo,client,4,22718267,96290,,121734,20201,
migrate_demo,client,4,22723545,96290,,121734,20201,
migrate_demo,client,4,22728896,96290,,121876,20201,
migrate_demo,client,4,22734255,96290,,121876,20201,
migrate_demo,client,4,22739542,96290,,121876,20201,
migrate_demo,client,4,22744854,96290,,121876,20201,
migrate_demo,client,4,22750194,96290,,121876,20201,
migrate_demo,client,4,22755461,96290,,122102,20201,
migrate_demo,client,4,22760785,96290,,122102,20201,
migrate_demo,client,4,22766149,96290,,122102,20201,
migrate_demo,client,4,22771472,96290,,122102,20201,
migrate_demo,client,4,22776771,96290,,122302,20201,
migrate_demo,client,4,22782098,96290,,122302,20201,
migrate_demo,client,4,22787439,96290,,122302,20201,
migrate_demo,client,4,22792707,96290,,122302,20201,
migrate_demo,client,4,22798017,96290,,122528,20201,
migrate_demo,client,4,22803325,96290,,122528,20201,
migrate_demo,client,4,22808681,96290,,122528,20201,
migrate_demo,client,4,22813996,96290,,122528,20201,
migrate_demo,client,4,22819264,96290,,122528,20201,
migrate_demo,client,4,22824460,96290,,122725,20201,
migrate_demo,client,4,22829774,96290,,122725,20201,
migrate_demo,client,4,22834965,96290,,122725,20201,
migrate_demo,client,4,22840212,96290,,122725,20201,
migrate_demo,client,4,22845462,96290,,122973,20201,
migrate_demo,client,4,22850760,96290,,122973,20201,
migrate_demo,client,4,22856065,96290,,122973,20201,
migrate_demo,client,4,22861377,96290,,122973,20201,
migrate_demo,client,4,22866606,96290,,123186,20201,
migrate_demo,client,4,22871895,96290,,123186,20201,
migrate_demo,client,4,22877193,96290,,123186,20201,
migrate_demo,client,4,22882565,96290,,123186,20201,
migrate_demo,client,4,22887973,96290,,123186,20201,
migrate_demo,client,4,22893316,96290,,123423,20201,
migrate_demo,client,4,22898676,96290,,123423,20201,
migrate_demo,client,4,22903967,96290,,123423,20201,
migrate_demo,client,4,22909184,96290,,123423,20201,
migrate_demo,client,4,22914406,96290,,123639,20201,
migrate_demo,client,4,22919676,96290,,123639,20201,
migrate_demo,client,4,22924950,96290,,123639,20201,
migrate_demo,client,4,22930334,96290,,123639,20201,
migrate_demo,client,4,22935635,96290,,123892,20201,
migrate_demo,client,4,22940992,96290,,123892,20201,
migrate_demo,client,4,22946177,96290,,123892,20201,
migrate_demo,client,4,22951435,96290,,123892,20201,
migrate_demo,client,4,22956644,96290,,123892,20201,
migrate_demo,client,4,22961853,96290,,124103,20201,
migrate_demo,client,4,22967120,96290,,124103,20201,
migrate_demo,client,4,22972411,96290,,124103,20201,
migrate_demo,client,4,22977648,96290,,124103,20201,
migrate_demo,client,4,22982949,96290,,124346,20201,
migrate_demo,client,4,22988178,96290,,124346,20201,
migrate_demo,client,4,22993549,96290,,124346,20201,
migrate_demo,client,4,22998788,96290,,124346,20201,
migrate_demo,client,4,23004172,96290,,124581,20201,
migrate_demo,client,4,23009501,96290,,124581,20201,
migrate_demo,client,4,23014787,96290,,124581,20201,
migrate_demo,client,4,23020022,96290,,124581,20201,
migrate_demo,client,4,23025180,96290,,124581,20201,
migrate_demo,client,4,23030410,96290,,124842,20201,
migrate_demo,client,4,23035635,96290,,124842,20201,
migrate_demo,client,4,23040954,96290,,124842,20201,
migrate_demo,client,4,23046230,96290,,124842,20201,
migrate_demo,client,4,23051460,96290,,125070,20201,
migrate_demo,client,4,23056701,96290,,125070,20201,
migrate_demo,client,4,23061991,96290,,125070,20201,
migrate_demo,client,4,23067353,96290,,125070,20201,
migrate_demo,client,4,23072705,96290,,125070,20201,
migrate_demo,client,4,23078025,96290,,125332,20201,
migrate_demo,client,4,23083402,96290,,125332,20201,
migrate_demo,client,4,23088718,96290,,125332,20201,
migrate_demo,client,4,23093974,96290,,125332,20201,
migrate_demo,client,4,23099245,96290,,125556,20201,
migrate_demo,client,4,23104548,96290,,125556,20201,
migrate_demo,client,4,23109793,96290,,125556,20201,
migrate_demo,client,4,23115082,96290,,125556,20201,
migrate_demo,client,4,23120302,96290,,125820,20201,
migrate_demo,client,4,23125681,96290,,125820,20201,
migrate_demo,client,4,23130895,96290,,125820,20201,
migrate_demo,client,4,23136179,96290,,125820,20201,
migrate_demo,client,4,23141461,96290,,125820,20201,
migrate_demo,client,4,23146684,96290,,126043,20201,
migrate_demo,client,4,23152035,96290,,126043,20201,
migrate_demo,client,4,23157282,96290,,126043,20201,
migrate_demo,client,4,23162482,96290,,126043,20201,
migrate_demo,client,4,23167694,96290,,126310,20201,
migrate_demo,client,4,23172950,96290,,126310,20201,
migrate_demo,client,4,23178189,96290,,126310,20201,
migrate_demo,client,4,23183403,96290,,126310,20201,
migrate_demo,client,4,23188675,96290,,126535,20201,
migrate_demo,client,4,23193912,96290,,126535,20201,
migrate_demo,client,4,23199141,96290,,126535,20201,
migrate_demo,client,4,23204307,96290,,126535,20201,
migrate_demo,client,4,23209607,96290,,126535,20201,
migrate_demo,client,4,23214911,96290,,126802,20201,
migrate_demo,client,4,23220205,96290,,126802,20201,
migrate_demo,client,4,23225583,96290,,126802,20201,
migrate_demo,client,4,23231015,96290,,126802,20201,
migrate_demo,client,4,23236350,96290,,127024,20201,
migrate_demo,client,4,23241715,96290,,127024,20201,
migrate_demo,client,4,23246950,96290,,127024,20201,
migrate_demo,client,4,23252210,96290,,127024,20201,
migrate_demo,client,4,23257513,96290,,127293,20201,
migrate_demo,client,4,23262776,96290,,127293,20201,
migrate_demo,client,4,23268034,96290,,127293,20201,
migrate_demo,client,4,23273229,96290,,127293,20201,
migrate_demo,client,4,23278542,96290,,127293,20201,
migrate_demo,client,4,23283818,96290,,127532,20201,
migrate_demo,client,4,23289129,96290,,127532,20201,
migrate_demo,client,4,23294370,96290,,127532,20201,
migrate_demo,client,4,23299717,96290,,127532,20201,
migrate_demo,client,4,23305013,96290,,127804,20201,
migrate_demo,client,4,23310311,96290,,127804,20201,
migrate_demo,client,4,23315553,96290,,127804,20201,
migrate_demo,client,4,23320799,96290,,127804,20201,
migrate_demo,client,4,23326057,96290,,128040,20201,
migrate_demo,client,4,23331389,96290,,128040,20201,
migrate_demo,client,4,23336643,96290,,128040,20201,
migrate_demo,client,4,23341945,96290,,128040,20201,
migrate_demo,client,4,23347193,96290,,128040,20201,
migrate_demo,client,4,23352385,96290,,128313,20201,
migrate_demo,client,4,23357723,96290,,128313,20201,
migrate_demo,client,4,23362950,96290,,128313,20201,
migrate_demo,client,4,23368294,96290,,128313,20201,
migrate_demo,client,4,23373485,96290,,128540,20201,
migrate_demo,client,4,23378781,96290,,128540,20201,
migrate_demo,client,4,23384066,96290,,128540,20201,
migrate_demo,client,4,23389398,96290,,128540,20201,
migrate_demo,client,4,23394685,96290,,128540,20201,
migrate_demo,client,4,23399962,96290,,131143,20201,
migrate_demo,client,4,23405264,96290,,131143,20201,
migrate_demo,client,4,23410614,96290,,131143,20201,
migrate_demo,client,4,23415908,96290,,131143,20201,
migrate_demo,client,4,23421237,96290,,131143,20201,
migrate_demo,client,4,23426509,96290,,131148,20201,
migrate_demo,client,4,23431811,96290,,131148,20201,
migrate_demo,client,4,23437165,96290,,131148,20201,
migrate_demo,client,4,23442511,96290,,131148,20201,
migrate_demo,client,4,23447755,96290,,131162,20201,
migrate_demo,client,4,23453064,96290,,131162,20201,
migrate_demo,client,4,23458351,96290,,131162,20201,
migrate_demo,client,4,23463694,96290,,131162,20201,
migrate_demo,client,4,23469050,96290,,131228,20201,
migrate_demo,client,4,23474313,96290,,131228,20201,
migrate_demo,client,4,23479656,96290,,131228,20201,
migrate_demo,client,4,23484993,96290,,131228,20201,
migrate_demo,client,4,23490337,96290,,131292,20201,
migrate_demo,client,4,23495714,96290,,131292,20201,
migrate_demo,client,4,23500925,96290,,131292,20201,
migrate_demo,client,4,23506182,96290,,131292,20201,
migrate_demo,client,4,23511426,96290,,131292,20201,
migrate_demo,client,4,23516694,96290,,131410,20201,
migrate_demo,client,4,23521958,96290,,131410,20201,
migrate_demo,client,4,23527177,96290,,131410,20201,
migrate_demo,client,4,23532395,96290,,131410,20201,
migrate_demo,client,4,23537608,96290,,131512,20201,
migrate_demo,client,4,23542842,96290,,131512,20201,
migrate_demo,client,4,23548079,96290,,131512,20201,
migrate_demo,client,4,23553304,96290,,131512,20201,
migrate_demo,client,4,23558528,96290,,131512,20201,
migrate_demo,client,4,23563767,96290,,131645,20201,
migrate_demo,client,4,23569098,96290,,131645,20201,
migrate_demo,client,4,23574418,96290,,131645,20201,
migrate_demo,client,4,23579725,96290,,131645,20201,
migrate_demo,client,4,23585042,96290,,131747,20201,
migrate_demo,client,4,23590271,96290,,131747,20201,
migrate_demo,client,4,23595534,96290,,131747,20201,
migrate_demo,client,4,23600843,96290,,131747,20201,
migrate_demo,client,4,23606179,96290,,131923,20201,
migrate_demo,client,4,23611435,96290,,131923,20201,
migrate_demo,client,4,23616776,96290,,131923,20201,
migrate_demo,client,4,23622174,96290,,131923,20201,
migrate_demo,client,4,23627638,96290,,131923,20201,
migrate_demo,client,4,23633025,96290,,132081,20201,
migrate_demo,client,4,23638220,96290,,132081,20201,
migrate_demo,client,4,23643526,96290,,132081,20201,
migrate_demo,client,4,23648675,96290,,132081,20201,
migrate_demo,client,4,23653818,96290,,132291,20201,
migrate_demo,client,4,23659051,96290,,132291,20201,
migrate_demo,client,4,23664356,96290,,132291,20201,
migrate_demo,client,4,23669654,96290,,132291,20201,
migrate_demo,client,4,23674902,96290,,132470,20201,
migrate_demo,client,4,23680147,96290,,132470,20201,
migrate_demo,client,4,23685407,96290,,132470,20201,
migrate_demo,client,4,23690584,96290,,132470,20201,
migrate_demo,client,4,23695833,96290,,132470,20201,
migrate_demo,client,4,23701015,96290,,132689,20201,
migrate_demo,client,4,23706237,96290,,132689,20201,
migrate_demo,client,4,23711454,96290,,132689,20201,
migrate_demo,client,4,23716691,96290,,132689,20201,
migrate_demo,client,4,23721841,96290,,132884,20201,
migrate_demo,client,4,23727100,96290,,132884,20201,
migrate_demo,client,4,23732340,96290,,132884,20201,
migrate_demo,client,4,23737552,96290,,132884,20201,
migrate_demo,client,4,23742804,96290,,132884,20201,
migrate_demo,client,4,23748016,96290,,133112,20201,
migrate_demo,client,4,23753388,96290,,133112,20201,
migrate_demo,client,4,23758640,96290,,133112,20201,
migrate_demo,client,4,23763962,96290,,133112,20201,
migrate_demo,client,4,23769256,96290,,133320,20201,
migrate_demo,client,4,23774477,96290,,133320,20201,
migrate_demo,client,4,23779807,96290,,133320,20201,
migrate_demo,client,4,23785116,96290,,133320,20201,
migrate_demo,client,4,23790428,96290,,133558,20201,
migrate_demo,client,4,23795686,96290,,133558,20201,
migrate_demo,client,4,23801044,96290,,133558,20201,
migrate_demo,client,4,23806315,96290,,133558,20201,
migrate_demo,client,4,23811555,96290,,133558,20201,
migrate_demo,client,4,23816764,96290,,133765,20201,
migrate_demo,client,4,23822059,96290,,133765,20201,
migrate_demo,client,4,23827423,96290,,133765,20201,
migrate_demo,client,4,23832703,96290,,133765,20201,
migrate_demo,client,4,23837946,96290,,134011,20201,
migrate_demo,client,4,23843201,96290,,134011,20201,
migrate_demo,client,4,23848486,96290,,134011,20201,
migrate_demo,client,4,23853671,96290,,134011,20201,
migrate_demo,client,4,23858912,96290,,134214,20201,
migrate_demo,client,4,23864230,96290,,134214,20201,
migrate_demo,client,4,23869617,96290,,134214,20201,
migrate_demo,client,4,23874940,96290,,134214,20201,
migrate_demo,client,4,23880242,96290,,134214,20201,
migrate_demo,client,4,23885423,96290,,134465,20201,
migrate_demo,client,4,23890658,96290,,134465,20201,
migrate_demo,client,4,23895949,96290,,134465,20201,
migrate_demo,client,4,23901247,96290,,134465,20201,
migrate_demo,client,4,23906480,96290,,134655,20201,
migrate_demo,client,4,23911797,96290,,134655,20201,
migrate_demo,client,4,23917164,96290,,134655,20201,
migrate_demo,client,4,23922436,96290,,134655,20201,
migrate_demo,client,4,23927730,96290,,134920,20201,
migrate_demo,client,4,23932985,96290,,134920,20201,
migrate_demo,client,4,23938281,96290,,134920,20201,
migrate_demo,client,4,23943515,96290,,134920,20201,
migrate_demo,client,4,23948834,96290,,134920,20201,
migrate_demo,client,4,23954048,96290,,135155,20201,
migrate_demo,client,4,23959351,96290,,135155,20201,
migrate_demo,client,4,23964690,96290,,135155,20201,
migrate_demo,client,4,23970037,96290,,135155,20201,
migrate_demo,client,4,23975275,96290,,135421,20201,
migrate_demo,client,4,23980587,96290,,135421,20201,
migrate_demo,client,4,23985909,96290,,135421,20201,
migrate_demo,client,4,23991186,96290,,135421,20201,
migrate_demo,client,4,23996442,96290,,135650,20201,
migrate_demo,client,4,24001887,96290,,135650,20201,
migrate_demo,client,4,24007184,96290,,135650,20201,
migrate_demo,client,4,24012472,96290,,135650,20201,
migrate_demo,client,4,24017733,96290,,135650,20201,
migrate_demo,client,4,24022939,96290,,135916,20201,
migrate_demo,client,4,24028199,96290,,135916,20201,
migrate_demo,client,4,24033416,96290,,135916,20201,
migrate_demo,client,4,24038690,96290,,135916,20201,
migrate_demo,client,4,24043902,96290,,136152,20201,
migrate_demo,client,4,24049125,96290,,136152,20201,
migrate_demo,client,4,24054329,96290,,136152,20201,
migrate_demo,client,4,24059573,96290,,136152,20201,
migrate_demo,client,4,24064814,96290,,136418,20201,
migrate_demo,client,4,24070068,96290,,136418,20201,
migrate_demo,client,4,24075259,96290,,136418,20201,
migrate_demo,client,4,24080566,96290,,136418,20201,
migrate_demo,client,4,24085819,96290,,136418,20201,
migrate_demo,client,4,24091001,96290,,136654,20201,
migrate_demo,client,4,24096289,96290,,136654,20201,
migrate_demo,client,4,24101706,96290,,122834,20201,
migrate_demo,client,4,24107041,96290,,122834,20201,
migrate_demo,client,4,24112404,96290,,122834,20201,
migrate_demo,client,4,24117745,96290,,122834,20201,
migrate_demo,client,4,24123146,96290,,122834,20201,
migrate_demo,client,4,24128484,96290,,112544,20201,
migrate_demo,client,4,24133801,96290,,112544,20201,
