arm,role,rep,time_us,cwnd,bytes_in_flight,smoothed_rtt,min_rtt,latest_rtt
migrate_demo,server,4,539844,12200,,20947,20850,
migrate_demo,server,4,545030,12200,,20947,20850,
migrate_demo,server,4,550237,12200,,20947,20850,
migrate_demo,server,4,555596,12200,,20947,20850,
migrate_demo,server,4,560761,23180,,21559,20747,
migrate_demo,server,4,565972,23180,,21559,20747,
migrate_demo,server,4,571197,23180,,21559,20747,
migrate_demo,server,4,576427,25652,,21401,20298,
migrate_demo,server,4,581632,37852,,20920,20238,
migrate_demo,server,4,586927,46392,,20760,20238,
migrate_demo,server,4,592132,46392,,20760,20238,
migrate_demo,server,4,597315,47724,,20718,20238,
migrate_demo,server,4,602487,60244,,20920,20238,
migrate_demo,server,4,607651,72764,,22010,20238,
migrate_demo,server,4,612870,86536,,24184,20238,
migrate_demo,server,4,618114,94208,,24346,20238,
migrate_demo,server,4,623282,107528,,22856,20238,
migrate_demo,server,4,628482,120848,,23676,20238,
migrate_demo,server,4,633706,132836,,25139,20238,
migrate_demo,server,4,638876,146156,,27453,20238,
migrate_demo,server,4,644095,159476,,29832,20238,
migrate_demo,server,4,649297,170132,,31942,20238,
migrate_demo,server,4,654502,183452,,34481,20238,
migrate_demo,server,4,659850,197632,,36561,20238,
migrate_demo,server,4,665077,208928,,38638,20238,
migrate_demo,server,4,670314,221636,,41102,20238,
migrate_demo,server,4,675477,235756,,43930,20238,
migrate_demo,server,4,680681,247052,,46136,20238,
migrate_demo,server,4,685891,258348,,48438,20238,
migrate_demo,server,4,691135,272468,,51380,20238,
migrate_demo,server,4,696420,286588,,54237,20238,
migrate_demo,server,4,701612,299296,,57199,20238,
migrate_demo,server,4,706819,310592,,59322,20238,
migrate_demo,server,4,712192,321888,,61658,20238,
migrate_demo,server,4,717395,336008,,64633,20238,
migrate_demo,server,4,722704,350128,,67413,20238,
migrate_demo,server,4,728004,361424,,69766,20238,
migrate_demo,server,4,733276,375904,,72411,20238,
migrate_demo,server,4,738549,387680,,74614,20238,
migrate_demo,server,4,743747,399456,,77085,20238,
migrate_demo,server,4,749025,414176,,80064,20238,
migrate_demo,server,4,754194,425952,,82483,20238,
migrate_demo,server,4,759391,437728,,85086,20238,
migrate_demo,server,4,764739,452448,,87856,20238,
migrate_demo,server,4,769890,464224,,90357,20238,
migrate_demo,server,4,775072,477472,,92910,20238,
migrate_demo,server,4,780230,489248,,95214,20238,
migrate_demo,server,4,785403,501024,,97802,20238,
migrate_demo,server,4,790573,514272,,100254,20238,
migrate_demo,server,4,795764,526048,,102837,20238,
migrate_demo,server,4,801057,540768,,105967,20238,
migrate_demo,server,4,806268,552544,,108460,20238,
migrate_demo,server,4,811417,564320,,110986,20238,
migrate_demo,server,4,816666,576096,,113408,20238,
migrate_demo,server,4,821839,590816,,116262,20238,
migrate_demo,server,4,827108,604064,,118830,20238,
migrate_demo,server,4,832372,615840,,121372,20238,
migrate_demo,server,4,837535,627616,,123986,20238,
migrate_demo,server,4,842720,639392,,126260,20238,
migrate_demo,server,4,848025,654112,,129432,20238,
migrate_demo,server,4,853151,665888,,131776,20238,
migrate_demo,server,4,858331,677664,,134341,20238,
migrate_demo,server,4,863520,692384,,137103,20238,
migrate_demo,server,4,868710,704160,,139415,20238,
migrate_demo,server,4,873973,717408,,142063,20238,
migrate_demo,server,4,879123,729184,,144742,20238,
migrate_demo,server,4,884273,740960,,147043,20238,
migrate_demo,server,4,889591,755680,,150117,20238,
migrate_demo,server,4,894823,767456,,152534,20238,
migrate_demo,server,4,900037,779232,,154852,20238,
migrate_demo,server,4,905191,793952,,158069,20238,
migrate_demo,server,4,910398,805728,,160423,20238,
migrate_demo,server,4,915639,817504,,162821,20238,
migrate_demo,server,4,920960,832224,,165913,20238,
migrate_demo,server,4,926199,844000,,168338,20238,
migrate_demo,server,4,931393,855776,,170685,20238,
migrate_demo,server,4,936684,870496,,173637,20238,
migrate_demo,server,4,941899,882272,,176323,20238,
migrate_demo,server,4,947060,894048,,178623,20238,
migrate_demo,server,4,952231,905824,,180967,20238,
migrate_demo,server,4,957402,920544,,183896,20238,
migrate_demo,server,4,962570,932320,,186315,20238,
migrate_demo,server,4,967733,944096,,188650,20238,
migrate_demo,server,4,972974,958816,,191680,20238,
migrate_demo,server,4,978227,970592,,194121,20238,
migrate_demo,server,4,983407,982368,,196548,20238,
migrate_demo,server,4,988610,994144,,199006,20238,
migrate_demo,server,4,993898,1008864,,201779,20238,
migrate_demo,server,4,999091,1020640,,204390,20238,
migrate_demo,server,4,1004310,1032416,,206866,20238,
migrate_demo,server,4,1009484,1047136,,210115,20238,
migrate_demo,server,4,1014663,1058912,,212441,20238,
migrate_demo,server,4,1019899,1070688,,215093,20238,
migrate_demo,server,4,1025164,1085408,,217945,20238,
migrate_demo,server,4,1030357,1097184,,220278,20238,
migrate_demo,server,4,1035515,1108960,,222632,20238,
migrate_demo,server,4,1040787,1123680,,225711,20238,
migrate_demo,server,4,1045998,1135456,,228107,20238,
migrate_demo,server,4,1051164,1147232,,230725,20238,
migrate_demo,server,4,1056336,1160480,,233731,20238,
migrate_demo,server,4,1061500,1172256,,236079,20238,
migrate_demo,server,4,1066733,1184032,,238319,20238,
migrate_demo,server,4,1071959,1198752,,241273,20238,
migrate_demo,server,4,1077154,1210528,,243679,20238,
migrate_demo,server,4,1082417,1222304,,246141,20238,
migrate_demo,server,4,1087653,1237024,,249159,20238,
migrate_demo,server,4,1092860,1248800,,251583,20238,
migrate_demo,server,4,1098081,1260576,,254022,20238,
migrate_demo,server,4,1103264,1275296,,257079,20238,
migrate_demo,server,4,1108482,1287072,,259555,20238,
migrate_demo,server,4,1113625,1298848,,262036,20238,
migrate_demo,server,4,1118871,1313568,,264975,20238,
migrate_demo,server,4,1124076,1325344,,267371,20238,
migrate_demo,server,4,1129273,1337120,,269907,20238,
migrate_demo,server,4,1134461,1348896,,272259,20238,
migrate_demo,server,4,1139688,1363616,,275407,20238,
migrate_demo,server,4,1144858,1375392,,277754,20238,
migrate_demo,server,4,1150098,1387168,,280266,20238,
migrate_demo,server,4,1155280,1401888,,283160,20238,
migrate_demo,server,4,1160435,1413664,,285547,20238,
migrate_demo,server,4,1165604,1425440,,287851,20238,
migrate_demo,server,4,1170964,1437216,,290167,20238,
migrate_demo,server,4,1176169,1451936,,293205,20238,
migrate_demo,server,4,1181320,1463712,,295801,20238,
migrate_demo,server,4,1186627,1475488,,298363,20238,
migrate_demo,server,4,1191840,1490208,,301344,20238,
migrate_demo,server,4,1196958,1501984,,303751,20238,
migrate_demo,server,4,1202110,1513760,,306132,20238,
migrate_demo,server,4,1207343,1528480,,309216,20238,
migrate_demo,server,4,1212529,1540256,,311565,20238,
migrate_demo,server,4,1217698,1552032,,313972,20238,
migrate_demo,server,4,1222967,1563808,,316556,20238,
migrate_demo,server,4,1228116,1578528,,319534,20238,
migrate_demo,server,4,1233314,1590304,,321921,20238,
migrate_demo,server,4,1238532,1602080,,324321,20238,
migrate_demo,server,4,1243666,1616800,,327362,20238,
migrate_demo,server,4,1248854,1628576,,329718,20238,
migrate_demo,server,4,1254045,1640352,,332072,20238,
migrate_demo,server,4,1259406,1652128,,334602,20238,
migrate_demo,server,4,1264595,1666848,,337617,20238,
migrate_demo,server,4,1269784,1678624,,340116,20238,
migrate_demo,server,4,1275152,1690400,,342472,20238,
migrate_demo,server,4,1280322,1705120,,345549,20238,
migrate_demo,server,4,1285488,1716896,,348063,20238,
migrate_demo,server,4,1290770,1728672,,350415,20238,
migrate_demo,server,4,1295961,1743392,,353422,20238,
migrate_demo,server,4,1301136,1755168,,355832,20238,
migrate_demo,server,4,1306319,1766944,,358173,20238,
migrate_demo,server,4,1311595,1781664,,361164,20238,
migrate_demo,server,4,1316735,1793440,,363583,20238,
migrate_demo,server,4,1321912,1805216,,365991,20238,
migrate_demo,server,4,1327252,1816992,,368539,20238,
migrate_demo,server,4,1332398,1831712,,371569,20238,
migrate_demo,server,4,1337617,1843488,,373970,20238,
migrate_demo,server,4,1342918,1855264,,376359,20238,
migrate_demo,server,4,1348132,1869984,,379463,20238,
migrate_demo,server,4,1353306,1881760,,381852,20238,
migrate_demo,server,4,1358657,1893536,,384246,20238,
migrate_demo,server,4,1363887,1908256,,387261,20238,
migrate_demo,server,4,1369065,1920032,,389685,20238,
migrate_demo,server,4,1374319,1931808,,392131,20238,
migrate_demo,server,4,1379542,1946528,,395088,20238,
migrate_demo,server,4,1384700,1958304,,397521,20238,
migrate_demo,server,4,1389897,1970080,,399948,20238,
migrate_demo,server,4,1395194,1984800,,403023,20238,
migrate_demo,server,4,1400391,1996576,,405489,20238,
migrate_demo,server,4,1405552,2008352,,408036,20238,
migrate_demo,server,4,1410848,2020128,,410393,20238,
migrate_demo,server,4,1416053,2034848,,413353,20238,
migrate_demo,server,4,1421234,2046624,,415737,20238,
migrate_demo,server,4,1426445,2058400,,418273,20238,
migrate_demo,server,4,1431673,2073120,,421307,20238,
migrate_demo,server,4,1436781,2084896,,423693,20238,
migrate_demo,server,4,1442003,2096672,,426094,20238,
migrate_demo,server,4,1447236,2111392,,429047,20238,
migrate_demo,server,4,1452393,2123168,,431428,20238,
migrate_demo,server,4,1457581,2134944,,433974,20238,
migrate_demo,server,4,1462924,2146720,,436308,20238,
migrate_demo,server,4,1468181,2161440,,439483,20238,
migrate_demo,server,4,1473366,2173216,,441957,20238,
migrate_demo,server,4,1478562,2187936,,444868,20238,
migrate_demo,server,4,1483821,2199712,,447373,20238,
migrate_demo,server,4,1488966,2211488,,449776,20238,
migrate_demo,server,4,1494089,2223264,,452134,20238,
migrate_demo,server,4,1499276,2237984,,455175,20238,
migrate_demo,server,4,1504452,2249760,,457772,20238,
migrate_demo,server,4,1509630,2261536,,460099,20238,
migrate_demo,server,4,1515042,2273312,,462481,20238,
migrate_demo,server,4,1520233,2288032,,465525,20238,
migrate_demo,server,4,1525373,2299808,,468022,20238,
migrate_demo,server,4,1530700,2311584,,470531,20238,
migrate_demo,server,4,1535903,2326304,,473386,20238,
migrate_demo,server,4,1541072,2338080,,475892,20238,
migrate_demo,server,4,1546400,2349856,,478363,20238,
migrate_demo,server,4,1551736,2364576,,481294,20238,
migrate_demo,server,4,1556878,2376352,,483799,20238,
migrate_demo,server,4,1562041,2388128,,486129,20238,
migrate_demo,server,4,1567205,2402848,,489053,20238,
migrate_demo,server,4,1572406,2414624,,491588,20238,
migrate_demo,server,4,1577574,2426400,,493958,20238,
migrate_demo,server,4,1582830,2441120,,496957,20238,
migrate_demo,server,4,1588054,2452896,,499343,20238,
migrate_demo,server,4,1593238,2464672,,501770,20238,
migrate_demo,server,4,1598443,2476448,,504150,20238,
migrate_demo,server,4,1603644,2491168,,507157,20238,
migrate_demo,server,4,1608737,2502944,,509589,20238,
migrate_demo,server,4,1613972,2514720,,511969,20238,
migrate_demo,server,4,1619163,2529440,,515067,20238,
migrate_demo,server,4,1624325,2541216,,517510,20238,
migrate_demo,server,4,1629504,2552992,,519942,20238,
migrate_demo,server,4,1634803,2564768,,522340,20238,
migrate_demo,server,4,1640005,2579488,,525479,20238,
migrate_demo,server,4,1645112,2591264,,527908,20238,
migrate_demo,server,4,1650293,2603040,,530287,20238,
migrate_demo,server,4,1655493,2617760,,533279,20238,
migrate_demo,server,4,1660663,2629536,,535849,20238,
migrate_demo,server,4,1665866,2641312,,538171,20238,
migrate_demo,server,4,1671119,2653088,,540577,20238,
migrate_demo,server,4,1676285,2667808,,543656,20238,
migrate_demo,server,4,1681428,2679584,,546014,20238,
migrate_demo,server,4,1686668,2691360,,548417,20238,
migrate_demo,server,4,1691950,2706080,,551561,20238,
migrate_demo,server,4,1697164,2717856,,553922,20238,
migrate_demo,server,4,1702350,2729632,,556262,20238,
migrate_demo,server,4,1707596,2744352,,559245,20238,
migrate_demo,server,4,1712720,2756128,,561721,20238,
migrate_demo,server,4,1717891,2767904,,564136,20238,
migrate_demo,server,4,1723095,2779680,,566551,20238,
migrate_demo,server,4,1728395,2794400,,569640,20238,
migrate_demo,server,4,1733633,2806176,,572047,20238,
migrate_demo,server,4,1738936,2817952,,574487,20238,
migrate_demo,server,4,1744119,2832672,,577582,20238,
migrate_demo,server,4,1749299,2844448,,579964,20238,
migrate_demo,server,4,1754506,2856224,,582360,20238,
migrate_demo,server,4,1759660,2868000,,584764,20238,
migrate_demo,server,4,1764889,2882720,,587809,20238,
migrate_demo,server,4,1770065,2894496,,590329,20238,
migrate_demo,server,4,1775604,2906272,,592712,20238,
migrate_demo,server,4,1780839,2920992,,595642,20238,
migrate_demo,server,4,1786062,2932768,,598050,20238,
migrate_demo,server,4,1791264,2947488,,601071,20238,
migrate_demo,server,4,1796431,2067363,,602950,20238,
migrate_demo,server,4,1801603,2067363,,604117,20238,
migrate_demo,server,4,1806756,2067363,,604755,20238,
migrate_demo,server,4,1811928,2067363,,605180,20238,
migrate_demo,server,4,1817130,2067363,,605354,20238,
migrate_demo,server,4,1822307,2067363,,605456,20238,
migrate_demo,server,4,1827572,2067363,,605505,20238,
migrate_demo,server,4,1832758,2067363,,605588,20238,
migrate_demo,server,4,1837935,2067363,,605616,20238,
migrate_demo,server,4,1843269,2067363,,605604,20238,
migrate_demo,server,4,1848523,2067363,,605667,20238,
migrate_demo,server,4,1853718,2067363,,605691,20238,
migrate_demo,server,4,1859153,2067363,,605673,20238,
migrate_demo,server,4,1864336,2067363,,605684,20238,
migrate_demo,server,4,1869538,2067363,,605683,20238,
migrate_demo,server,4,1874743,2067363,,605696,20238,
migrate_demo,server,4,1879924,2067363,,605742,20238,
migrate_demo,server,4,1885112,2067363,,605761,20238,
migrate_demo,server,4,1890475,2067363,,605734,20238,
migrate_demo,server,4,1895719,2067363,,605728,20238,
migrate_demo,server,4,1900852,2067363,,605708,20238,
migrate_demo,server,4,1906033,2067363,,605724,20238,
migrate_demo,server,4,1911354,2067363,,605743,20238,
migrate_demo,server,4,1916533,2067363,,605724,20238,
migrate_demo,server,4,1921684,2067363,,605672,20238,
migrate_demo,server,4,1926830,2067363,,605662,20238,
migrate_demo,server,4,1932052,2067363,,605648,20238,
migrate_demo,server,4,1937211,2067363,,605639,20238,
migrate_demo,server,4,1942512,2067363,,605668,20238,
migrate_demo,server,4,1947774,2067363,,605656,20238,
migrate_demo,server,4,1952989,2067363,,605645,20238,
migrate_demo,server,4,1958195,2067363,,605681,20238,
migrate_demo,server,4,1963414,2067363,,605677,20238,
migrate_demo,server,4,1968645,2067363,,605713,20238,
migrate_demo,server,4,1973865,2067363,,605769,20238,
migrate_demo,server,4,1979222,2067363,,605725,20238,
migrate_demo,server,4,1984399,2067363,,605682,20238,
migrate_demo,server,4,1989610,2067363,,605735,20238,
migrate_demo,server,4,1994873,2067363,,605740,20238,
migrate_demo,server,4,2000053,2067363,,605694,20238,
migrate_demo,server,4,2005266,2067363,,605693,20238,
migrate_demo,server,4,2010694,2067363,,605702,20238,
migrate_demo,server,4,2015883,2067363,,605798,20238,
migrate_demo,server,4,2021071,2067363,,605730,20238,
migrate_demo,server,4,2026353,2067363,,605763,20238,
migrate_demo,server,4,2031459,2067363,,605810,20238,
migrate_demo,server,4,2036693,2067363,,605750,20238,
migrate_demo,server,4,2042100,2067363,,605741,20238,
migrate_demo,server,4,2047329,2067363,,605733,20238,
migrate_demo,server,4,2052533,2067363,,605735,20238,
migrate_demo,server,4,2057996,2067363,,605737,20238,
migrate_demo,server,4,2063182,2067363,,605737,20238,
migrate_demo,server,4,2068443,2067363,,605732,20238,
migrate_demo,server,4,2073845,2067363,,605703,20238,
migrate_demo,server,4,2079003,2067363,,605737,20238,
migrate_demo,server,4,2084609,2067363,,605735,20238,
migrate_demo,server,4,2089762,2067363,,605714,20238,
migrate_demo,server,4,2095012,2067363,,605692,20238,
migrate_demo,server,4,2100237,2067363,,605693,20238,
migrate_demo,server,4,2105491,2067363,,605751,20238,
migrate_demo,server,4,2111383,2067363,,605673,20238,
migrate_demo,server,4,2116554,2067363,,605719,20238,
migrate_demo,server,4,2122053,2067363,,605696,20238,
migrate_demo,server,4,2127237,2067363,,605675,20238,
migrate_demo,server,4,2132427,2067363,,605632,20238,
migrate_demo,server,4,2137742,2067363,,605691,20238,
migrate_demo,server,4,2143202,2067363,,605709,20238,
migrate_demo,server,4,2148433,2067363,,605727,20238,
migrate_demo,server,4,2153730,2067363,,605721,20238,
migrate_demo,server,4,2158895,2067363,,605679,20238,
migrate_demo,server,4,2164202,2067363,,605666,20238,
migrate_demo,server,4,2169659,2067363,,605667,20238,
migrate_demo,server,4,2174901,2067363,,605671,20238,
migrate_demo,server,4,2180700,2067363,,605672,20238,
migrate_demo,server,4,2186024,2067363,,605690,20238,
migrate_demo,server,4,2191330,2067363,,605719,20238,
migrate_demo,server,4,2196505,2067363,,605722,20238,
migrate_demo,server,4,2201920,2067363,,605704,20238,
migrate_demo,server,4,2207141,2067363,,605723,20238,
migrate_demo,server,4,2212301,2067363,,605692,20238,
migrate_demo,server,4,2217676,2067363,,605705,20238,
migrate_demo,server,4,2222908,2067363,,605693,20238,
migrate_demo,server,4,2228116,2067363,,605675,20238,
migrate_demo,server,4,2233514,2067363,,605660,20238,
migrate_demo,server,4,2238708,2067363,,605811,20238,
migrate_demo,server,4,2243925,2067363,,605743,20238,
migrate_demo,server,4,2249556,2067363,,605731,20238,
migrate_demo,server,4,2255401,2067363,,605730,20238,
migrate_demo,server,4,2260613,2067363,,605769,20238,
migrate_demo,server,4,2265793,2067363,,605722,20238,
migrate_demo,server,4,2271073,2067363,,605711,20238,
migrate_demo,server,4,2276266,2067363,,605718,20238,
migrate_demo,server,4,2281470,2067363,,605696,20238,
migrate_demo,server,4,2287323,2067363,,605717,20238,
migrate_demo,server,4,2292872,2067363,,605714,20238,
migrate_demo,server,4,2298579,2067363,,605717,20238,
migrate_demo,server,4,2303828,2067363,,605731,20238,
migrate_demo,server,4,2309048,2067363,,605699,20238,
migrate_demo,server,4,2314253,2067363,,605674,20238,
migrate_demo,server,4,2319699,2067363,,605657,20238,
migrate_demo,server,4,2324818,2067363,,605670,20238,
migrate_demo,server,4,2329949,2067363,,605711,20238,
migrate_demo,server,4,2335405,2067363,,605810,20238,
migrate_demo,server,4,2340681,2067363,,605798,20238,
migrate_demo,server,4,2346454,2067363,,605728,20238,
migrate_demo,server,4,2351713,2067363,,605712,20238,
migrate_demo,server,4,2357192,2067363,,605712,20238,
migrate_demo,server,4,2362561,2067363,,605744,20238,
migrate_demo,server,4,2368536,2067363,,605724,20238,
migrate_demo,server,4,2374176,2067363,,605909,20238,
migrate_demo,server,4,2379348,2067363,,605811,20238,
migrate_demo,server,4,2385374,2067363,,605852,20238,
migrate_demo,server,4,2390604,2067363,,605805,20238,
migrate_demo,server,4,2395947,2067363,,605807,20238,
migrate_demo,server,4,2401946,2067363,,605796,20238,
migrate_demo,server,4,2407211,2067901,,517820,20238,
migrate_demo,server,4,2412385,2068415,,480427,20238,
migrate_demo,server,4,2417830,2069039,,455941,20238,
migrate_demo,server,4,2422991,2069531,,446361,20238,
migrate_demo,server,4,2428704,2070143,,441161,20238,
migrate_demo,server,4,2433938,2070632,,439965,20238,
migrate_demo,server,4,2439600,2071247,,440667,20238,
migrate_demo,server,4,2444822,2071739,,441956,20238,
migrate_demo,server,4,2450007,2072235,,443734,20238,
migrate_demo,server,4,2455224,2072857,,446270,20238,
migrate_demo,server,4,2460404,2073357,,448510,20238,
migrate_demo,server,4,2465715,2073860,,450815,20238,
migrate_demo,server,4,2471279,2074491,,453481,20238,
migrate_demo,server,4,2476395,2074999,,455586,20238,
migrate_demo,server,4,2481653,2075510,,457673,20238,
migrate_demo,server,4,2487051,2076022,,459906,20238,
migrate_demo,server,4,2492652,2076667,,462842,20238,
migrate_demo,server,4,2497878,2077184,,465093,20238,
migrate_demo,server,4,2503276,2077834,,467964,20238,
migrate_demo,server,4,2508495,2078358,,470460,20238,
migrate_demo,server,4,2514026,2079015,,473474,20238,
migrate_demo,server,4,2519181,2079543,,475880,20238,
migrate_demo,server,4,2524349,2080073,,478339,20238,
migrate_demo,server,4,2529574,2080739,,481392,20238,
migrate_demo,server,4,2534778,2081275,,483776,20238,
migrate_demo,server,4,2540002,2081813,,486099,20238,
migrate_demo,server,4,2545470,2082488,,489157,20238,
migrate_demo,server,4,2550651,2083032,,491585,20238,
migrate_demo,server,4,2555906,2083576,,493993,20238,
migrate_demo,server,4,2561382,2084261,,497066,20238,
migrate_demo,server,4,2566632,2084811,,499572,20238,
migrate_demo,server,4,2572214,2085501,,502625,20238,
migrate_demo,server,4,2577359,2086057,,505083,20238,
migrate_demo,server,4,2582550,2086613,,507459,20238,
migrate_demo,server,4,2587796,2087313,,510491,20238,
migrate_demo,server,4,2592971,2087875,,512878,20238,
migrate_demo,server,4,2598168,2088439,,515332,20238,
migrate_demo,server,4,2603382,2089146,,518279,20238,
migrate_demo,server,4,2608578,2089714,,520698,20238,
migrate_demo,server,4,2613834,2090285,,523218,20238,
migrate_demo,server,4,2619297,2091001,,526263,20238,
migrate_demo,server,4,2624504,2091577,,528753,20238,
migrate_demo,server,4,2629691,2092153,,531160,20238,
migrate_demo,server,4,2634966,2092878,,534134,20238,
migrate_demo,server,4,2640113,2093460,,536497,20238,
migrate_demo,server,4,2645322,2094044,,538934,20238,
migrate_demo,server,4,2650829,2094776,,542025,20238,
migrate_demo,server,4,2656016,2095364,,544301,20238,
migrate_demo,server,4,2661249,2095954,,546754,20238,
migrate_demo,server,4,2666480,2096694,,549488,20238,
migrate_demo,server,4,2671731,2097288,,551950,20238,
migrate_demo,server,4,2676871,2097884,,554285,20238,
migrate_demo,server,4,2682039,2098481,,556611,20238,
migrate_demo,server,4,2687287,2099231,,559548,20238,
migrate_demo,server,4,2692461,2099832,,562073,20238,
migrate_demo,server,4,2697649,2100436,,564706,20238,
migrate_demo,server,4,2702840,2101193,,567779,20238,
migrate_demo,server,4,2708022,2101801,,570280,20238,
migrate_demo,server,4,2713278,2102411,,572676,20238,
migrate_demo,server,4,2718443,2103176,,575765,20238,
migrate_demo,server,4,2723664,2103790,,578139,20238,
migrate_demo,server,4,2728856,2104406,,580435,20238,
migrate_demo,server,4,2734153,2105177,,583517,20238,
migrate_demo,server,4,2739381,2105797,,585961,20238,
migrate_demo,server,4,2744567,2106418,,588390,20238,
migrate_demo,server,4,2749880,2107198,,591459,20238,
migrate_demo,server,4,2755103,2107822,,593879,20238,
migrate_demo,server,4,2760249,2108450,,596383,20238,
migrate_demo,server,4,2765546,2109078,,598717,20238,
migrate_demo,server,4,2770829,2109866,,601682,20238,
migrate_demo,server,4,2776442,1477348,,604552,20238,
migrate_demo,server,4,2783117,1477348,,604552,20238,
migrate_demo,server,4,2789444,1477348,,604552,20238,
migrate_demo,server,4,2794851,1477348,,610233,20238,
migrate_demo,server,4,2800124,1477348,,609527,20238,
migrate_demo,server,4,2805326,1477348,,609018,20238,
migrate_demo,server,4,2810524,1477348,,608635,20238,
migrate_demo,server,4,2815723,1477348,,608575,20238,
migrate_demo,server,4,2820862,1477348,,608464,20238,
migrate_demo,server,4,2826312,1477348,,608338,20238,
migrate_demo,server,4,2831503,1477348,,608440,20238,
migrate_demo,server,4,2836706,1477348,,608392,20238,
migrate_demo,server,4,2842163,1477348,,608312,20238,
migrate_demo,server,4,2847370,1477348,,608368,20238,
migrate_demo,server,4,2852551,1477348,,608343,20238,
migrate_demo,server,4,2857946,1477348,,608229,20238,
migrate_demo,server,4,2863093,1477348,,608314,20238,
migrate_demo,server,4,2868340,1477348,,608431,20238,
migrate_demo,server,4,2873567,1477348,,608345,20238,
migrate_demo,server,4,2878786,1477348,,608256,20238,
migrate_demo,server,4,2883973,1477348,,608376,20238,
migrate_demo,server,4,2889485,1477348,,608410,20238,
migrate_demo,server,4,2894661,1477348,,608489,20238,
migrate_demo,server,4,2899866,1477348,,608476,20238,
migrate_demo,server,4,2905407,1477348,,608441,20238,
migrate_demo,server,4,2910627,1477348,,608457,20238,
migrate_demo,server,4,2915935,1477348,,608436,20238,
migrate_demo,server,4,2921117,1477348,,608353,20238,
migrate_demo,server,4,2926321,1477348,,608394,20238,
migrate_demo,server,4,2932028,1477348,,608408,20238,
migrate_demo,server,4,2937204,1477348,,608457,20238,
migrate_demo,server,4,2942694,1477348,,608428,20238,
migrate_demo,server,4,2947973,1477348,,608464,20238,
migrate_demo,server,4,2953367,1477348,,608549,20238,
migrate_demo,server,4,2958609,1477348,,608492,20238,
migrate_demo,server,4,2963823,1477348,,608356,20238,
migrate_demo,server,4,2968997,1477348,,608455,20238,
migrate_demo,server,4,2974269,1477348,,608442,20238,
migrate_demo,server,4,2979453,1477348,,608483,20238,
migrate_demo,server,4,2984592,1477348,,608671,20238,
migrate_demo,server,4,2990104,1477348,,608435,20238,
migrate_demo,server,4,2995311,1477348,,608747,20238,
migrate_demo,server,4,3000622,1477348,,608752,20238,
migrate_demo,server,4,3006106,1477348,,609023,20238,
migrate_demo,server,4,3011341,1477348,,608732,20238,
migrate_demo,server,4,3016853,1477348,,562614,20238,
migrate_demo,server,4,3022081,1477348,,406417,20238,
migrate_demo,server,4,3027915,1477348,,329061,20238,
migrate_demo,server,4,3033493,1477348,,292142,20238,
migrate_demo,server,4,3039286,1477348,,278180,20238,
migrate_demo,server,4,3044492,1477348,,274316,20238,
migrate_demo,server,4,3049731,1477348,,274316,20238,
migrate_demo,server,4,3054930,1477348,,274316,20238,
migrate_demo,server,4,3060442,1477348,,274316,20238,
migrate_demo,server,4,3065663,1477348,,274316,20238,
migrate_demo,server,4,3070913,1477348,,275759,20238,
migrate_demo,server,4,3076124,1477348,,275759,20238,
migrate_demo,server,4,3081321,1477348,,275759,20238,
migrate_demo,server,4,3086595,1477348,,275759,20238,
migrate_demo,server,4,3091833,1477348,,275759,20238,
migrate_demo,server,4,3097080,1477348,,280060,20238,
migrate_demo,server,4,3102484,1477348,,280060,20238,
migrate_demo,server,4,3107720,1477348,,280060,20238,
migrate_demo,server,4,3112913,1477348,,280060,20238,
migrate_demo,server,4,3118127,1477348,,280060,20238,
migrate_demo,server,4,3123339,1477348,,286865,20238,
migrate_demo,server,4,3128767,1477348,,286865,20238,
migrate_demo,server,4,3134001,1477348,,286865,20238,
migrate_demo,server,4,3139183,1477348,,286865,20238,
migrate_demo,server,4,3144363,1477348,,286865,20238,
migrate_demo,server,4,3149546,1477348,,295866,20238,
migrate_demo,server,4,3154726,1477348,,295866,20238,
migrate_demo,server,4,3159971,1477348,,295866,20238,
migrate_demo,server,4,3165124,1477348,,295866,20238,
migrate_demo,server,4,3170344,1477348,,295866,20238,
migrate_demo,server,4,3175818,1477348,,306345,20238,
migrate_demo,server,4,3181079,1477348,,306345,20238,
migrate_demo,server,4,3186277,1477348,,306345,20238,
migrate_demo,server,4,3191546,1477348,,306345,20238,
migrate_demo,server,4,3196759,1477348,,306345,20238,
migrate_demo,server,4,3202014,1477348,,316773,20238,
migrate_demo,server,4,3207264,1477348,,316773,20238,
migrate_demo,server,4,3212457,1477348,,316773,20238,
migrate_demo,server,4,3217644,1477348,,316773,20238,
migrate_demo,server,4,3222830,1477348,,316773,20238,
migrate_demo,server,4,3228007,1477348,,327158,20238,
migrate_demo,server,4,3233125,1477348,,327158,20238,
migrate_demo,server,4,3238328,1477348,,327158,20238,
migrate_demo,server,4,3243643,1477348,,327158,20238,
migrate_demo,server,4,3248865,1477348,,327158,20238,
migrate_demo,server,4,3254518,1477348,,337342,20238,
migrate_demo,server,4,3259720,1477348,,337342,20238,
migrate_demo,server,4,3264932,1477348,,337342,20238,
migrate_demo,server,4,3270149,1477348,,337342,20238,
migrate_demo,server,4,3275345,1477348,,337342,20238,
migrate_demo,server,4,3281741,1477348,,347449,20238,
migrate_demo,server,4,3286964,1477348,,347449,20238,
migrate_demo,server,4,3292154,1477348,,347449,20238,
migrate_demo,server,4,3297372,1477348,,347449,20238,
migrate_demo,server,4,3302584,1477348,,347449,20238,
migrate_demo,server,4,3307777,1477348,,357348,20238,
migrate_demo,server,4,3312950,1477348,,357348,20238,
migrate_demo,server,4,3318122,1477348,,357348,20238,
migrate_demo,server,4,3323312,1477348,,357348,20238,
migrate_demo,server,4,3328481,1477348,,357348,20238,
migrate_demo,server,4,3334506,1477348,,367320,20238,
migrate_demo,server,4,3339682,1477348,,367320,20238,
migrate_demo,server,4,3344805,1477348,,367320,20238,
migrate_demo,server,4,3349980,1477348,,367320,20238,
migrate_demo,server,4,3355224,1477348,,367320,20238,
migrate_demo,server,4,3360352,1477348,,377349,20238,
migrate_demo,server,4,3365542,1477348,,377349,20238,
migrate_demo,server,4,3370809,1477348,,377349,20238,
migrate_demo,server,4,3376035,1477348,,377349,20238,
migrate_demo,server,4,3381214,1477348,,377349,20238,
migrate_demo,server,4,3387441,1477348,,387365,20238,
migrate_demo,server,4,3392642,1477348,,387365,20238,
migrate_demo,server,4,3397846,1477348,,387365,20238,
migrate_demo,server,4,3403090,1477348,,387365,20238,
migrate_demo,server,4,3408282,1477348,,387365,20238,
migrate_demo,server,4,3414128,1477348,,397328,20238,
migrate_demo,server,4,3419332,1477348,,397328,20238,
migrate_demo,server,4,3424461,1477348,,397328,20238,
migrate_demo,server,4,3429692,1477348,,397328,20238,
migrate_demo,server,4,3434876,1477348,,397328,20238,
migrate_demo,server,4,3441064,1477348,,407225,20238,
migrate_demo,server,4,3446278,1477348,,407225,20238,
migrate_demo,server,4,3451553,1477348,,407225,20238,
migrate_demo,server,4,3456886,1477348,,407225,20238,
migrate_demo,server,4,3462057,1477348,,407225,20238,
migrate_demo,server,4,3467266,1477348,,417171,20238,
migrate_demo,server,4,3472523,1477348,,417171,20238,
migrate_demo,server,4,3477684,1477348,,417171,20238,
migrate_demo,server,4,3482821,1477348,,417171,20238,
migrate_demo,server,4,3488005,1477348,,417171,20238,
migrate_demo,server,4,3493346,1477348,,427054,20238,
migrate_demo,server,4,3498572,1477348,,427054,20238,
migrate_demo,server,4,3503726,1477348,,427054,20238,
migrate_demo,server,4,3508942,1477348,,427054,20238,
migrate_demo,server,4,3514149,1477348,,427054,20238,
migrate_demo,server,4,3519567,1477348,,436636,20238,
migrate_demo,server,4,3524806,1477348,,436636,20238,
migrate_demo,server,4,3530006,1477348,,436636,20238,
migrate_demo,server,4,3535138,1477348,,436636,20238,
migrate_demo,server,4,3540338,1477348,,436636,20238,
migrate_demo,server,4,3545931,1477348,,446544,20238,
migrate_demo,server,4,3551179,1477348,,446544,20238,
migrate_demo,server,4,3556328,1477348,,446544,20238,
migrate_demo,server,4,3561521,1477348,,446544,20238,
migrate_demo,server,4,3566713,1477348,,446544,20238,
migrate_demo,server,4,3571922,1477348,,446544,20238,
migrate_demo,server,4,3577051,1477348,,457434,20238,
migrate_demo,server,4,3582269,1477348,,457434,20238,
migrate_demo,server,4,3587444,1477348,,457434,20238,
migrate_demo,server,4,3592650,1477348,,457434,20238,
migrate_demo,server,4,3597833,1477348,,457434,20238,
migrate_demo,server,4,3603016,1477348,,469184,20238,
migrate_demo,server,4,3608220,1477348,,469184,20238,
migrate_demo,server,4,3613410,1477348,,469184,20238,
migrate_demo,server,4,3618631,1477348,,469184,20238,
migrate_demo,server,4,3623796,1477348,,469184,20238,
migrate_demo,server,4,3628962,1477348,,481685,20238,
migrate_demo,server,4,3634149,1477348,,481685,20238,
migrate_demo,server,4,3639274,1477348,,481685,20238,
migrate_demo,server,4,3644511,1477348,,481685,20238,
migrate_demo,server,4,3649688,1477348,,481685,20238,
migrate_demo,server,4,3654848,1477348,,494250,20238,
migrate_demo,server,4,3660016,1477348,,494250,20238,
migrate_demo,server,4,3665246,1477348,,494250,20238,
migrate_demo,server,4,3670525,1477348,,494250,20238,
migrate_demo,server,4,3675712,1477348,,494250,20238,
migrate_demo,server,4,3680897,1477348,,505265,20238,
migrate_demo,server,4,3686129,1477348,,505265,20238,
migrate_demo,server,4,3691350,1477348,,505265,20238,
migrate_demo,server,4,3696591,1477348,,505265,20238,
migrate_demo,server,4,3701797,1477348,,505265,20238,
migrate_demo,server,4,3707073,1477348,,514715,20238,
migrate_demo,server,4,3712355,1477348,,514715,20238,
migrate_demo,server,4,3717549,1477348,,514715,20238,
migrate_demo,server,4,3722753,1477348,,514715,20238,
migrate_demo,server,4,3727959,1477348,,524628,20238,
migrate_demo,server,4,3733167,1477348,,524628,20238,
migrate_demo,server,4,3738393,1477348,,524628,20238,
migrate_demo,server,4,3743579,1477348,,524628,20238,
migrate_demo,server,4,3748820,1477348,,524628,20238,
migrate_demo,server,4,3754016,1477348,,533325,20238,
migrate_demo,server,4,3759223,1477348,,533325,20238,
migrate_demo,server,4,3764471,1477348,,533325,20238,
migrate_demo,server,4,3769687,1477348,,533325,20238,
migrate_demo,server,4,3774881,1477348,,533325,20238,
migrate_demo,server,4,3780091,1477348,,540965,20238,
migrate_demo,server,4,3785328,1477348,,540965,20238,
migrate_demo,server,4,3790586,1477348,,540965,20238,
migrate_demo,server,4,3795833,1477348,,540965,20238,
migrate_demo,server,4,3800968,1477348,,540965,20238,
migrate_demo,server,4,3806239,1477352,,547421,20238,
migrate_demo,server,4,3811433,1477352,,547421,20238,
migrate_demo,server,4,3816611,1477352,,547421,20238,
migrate_demo,server,4,3821845,1477352,,547421,20238,
migrate_demo,server,4,3827022,1477352,,547421,20238,
migrate_demo,server,4,3832282,1477360,,553074,20238,
migrate_demo,server,4,3837497,1477360,,553074,20238,
migrate_demo,server,4,3842802,1477360,,553074,20238,
migrate_demo,server,4,3847991,1477360,,553074,20238,
migrate_demo,server,4,3853250,1477360,,553074,20238,
migrate_demo,server,4,3858685,1477371,,558030,20238,
migrate_demo,server,4,3863909,1477371,,558030,20238,
migrate_demo,server,4,3869138,1477371,,558030,20238,
migrate_demo,server,4,3874324,1477371,,558030,20238,
migrate_demo,server,4,3879577,1477371,,558030,20238,
migrate_demo,server,4,3884779,1477385,,562210,20238,
migrate_demo,server,4,3889943,1477385,,562210,20238,
migrate_demo,server,4,3895153,1477385,,562210,20238,
migrate_demo,server,4,3900331,1477385,,562210,20238,
migrate_demo,server,4,3905610,1477385,,562210,20238,
migrate_demo,server,4,3910792,1477403,,565963,20238,
migrate_demo,server,4,3915987,1477403,,565963,20238,
migrate_demo,server,4,3921208,1477403,,565963,20238,
migrate_demo,server,4,3926413,1477403,,565963,20238,
migrate_demo,server,4,3931676,1477403,,565963,20238,
migrate_demo,server,4,3936874,1477424,,569217,20238,
migrate_demo,server,4,3942090,1477424,,569217,20238,
migrate_demo,server,4,3947336,1477424,,569217,20238,
migrate_demo,server,4,3952545,1477424,,569217,20238,
migrate_demo,server,4,3957829,1477424,,569217,20238,
migrate_demo,server,4,3963061,1477448,,572014,20238,
migrate_demo,server,4,3968275,1477448,,572014,20238,
migrate_demo,server,4,3973528,1477448,,572014,20238,
migrate_demo,server,4,3978744,1477448,,572014,20238,
migrate_demo,server,4,3983962,1477448,,572014,20238,
migrate_demo,server,4,3989187,1477448,,572014,20238,
migrate_demo,server,4,3994370,1477475,,574234,20238,
migrate_demo,server,4,3999580,1477475,,574234,20238,
migrate_demo,server,4,4004848,1477475,,574234,20238,
migrate_demo,server,4,4010114,1477475,,574234,20238,
migrate_demo,server,4,4015366,1477475,,574234,20238,
migrate_demo,server,4,4020690,1477505,,576381,20238,
migrate_demo,server,4,4025896,1477505,,576381,20238,
migrate_demo,server,4,4031126,1477505,,576381,20238,
migrate_demo,server,4,4036362,1477505,,576381,20238,
migrate_demo,server,4,4041655,1477505,,576381,20238,
migrate_demo,server,4,4046899,1477538,,578005,20238,
migrate_demo,server,4,4052146,1477538,,578005,20238,
migrate_demo,server,4,4057395,1477538,,578005,20238,
migrate_demo,server,4,4062617,1477538,,578005,20238,
migrate_demo,server,4,4067877,1477538,,578005,20238,
migrate_demo,server,4,4073063,1477574,,579613,20238,
migrate_demo,server,4,4078261,1477574,,579613,20238,
migrate_demo,server,4,4083532,1477574,,579613,20238,
migrate_demo,server,4,4088776,1477574,,579613,20238,
migrate_demo,server,4,4093902,1477574,,579613,20238,
migrate_demo,server,4,4099126,1477613,,580901,20238,
migrate_demo,server,4,4104352,1477613,,580901,20238,
migrate_demo,server,4,4109555,1477613,,580901,20238,
migrate_demo,server,4,4114755,1477613,,580901,20238,
migrate_demo,server,4,4119968,1477613,,580901,20238,
migrate_demo,server,4,4125173,1477655,,582080,20238,
migrate_demo,server,4,4130412,1477655,,582080,20238,
migrate_demo,server,4,4135711,1477655,,582080,20238,
migrate_demo,server,4,4140946,1477655,,582080,20238,
migrate_demo,server,4,4146174,1477655,,582080,20238,
migrate_demo,server,4,4151447,1477700,,583142,20238,
migrate_demo,server,4,4156634,1477700,,583142,20238,
migrate_demo,server,4,4161828,1477700,,583142,20238,
migrate_demo,server,4,4167051,1477700,,583142,20238,
migrate_demo,server,4,4172257,1477700,,583142,20238,
migrate_demo,server,4,4177457,1477747,,584011,20238,
migrate_demo,server,4,4182658,1477747,,584011,20238,
migrate_demo,server,4,4187871,1477747,,584011,20238,
migrate_demo,server,4,4193084,1477747,,584011,20238,
migrate_demo,server,4,4198272,1477747,,584011,20238,
migrate_demo,server,4,4203537,1477797,,584800,20238,
migrate_demo,server,4,4208795,1477797,,584800,20238,
migrate_demo,server,4,4213981,1477797,,584800,20238,
migrate_demo,server,4,4219226,1477797,,584800,20238,
migrate_demo,server,4,4224459,1477797,,584800,20238,
migrate_demo,server,4,4229645,1477850,,585442,20238,
migrate_demo,server,4,4234853,1477850,,585442,20238,
migrate_demo,server,4,4240073,1477850,,585442,20238,
migrate_demo,server,4,4245331,1477850,,585442,20238,
migrate_demo,server,4,4250536,1477850,,585442,20238,
migrate_demo,server,4,4255816,1477905,,585941,20238,
migrate_demo,server,4,4261011,1477905,,585941,20238,
migrate_demo,server,4,4266242,1477905,,585941,20238,
migrate_demo,server,4,4271453,1477905,,585941,20238,
migrate_demo,server,4,4276834,1477905,,585941,20238,
migrate_demo,server,4,4282300,1477963,,586218,20238,
migrate_demo,server,4,4287525,1477963,,586218,20238,
migrate_demo,server,4,4292749,1477963,,586218,20238,
migrate_demo,server,4,4297938,1477963,,586218,20238,
migrate_demo,server,4,4303208,1477963,,586218,20238,
migrate_demo,server,4,4308413,1478024,,586542,20238,
migrate_demo,server,4,4313636,1478024,,586542,20238,
migrate_demo,server,4,4318865,1478024,,586542,20238,
migrate_demo,server,4,4324104,1478024,,586542,20238,
migrate_demo,server,4,4329369,1478024,,586542,20238,
migrate_demo,server,4,4334603,1478087,,585916,20238,
migrate_demo,server,4,4339832,1478087,,585916,20238,
migrate_demo,server,4,4345054,1478087,,585916,20238,
migrate_demo,server,4,4350254,1478087,,585916,20238,
migrate_demo,server,4,4355572,1478087,,585916,20238,
migrate_demo,server,4,4360922,1478153,,585428,20238,
migrate_demo,server,4,4366150,1478153,,585428,20238,
migrate_demo,server,4,4371362,1478153,,585428,20238,
migrate_demo,server,4,4376548,1478153,,585428,20238,
migrate_demo,server,4,4381741,1478153,,585428,20238,
migrate_demo,server,4,4386976,1478153,,585428,20238,
migrate_demo,server,4,4392189,1478221,,584983,20238,
migrate_demo,server,4,4397462,1478221,,584983,20238,
migrate_demo,server,4,4402700,1478221,,584983,20238,
migrate_demo,server,4,4407893,1478221,,584983,20238,
migrate_demo,server,4,4413090,1478221,,584983,20238,
migrate_demo,server,4,4418305,1478291,,584530,20238,
migrate_demo,server,4,4423491,1478291,,584530,20238,
migrate_demo,server,4,4428760,1478291,,584530,20238,
migrate_demo,server,4,4433964,1478291,,584530,20238,
migrate_demo,server,4,4439190,1478291,,584530,20238,
migrate_demo,server,4,4444407,1478364,,584202,20238,
migrate_demo,server,4,4449632,1478364,,584202,20238,
migrate_demo,server,4,4454868,1478364,,584202,20238,
migrate_demo,server,4,4460118,1478364,,584202,20238,
migrate_demo,server,4,4465370,1478364,,584202,20238,
migrate_demo,server,4,4470650,1478439,,583899,20238,
migrate_demo,server,4,4475881,1478439,,583899,20238,
migrate_demo,server,4,4481087,1478439,,583899,20238,
migrate_demo,server,4,4486343,1478439,,583899,20238,
migrate_demo,server,4,4491537,1478439,,583899,20238,
migrate_demo,server,4,4496745,1478517,,583580,20238,
migrate_demo,server,4,4501943,1478517,,583580,20238,
migrate_demo,server,4,4507137,1478517,,583580,20238,
migrate_demo,server,4,4512387,1478517,,583580,20238,
migrate_demo,server,4,4517601,1478517,,583580,20238,
migrate_demo,server,4,4522863,1478597,,583214,20238,
migrate_demo,server,4,4528067,1478597,,583214,20238,
migrate_demo,server,4,4533266,1478597,,583214,20238,
migrate_demo,server,4,4538492,1478597,,583214,20238,
migrate_demo,server,4,4543684,1478597,,583214,20238,
migrate_demo,server,4,4548947,1478679,,582935,20238,
migrate_demo,server,4,4554120,1478679,,582935,20238,
migrate_demo,server,4,4559317,1478679,,582935,20238,
migrate_demo,server,4,4564553,1478679,,582935,20238,
migrate_demo,server,4,4569766,1478679,,582935,20238,
migrate_demo,server,4,4575142,1478764,,582670,20238,
migrate_demo,server,4,4580426,1478849,,582591,20238,
migrate_demo,server,4,4585621,1478849,,582591,20238,
migrate_demo,server,4,4590832,1478849,,582591,20238,
migrate_demo,server,4,4596079,1478849,,582591,20238,
migrate_demo,server,4,4601402,1478849,,582591,20238,
migrate_demo,server,4,4606609,1479023,,582771,20238,
migrate_demo,server,4,4611843,1479023,,582771,20238,
migrate_demo,server,4,4617129,1479023,,582771,20238,
migrate_demo,server,4,4622322,1479023,,582771,20238,
migrate_demo,server,4,4627568,1479023,,582771,20238,
migrate_demo,server,4,4632907,1479113,,582766,20238,
migrate_demo,server,4,4638105,1479113,,582766,20238,
migrate_demo,server,4,4643299,1479113,,582766,20238,
migrate_demo,server,4,4648546,1479113,,582766,20238,
migrate_demo,server,4,4653773,1479113,,582766,20238,
migrate_demo,server,4,4658929,1479205,,582818,20238,
migrate_demo,server,4,4664174,1479205,,582818,20238,
migrate_demo,server,4,4669355,1479205,,582818,20238,
migrate_demo,server,4,4674582,1479205,,582818,20238,
migrate_demo,server,4,4679852,1479205,,582818,20238,
migrate_demo,server,4,4685053,1479299,,582922,20238,
migrate_demo,server,4,4690241,1479299,,582922,20238,
migrate_demo,server,4,4695464,1479299,,582922,20238,
migrate_demo,server,4,4700683,1479299,,582922,20238,
migrate_demo,server,4,4705881,1479299,,582922,20238,
migrate_demo,server,4,4711085,1479395,,583021,20238,
migrate_demo,server,4,4716269,1479395,,583021,20238,
migrate_demo,server,4,4721454,1479395,,583021,20238,
migrate_demo,server,4,4726664,1479395,,583021,20238,
migrate_demo,server,4,4731869,1479395,,583021,20238,
migrate_demo,server,4,4737050,1479395,,583021,20238,
migrate_demo,server,4,4742233,1479494,,583000,20238,
migrate_demo,server,4,4747446,1479494,,583000,20238,
migrate_demo,server,4,4752649,1479494,,583000,20238,
migrate_demo,server,4,4757879,1479494,,583000,20238,
migrate_demo,server,4,4763110,1479494,,583000,20238,
migrate_demo,server,4,4768298,1479595,,583055,20238,
migrate_demo,server,4,4773509,1479595,,583055,20238,
migrate_demo,server,4,4778701,1479595,,583055,20238,
migrate_demo,server,4,4783907,1479595,,583055,20238,
migrate_demo,server,4,4789127,1479595,,583055,20238,
migrate_demo,server,4,4794332,1479698,,583099,20238,
migrate_demo,server,4,4799575,1479698,,583099,20238,
migrate_demo,server,4,4804851,1479698,,583099,20238,
migrate_demo,server,4,4810055,1479698,,583099,20238,
migrate_demo,server,4,4815251,1479698,,583099,20238,
migrate_demo,server,4,4820563,1479803,,583065,20238,
migrate_demo,server,4,4825754,1479803,,583065,20238,
migrate_demo,server,4,4830969,1479803,,583065,20238,
migrate_demo,server,4,4836172,1479803,,583065,20238,
migrate_demo,server,4,4841396,1479803,,583065,20238,
migrate_demo,server,4,4846619,1479910,,583101,20238,
migrate_demo,server,4,4851851,1479910,,583101,20238,
migrate_demo,server,4,4857068,1479910,,583101,20238,
migrate_demo,server,4,4862270,1479910,,583101,20238,
migrate_demo,server,4,4867520,1479910,,583101,20238,
migrate_demo,server,4,4872737,1480020,,583136,20238,
migrate_demo,server,4,4877985,1480020,,583136,20238,
migrate_demo,server,4,4883168,1480020,,583136,20238,
migrate_demo,server,4,4888362,1480020,,583136,20238,
migrate_demo,server,4,4893587,1480020,,583136,20238,
migrate_demo,server,4,4898782,1480132,,583160,20238,
migrate_demo,server,4,4904000,1480132,,583160,20238,
migrate_demo,server,4,4909214,1480132,,583160,20238,
migrate_demo,server,4,4914428,1480132,,583160,20238,
migrate_demo,server,4,4919681,1480132,,583160,20238,
migrate_demo,server,4,4924874,1480246,,583247,20238,
migrate_demo,server,4,4930122,1480246,,583247,20238,
migrate_demo,server,4,4935291,1480246,,583247,20238,
migrate_demo,server,4,4940526,1480246,,583247,20238,
migrate_demo,server,4,4945741,1480246,,583247,20238,
migrate_demo,server,4,4950928,1480362,,583234,20238,
migrate_demo,server,4,4956174,1480362,,583234,20238,
migrate_demo,server,4,4961351,1480362,,583234,20238,
migrate_demo,server,4,4966579,1480362,,583234,20238,
migrate_demo,server,4,4971812,1480362,,583234,20238,
migrate_demo,server,4,4976973,1480480,,583243,20238,
migrate_demo,server,4,4982199,1480480,,583243,20238,
migrate_demo,server,4,4987443,1480480,,583243,20238,
migrate_demo,server,4,4992672,1480480,,583243,20238,
migrate_demo,server,4,4997899,1480480,,583243,20238,
migrate_demo,server,4,5003098,1480600,,583383,20238,
migrate_demo,server,4,5008341,1480600,,583383,20238,
migrate_demo,server,4,5013528,1480600,,583383,20238,
migrate_demo,server,4,5018781,1480600,,583383,20238,
migrate_demo,server,4,5024067,1480600,,583383,20238,
migrate_demo,server,4,5029262,1480722,,583270,20238,
migrate_demo,server,4,5034427,1480722,,583270,20238,
migrate_demo,server,4,5039698,1480722,,583270,20238,
migrate_demo,server,4,5044932,1480722,,583270,20238,
migrate_demo,server,4,5050149,1480722,,583270,20238,
migrate_demo,server,4,5055571,1480846,,583224,20238,
migrate_demo,server,4,5060793,1480846,,583224,20238,
migrate_demo,server,4,5065974,1480846,,583224,20238,
migrate_demo,server,4,5071188,1480846,,583224,20238,
migrate_demo,server,4,5076452,1480846,,583224,20238,
migrate_demo,server,4,5081853,1480846,,583224,20238,
migrate_demo,server,4,5087135,1480972,,583278,20238,
migrate_demo,server,4,5092334,1480972,,583278,20238,
migrate_demo,server,4,5097595,1480972,,583278,20238,
migrate_demo,server,4,5102838,1480972,,583278,20238,
migrate_demo,server,4,5108262,1481100,,583285,20238,
migrate_demo,server,4,5113397,1481100,,583285,20238,
migrate_demo,server,4,5118620,1481100,,583285,20238,
migrate_demo,server,4,5123856,1481100,,583285,20238,
migrate_demo,server,4,5129060,1481100,,583285,20238,
migrate_demo,server,4,5134308,1481100,,583285,20238,
migrate_demo,server,4,5139527,1481230,,583353,20238,
migrate_demo,server,4,5144733,1481230,,583353,20238,
migrate_demo,server,4,5150048,1481230,,583353,20238,
migrate_demo,server,4,5155299,1481230,,583353,20238,
migrate_demo,server,4,5160607,1481230,,583353,20238,
migrate_demo,server,4,5165965,1481362,,583395,20238,
migrate_demo,server,4,5171174,1481362,,583395,20238,
migrate_demo,server,4,5176442,1481362,,583395,20238,
migrate_demo,server,4,5181703,1481362,,583395,20238,
migrate_demo,server,4,5187084,1481496,,583278,20238,
migrate_demo,server,4,5192413,1481496,,583278,20238,
migrate_demo,server,4,5197622,1481496,,583278,20238,
migrate_demo,server,4,5202828,1481496,,583278,20238,
migrate_demo,server,4,5208058,1481496,,583278,20238,
migrate_demo,server,4,5213304,1481632,,584350,20238,
migrate_demo,server,4,5218609,1481632,,584350,20238,
migrate_demo,server,4,5223868,1481632,,584350,20238,
migrate_demo,server,4,5229066,1481632,,584350,20238,
migrate_demo,server,4,5234211,1481632,,584350,20238,
migrate_demo,server,4,5239474,1481632,,584350,20238,
migrate_demo,server,4,5244692,1481769,,585004,20238,
migrate_demo,server,4,5249935,1481769,,585004,20238,
migrate_demo,server,4,5255148,1481769,,585004,20238,
migrate_demo,server,4,5260345,1481769,,585004,20238,
migrate_demo,server,4,5265587,1481769,,585004,20238,
migrate_demo,server,4,5270892,1481908,,585588,20238,
migrate_demo,server,4,5276024,1481908,,585588,20238,
migrate_demo,server,4,5281267,1481908,,585588,20238,
migrate_demo,server,4,5286491,1481908,,585588,20238,
migrate_demo,server,4,5291688,1481908,,585588,20238,
migrate_demo,server,4,5296943,1482049,,586167,20238,
migrate_demo,server,4,5302217,1482049,,586167,20238,
migrate_demo,server,4,5307441,1482049,,586167,20238,
migrate_demo,server,4,5312660,1482049,,586167,20238,
migrate_demo,server,4,5317868,1482049,,586167,20238,
migrate_demo,server,4,5323095,1482192,,586679,20238,
migrate_demo,server,4,5328334,1482192,,586679,20238,
migrate_demo,server,4,5333601,1482192,,586679,20238,
migrate_demo,server,4,5338883,1482192,,586679,20238,
migrate_demo,server,4,5344160,1482192,,586679,20238,
migrate_demo,server,4,5349436,1482337,,587209,20238,
migrate_demo,server,4,5354666,1482337,,587209,20238,
migrate_demo,server,4,5359889,1482337,,587209,20238,
migrate_demo,server,4,5365067,1482337,,587209,20238,
migrate_demo,server,4,5370285,1482337,,587209,20238,
migrate_demo,server,4,5375510,1482484,,587742,20238,
migrate_demo,server,4,5380701,1482484,,587742,20238,
migrate_demo,server,4,5385881,1482484,,587742,20238,
migrate_demo,server,4,5391098,1482484,,587742,20238,
migrate_demo,server,4,5396325,1482484,,587742,20238,
migrate_demo,server,4,5401615,1482633,,588209,20238,
migrate_demo,server,4,5406819,1482633,,588209,20238,
migrate_demo,server,4,5412012,1482633,,588209,20238,
migrate_demo,server,4,5417320,1482633,,588209,20238,
migrate_demo,server,4,5422636,1482633,,588209,20238,
migrate_demo,server,4,5427936,1482783,,588531,20238,
migrate_demo,server,4,5433177,1482783,,588531,20238,
migrate_demo,server,4,5438391,1482783,,588531,20238,
migrate_demo,server,4,5443598,1482783,,588531,20238,
migrate_demo,server,4,5448828,1482783,,588531,20238,
migrate_demo,server,4,5454061,1482935,,588768,20238,
migrate_demo,server,4,5459257,1482935,,588768,20238,
migrate_demo,server,4,5464424,1482935,,588768,20238,
migrate_demo,server,4,5469683,1482935,,588768,20238,
migrate_demo,server,4,5474941,1482935,,588768,20238,
migrate_demo,server,4,5480198,1483089,,589003,20238,
migrate_demo,server,4,5485424,1483243,,588525,20238,
migrate_demo,server,4,5490650,1483243,,588525,20238,
migrate_demo,server,4,5495871,1483243,,588525,20238,
migrate_demo,server,4,5501077,1483243,,588525,20238,
migrate_demo,server,4,5506261,1483243,,588525,20238,
migrate_demo,server,4,5511498,1483243,,588525,20238,
migrate_demo,server,4,5516888,1483399,,587959,20238,
migrate_demo,server,4,5522091,12200,,333000,4294967295,
migrate_demo,server,4,5527340,12200,,333000,4294967295,
migrate_demo,server,4,5532596,12200,,333000,4294967295,
migrate_demo,server,4,5537816,12200,,333000,4294967295,
migrate_demo,server,4,5543127,12200,,333000,4294967295,
migrate_demo,server,4,5548394,12200,,333000,4294967295,
migrate_demo,server,4,5553665,12200,,333000,4294967295,
migrate_demo,server,4,5558937,12200,,333000,4294967295,
migrate_demo,server,4,5564218,8540,,333000,4294967295,
migrate_demo,server,4,5569475,8540,,333000,4294967295,
migrate_demo,server,4,5574671,8540,,333000,4294967295,
migrate_demo,server,4,5579967,8540,,333000,4294967295,
migrate_demo,server,4,5585242,8540,,333000,4294967295,
migrate_demo,server,4,5590544,8540,,333000,4294967295,
migrate_demo,server,4,5595800,8540,,333000,4294967295,
migrate_demo,server,4,5601094,8540,,333000,4294967295,
migrate_demo,server,4,5606409,8540,,333000,4294967295,
migrate_demo,server,4,5611635,8540,,333000,4294967295,
migrate_demo,server,4,5616917,8540,,333000,4294967295,
migrate_demo,server,4,5622170,8540,,333000,4294967295,
migrate_demo,server,4,5627520,8540,,333000,4294967295,
migrate_demo,server,4,5632813,9760,,333000,4294967295,
migrate_demo,server,4,5638074,9760,,333000,4294967295,
migrate_demo,server,4,5643282,9760,,333000,4294967295,
migrate_demo,server,4,5648522,10980,,333000,4294967295,
migrate_demo,server,4,5653802,10980,,333000,4294967295,
migrate_demo,server,4,5659096,10980,,333000,4294967295,
migrate_demo,server,4,5664381,10980,,333000,4294967295,
migrate_demo,server,4,5669792,7686,,333000,4294967295,
migrate_demo,server,4,5675029,7686,,333000,4294967295,
migrate_demo,server,4,5680237,7686,,333000,4294967295,
migrate_demo,server,4,5685464,7686,,333000,4294967295,
migrate_demo,server,4,5690783,7686,,333000,4294967295,
migrate_demo,server,4,5696060,7686,,333000,4294967295,
migrate_demo,server,4,5701322,7686,,333000,4294967295,
migrate_demo,server,4,5706572,7686,,333000,4294967295,
migrate_demo,server,4,5711841,7686,,333000,4294967295,
migrate_demo,server,4,5717095,7686,,333000,4294967295,
migrate_demo,server,4,5722332,7686,,333000,4294967295,
migrate_demo,server,4,5727616,7686,,333000,4294967295,
migrate_demo,server,4,5732889,7686,,333000,4294967295,
migrate_demo,server,4,5738107,8906,,333000,4294967295,
migrate_demo,server,4,5743372,8906,,333000,4294967295,
migrate_demo,server,4,5748640,8906,,333000,4294967295,
migrate_demo,server,4,5753860,8906,,333000,4294967295,
migrate_demo,server,4,5759110,8906,,333000,4294967295,
migrate_demo,server,4,5764321,6234,,333000,4294967295,
migrate_demo,server,4,5769575,6234,,333000,4294967295,
migrate_demo,server,4,5774894,6234,,333000,4294967295,
migrate_demo,server,4,5780243,6234,,333000,4294967295,
migrate_demo,server,4,5785482,6234,,333000,4294967295,
migrate_demo,server,4,5790774,6234,,333000,4294967295,
migrate_demo,server,4,5796056,6234,,333000,4294967295,
migrate_demo,server,4,5801325,6234,,333000,4294967295,
migrate_demo,server,4,5806644,6234,,333000,4294967295,
migrate_demo,server,4,5811920,6234,,333000,4294967295,
migrate_demo,server,4,5817206,6234,,333000,4294967295,
migrate_demo,server,4,5822474,6234,,333000,4294967295,
migrate_demo,server,4,5827715,6234,,333000,4294967295,
migrate_demo,server,4,5832983,4363,,333000,4294967295,
migrate_demo,server,4,5838277,4363,,333000,4294967295,
migrate_demo,server,4,5843565,4363,,333000,4294967295,
migrate_demo,server,4,5848938,4363,,333000,4294967295,
migrate_demo,server,4,5854262,4363,,333000,4294967295,
migrate_demo,server,4,5859549,4363,,333000,4294967295,
migrate_demo,server,4,5864891,4363,,333000,4294967295,
migrate_demo,server,4,5870191,4363,,333000,4294967295,
migrate_demo,server,4,5875458,4363,,333000,4294967295,
migrate_demo,server,4,5880889,4363,,333000,4294967295,
migrate_demo,server,4,5886193,4363,,333000,4294967295,
migrate_demo,server,4,5891485,4363,,333000,4294967295,
migrate_demo,server,4,5896792,4363,,333000,4294967295,
migrate_demo,server,4,5902058,4363,,333000,4294967295,
migrate_demo,server,4,5907338,4363,,333000,4294967295,
migrate_demo,server,4,5912603,4363,,333000,4294967295,
migrate_demo,server,4,5917882,4363,,333000,4294967295,
migrate_demo,server,4,5923158,4363,,333000,4294967295,
migrate_demo,server,4,5928433,4363,,333000,4294967295,
migrate_demo,server,4,5933684,4363,,333000,4294967295,
migrate_demo,server,4,5938967,4363,,333000,4294967295,
migrate_demo,server,4,5944272,3054,,333000,4294967295,
migrate_demo,server,4,5949545,3054,,333000,4294967295,
migrate_demo,server,4,5954840,3054,,333000,4294967295,
migrate_demo,server,4,5960070,3054,,333000,4294967295,
migrate_demo,server,4,5965351,3054,,333000,4294967295,
migrate_demo,server,4,5970642,3054,,333000,4294967295,
migrate_demo,server,4,5975910,3054,,333000,4294967295,
migrate_demo,server,4,5981192,3054,,333000,4294967295,
migrate_demo,server,4,5986506,3054,,333000,4294967295,
migrate_demo,server,4,5991773,3054,,333000,4294967295,
migrate_demo,server,4,5997075,3054,,333000,4294967295,
migrate_demo,server,4,6002355,3054,,333000,4294967295,
migrate_demo,server,4,6007608,3054,,333000,4294967295,
migrate_demo,server,4,6012896,3054,,333000,4294967295,
migrate_demo,server,4,6018197,3054,,333000,4294967295,
migrate_demo,server,4,6023474,3054,,333000,4294967295,
migrate_demo,server,4,6028731,3054,,333000,4294967295,
migrate_demo,server,4,6034000,3054,,333000,4294967295,
migrate_demo,server,4,6039246,3054,,333000,4294967295,
migrate_demo,server,4,6044486,3054,,333000,4294967295,
migrate_demo,server,4,6049755,3054,,333000,4294967295,
migrate_demo,server,4,6055080,3054,,333000,4294967295,
migrate_demo,server,4,6060389,3054,,333000,4294967295,
migrate_demo,server,4,6065647,3054,,333000,4294967295,
migrate_demo,server,4,6070909,3054,,333000,4294967295,
migrate_demo,server,4,6076098,2440,,333000,4294967295,
migrate_demo,server,4,6081369,2440,,333000,4294967295,
migrate_demo,server,4,6086644,2440,,333000,4294967295,
migrate_demo,server,4,6091958,2440,,333000,4294967295,
migrate_demo,server,4,6097216,2440,,333000,4294967295,
migrate_demo,server,4,6102566,2440,,333000,4294967295,
migrate_demo,server,4,6107874,2440,,333000,4294967295,
migrate_demo,server,4,6113196,2440,,333000,4294967295,
migrate_demo,server,4,6118496,2440,,333000,4294967295,
migrate_demo,server,4,6123781,2440,,333000,4294967295,
migrate_demo,server,4,6129080,2440,,333000,4294967295,
migrate_demo,server,4,6134374,2440,,333000,4294967295,
migrate_demo,server,4,6139678,2440,,333000,4294967295,
migrate_demo,server,4,6144989,2440,,333000,4294967295,
migrate_demo,server,4,6150292,2440,,333000,4294967295,
migrate_demo,server,4,6155559,2440,,333000,4294967295,
migrate_demo,server,4,6160979,2440,,333000,4294967295,
migrate_demo,server,4,6166246,2440,,333000,4294967295,
migrate_demo,server,4,6171557,2440,,333000,4294967295,
migrate_demo,server,4,6176897,2440,,333000,4294967295,
migrate_demo,server,4,6182147,2440,,333000,4294967295,
migrate_demo,server,4,6187445,2440,,333000,4294967295,
migrate_demo,server,4,6192702,2440,,333000,4294967295,
migrate_demo,server,4,6197998,2440,,333000,4294967295,
migrate_demo,server,4,6203270,2440,,333000,4294967295,
migrate_demo,server,4,6208497,2440,,333000,4294967295,
migrate_demo,server,4,6213776,2440,,333000,4294967295,
migrate_demo,server,4,6219067,2440,,333000,4294967295,
migrate_demo,server,4,6224387,2440,,333000,4294967295,
migrate_demo,server,4,6229689,2440,,333000,4294967295,
migrate_demo,server,4,6235007,2440,,333000,4294967295,
migrate_demo,server,4,6240274,2440,,333000,4294967295,
migrate_demo,server,4,6245590,2440,,333000,4294967295,
migrate_demo,server,4,6250862,2440,,333000,4294967295,
migrate_demo,server,4,6256181,2440,,333000,4294967295,
migrate_demo,server,4,6261466,2440,,333000,4294967295,
migrate_demo,server,4,6266723,2440,,333000,4294967295,
migrate_demo,server,4,6271990,2440,,333000,4294967295,
migrate_demo,server,4,6277282,2440,,333000,4294967295,
migrate_demo,server,4,6282540,2440,,333000,4294967295,
migrate_demo,server,4,6287848,2440,,333000,4294967295,
migrate_demo,server,4,6293109,2440,,333000,4294967295,
migrate_demo,server,4,6298370,2440,,333000,4294967295,
migrate_demo,server,4,6303651,2440,,333000,4294967295,
migrate_demo,server,4,6308918,2440,,333000,4294967295,
migrate_demo,server,4,6314222,2440,,333000,4294967295,
migrate_demo,server,4,6319523,2440,,333000,4294967295,
migrate_demo,server,4,6324808,2440,,333000,4294967295,
migrate_demo,server,4,6330087,2440,,333000,4294967295,
migrate_demo,server,4,6335424,2440,,333000,4294967295,
migrate_demo,server,4,6340677,2440,,333000,4294967295,
migrate_demo,server,4,6345972,2440,,333000,4294967295,
migrate_demo,server,4,6351247,2440,,333000,4294967295,
migrate_demo,server,4,6356520,2440,,333000,4294967295,
migrate_demo,server,4,6361794,2440,,333000,4294967295,
migrate_demo,server,4,6367103,2440,,333000,4294967295,
migrate_demo,server,4,6372431,2440,,333000,4294967295,
migrate_demo,server,4,6377698,2440,,333000,4294967295,
migrate_demo,server,4,6382982,2440,,333000,4294967295,
migrate_demo,server,4,6388260,2440,,333000,4294967295,
migrate_demo,server,4,6393577,2440,,333000,4294967295,
migrate_demo,server,4,6398864,2440,,333000,4294967295,
migrate_demo,server,4,6404170,2440,,333000,4294967295,
migrate_demo,server,4,6409394,2440,,333000,4294967295,
migrate_demo,server,4,6414638,2440,,333000,4294967295,
migrate_demo,server,4,6419909,2440,,333000,4294967295,
migrate_demo,server,4,6425185,2440,,333000,4294967295,
migrate_demo,server,4,6430471,2440,,333000,4294967295,
migrate_demo,server,4,6435714,2440,,333000,4294967295,
migrate_demo,server,4,6441059,2440,,333000,4294967295,
migrate_demo,server,4,6446328,2440,,333000,4294967295,
migrate_demo,server,4,6451631,2440,,333000,4294967295,
migrate_demo,server,4,6456927,2440,,333000,4294967295,
migrate_demo,server,4,6462211,2440,,333000,4294967295,
migrate_demo,server,4,6467499,2440,,333000,4294967295,
migrate_demo,server,4,6472788,2440,,333000,4294967295,
migrate_demo,server,4,6478049,2440,,333000,4294967295,
migrate_demo,server,4,6483296,2440,,333000,4294967295,
migrate_demo,server,4,6488598,2440,,333000,4294967295,
migrate_demo,server,4,6493854,2440,,333000,4294967295,
migrate_demo,server,4,6499110,2440,,333000,4294967295,
migrate_demo,server,4,6504333,2440,,333000,4294967295,
migrate_demo,server,4,6509524,2440,,333000,4294967295,
migrate_demo,server,4,6514752,2440,,333000,4294967295,
migrate_demo,server,4,6519983,2440,,333000,4294967295,
migrate_demo,server,4,6525223,2440,,333000,4294967295,
migrate_demo,server,4,6530445,2440,,333000,4294967295,
migrate_demo,server,4,6535650,2440,,333000,4294967295,
migrate_demo,server,4,6540814,2440,,333000,4294967295,
migrate_demo,server,4,6545993,2440,,333000,4294967295,
migrate_demo,server,4,6551251,2440,,333000,4294967295,
migrate_demo,server,4,6556507,2440,,333000,4294967295,
migrate_demo,server,4,6561751,2440,,333000,4294967295,
migrate_demo,server,4,6567006,2440,,333000,4294967295,
migrate_demo,server,4,6572204,2440,,333000,4294967295,
migrate_demo,server,4,6577453,2440,,333000,4294967295,
migrate_demo,server,4,6582765,2440,,333000,4294967295,
migrate_demo,server,4,6587983,2440,,333000,4294967295,
migrate_demo,server,4,6593247,2440,,333000,4294967295,
migrate_demo,server,4,6598449,2440,,333000,4294967295,
migrate_demo,server,4,6603623,2440,,333000,4294967295,
migrate_demo,server,4,6608826,2440,,333000,4294967295,
migrate_demo,server,4,6614095,2440,,333000,4294967295,
migrate_demo,server,4,6619302,2440,,333000,4294967295,
migrate_demo,server,4,6624547,2440,,333000,4294967295,
migrate_demo,server,4,6629797,2440,,333000,4294967295,
migrate_demo,server,4,6635005,2440,,333000,4294967295,
migrate_demo,server,4,6640195,2440,,333000,4294967295,
migrate_demo,server,4,6645380,2440,,333000,4294967295,
migrate_demo,server,4,6650635,2440,,333000,4294967295,
migrate_demo,server,4,6655878,2440,,333000,4294967295,
migrate_demo,server,4,6661086,2440,,333000,4294967295,
migrate_demo,server,4,6666304,2440,,333000,4294967295,
migrate_demo,server,4,6671559,2440,,333000,4294967295,
migrate_demo,server,4,6676792,2440,,333000,4294967295,
migrate_demo,server,4,6682044,2440,,333000,4294967295,
migrate_demo,server,4,6687286,2440,,333000,4294967295,
migrate_demo,server,4,6692527,2440,,333000,4294967295,
migrate_demo,server,4,6697760,2440,,333000,4294967295,
migrate_demo,server,4,6703004,2440,,333000,4294967295,
migrate_demo,server,4,6708265,2440,,333000,4294967295,
migrate_demo,server,4,6713501,2440,,333000,4294967295,
migrate_demo,server,4,6718709,2440,,333000,4294967295,
migrate_demo,server,4,6723935,2440,,333000,4294967295,
migrate_demo,server,4,6729138,2440,,333000,4294967295,
migrate_demo,server,4,6734336,2440,,333000,4294967295,
migrate_demo,server,4,6739626,2440,,333000,4294967295,
migrate_demo,server,4,6744845,2440,,333000,4294967295,
migrate_demo,server,4,6750111,2440,,333000,4294967295,
migrate_demo,server,4,6755308,2440,,333000,4294967295,
migrate_demo,server,4,6760541,2440,,333000,4294967295,
migrate_demo,server,4,6765804,2440,,333000,4294967295,
migrate_demo,server,4,6771062,2440,,333000,4294967295,
migrate_demo,server,4,6776310,2440,,333000,4294967295,
migrate_demo,server,4,6781550,2440,,333000,4294967295,
migrate_demo,server,4,6786845,2440,,333000,4294967295,
migrate_demo,server,4,6792058,2440,,333000,4294967295,
migrate_demo,server,4,6797295,2440,,333000,4294967295,
migrate_demo,server,4,6802538,2440,,333000,4294967295,
migrate_demo,server,4,6807781,2440,,333000,4294967295,
migrate_demo,server,4,6812987,2440,,333000,4294967295,
migrate_demo,server,4,6818264,2440,,333000,4294967295,
migrate_demo,server,4,6823492,2440,,333000,4294967295,
migrate_demo,server,4,6828772,2440,,333000,4294967295,
migrate_demo,server,4,6834021,2440,,333000,4294967295,
migrate_demo,server,4,6839275,2440,,333000,4294967295,
migrate_demo,server,4,6844552,2440,,333000,4294967295,
migrate_demo,server,4,6849800,2440,,333000,4294967295,
migrate_demo,server,4,6855040,2440,,333000,4294967295,
migrate_demo,server,4,6860242,2440,,333000,4294967295,
migrate_demo,server,4,6865507,2440,,333000,4294967295,
migrate_demo,server,4,6870772,2440,,333000,4294967295,
migrate_demo,server,4,6876016,2440,,333000,4294967295,
migrate_demo,server,4,6881349,2440,,333000,4294967295,
migrate_demo,server,4,6886595,2440,,333000,4294967295,
migrate_demo,server,4,6891850,2440,,333000,4294967295,
migrate_demo,server,4,6897128,2440,,333000,4294967295,
migrate_demo,server,4,6902394,2440,,333000,4294967295,
migrate_demo,server,4,6907651,2440,,333000,4294967295,
migrate_demo,server,4,6912841,2440,,333000,4294967295,
migrate_demo,server,4,6918095,2440,,333000,4294967295,
migrate_demo,server,4,6923353,2440,,333000,4294967295,
migrate_demo,server,4,6928628,2440,,333000,4294967295,
migrate_demo,server,4,6933931,2440,,333000,4294967295,
migrate_demo,server,4,6939242,2440,,333000,4294967295,
migrate_demo,server,4,6944495,2440,,333000,4294967295,
migrate_demo,server,4,6949754,2440,,333000,4294967295,
migrate_demo,server,4,6955004,2440,,333000,4294967295,
migrate_demo,server,4,6960266,2440,,333000,4294967295,
migrate_demo,server,4,6965549,2440,,333000,4294967295,
migrate_demo,server,4,6970813,2440,,333000,4294967295,
migrate_demo,server,4,6976072,2440,,333000,4294967295,
migrate_demo,server,4,6981311,2440,,333000,4294967295,
migrate_demo,server,4,6986560,2440,,333000,4294967295,
migrate_demo,server,4,6991827,2440,,333000,4294967295,
migrate_demo,server,4,6997161,2440,,333000,4294967295,
migrate_demo,server,4,7002425,2440,,333000,4294967295,
migrate_demo,server,4,7007762,2440,,333000,4294967295,
migrate_demo,server,4,7013012,2440,,333000,4294967295,
migrate_demo,server,4,7018318,2440,,333000,4294967295,
migrate_demo,server,4,7023626,2440,,333000,4294967295,
migrate_demo,server,4,7028892,2440,,333000,4294967295,
migrate_demo,server,4,7034149,2440,,333000,4294967295,
migrate_demo,server,4,7039379,2440,,333000,4294967295,
migrate_demo,server,4,7044693,2440,,333000,4294967295,
migrate_demo,server,4,7049901,2440,,333000,4294967295,
migrate_demo,server,4,7055154,2440,,333000,4294967295,
migrate_demo,server,4,7060357,2440,,333000,4294967295,
migrate_demo,server,4,7065598,2440,,333000,4294967295,
migrate_demo,server,4,7070839,2440,,333000,4294967295,
migrate_demo,server,4,7076037,2440,,333000,4294967295,
migrate_demo,server,4,7081240,2440,,333000,4294967295,
migrate_demo,server,4,7086487,2440,,333000,4294967295,
migrate_demo,server,4,7091712,2440,,333000,4294967295,
migrate_demo,server,4,7096959,2440,,333000,4294967295,
migrate_demo,server,4,7102192,2440,,333000,4294967295,
migrate_demo,server,4,7107431,2440,,333000,4294967295,
migrate_demo,server,4,7112677,2440,,333000,4294967295,
migrate_demo,server,4,7117923,2440,,333000,4294967295,
migrate_demo,server,4,7123145,2440,,333000,4294967295,
migrate_demo,server,4,7128382,2440,,333000,4294967295,
migrate_demo,server,4,7133654,2440,,333000,4294967295,
migrate_demo,server,4,7138934,2440,,333000,4294967295,
migrate_demo,server,4,7144203,2440,,333000,4294967295,
migrate_demo,server,4,7149404,2440,,333000,4294967295,
migrate_demo,server,4,7154636,2440,,333000,4294967295,
migrate_demo,server,4,7159936,2440,,333000,4294967295,
migrate_demo,server,4,7165209,2440,,333000,4294967295,
migrate_demo,server,4,7170459,2440,,333000,4294967295,
migrate_demo,server,4,7175633,2440,,333000,4294967295,
migrate_demo,server,4,7180835,2440,,333000,4294967295,
migrate_demo,server,4,7186065,2440,,333000,4294967295,
migrate_demo,server,4,7191370,2440,,333000,4294967295,
migrate_demo,server,4,7196643,2440,,333000,4294967295,
migrate_demo,server,4,7201850,2440,,333000,4294967295,
migrate_demo,server,4,7207126,2440,,333000,4294967295,
migrate_demo,server,4,7212348,2440,,333000,4294967295,
migrate_demo,server,4,7217593,2440,,333000,4294967295,
migrate_demo,server,4,7222835,2440,,333000,4294967295,
migrate_demo,server,4,7228141,2440,,333000,4294967295,
migrate_demo,server,4,7233406,2440,,333000,4294967295,
migrate_demo,server,4,7238733,2440,,333000,4294967295,
migrate_demo,server,4,7244023,2440,,333000,4294967295,
migrate_demo,server,4,7249268,2440,,333000,4294967295,
migrate_demo,server,4,7254454,2440,,333000,4294967295,
migrate_demo,server,4,7259749,2440,,333000,4294967295,
migrate_demo,server,4,7265016,2440,,333000,4294967295,
migrate_demo,server,4,7270293,2440,,333000,4294967295,
migrate_demo,server,4,7275557,2440,,333000,4294967295,
migrate_demo,server,4,7280841,2440,,333000,4294967295,
migrate_demo,server,4,7286123,2440,,333000,4294967295,
migrate_demo,server,4,7291403,2440,,333000,4294967295,
migrate_demo,server,4,7296626,2440,,333000,4294967295,
migrate_demo,server,4,7301940,2440,,333000,4294967295,
migrate_demo,server,4,7307139,2440,,333000,4294967295,
migrate_demo,server,4,7312399,2440,,333000,4294967295,
migrate_demo,server,4,7317672,2440,,333000,4294967295,
migrate_demo,server,4,7322963,2440,,333000,4294967295,
migrate_demo,server,4,7328185,2440,,333000,4294967295,
migrate_demo,server,4,7333431,2440,,333000,4294967295,
migrate_demo,server,4,7338616,2440,,333000,4294967295,
migrate_demo,server,4,7343924,2440,,333000,4294967295,
migrate_demo,server,4,7349107,2440,,333000,4294967295,
migrate_demo,server,4,7354433,2440,,333000,4294967295,
migrate_demo,server,4,7359779,2440,,333000,4294967295,
migrate_demo,server,4,7365033,2440,,333000,4294967295,
migrate_demo,server,4,7370298,2440,,333000,4294967295,
migrate_demo,server,4,7375655,2440,,333000,4294967295,
migrate_demo,server,4,7380880,2440,,333000,4294967295,
migrate_demo,server,4,7386163,2440,,333000,4294967295,
migrate_demo,server,4,7391471,2440,,333000,4294967295,
migrate_demo,server,4,7396722,2440,,333000,4294967295,
migrate_demo,server,4,7401936,2440,,333000,4294967295,
migrate_demo,server,4,7407161,2440,,333000,4294967295,
migrate_demo,server,4,7412395,2440,,333000,4294967295,
migrate_demo,server,4,7417640,2440,,333000,4294967295,
migrate_demo,server,4,7422916,2440,,333000,4294967295,
migrate_demo,server,4,7428110,2440,,333000,4294967295,
migrate_demo,server,4,7433362,2440,,333000,4294967295,
migrate_demo,server,4,7438528,2440,,333000,4294967295,
migrate_demo,server,4,7443784,2440,,333000,4294967295,
migrate_demo,server,4,7449049,2440,,333000,4294967295,
migrate_demo,server,4,7454397,2440,,333000,4294967295,
migrate_demo,server,4,7459674,2440,,333000,4294967295,
migrate_demo,server,4,7465105,2440,,333000,4294967295,
migrate_demo,server,4,7470374,2440,,333000,4294967295,
migrate_demo,server,4,7475715,2440,,333000,4294967295,
migrate_demo,server,4,7480882,2440,,333000,4294967295,
migrate_demo,server,4,7486104,2440,,333000,4294967295,
migrate_demo,server,4,7491306,2440,,333000,4294967295,
migrate_demo,server,4,7496565,2440,,333000,4294967295,
migrate_demo,server,4,7501767,2440,,333000,4294967295,
migrate_demo,server,4,7507203,2440,,333000,4294967295,
migrate_demo,server,4,7512460,2440,,333000,4294967295,
migrate_demo,server,4,7517645,2440,,333000,4294967295,
migrate_demo,server,4,7522804,2440,,333000,4294967295,
migrate_demo,server,4,7528013,2440,,333000,4294967295,
migrate_demo,server,4,7533215,2440,,333000,4294967295,
migrate_demo,server,4,7538373,2440,,333000,4294967295,
migrate_demo,server,4,7543571,2440,,333000,4294967295,
migrate_demo,server,4,7548774,2440,,333000,4294967295,
migrate_demo,server,4,7553926,2440,,333000,4294967295,
migrate_demo,server,4,7559159,2440,,333000,4294967295,
migrate_demo,server,4,7564366,2440,,333000,4294967295,
migrate_demo,server,4,7569505,2440,,333000,4294967295,
migrate_demo,server,4,7574650,2440,,333000,4294967295,
migrate_demo,server,4,7579877,2440,,333000,4294967295,
migrate_demo,server,4,7585052,2440,,333000,4294967295,
migrate_demo,server,4,7590238,2440,,333000,4294967295,
migrate_demo,server,4,7595468,2440,,333000,4294967295,
migrate_demo,server,4,7600684,2440,,333000,4294967295,
migrate_demo,server,4,7605853,2440,,333000,4294967295,
migrate_demo,server,4,7611012,2440,,333000,4294967295,
migrate_demo,server,4,7616215,2440,,333000,4294967295,
migrate_demo,server,4,7621402,2440,,333000,4294967295,
migrate_demo,server,4,7626603,2440,,333000,4294967295,
migrate_demo,server,4,7631800,2440,,333000,4294967295,
migrate_demo,server,4,7637023,2440,,333000,4294967295,
migrate_demo,server,4,7642218,2440,,333000,4294967295,
migrate_demo,server,4,7647441,2440,,333000,4294967295,
migrate_demo,server,4,7652651,2440,,333000,4294967295,
migrate_demo,server,4,7657861,2440,,333000,4294967295,
migrate_demo,server,4,7663094,2440,,333000,4294967295,
migrate_demo,server,4,7668266,2440,,333000,4294967295,
migrate_demo,server,4,7673424,2440,,333000,4294967295,
migrate_demo,server,4,7678622,2440,,333000,4294967295,
migrate_demo,server,4,7683838,2440,,333000,4294967295,
migrate_demo,server,4,7689046,3660,,333000,4294967295,
migrate_demo,server,4,7694252,3660,,333000,4294967295,
migrate_demo,server,4,7699487,3660,,333000,4294967295,
migrate_demo,server,4,7704795,3660,,333000,4294967295,
migrate_demo,server,4,7710052,3660,,333000,4294967295,
migrate_demo,server,4,7715308,3660,,333000,4294967295,
migrate_demo,server,4,7720607,3660,,333000,4294967295,
migrate_demo,server,4,7725880,3660,,333000,4294967295,
migrate_demo,server,4,7731073,3660,,333000,4294967295,
migrate_demo,server,4,7736321,3660,,333000,4294967295,
migrate_demo,server,4,7741548,3660,,333000,4294967295,
migrate_demo,server,4,7746809,3660,,333000,4294967295,
migrate_demo,server,4,7752039,3660,,333000,4294967295,
migrate_demo,server,4,7757305,4880,,333000,4294967295,
migrate_demo,server,4,7762529,4880,,333000,4294967295,
migrate_demo,server,4,7767751,4880,,333000,4294967295,
migrate_demo,server,4,7773039,4880,,333000,4294967295,
migrate_demo,server,4,7778306,4880,,333000,4294967295,
migrate_demo,server,4,7783532,4880,,333000,4294967295,
migrate_demo,server,4,7788758,4880,,333000,4294967295,
migrate_demo,server,4,7793979,4880,,333000,4294967295,
migrate_demo,server,4,7799170,4880,,333000,4294967295,
migrate_demo,server,4,7804449,4880,,333000,4294967295,
migrate_demo,server,4,7809609,4880,,333000,4294967295,
migrate_demo,server,4,7814772,4880,,333000,4294967295,
migrate_demo,server,4,7819967,4880,,333000,4294967295,
migrate_demo,server,4,7825198,6100,,333000,4294967295,
migrate_demo,server,4,7830439,6100,,333000,4294967295,
migrate_demo,server,4,7835791,6100,,333000,4294967295,
migrate_demo,server,4,7841056,6100,,333000,4294967295,
migrate_demo,server,4,7846340,6100,,333000,4294967295,
migrate_demo,server,4,7851726,6100,,333000,4294967295,
migrate_demo,server,4,7856999,6100,,333000,4294967295,
migrate_demo,server,4,7862246,6100,,333000,4294967295,
migrate_demo,server,4,7867535,6100,,333000,4294967295,
migrate_demo,server,4,7872777,6100,,333000,4294967295,
migrate_demo,server,4,7878000,6100,,333000,4294967295,
migrate_demo,server,4,7883272,6100,,333000,4294967295,
migrate_demo,server,4,7888446,7320,,333000,4294967295,
migrate_demo,server,4,7893675,7320,,333000,4294967295,
migrate_demo,server,4,7898944,7320,,333000,4294967295,
migrate_demo,server,4,7904211,7320,,333000,4294967295,
migrate_demo,server,4,7909456,7320,,333000,4294967295,
migrate_demo,server,4,7914628,7320,,333000,4294967295,
migrate_demo,server,4,7919927,7320,,333000,4294967295,
migrate_demo,server,4,7925164,7320,,333000,4294967295,
migrate_demo,server,4,7930383,7320,,333000,4294967295,
migrate_demo,server,4,7935703,7320,,333000,4294967295,
migrate_demo,server,4,7940906,7320,,333000,4294967295,
migrate_demo,server,4,7946127,7320,,333000,4294967295,
migrate_demo,server,4,7951356,7320,,333000,4294967295,
migrate_demo,server,4,7956644,8540,,333000,4294967295,
migrate_demo,server,4,7961828,8540,,333000,4294967295,
migrate_demo,server,4,7967085,8540,,333000,4294967295,
migrate_demo,server,4,7972373,8540,,333000,4294967295,
migrate_demo,server,4,7977630,8540,,333000,4294967295,
migrate_demo,server,4,7982847,8540,,333000,4294967295,
migrate_demo,server,4,7988108,8540,,333000,4294967295,
migrate_demo,server,4,7993343,8540,,333000,4294967295,
migrate_demo,server,4,7998593,8540,,333000,4294967295,
migrate_demo,server,4,8003802,8540,,333000,4294967295,
migrate_demo,server,4,8009014,8540,,333000,4294967295,
migrate_demo,server,4,8014254,8540,,333000,4294967295,
migrate_demo,server,4,8019496,8540,,333000,4294967295,
migrate_demo,server,4,8024733,9760,,333000,4294967295,
migrate_demo,server,4,8029927,9760,,333000,4294967295,
migrate_demo,server,4,8035159,9760,,333000,4294967295,
migrate_demo,server,4,8040433,9760,,333000,4294967295,
migrate_demo,server,4,8045685,9760,,333000,4294967295,
migrate_demo,server,4,8050992,9760,,333000,4294967295,
migrate_demo,server,4,8056209,9760,,333000,4294967295,
migrate_demo,server,4,8061443,9760,,333000,4294967295,
migrate_demo,server,4,8066709,9760,,333000,4294967295,
migrate_demo,server,4,8071955,9760,,333000,4294967295,
migrate_demo,server,4,8077189,9760,,333000,4294967295,
migrate_demo,server,4,8082451,9760,,333000,4294967295,
migrate_demo,server,4,8087762,9760,,333000,4294967295,
migrate_demo,server,4,8092992,10980,,333000,4294967295,
migrate_demo,server,4,8098230,10980,,333000,4294967295,
migrate_demo,server,4,8103464,10980,,333000,4294967295,
migrate_demo,server,4,8108706,10980,,333000,4294967295,
migrate_demo,server,4,8113995,10980,,333000,4294967295,
migrate_demo,server,4,8119245,10980,,333000,4294967295,
migrate_demo,server,4,8124417,10980,,333000,4294967295,
migrate_demo,server,4,8129757,10980,,333000,4294967295,
migrate_demo,server,4,8134975,10980,,333000,4294967295,
migrate_demo,server,4,8140246,10980,,333000,4294967295,
migrate_demo,server,4,8145496,10980,,333000,4294967295,
migrate_demo,server,4,8150775,10980,,333000,4294967295,
migrate_demo,server,4,8156397,12200,,333000,4294967295,
migrate_demo,server,4,8161658,12200,,333000,4294967295,
migrate_demo,server,4,8166941,12200,,333000,4294967295,
migrate_demo,server,4,8172151,12200,,333000,4294967295,
migrate_demo,server,4,8177411,12200,,333000,4294967295,
migrate_demo,server,4,8182655,12200,,333000,4294967295,
migrate_demo,server,4,8187881,12200,,333000,4294967295,
migrate_demo,server,4,8193090,12200,,333000,4294967295,
migrate_demo,server,4,8198310,12200,,333000,4294967295,
migrate_demo,server,4,8203512,12200,,333000,4294967295,
migrate_demo,server,4,8208811,12200,,333000,4294967295,
migrate_demo,server,4,8214034,12200,,333000,4294967295,
migrate_demo,server,4,8219214,12200,,333000,4294967295,
migrate_demo,server,4,8224423,13420,,333000,4294967295,
migrate_demo,server,4,8229736,13420,,333000,4294967295,
migrate_demo,server,4,8234944,13420,,333000,4294967295,
migrate_demo,server,4,8240220,13420,,333000,4294967295,
migrate_demo,server,4,8245452,13420,,333000,4294967295,
migrate_demo,server,4,8250730,13420,,333000,4294967295,
migrate_demo,server,4,8255941,13420,,333000,4294967295,
migrate_demo,server,4,8261233,13420,,333000,4294967295,
migrate_demo,server,4,8266476,13420,,333000,4294967295,
migrate_demo,server,4,8271681,13420,,333000,4294967295,
migrate_demo,server,4,8277106,13420,,333000,4294967295,
migrate_demo,server,4,8282374,13420,,333000,4294967295,
migrate_demo,server,4,8287682,13420,,333000,4294967295,
migrate_demo,server,4,8292881,14640,,333000,4294967295,
migrate_demo,server,4,8298146,14640,,333000,4294967295,
migrate_demo,server,4,8303356,14640,,333000,4294967295,
migrate_demo,server,4,8308619,14640,,333000,4294967295,
migrate_demo,server,4,8313869,14640,,333000,4294967295,
migrate_demo,server,4,8319197,14640,,333000,4294967295,
migrate_demo,server,4,8324433,14640,,333000,4294967295,
migrate_demo,server,4,8329683,14640,,333000,4294967295,
migrate_demo,server,4,8334912,14640,,333000,4294967295,
migrate_demo,server,4,8340102,14640,,333000,4294967295,
migrate_demo,server,4,8345356,14640,,333000,4294967295,
migrate_demo,server,4,8350653,14640,,333000,4294967295,
migrate_demo,server,4,8355937,14640,,333000,4294967295,
migrate_demo,server,4,8361252,15860,,333000,4294967295,
migrate_demo,server,4,8366574,15860,,333000,4294967295,
migrate_demo,server,4,8371838,15860,,333000,4294967295,
migrate_demo,server,4,8377015,15860,,333000,4294967295,
migrate_demo,server,4,8382186,15860,,333000,4294967295,
migrate_demo,server,4,8387382,15860,,333000,4294967295,
migrate_demo,server,4,8392574,15860,,333000,4294967295,
migrate_demo,server,4,8397793,15860,,333000,4294967295,
migrate_demo,server,4,8402991,15860,,333000,4294967295,
migrate_demo,server,4,8408200,15860,,333000,4294967295,
migrate_demo,server,4,8413507,15860,,333000,4294967295,
migrate_demo,server,4,8418801,15860,,333000,4294967295,
migrate_demo,server,4,8424064,15860,,333000,4294967295,
migrate_demo,server,4,8429283,17080,,333000,4294967295,
migrate_demo,server,4,8434541,17080,,333000,4294967295,
migrate_demo,server,4,8439810,17080,,333000,4294967295,
migrate_demo,server,4,8445096,17080,,333000,4294967295,
migrate_demo,server,4,8450378,17080,,333000,4294967295,
migrate_demo,server,4,8455677,17080,,333000,4294967295,
migrate_demo,server,4,8460961,17080,,333000,4294967295,
migrate_demo,server,4,8466178,17080,,333000,4294967295,
migrate_demo,server,4,8471461,17080,,333000,4294967295,
migrate_demo,server,4,8476679,17080,,333000,4294967295,
migrate_demo,server,4,8481945,17080,,333000,4294967295,
migrate_demo,server,4,8487192,17080,,333000,4294967295,
migrate_demo,server,4,8492530,17080,,333000,4294967295,
migrate_demo,server,4,8497805,18300,,333000,4294967295,
migrate_demo,server,4,8503051,18300,,333000,4294967295,
migrate_demo,server,4,8508262,18300,,333000,4294967295,
migrate_demo,server,4,8513467,18300,,333000,4294967295,
migrate_demo,server,4,8518746,18300,,333000,4294967295,
migrate_demo,server,4,8523994,18300,,333000,4294967295,
migrate_demo,server,4,8529253,18300,,333000,4294967295,
migrate_demo,server,4,8534465,18300,,333000,4294967295,
migrate_demo,server,4,8539725,18300,,333000,4294967295,
migrate_demo,server,4,8544985,18300,,333000,4294967295,
migrate_demo,server,4,8550250,18300,,333000,4294967295,
migrate_demo,server,4,8555518,18300,,333000,4294967295,
migrate_demo,server,4,8560777,19520,,333000,4294967295,
migrate_demo,server,4,8566005,19520,,333000,4294967295,
migrate_demo,server,4,8571245,19520,,333000,4294967295,
migrate_demo,server,4,8576529,19520,,333000,4294967295,
migrate_demo,server,4,8581775,19520,,333000,4294967295,
migrate_demo,server,4,8586979,19520,,333000,4294967295,
migrate_demo,server,4,8592210,19520,,333000,4294967295,
migrate_demo,server,4,8597522,19520,,333000,4294967295,
migrate_demo,server,4,8602804,19520,,333000,4294967295,
migrate_demo,server,4,8608022,19520,,333000,4294967295,
migrate_demo,server,4,8613221,19520,,333000,4294967295,
migrate_demo,server,4,8618450,19520,,333000,4294967295,
migrate_demo,server,4,8623693,19520,,333000,4294967295,
migrate_demo,server,4,8628925,20740,,333000,4294967295,
migrate_demo,server,4,8634210,20740,,333000,4294967295,
migrate_demo,server,4,8639412,20740,,333000,4294967295,
migrate_demo,server,4,8644668,20740,,333000,4294967295,
migrate_demo,server,4,8649864,20740,,333000,4294967295,
migrate_demo,server,4,8655097,20740,,333000,4294967295,
migrate_demo,server,4,8660311,20740,,333000,4294967295,
migrate_demo,server,4,8665523,20740,,333000,4294967295,
migrate_demo,server,4,8670723,20740,,333000,4294967295,
migrate_demo,server,4,8675977,20740,,333000,4294967295,
migrate_demo,server,4,8681167,20740,,333000,4294967295,
migrate_demo,server,4,8686458,20740,,333000,4294967295,
migrate_demo,server,4,8691715,20740,,333000,4294967295,
migrate_demo,server,4,8696957,21960,,333000,4294967295,
migrate_demo,server,4,8702241,21960,,333000,4294967295,
migrate_demo,server,4,8707468,21960,,333000,4294967295,
migrate_demo,server,4,8712726,21960,,333000,4294967295,
migrate_demo,server,4,8717942,21960,,333000,4294967295,
migrate_demo,server,4,8723214,21960,,333000,4294967295,
migrate_demo,server,4,8728491,21960,,333000,4294967295,
migrate_demo,server,4,8733777,21960,,333000,4294967295,
migrate_demo,server,4,8738919,21960,,333000,4294967295,
migrate_demo,server,4,8744135,21960,,333000,4294967295,
migrate_demo,server,4,8749402,21960,,333000,4294967295,
migrate_demo,server,4,8754639,21960,,333000,4294967295,
migrate_demo,server,4,8759894,21960,,333000,4294967295,
migrate_demo,server,4,8765129,23180,,333000,4294967295,
migrate_demo,server,4,8770378,23180,,333000,4294967295,
migrate_demo,server,4,8775677,23180,,333000,4294967295,
migrate_demo,server,4,8780931,23180,,333000,4294967295,
migrate_demo,server,4,8786226,23180,,333000,4294967295,
migrate_demo,server,4,8791489,23180,,333000,4294967295,
migrate_demo,server,4,8796755,23180,,333000,4294967295,
migrate_demo,server,4,8802085,23180,,333000,4294967295,
migrate_demo,server,4,8807243,23180,,333000,4294967295,
migrate_demo,server,4,8812490,23180,,333000,4294967295,
migrate_demo,server,4,8817752,23180,,333000,4294967295,
migrate_demo,server,4,8822974,23180,,333000,4294967295,
migrate_demo,server,4,8828193,23180,,333000,4294967295,
migrate_demo,server,4,8833352,24400,,333000,4294967295,
migrate_demo,server,4,8838578,24400,,333000,4294967295,
migrate_demo,server,4,8843838,24400,,333000,4294967295,
migrate_demo,server,4,8849072,24400,,333000,4294967295,
migrate_demo,server,4,8854325,24400,,333000,4294967295,
migrate_demo,server,4,8859551,24400,,333000,4294967295,
migrate_demo,server,4,8864792,24400,,333000,4294967295,
migrate_demo,server,4,8870041,24400,,333000,4294967295,
migrate_demo,server,4,8875220,24400,,333000,4294967295,
migrate_demo,server,4,8880413,24400,,333000,4294967295,
migrate_demo,server,4,8885685,24400,,333000,4294967295,
migrate_demo,server,4,8890928,24400,,333000,4294967295,
migrate_demo,server,4,8896136,25620,,333000,4294967295,
migrate_demo,server,4,8901430,25620,,333000,4294967295,
migrate_demo,server,4,8906693,25620,,333000,4294967295,
migrate_demo,server,4,8911957,25620,,333000,4294967295,
migrate_demo,server,4,8917215,25620,,333000,4294967295,
migrate_demo,server,4,8922472,25620,,333000,4294967295,
migrate_demo,server,4,8927750,25620,,333000,4294967295,
migrate_demo,server,4,8933030,25620,,333000,4294967295,
migrate_demo,server,4,8938302,25620,,333000,4294967295,
migrate_demo,server,4,8943561,25620,,333000,4294967295,
migrate_demo,server,4,8948877,25620,,333000,4294967295,
migrate_demo,server,4,8954120,25620,,333000,4294967295,
migrate_demo,server,4,8959364,25620,,333000,4294967295,
migrate_demo,server,4,8964609,26840,,333000,4294967295,
migrate_demo,server,4,8969855,26840,,333000,4294967295,
migrate_demo,server,4,8975119,26840,,333000,4294967295,
migrate_demo,server,4,8980357,26840,,333000,4294967295,
migrate_demo,server,4,8985584,26840,,333000,4294967295,
migrate_demo,server,4,8990821,26840,,333000,4294967295,
migrate_demo,server,4,8996103,26840,,333000,4294967295,
migrate_demo,server,4,9001413,26840,,333000,4294967295,
migrate_demo,server,4,9006650,26840,,333000,4294967295,
migrate_demo,server,4,9011898,26840,,333000,4294967295,
migrate_demo,server,4,9017161,26840,,333000,4294967295,
migrate_demo,server,4,9022406,26840,,333000,4294967295,
migrate_demo,server,4,9027678,26840,,333000,4294967295,
migrate_demo,server,4,9032917,28060,,333000,4294967295,
migrate_demo,server,4,9038195,28060,,333000,4294967295,
migrate_demo,server,4,9043491,28060,,333000,4294967295,
migrate_demo,server,4,9048774,28060,,333000,4294967295,
migrate_demo,server,4,9053983,28060,,333000,4294967295,
migrate_demo,server,4,9059189,28060,,333000,4294967295,
migrate_demo,server,4,9064438,28060,,333000,4294967295,
migrate_demo,server,4,9069722,28060,,333000,4294967295,
migrate_demo,server,4,9074918,28060,,333000,4294967295,
migrate_demo,server,4,9080144,28060,,333000,4294967295,
migrate_demo,server,4,9085416,28060,,333000,4294967295,
migrate_demo,server,4,9090690,28060,,333000,4294967295,
migrate_demo,server,4,9095997,28060,,333000,4294967295,
migrate_demo,server,4,9101259,29280,,333000,4294967295,
migrate_demo,server,4,9106523,29280,,333000,4294967295,
migrate_demo,server,4,9111749,29280,,333000,4294967295,
migrate_demo,server,4,9117041,29280,,333000,4294967295,
migrate_demo,server,4,9122307,29280,,333000,4294967295,
migrate_demo,server,4,9127539,29280,,333000,4294967295,
migrate_demo,server,4,9132831,29280,,333000,4294967295,
migrate_demo,server,4,9138112,29280,,333000,4294967295,
migrate_demo,server,4,9143377,29280,,333000,4294967295,
migrate_demo,server,4,9148608,29280,,333000,4294967295,
migrate_demo,server,4,9153867,29280,,333000,4294967295,
migrate_demo,server,4,9159136,29280,,333000,4294967295,
migrate_demo,server,4,9164422,29280,,333000,4294967295,
migrate_demo,server,4,9169685,30500,,333000,4294967295,
migrate_demo,server,4,9174970,30500,,333000,4294967295,
migrate_demo,server,4,9180324,30500,,333000,4294967295,
migrate_demo,server,4,9185576,30500,,333000,4294967295,
migrate_demo,server,4,9190772,30500,,333000,4294967295,
migrate_demo,server,4,9195984,30500,,333000,4294967295,
migrate_demo,server,4,9201228,30500,,333000,4294967295,
migrate_demo,server,4,9206407,30500,,333000,4294967295,
migrate_demo,server,4,9211680,30500,,333000,4294967295,
migrate_demo,server,4,9216879,30500,,333000,4294967295,
migrate_demo,server,4,9222083,30500,,333000,4294967295,
migrate_demo,server,4,9227334,30500,,333000,4294967295,
migrate_demo,server,4,9232649,31720,,333000,4294967295,
migrate_demo,server,4,9237907,31720,,333000,4294967295,
migrate_demo,server,4,9243137,31720,,333000,4294967295,
migrate_demo,server,4,9248394,31720,,333000,4294967295,
migrate_demo,server,4,9253641,31720,,333000,4294967295,
migrate_demo,server,4,9258886,31720,,333000,4294967295,
migrate_demo,server,4,9264130,31720,,333000,4294967295,
migrate_demo,server,4,9269439,31720,,333000,4294967295,
migrate_demo,server,4,9274688,31720,,333000,4294967295,
migrate_demo,server,4,9279946,31720,,333000,4294967295,
migrate_demo,server,4,9285153,31720,,333000,4294967295,
migrate_demo,server,4,9290398,31720,,333000,4294967295,
migrate_demo,server,4,9295664,31720,,333000,4294967295,
migrate_demo,server,4,9300922,32940,,333000,4294967295,
migrate_demo,server,4,9306148,32940,,333000,4294967295,
migrate_demo,server,4,9311429,32940,,333000,4294967295,
migrate_demo,server,4,9316684,32940,,333000,4294967295,
migrate_demo,server,4,9321936,32940,,333000,4294967295,
migrate_demo,server,4,9327201,32940,,333000,4294967295,
migrate_demo,server,4,9332427,32940,,333000,4294967295,
migrate_demo,server,4,9337694,32940,,333000,4294967295,
migrate_demo,server,4,9342920,32940,,333000,4294967295,
migrate_demo,server,4,9348153,32940,,333000,4294967295,
migrate_demo,server,4,9353377,32940,,333000,4294967295,
migrate_demo,server,4,9358624,32940,,333000,4294967295,
migrate_demo,server,4,9363897,32940,,333000,4294967295,
migrate_demo,server,4,9369162,34160,,333000,4294967295,
migrate_demo,server,4,9374463,34160,,333000,4294967295,
migrate_demo,server,4,9379728,34160,,333000,4294967295,
migrate_demo,server,4,9384990,34160,,333000,4294967295,
migrate_demo,server,4,9390289,34160,,333000,4294967295,
migrate_demo,server,4,9395551,34160,,333000,4294967295,
migrate_demo,server,4,9400807,34160,,333000,4294967295,
migrate_demo,server,4,9406038,34160,,333000,4294967295,
migrate_demo,server,4,9411267,34160,,333000,4294967295,
migrate_demo,server,4,9416463,34160,,333000,4294967295,
migrate_demo,server,4,9421665,34160,,333000,4294967295,
migrate_demo,server,4,9426845,34160,,333000,4294967295,
migrate_demo,server,4,9432109,34160,,333000,4294967295,
migrate_demo,server,4,9437381,35380,,333000,4294967295,
migrate_demo,server,4,9442662,35380,,333000,4294967295,
migrate_demo,server,4,9447908,35380,,333000,4294967295,
migrate_demo,server,4,9453116,35380,,333000,4294967295,
migrate_demo,server,4,9458408,35380,,333000,4294967295,
migrate_demo,server,4,9463646,35380,,333000,4294967295,
migrate_demo,server,4,9468856,35380,,333000,4294967295,
migrate_demo,server,4,9474116,35380,,333000,4294967295,
migrate_demo,server,4,9479402,35380,,333000,4294967295,
migrate_demo,server,4,9484655,35380,,333000,4294967295,
migrate_demo,server,4,9489883,35380,,333000,4294967295,
migrate_demo,server,4,9495155,35380,,333000,4294967295,
migrate_demo,server,4,9500396,35380,,333000,4294967295,
migrate_demo,server,4,9505646,36600,,333000,4294967295,
migrate_demo,server,4,9510928,36600,,333000,4294967295,
migrate_demo,server,4,9516207,36600,,333000,4294967295,
migrate_demo,server,4,9521448,36600,,333000,4294967295,
migrate_demo,server,4,9526722,36600,,333000,4294967295,
migrate_demo,server,4,9532004,36600,,333000,4294967295,
migrate_demo,server,4,9537281,36600,,333000,4294967295,
migrate_demo,server,4,9542556,36600,,333000,4294967295,
migrate_demo,server,4,9547777,36600,,333000,4294967295,
migrate_demo,server,4,9553001,36600,,333000,4294967295,
migrate_demo,server,4,9558233,36600,,333000,4294967295,
migrate_demo,server,4,9563544,36600,,333000,4294967295,
migrate_demo,server,4,9568735,36600,,333000,4294967295,
migrate_demo,server,4,9573944,37820,,333000,4294967295,
migrate_demo,server,4,9579211,37820,,333000,4294967295,
migrate_demo,server,4,9584433,37820,,333000,4294967295,
migrate_demo,server,4,9589642,37820,,333000,4294967295,
migrate_demo,server,4,9594911,37820,,333000,4294967295,
migrate_demo,server,4,9600150,37820,,333000,4294967295,
migrate_demo,server,4,9605415,37820,,333000,4294967295,
migrate_demo,server,4,9610718,37820,,333000,4294967295,
migrate_demo,server,4,9615955,37820,,333000,4294967295,
migrate_demo,server,4,9621164,37820,,333000,4294967295,
migrate_demo,server,4,9626384,37820,,333000,4294967295,
migrate_demo,server,4,9631660,37820,,333000,4294967295,
migrate_demo,server,4,9636882,37820,,333000,4294967295,
migrate_demo,server,4,9642132,39040,,333000,4294967295,
migrate_demo,server,4,9647397,39040,,333000,4294967295,
migrate_demo,server,4,9652669,39040,,333000,4294967295,
migrate_demo,server,4,9657948,39040,,333000,4294967295,
migrate_demo,server,4,9663182,39040,,333000,4294967295,
migrate_demo,server,4,9668445,39040,,333000,4294967295,
migrate_demo,server,4,9673714,39040,,333000,4294967295,
migrate_demo,server,4,9679003,39040,,333000,4294967295,
migrate_demo,server,4,9684188,39040,,333000,4294967295,
migrate_demo,server,4,9689402,39040,,333000,4294967295,
migrate_demo,server,4,9694675,39040,,333000,4294967295,
migrate_demo,server,4,9699967,39040,,333000,4294967295,
migrate_demo,server,4,9705195,40260,,333000,4294967295,
migrate_demo,server,4,9710455,40260,,333000,4294967295,
migrate_demo,server,4,9715694,40260,,333000,4294967295,
migrate_demo,server,4,9721013,40260,,333000,4294967295,
migrate_demo,server,4,9726312,40260,,333000,4294967295,
migrate_demo,server,4,9731519,40260,,333000,4294967295,
migrate_demo,server,4,9736785,40260,,333000,4294967295,
migrate_demo,server,4,9741945,40260,,333000,4294967295,
migrate_demo,server,4,9747092,40260,,333000,4294967295,
migrate_demo,server,4,9752305,40260,,333000,4294967295,
migrate_demo,server,4,9757470,40260,,333000,4294967295,
migrate_demo,server,4,9762601,40260,,333000,4294967295,
migrate_demo,server,4,9767846,40260,,333000,4294967295,
migrate_demo,server,4,9773064,41480,,333000,4294967295,
migrate_demo,server,4,9778301,41480,,333000,4294967295,
migrate_demo,server,4,9783491,41480,,333000,4294967295,
migrate_demo,server,4,9788722,41480,,333000,4294967295,
migrate_demo,server,4,9793910,41480,,333000,4294967295,
migrate_demo,server,4,9799109,41480,,333000,4294967295,
migrate_demo,server,4,9804371,41480,,333000,4294967295,
migrate_demo,server,4,9809589,41480,,333000,4294967295,
migrate_demo,server,4,9814884,41480,,333000,4294967295,
migrate_demo,server,4,9820093,41480,,333000,4294967295,
migrate_demo,server,4,9825277,41480,,333000,4294967295,
migrate_demo,server,4,9830513,41480,,333000,4294967295,
migrate_demo,server,4,9835825,41480,,333000,4294967295,
migrate_demo,server,4,9841093,42700,,333000,4294967295,
migrate_demo,server,4,9846353,42700,,333000,4294967295,
migrate_demo,server,4,9851560,42700,,333000,4294967295,
migrate_demo,server,4,9856879,42700,,333000,4294967295,
migrate_demo,server,4,9862153,42700,,333000,4294967295,
migrate_demo,server,4,9867410,42700,,333000,4294967295,
migrate_demo,server,4,9872707,42700,,333000,4294967295,
migrate_demo,server,4,9877964,42700,,333000,4294967295,
migrate_demo,server,4,9883195,42700,,333000,4294967295,
migrate_demo,server,4,9888438,42700,,333000,4294967295,
migrate_demo,server,4,9893694,42700,,333000,4294967295,
migrate_demo,server,4,9898917,42700,,333000,4294967295,
migrate_demo,server,4,9904144,42700,,333000,4294967295,
migrate_demo,server,4,9909400,43920,,333000,4294967295,
migrate_demo,server,4,9914667,43920,,333000,4294967295,
migrate_demo,server,4,9919871,43920,,333000,4294967295,
migrate_demo,server,4,9925147,43920,,333000,4294967295,
migrate_demo,server,4,9930330,43920,,333000,4294967295,
migrate_demo,server,4,9935652,43920,,333000,4294967295,
migrate_demo,server,4,9940842,43920,,333000,4294967295,
migrate_demo,server,4,9946127,43920,,333000,4294967295,
migrate_demo,server,4,9951457,43920,,333000,4294967295,
migrate_demo,server,4,9956733,43920,,333000,4294967295,
migrate_demo,server,4,9961991,43920,,333000,4294967295,
migrate_demo,server,4,9967249,43920,,333000,4294967295,
migrate_demo,server,4,9972567,43920,,333000,4294967295,
migrate_demo,server,4,9977939,45140,,333000,4294967295,
migrate_demo,server,4,9983239,45140,,333000,4294967295,
migrate_demo,server,4,9988541,45140,,333000,4294967295,
migrate_demo,server,4,9993819,45140,,333000,4294967295,
migrate_demo,server,4,9999103,45140,,333000,4294967295,
migrate_demo,server,4,10004333,45140,,333000,4294967295,
migrate_demo,server,4,10009604,45140,,333000,4294967295,
migrate_demo,server,4,10015031,45140,,333000,4294967295,
migrate_demo,server,4,10020293,45140,,333000,4294967295,
migrate_demo,server,4,10025544,45140,,333000,4294967295,
migrate_demo,server,4,10030748,45140,,333000,4294967295,
migrate_demo,server,4,10035919,45140,,333000,4294967295,
migrate_demo,server,4,10041204,45140,,333000,4294967295,
migrate_demo,server,4,10046490,46360,,333000,4294967295,
migrate_demo,server,4,10051805,46360,,333000,4294967295,
migrate_demo,server,4,10057093,46360,,333000,4294967295,
migrate_demo,server,4,10062437,46360,,333000,4294967295,
migrate_demo,server,4,10067673,46360,,333000,4294967295,
migrate_demo,server,4,10072914,46360,,333000,4294967295,
migrate_demo,server,4,10078253,46360,,333000,4294967295,
migrate_demo,server,4,10083504,46360,,333000,4294967295,
migrate_demo,server,4,10088756,46360,,333000,4294967295,
migrate_demo,server,4,10094094,46360,,333000,4294967295,
migrate_demo,server,4,10099357,46360,,333000,4294967295,
migrate_demo,server,4,10104643,46360,,333000,4294967295,
migrate_demo,server,4,10109909,46360,,333000,4294967295,
migrate_demo,server,4,10115220,47580,,333000,4294967295,
migrate_demo,server,4,10120496,47580,,333000,4294967295,
migrate_demo,server,4,10125794,47580,,333000,4294967295,
migrate_demo,server,4,10131036,47580,,333000,4294967295,
migrate_demo,server,4,10136334,47580,,333000,4294967295,
migrate_demo,server,4,10141599,47580,,333000,4294967295,
migrate_demo,server,4,10146856,47580,,333000,4294967295,
migrate_demo,server,4,10152028,47580,,333000,4294967295,
migrate_demo,server,4,10157308,47580,,333000,4294967295,
migrate_demo,server,4,10162548,47580,,333000,4294967295,
migrate_demo,server,4,10167768,47580,,333000,4294967295,
migrate_demo,server,4,10173049,47580,,333000,4294967295,
migrate_demo,server,4,10178387,48800,,333000,4294967295,
migrate_demo,server,4,10183620,48800,,333000,4294967295,
migrate_demo,server,4,10188844,48800,,333000,4294967295,
migrate_demo,server,4,10194140,48800,,333000,4294967295,
migrate_demo,server,4,10199404,48800,,333000,4294967295,
migrate_demo,server,4,10204797,48800,,333000,4294967295,
migrate_demo,server,4,10210026,48800,,333000,4294967295,
migrate_demo,server,4,10215313,48800,,333000,4294967295,
migrate_demo,server,4,10220532,48800,,333000,4294967295,
migrate_demo,server,4,10225744,48800,,333000,4294967295,
migrate_demo,server,4,10231003,48800,,333000,4294967295,
migrate_demo,server,4,10236199,48800,,333000,4294967295,
migrate_demo,server,4,10241459,48800,,333000,4294967295,
migrate_demo,server,4,10246649,50020,,333000,4294967295,
migrate_demo,server,4,10251852,50020,,333000,4294967295,
migrate_demo,server,4,10257134,50020,,333000,4294967295,
migrate_demo,server,4,10262417,50020,,333000,4294967295,
migrate_demo,server,4,10267737,50020,,333000,4294967295,
migrate_demo,server,4,10272976,50020,,333000,4294967295,
migrate_demo,server,4,10278269,50020,,333000,4294967295,
migrate_demo,server,4,10283573,50020,,333000,4294967295,
migrate_demo,server,4,10288811,50020,,333000,4294967295,
migrate_demo,server,4,10294037,50020,,333000,4294967295,
migrate_demo,server,4,10299253,50020,,333000,4294967295,
migrate_demo,server,4,10304492,50020,,333000,4294967295,
migrate_demo,server,4,10309763,50020,,333000,4294967295,
migrate_demo,server,4,10314990,51240,,333000,4294967295,
migrate_demo,server,4,10320257,51240,,333000,4294967295,
migrate_demo,server,4,10325516,51240,,333000,4294967295,
migrate_demo,server,4,10330769,51240,,333000,4294967295,
migrate_demo,server,4,10336029,51240,,333000,4294967295,
migrate_demo,server,4,10341276,51240,,333000,4294967295,
migrate_demo,server,4,10346565,51240,,333000,4294967295,
migrate_demo,server,4,10351804,51240,,333000,4294967295,
migrate_demo,server,4,10357026,51240,,333000,4294967295,
migrate_demo,server,4,10362202,51240,,333000,4294967295,
migrate_demo,server,4,10367427,51240,,333000,4294967295,
migrate_demo,server,4,10372751,51240,,333000,4294967295,
migrate_demo,server,4,10378064,51240,,333000,4294967295,
migrate_demo,server,4,10383298,52460,,333000,4294967295,
migrate_demo,server,4,10388509,52460,,333000,4294967295,
migrate_demo,server,4,10393744,52460,,333000,4294967295,
migrate_demo,server,4,10399021,52460,,333000,4294967295,
migrate_demo,server,4,10404257,52460,,333000,4294967295,
migrate_demo,server,4,10409508,52460,,333000,4294967295,
migrate_demo,server,4,10414770,52460,,333000,4294967295,
migrate_demo,server,4,10420046,52460,,333000,4294967295,
migrate_demo,server,4,10425261,52460,,333000,4294967295,
migrate_demo,server,4,10430489,52460,,333000,4294967295,
migrate_demo,server,4,10435752,52460,,333000,4294967295,
migrate_demo,server,4,10440921,52460,,333000,4294967295,
migrate_demo,server,4,10446182,52460,,333000,4294967295,
migrate_demo,server,4,10451426,53680,,333000,4294967295,
migrate_demo,server,4,10456693,53680,,333000,4294967295,
migrate_demo,server,4,10461908,53680,,333000,4294967295,
migrate_demo,server,4,10467149,53680,,333000,4294967295,
migrate_demo,server,4,10472417,53680,,333000,4294967295,
migrate_demo,server,4,10477692,53680,,333000,4294967295,
migrate_demo,server,4,10483015,53680,,333000,4294967295,
migrate_demo,server,4,10488283,53680,,333000,4294967295,
migrate_demo,server,4,10493486,53680,,333000,4294967295,
migrate_demo,server,4,10498613,53680,,333000,4294967295,
migrate_demo,server,4,10503822,53680,,333000,4294967295,
migrate_demo,server,4,10509060,53680,,333000,4294967295,
migrate_demo,server,4,10514303,53680,,333000,4294967295,
migrate_demo,server,4,10519478,54900,,333000,4294967295,
migrate_demo,server,4,10524723,54900,,333000,4294967295,
migrate_demo,server,4,10529947,54900,,333000,4294967295,
migrate_demo,server,4,10535183,54900,,333000,4294967295,
migrate_demo,server,4,10540482,54900,,333000,4294967295,
migrate_demo,server,4,10545715,54900,,333000,4294967295,
migrate_demo,server,4,10550997,54900,,333000,4294967295,
migrate_demo,server,4,10556315,54900,,333000,4294967295,
migrate_demo,server,4,10561585,54900,,333000,4294967295,
migrate_demo,server,4,10566800,54900,,333000,4294967295,
migrate_demo,server,4,10572041,54900,,333000,4294967295,
migrate_demo,server,4,10577349,54900,,333000,4294967295,
migrate_demo,server,4,10582631,56120,,333000,4294967295,
migrate_demo,server,4,10587930,56120,,333000,4294967295,
migrate_demo,server,4,10593176,56120,,333000,4294967295,
migrate_demo,server,4,10598455,56120,,333000,4294967295,
migrate_demo,server,4,10603721,56120,,333000,4294967295,
migrate_demo,server,4,10608991,56120,,333000,4294967295,
migrate_demo,server,4,10614218,56120,,333000,4294967295,
migrate_demo,server,4,10619384,56120,,333000,4294967295,
migrate_demo,server,4,10624617,56120,,333000,4294967295,
migrate_demo,server,4,10629836,56120,,333000,4294967295,
migrate_demo,server,4,10635102,56120,,333000,4294967295,
migrate_demo,server,4,10640315,56120,,333000,4294967295,
migrate_demo,server,4,10645484,57340,,333000,4294967295,
migrate_demo,server,4,10650729,57340,,333000,4294967295,
migrate_demo,server,4,10655932,57340,,333000,4294967295,
migrate_demo,server,4,10661195,57340,,333000,4294967295,
migrate_demo,server,4,10666382,57340,,333000,4294967295,
migrate_demo,server,4,10671678,58560,,333000,4294967295,
migrate_demo,server,4,10676878,58560,,333000,4294967295,
migrate_demo,server,4,10682151,58560,,333000,4294967295,
migrate_demo,server,4,10687319,58560,,333000,4294967295,
migrate_demo,server,4,10692527,58560,,333000,4294967295,
migrate_demo,server,4,10697747,58560,,333000,4294967295,
migrate_demo,server,4,10703053,58560,,333000,4294967295,
migrate_demo,server,4,10708311,59780,,333000,4294967295,
migrate_demo,server,4,10713597,59780,,333000,4294967295,
migrate_demo,server,4,10718855,59780,,333000,4294967295,
migrate_demo,server,4,10724096,59780,,333000,4294967295,
migrate_demo,server,4,10729337,59780,,333000,4294967295,
migrate_demo,server,4,10734581,61000,,333000,4294967295,
migrate_demo,server,4,10739781,61000,,333000,4294967295,
migrate_demo,server,4,10744983,61000,,333000,4294967295,
migrate_demo,server,4,10750193,61000,,333000,4294967295,
migrate_demo,server,4,10755403,61000,,333000,4294967295,
migrate_demo,server,4,10760685,61000,,333000,4294967295,
migrate_demo,server,4,10766208,62220,,333000,4294967295,
migrate_demo,server,4,10771385,62220,,333000,4294967295,
migrate_demo,server,4,10776585,62220,,333000,4294967295,
migrate_demo,server,4,10781759,62220,,333000,4294967295,
migrate_demo,server,4,10786941,62220,,333000,4294967295,
migrate_demo,server,4,10792229,62220,,333000,4294967295,
migrate_demo,server,4,10797493,63440,,333000,4294967295,
migrate_demo,server,4,10802717,63440,,333000,4294967295,
migrate_demo,server,4,10807946,63440,,333000,4294967295,
migrate_demo,server,4,10813159,63440,,333000,4294967295,
migrate_demo,server,4,10818383,63440,,333000,4294967295,
migrate_demo,server,4,10823690,63440,,333000,4294967295,
migrate_demo,server,4,10828888,64660,,333000,4294967295,
migrate_demo,server,4,10834075,64660,,333000,4294967295,
migrate_demo,server,4,10839431,64660,,333000,4294967295,
migrate_demo,server,4,10844717,64660,,333000,4294967295,
migrate_demo,server,4,10850064,64660,,333000,4294967295,
migrate_demo,server,4,10855687,64660,,333000,4294967295,
migrate_demo,server,4,10860948,65880,,333000,4294967295,
migrate_demo,server,4,10866226,65880,,333000,4294967295,
migrate_demo,server,4,10871436,65880,,333000,4294967295,
migrate_demo,server,4,10876592,65880,,333000,4294967295,
migrate_demo,server,4,10881857,65880,,333000,4294967295,
migrate_demo,server,4,10886986,65880,,333000,4294967295,
migrate_demo,server,4,10892241,67100,,333000,4294967295,
migrate_demo,server,4,10897486,67100,,333000,4294967295,
migrate_demo,server,4,10902744,67100,,333000,4294967295,
migrate_demo,server,4,10907997,67100,,333000,4294967295,
migrate_demo,server,4,10913231,67100,,333000,4294967295,
migrate_demo,server,4,10918423,68320,,333000,4294967295,
migrate_demo,server,4,10923630,68320,,333000,4294967295,
migrate_demo,server,4,10928877,68320,,333000,4294967295,
migrate_demo,server,4,10934074,68320,,333000,4294967295,
migrate_demo,server,4,10939269,68320,,333000,4294967295,
migrate_demo,server,4,10944525,68320,,333000,4294967295,
migrate_demo,server,4,10949700,68320,,333000,4294967295,
migrate_demo,server,4,10954897,69540,,333000,4294967295,
migrate_demo,server,4,10960118,69540,,333000,4294967295,
migrate_demo,server,4,10965400,69540,,333000,4294967295,
migrate_demo,server,4,10970652,69540,,333000,4294967295,
migrate_demo,server,4,10975839,69540,,333000,4294967295,
migrate_demo,server,4,10981037,70760,,333000,4294967295,
migrate_demo,server,4,10986237,70760,,333000,4294967295,
migrate_demo,server,4,10991463,70760,,333000,4294967295,
migrate_demo,server,4,10996680,70760,,333000,4294967295,
migrate_demo,server,4,11001868,70760,,333000,4294967295,
migrate_demo,server,4,11007073,70760,,333000,4294967295,
migrate_demo,server,4,11012276,70760,,333000,4294967295,
migrate_demo,server,4,11017470,71980,,333000,4294967295,
migrate_demo,server,4,11022675,71980,,333000,4294967295,
migrate_demo,server,4,11027929,71980,,333000,4294967295,
migrate_demo,server,4,11033154,71980,,333000,4294967295,
migrate_demo,server,4,11038363,71980,,333000,4294967295,
migrate_demo,server,4,11043613,71980,,333000,4294967295,
migrate_demo,server,4,11048815,71980,,333000,4294967295,
migrate_demo,server,4,11054055,71980,,333000,4294967295,
migrate_demo,server,4,11059317,71980,,333000,4294967295,
migrate_demo,server,4,11064555,71980,,333000,4294967295,
migrate_demo,server,4,11069710,71980,,333000,4294967295,
migrate_demo,server,4,11074854,71980,,333000,4294967295,
migrate_demo,server,4,11080023,73200,,333000,4294967295,
migrate_demo,server,4,11085222,73200,,333000,4294967295,
migrate_demo,server,4,11090378,73200,,333000,4294967295,
migrate_demo,server,4,11095672,73200,,333000,4294967295,
migrate_demo,server,4,11100889,73200,,333000,4294967295,
migrate_demo,server,4,11106399,73200,,333000,4294967295,
migrate_demo,server,4,11111639,73200,,333000,4294967295,
migrate_demo,server,4,11116873,73200,,333000,4294967295,
migrate_demo,server,4,11122077,73200,,333000,4294967295,
migrate_demo,server,4,11127291,73200,,333000,4294967295,
migrate_demo,server,4,11132458,73200,,333000,4294967295,
migrate_demo,server,4,11137610,73200,,333000,4294967295,
migrate_demo,server,4,11142826,74420,,333000,4294967295,
migrate_demo,server,4,11148017,74420,,333000,4294967295,
migrate_demo,server,4,11153205,74420,,333000,4294967295,
migrate_demo,server,4,11158452,74420,,333000,4294967295,
migrate_demo,server,4,11163625,74420,,333000,4294967295,
migrate_demo,server,4,11168867,74420,,333000,4294967295,
migrate_demo,server,4,11174109,74420,,333000,4294967295,
migrate_demo,server,4,11179330,74420,,333000,4294967295,
migrate_demo,server,4,11184495,74420,,333000,4294967295,
migrate_demo,server,4,11189728,74420,,333000,4294967295,
migrate_demo,server,4,11195006,74420,,333000,4294967295,
migrate_demo,server,4,11200190,75640,,333000,4294967295,
migrate_demo,server,4,11205349,75640,,333000,4294967295,
migrate_demo,server,4,11210579,75640,,333000,4294967295,
migrate_demo,server,4,11215759,75640,,333000,4294967295,
migrate_demo,server,4,11220983,75640,,333000,4294967295,
migrate_demo,server,4,11226252,75640,,333000,4294967295,
migrate_demo,server,4,11231528,75640,,333000,4294967295,
migrate_demo,server,4,11236768,75640,,333000,4294967295,
migrate_demo,server,4,11241990,75640,,333000,4294967295,
migrate_demo,server,4,11247220,75640,,333000,4294967295,
migrate_demo,server,4,11252654,76860,,333000,4294967295,
migrate_demo,server,4,11257881,76860,,333000,4294967295,
migrate_demo,server,4,11263067,76860,,333000,4294967295,
migrate_demo,server,4,11268257,76860,,333000,4294967295,
migrate_demo,server,4,11273459,76860,,333000,4294967295,
migrate_demo,server,4,11278778,76860,,333000,4294967295,
migrate_demo,server,4,11284019,76860,,333000,4294967295,
migrate_demo,server,4,11289221,76860,,333000,4294967295,
migrate_demo,server,4,11294454,76860,,333000,4294967295,
migrate_demo,server,4,11299708,76860,,333000,4294967295,
migrate_demo,server,4,11304947,76860,,333000,4294967295,
migrate_demo,server,4,11310308,78080,,333000,4294967295,
migrate_demo,server,4,11315564,78080,,333000,4294967295,
migrate_demo,server,4,11320774,78080,,333000,4294967295,
migrate_demo,server,4,11325981,78080,,333000,4294967295,
migrate_demo,server,4,11331183,78080,,333000,4294967295,
migrate_demo,server,4,11336475,78080,,333000,4294967295,
migrate_demo,server,4,11341679,78080,,333000,4294967295,
migrate_demo,server,4,11346925,78080,,333000,4294967295,
migrate_demo,server,4,11352119,78080,,333000,4294967295,
migrate_demo,server,4,11357357,78080,,333000,4294967295,
migrate_demo,server,4,11362620,79300,,333000,4294967295,
migrate_demo,server,4,11367883,79300,,333000,4294967295,
migrate_demo,server,4,11373093,79300,,333000,4294967295,
migrate_demo,server,4,11378281,79300,,333000,4294967295,
migrate_demo,server,4,11383661,79300,,333000,4294967295,
migrate_demo,server,4,11388928,79300,,333000,4294967295,
migrate_demo,server,4,11394213,79300,,333000,4294967295,
migrate_demo,server,4,11399475,79300,,333000,4294967295,
migrate_demo,server,4,11404659,79300,,333000,4294967295,
migrate_demo,server,4,11409890,79300,,333000,4294967295,
migrate_demo,server,4,11415106,79300,,333000,4294967295,
migrate_demo,server,4,11420304,79300,,333000,4294967295,
migrate_demo,server,4,11425558,79300,,333000,4294967295,
migrate_demo,server,4,11430682,79300,,333000,4294967295,
migrate_demo,server,4,11435878,79300,,333000,4294967295,
migrate_demo,server,4,11441056,80520,,333000,4294967295,
migrate_demo,server,4,11446333,80520,,333000,4294967295,
migrate_demo,server,4,11451543,80520,,333000,4294967295,
migrate_demo,server,4,11456728,80520,,333000,4294967295,
migrate_demo,server,4,11461935,80520,,333000,4294967295,
migrate_demo,server,4,11467100,80520,,333000,4294967295,
migrate_demo,server,4,11472287,80520,,333000,4294967295,
migrate_demo,server,4,11477514,80520,,333000,4294967295,
migrate_demo,server,4,11482744,80520,,333000,4294967295,
migrate_demo,server,4,11487984,80520,,333000,4294967295,
migrate_demo,server,4,11493308,81740,,333000,4294967295,
migrate_demo,server,4,11498516,81740,,333000,4294967295,
migrate_demo,server,4,11503764,81740,,333000,4294967295,
migrate_demo,server,4,11508975,81740,,333000,4294967295,
migrate_demo,server,4,11514186,81740,,333000,4294967295,
migrate_demo,server,4,11519352,81740,,333000,4294967295,
migrate_demo,server,4,11524549,81740,,333000,4294967295,
migrate_demo,server,4,11529817,81740,,333000,4294967295,
migrate_demo,server,4,11534999,81740,,333000,4294967295,
migrate_demo,server,4,11540180,81740,,333000,4294967295,
migrate_demo,server,4,11545392,82960,,333000,4294967295,
migrate_demo,server,4,11550668,82960,,333000,4294967295,
migrate_demo,server,4,11555889,82960,,333000,4294967295,
migrate_demo,server,4,11561054,82960,,333000,4294967295,
migrate_demo,server,4,11566320,82960,,333000,4294967295,
migrate_demo,server,4,11571524,82960,,333000,4294967295,
migrate_demo,server,4,11576722,82960,,333000,4294967295,
migrate_demo,server,4,11581973,82960,,333000,4294967295,
migrate_demo,server,4,11587176,82960,,333000,4294967295,
migrate_demo,server,4,11592360,82960,,333000,4294967295,
migrate_demo,server,4,11597550,84180,,333000,4294967295,
migrate_demo,server,4,11602773,84180,,333000,4294967295,
migrate_demo,server,4,11608040,84180,,333000,4294967295,
migrate_demo,server,4,11613207,84180,,333000,4294967295,
migrate_demo,server,4,11618450,84180,,333000,4294967295,
migrate_demo,server,4,11623747,84180,,333000,4294967295,
migrate_demo,server,4,11628998,84180,,333000,4294967295,
migrate_demo,server,4,11634212,84180,,333000,4294967295,
migrate_demo,server,4,11639413,84180,,333000,4294967295,
migrate_demo,server,4,11644596,84180,,333000,4294967295,
migrate_demo,server,4,11649946,84180,,333000,4294967295,
migrate_demo,server,4,11655196,84180,,333000,4294967295,
migrate_demo,server,4,11660479,84180,,333000,4294967295,
migrate_demo,server,4,11665657,84180,,333000,4294967295,
migrate_demo,server,4,11670852,84180,,333000,4294967295,
migrate_demo,server,4,11676066,85400,,333000,4294967295,
migrate_demo,server,4,11681305,85400,,333000,4294967295,
migrate_demo,server,4,11686572,85400,,333000,4294967295,
migrate_demo,server,4,11691773,85400,,333000,4294967295,
migrate_demo,server,4,11696970,85400,,333000,4294967295,
migrate_demo,server,4,11702220,85400,,333000,4294967295,
migrate_demo,server,4,11707481,85400,,333000,4294967295,
migrate_demo,server,4,11712730,85400,,333000,4294967295,
migrate_demo,server,4,11717907,85400,,333000,4294967295,
migrate_demo,server,4,11723153,85400,,333000,4294967295,
migrate_demo,server,4,11728381,86620,,333000,4294967295,
migrate_demo,server,4,11733600,86620,,333000,4294967295,
migrate_demo,server,4,11738809,86620,,333000,4294967295,
migrate_demo,server,4,11744220,86620,,333000,4294967295,
migrate_demo,server,4,11749423,86620,,333000,4294967295,
migrate_demo,server,4,11754665,86620,,333000,4294967295,
migrate_demo,server,4,11759906,86620,,333000,4294967295,
migrate_demo,server,4,11765221,86620,,333000,4294967295,
migrate_demo,server,4,11770442,86620,,333000,4294967295,
migrate_demo,server,4,11775641,86620,,333000,4294967295,
migrate_demo,server,4,11780913,87840,,333000,4294967295,
migrate_demo,server,4,11786126,87840,,333000,4294967295,
migrate_demo,server,4,11791567,87840,,333000,4294967295,
migrate_demo,server,4,11796925,87840,,333000,4294967295,
migrate_demo,server,4,11802179,87840,,333000,4294967295,
migrate_demo,server,4,11807446,87840,,333000,4294967295,
migrate_demo,server,4,11812722,87840,,333000,4294967295,
migrate_demo,server,4,11818001,87840,,333000,4294967295,
migrate_demo,server,4,11823230,87840,,333000,4294967295,
migrate_demo,server,4,11828508,87840,,333000,4294967295,
migrate_demo,server,4,11833673,89060,,333000,4294967295,
migrate_demo,server,4,11838977,89060,,333000,4294967295,
migrate_demo,server,4,11844199,89060,,333000,4294967295,
migrate_demo,server,4,11849347,89060,,333000,4294967295,
migrate_demo,server,4,11854542,89060,,333000,4294967295,
migrate_demo,server,4,11859832,89060,,333000,4294967295,
migrate_demo,server,4,11865068,89060,,333000,4294967295,
migrate_demo,server,4,11870347,89060,,333000,4294967295,
migrate_demo,server,4,11875612,89060,,333000,4294967295,
migrate_demo,server,4,11880853,89060,,333000,4294967295,
migrate_demo,server,4,11886108,89060,,333000,4294967295,
migrate_demo,server,4,11891359,89060,,333000,4294967295,
migrate_demo,server,4,11896603,89060,,333000,4294967295,
migrate_demo,server,4,11901810,89060,,333000,4294967295,
migrate_demo,server,4,11907026,89060,,333000,4294967295,
migrate_demo,server,4,11912279,90280,,333000,4294967295,
migrate_demo,server,4,11917570,90280,,333000,4294967295,
migrate_demo,server,4,11922855,90280,,333000,4294967295,
migrate_demo,server,4,11928049,90280,,333000,4294967295,
migrate_demo,server,4,11933249,90280,,333000,4294967295,
migrate_demo,server,4,11938411,90280,,333000,4294967295,
migrate_demo,server,4,11943691,90280,,333000,4294967295,
migrate_demo,server,4,11948985,90280,,333000,4294967295,
migrate_demo,server,4,11954220,90280,,333000,4294967295,
migrate_demo,server,4,11959444,90280,,333000,4294967295,
migrate_demo,server,4,11964646,91500,,333000,4294967295,
migrate_demo,server,4,11969780,91500,,333000,4294967295,
migrate_demo,server,4,11975020,91500,,333000,4294967295,
migrate_demo,server,4,11980225,91500,,333000,4294967295,
migrate_demo,server,4,11985393,91500,,333000,4294967295,
migrate_demo,server,4,11990524,91500,,333000,4294967295,
migrate_demo,server,4,11995746,91500,,333000,4294967295,
migrate_demo,server,4,12001000,91500,,333000,4294967295,
migrate_demo,server,4,12006198,91500,,333000,4294967295,
migrate_demo,server,4,12011417,91500,,333000,4294967295,
migrate_demo,server,4,12016642,92720,,333000,4294967295,
migrate_demo,server,4,12021817,92720,,333000,4294967295,
migrate_demo,server,4,12027035,92720,,333000,4294967295,
migrate_demo,server,4,12032280,92720,,333000,4294967295,
migrate_demo,server,4,12037433,92720,,333000,4294967295,
migrate_demo,server,4,12042691,92720,,333000,4294967295,
migrate_demo,server,4,12047858,92720,,333000,4294967295,
migrate_demo,server,4,12053059,92720,,333000,4294967295,
migrate_demo,server,4,12058319,92720,,333000,4294967295,
migrate_demo,server,4,12063540,92720,,333000,4294967295,
migrate_demo,server,4,12068901,93940,,333000,4294967295,
migrate_demo,server,4,12074128,93940,,333000,4294967295,
migrate_demo,server,4,12079395,93940,,333000,4294967295,
migrate_demo,server,4,12084621,93940,,333000,4294967295,
migrate_demo,server,4,12089793,93940,,333000,4294967295,
migrate_demo,server,4,12095068,93940,,333000,4294967295,
migrate_demo,server,4,12100278,93940,,333000,4294967295,
migrate_demo,server,4,12105478,93940,,333000,4294967295,
migrate_demo,server,4,12110769,93940,,333000,4294967295,
migrate_demo,server,4,12115987,93940,,333000,4294967295,
migrate_demo,server,4,12121212,93940,,333000,4294967295,
migrate_demo,server,4,12126423,93940,,333000,4294967295,
migrate_demo,server,4,12131641,93940,,333000,4294967295,
migrate_demo,server,4,12136771,93940,,333000,4294967295,
migrate_demo,server,4,12141956,93940,,333000,4294967295,
migrate_demo,server,4,12147144,93940,,333000,4294967295,
migrate_demo,server,4,12152302,95160,,333000,4294967295,
migrate_demo,server,4,12157511,95160,,333000,4294967295,
migrate_demo,server,4,12162730,95160,,333000,4294967295,
migrate_demo,server,4,12167859,95160,,333000,4294967295,
migrate_demo,server,4,12173093,95160,,333000,4294967295,
migrate_demo,server,4,12178338,95160,,333000,4294967295,
migrate_demo,server,4,12183676,95160,,333000,4294967295,
migrate_demo,server,4,12188883,95160,,333000,4294967295,
migrate_demo,server,4,12194178,95160,,333000,4294967295,
migrate_demo,server,4,12199382,95160,,333000,4294967295,
migrate_demo,server,4,12204635,96380,,333000,4294967295,
migrate_demo,server,4,12209818,96380,,333000,4294967295,
migrate_demo,server,4,12214990,96380,,333000,4294967295,
migrate_demo,server,4,12220217,96380,,333000,4294967295,
migrate_demo,server,4,12225409,96380,,333000,4294967295,
migrate_demo,server,4,12230521,96380,,333000,4294967295,
migrate_demo,server,4,12235735,96380,,333000,4294967295,
migrate_demo,server,4,12240999,96380,,333000,4294967295,
migrate_demo,server,4,12246169,96380,,333000,4294967295,
migrate_demo,server,4,12251437,96380,,333000,4294967295,
migrate_demo,server,4,12256676,97600,,333000,4294967295,
migrate_demo,server,4,12261916,97600,,333000,4294967295,
migrate_demo,server,4,12267146,97600,,333000,4294967295,
migrate_demo,server,4,12272364,97600,,333000,4294967295,
migrate_demo,server,4,12277512,97600,,333000,4294967295,
migrate_demo,server,4,12282656,97600,,333000,4294967295,
migrate_demo,server,4,12287853,97600,,333000,4294967295,
migrate_demo,server,4,12293176,97600,,333000,4294967295,
migrate_demo,server,4,12298416,97600,,333000,4294967295,
migrate_demo,server,4,12303565,97600,,333000,4294967295,
migrate_demo,server,4,12308768,97600,,333000,4294967295,
migrate_demo,server,4,12313971,97600,,333000,4294967295,
migrate_demo,server,4,12319150,97600,,333000,4294967295,
migrate_demo,server,4,12324337,97600,,333000,4294967295,
migrate_demo,server,4,12329482,97600,,333000,4294967295,
migrate_demo,server,4,12334623,98820,,333000,4294967295,
migrate_demo,server,4,12339820,98820,,333000,4294967295,
migrate_demo,server,4,12345017,98820,,333000,4294967295,
migrate_demo,server,4,12350183,98820,,333000,4294967295,
migrate_demo,server,4,12355351,98820,,333000,4294967295,
migrate_demo,server,4,12360572,98820,,333000,4294967295,
migrate_demo,server,4,12365805,98820,,333000,4294967295,
migrate_demo,server,4,12371003,98820,,333000,4294967295,
migrate_demo,server,4,12376157,98820,,333000,4294967295,
migrate_demo,server,4,12381377,98820,,333000,4294967295,
migrate_demo,server,4,12386529,100040,,333000,4294967295,
migrate_demo,server,4,12391703,100040,,333000,4294967295,
migrate_demo,server,4,12396944,100040,,333000,4294967295,
migrate_demo,server,4,12402120,100040,,333000,4294967295,
migrate_demo,server,4,12407313,100040,,333000,4294967295,
migrate_demo,server,4,12412533,100040,,333000,4294967295,
migrate_demo,server,4,12417725,100040,,333000,4294967295,
migrate_demo,server,4,12422973,100040,,333000,4294967295,
migrate_demo,server,4,12428186,100040,,333000,4294967295,
migrate_demo,server,4,12433426,100040,,333000,4294967295,
migrate_demo,server,4,12438673,100040,,333000,4294967295,
migrate_demo,server,4,12443864,100040,,333000,4294967295,
migrate_demo,server,4,12449070,100040,,333000,4294967295,
migrate_demo,server,4,12454215,100040,,333000,4294967295,
migrate_demo,server,4,12459392,100040,,333000,4294967295,
migrate_demo,server,4,12464644,101260,,333000,4294967295,
migrate_demo,server,4,12469877,101260,,333000,4294967295,
migrate_demo,server,4,12475064,101260,,333000,4294967295,
migrate_demo,server,4,12480259,101260,,333000,4294967295,
migrate_demo,server,4,12485443,101260,,333000,4294967295,
migrate_demo,server,4,12490637,101260,,333000,4294967295,
migrate_demo,server,4,12495815,101260,,333000,4294967295,
migrate_demo,server,4,12501032,101260,,333000,4294967295,
migrate_demo,server,4,12506162,101260,,333000,4294967295,
migrate_demo,server,4,12511291,101260,,333000,4294967295,
migrate_demo,server,4,12516628,102480,,333000,4294967295,
migrate_demo,server,4,12521775,102480,,333000,4294967295,
migrate_demo,server,4,12526953,102480,,333000,4294967295,
migrate_demo,server,4,12532181,102480,,333000,4294967295,
migrate_demo,server,4,12537386,102480,,333000,4294967295,
migrate_demo,server,4,12542904,102480,,333000,4294967295,
migrate_demo,server,4,12548203,102480,,333000,4294967295,
migrate_demo,server,4,12553377,102480,,333000,4294967295,
migrate_demo,server,4,12558602,102480,,333000,4294967295,
migrate_demo,server,4,12563798,102480,,333000,4294967295,
migrate_demo,server,4,12569089,103700,,333000,4294967295,
migrate_demo,server,4,12574315,103700,,333000,4294967295,
migrate_demo,server,4,12579535,103700,,333000,4294967295,
migrate_demo,server,4,12584753,103700,,333000,4294967295,
migrate_demo,server,4,12589950,103700,,333000,4294967295,
migrate_demo,server,4,12595292,103700,,333000,4294967295,
migrate_demo,server,4,12600492,103700,,333000,4294967295,
migrate_demo,server,4,12605748,103700,,333000,4294967295,
migrate_demo,server,4,12610972,103700,,333000,4294967295,
migrate_demo,server,4,12616198,103700,,333000,4294967295,
migrate_demo,server,4,12621430,103700,,333000,4294967295,
migrate_demo,server,4,12626662,104920,,333000,4294967295,
migrate_demo,server,4,12631842,104920,,333000,4294967295,
migrate_demo,server,4,12637022,104920,,333000,4294967295,
migrate_demo,server,4,12642212,104920,,333000,4294967295,
migrate_demo,server,4,12647421,104920,,333000,4294967295,
migrate_demo,server,4,12652622,104920,,333000,4294967295,
migrate_demo,server,4,12657866,104920,,333000,4294967295,
migrate_demo,server,4,12663057,104920,,333000,4294967295,
migrate_demo,server,4,12668286,104920,,333000,4294967295,
migrate_demo,server,4,12673520,104920,,333000,4294967295,
migrate_demo,server,4,12678734,104920,,333000,4294967295,
migrate_demo,server,4,12683974,104920,,333000,4294967295,
migrate_demo,server,4,12689247,104920,,333000,4294967295,
migrate_demo,server,4,12694450,106140,,333000,4294967295,
migrate_demo,server,4,12699689,106140,,333000,4294967295,
migrate_demo,server,4,12704940,106140,,333000,4294967295,
migrate_demo,server,4,12710196,106140,,333000,4294967295,
migrate_demo,server,4,12715482,106140,,333000,4294967295,
migrate_demo,server,4,12720741,106140,,333000,4294967295,
migrate_demo,server,4,12725936,106140,,333000,4294967295,
migrate_demo,server,4,12731265,106140,,333000,4294967295,
migrate_demo,server,4,12736475,106140,,333000,4294967295,
migrate_demo,server,4,12741672,106140,,333000,4294967295,
migrate_demo,server,4,12746867,106140,,333000,4294967295,
migrate_demo,server,4,12752116,106140,,333000,4294967295,
migrate_demo,server,4,12757356,106140,,333000,4294967295,
migrate_demo,server,4,12762573,107360,,333000,4294967295,
migrate_demo,server,4,12767800,107360,,333000,4294967295,
migrate_demo,server,4,12773034,107360,,333000,4294967295,
migrate_demo,server,4,12778254,107360,,333000,4294967295,
migrate_demo,server,4,12783482,107360,,333000,4294967295,
migrate_demo,server,4,12788693,107360,,333000,4294967295,
migrate_demo,server,4,12793952,107360,,333000,4294967295,
migrate_demo,server,4,12799220,107360,,333000,4294967295,
migrate_demo,server,4,12804362,107360,,333000,4294967295,
migrate_demo,server,4,12809545,107360,,333000,4294967295,
migrate_demo,server,4,12814660,107360,,333000,4294967295,
migrate_demo,server,4,12819859,107360,,333000,4294967295,
migrate_demo,server,4,12825013,108580,,333000,4294967295,
migrate_demo,server,4,12830214,108580,,333000,4294967295,
migrate_demo,server,4,12835412,108580,,333000,4294967295,
migrate_demo,server,4,12840619,108580,,333000,4294967295,
migrate_demo,server,4,12845766,108580,,333000,4294967295,
migrate_demo,server,4,12850957,108580,,333000,4294967295,
migrate_demo,server,4,12856177,108580,,333000,4294967295,
migrate_demo,server,4,12861472,108580,,333000,4294967295,
migrate_demo,server,4,12866698,108580,,333000,4294967295,
migrate_demo,server,4,12871899,108580,,333000,4294967295,
migrate_demo,server,4,12877079,108580,,333000,4294967295,
migrate_demo,server,4,12882287,108580,,333000,4294967295,
migrate_demo,server,4,12887477,109800,,333000,4294967295,
migrate_demo,server,4,12892719,109800,,333000,4294967295,
migrate_demo,server,4,12897985,109800,,333000,4294967295,
migrate_demo,server,4,12903200,109800,,333000,4294967295,
migrate_demo,server,4,12908457,109800,,333000,4294967295,
migrate_demo,server,4,12913708,109800,,333000,4294967295,
migrate_demo,server,4,12918876,109800,,333000,4294967295,
migrate_demo,server,4,12924109,109800,,333000,4294967295,
migrate_demo,server,4,12929280,109800,,333000,4294967295,
migrate_demo,server,4,12934516,109800,,333000,4294967295,
migrate_demo,server,4,12939738,109800,,333000,4294967295,
migrate_demo,server,4,12944943,109800,,333000,4294967295,
migrate_demo,server,4,12950158,109800,,333000,4294967295,
migrate_demo,server,4,12955420,109800,,333000,4294967295,
migrate_demo,server,4,12960641,109800,,333000,4294967295,
migrate_demo,server,4,12965843,111020,,333000,4294967295,
migrate_demo,server,4,12971021,111020,,333000,4294967295,
migrate_demo,server,4,12976201,111020,,333000,4294967295,
migrate_demo,server,4,12981397,111020,,333000,4294967295,
migrate_demo,server,4,12986616,111020,,333000,4294967295,
migrate_demo,server,4,12991940,111020,,333000,4294967295,
migrate_demo,server,4,12997177,111020,,333000,4294967295,
migrate_demo,server,4,13002394,111020,,333000,4294967295,
migrate_demo,server,4,13007642,111020,,333000,4294967295,
migrate_demo,server,4,13012841,111020,,333000,4294967295,
migrate_demo,server,4,13018102,112240,,333000,4294967295,
migrate_demo,server,4,13023257,112240,,333000,4294967295,
migrate_demo,server,4,13028442,112240,,333000,4294967295,
migrate_demo,server,4,13033608,112240,,333000,4294967295,
migrate_demo,server,4,13038846,112240,,333000,4294967295,
migrate_demo,server,4,13044036,112240,,333000,4294967295,
migrate_demo,server,4,13049313,112240,,333000,4294967295,
migrate_demo,server,4,13054495,112240,,333000,4294967295,
migrate_demo,server,4,13059782,112240,,333000,4294967295,
migrate_demo,server,4,13064937,112240,,333000,4294967295,
migrate_demo,server,4,13070158,112240,,333000,4294967295,
migrate_demo,server,4,13075359,112240,,333000,4294967295,
migrate_demo,server,4,13080563,112240,,333000,4294967295,
migrate_demo,server,4,13085742,112240,,333000,4294967295,
migrate_demo,server,4,13090897,112240,,333000,4294967295,
migrate_demo,server,4,13096115,113460,,333000,4294967295,
migrate_demo,server,4,13101351,113460,,333000,4294967295,
migrate_demo,server,4,13106513,113460,,333000,4294967295,
migrate_demo,server,4,13111750,113460,,333000,4294967295,
migrate_demo,server,4,13116993,113460,,333000,4294967295,
migrate_demo,server,4,13122184,113460,,333000,4294967295,
migrate_demo,server,4,13127354,113460,,333000,4294967295,
migrate_demo,server,4,13132558,113460,,333000,4294967295,
migrate_demo,server,4,13137771,113460,,333000,4294967295,
migrate_demo,server,4,13142991,113460,,333000,4294967295,
migrate_demo,server,4,13148223,114680,,333000,4294967295,
migrate_demo,server,4,13153366,114680,,333000,4294967295,
migrate_demo,server,4,13158571,114680,,333000,4294967295,
migrate_demo,server,4,13163805,114680,,333000,4294967295,
migrate_demo,server,4,13168950,114680,,333000,4294967295,
migrate_demo,server,4,13174128,114680,,333000,4294967295,
migrate_demo,server,4,13179356,114680,,333000,4294967295,
migrate_demo,server,4,13184599,114680,,333000,4294967295,
migrate_demo,server,4,13189806,114680,,333000,4294967295,
migrate_demo,server,4,13194981,114680,,333000,4294967295,
migrate_demo,server,4,13200138,115900,,333000,4294967295,
migrate_demo,server,4,13205331,115900,,333000,4294967295,
migrate_demo,server,4,13210574,115900,,333000,4294967295,
migrate_demo,server,4,13215799,115900,,333000,4294967295,
migrate_demo,server,4,13220983,115900,,333000,4294967295,
migrate_demo,server,4,13226134,115900,,333000,4294967295,
migrate_demo,server,4,13231330,115900,,333000,4294967295,
migrate_demo,server,4,13236533,115900,,333000,4294967295,
migrate_demo,server,4,13241768,115900,,333000,4294967295,
migrate_demo,server,4,13246966,115900,,333000,4294967295,
migrate_demo,server,4,13252142,115900,,333000,4294967295,
migrate_demo,server,4,13257336,115900,,333000,4294967295,
migrate_demo,server,4,13262564,115900,,333000,4294967295,
migrate_demo,server,4,13267743,115900,,333000,4294967295,
migrate_demo,server,4,13273005,115900,,333000,4294967295,
migrate_demo,server,4,13278219,117120,,333000,4294967295,
migrate_demo,server,4,13283439,117120,,333000,4294967295,
migrate_demo,server,4,13288649,117120,,333000,4294967295,
migrate_demo,server,4,13293837,117120,,333000,4294967295,
migrate_demo,server,4,13299094,117120,,333000,4294967295,
migrate_demo,server,4,13304276,117120,,333000,4294967295,
migrate_demo,server,4,13309481,117120,,333000,4294967295,
migrate_demo,server,4,13314748,117120,,333000,4294967295,
migrate_demo,server,4,13319992,117120,,333000,4294967295,
migrate_demo,server,4,13325192,117120,,333000,4294967295,
migrate_demo,server,4,13330413,118340,,333000,4294967295,
migrate_demo,server,4,13335656,118340,,333000,4294967295,
migrate_demo,server,4,13340849,118340,,333000,4294967295,
migrate_demo,server,4,13346092,118340,,333000,4294967295,
migrate_demo,server,4,13351327,118340,,333000,4294967295,
migrate_demo,server,4,13356526,118340,,333000,4294967295,
migrate_demo,server,4,13361729,118340,,333000,4294967295,
migrate_demo,server,4,13366927,118340,,333000,4294967295,
migrate_demo,server,4,13372097,118340,,333000,4294967295,
migrate_demo,server,4,13377255,118340,,333000,4294967295,
migrate_demo,server,4,13382438,118340,,333000,4294967295,
migrate_demo,server,4,13387593,118340,,333000,4294967295,
migrate_demo,server,4,13392776,118340,,333000,4294967295,
migrate_demo,server,4,13397937,118340,,333000,4294967295,
migrate_demo,server,4,13403137,118340,,333000,4294967295,
migrate_demo,server,4,13408548,119560,,333000,4294967295,
migrate_demo,server,4,13413700,119560,,333000,4294967295,
migrate_demo,server,4,13418920,119560,,333000,4294967295,
migrate_demo,server,4,13424163,119560,,333000,4294967295,
migrate_demo,server,4,13429416,119560,,333000,4294967295,
migrate_demo,server,4,13434638,119560,,333000,4294967295,
migrate_demo,server,4,13439899,119560,,333000,4294967295,
migrate_demo,server,4,13445120,119560,,333000,4294967295,
migrate_demo,server,4,13450327,119560,,333000,4294967295,
migrate_demo,server,4,13455493,119560,,333000,4294967295,
migrate_demo,server,4,13460770,119560,,333000,4294967295,
migrate_demo,server,4,13465951,120780,,333000,4294967295,
migrate_demo,server,4,13471147,120780,,333000,4294967295,
migrate_demo,server,4,13476321,120780,,333000,4294967295,
migrate_demo,server,4,13481547,120780,,333000,4294967295,
migrate_demo,server,4,13486817,120780,,333000,4294967295,
migrate_demo,server,4,13492053,120780,,333000,4294967295,
migrate_demo,server,4,13497251,120780,,333000,4294967295,
migrate_demo,server,4,13502444,120780,,333000,4294967295,
migrate_demo,server,4,13507653,120780,,333000,4294967295,
migrate_demo,server,4,13513050,120780,,333000,4294967295,
migrate_demo,server,4,13518366,120780,,333000,4294967295,
migrate_demo,server,4,13523692,120780,,333000,4294967295,
migrate_demo,server,4,13528906,120780,,333000,4294967295,
migrate_demo,server,4,13534149,120780,,333000,4294967295,
migrate_demo,server,4,13539372,120780,,333000,4294967295,
migrate_demo,server,4,13544575,122000,,333000,4294967295,
migrate_demo,server,4,13549748,122000,,333000,4294967295,
migrate_demo,server,4,13554988,122000,,333000,4294967295,
migrate_demo,server,4,13560243,122000,,333000,4294967295,
migrate_demo,server,4,13565430,122000,,333000,4294967295,
migrate_demo,server,4,13570661,122000,,333000,4294967295,
migrate_demo,server,4,13575870,122000,,333000,4294967295,
migrate_demo,server,4,13581059,122000,,333000,4294967295,
migrate_demo,server,4,13586250,122000,,333000,4294967295,
migrate_demo,server,4,13591450,122000,,333000,4294967295,
migrate_demo,server,4,13596623,123220,,333000,4294967295,
migrate_demo,server,4,13601866,123220,,333000,4294967295,
migrate_demo,server,4,13607119,123220,,333000,4294967295,
migrate_demo,server,4,13612333,123220,,333000,4294967295,
migrate_demo,server,4,13617515,123220,,333000,4294967295,
migrate_demo,server,4,13622663,123220,,333000,4294967295,
migrate_demo,server,4,13627888,123220,,333000,4294967295,
migrate_demo,server,4,13633083,123220,,333000,4294967295,
migrate_demo,server,4,13638307,123220,,333000,4294967295,
migrate_demo,server,4,13643520,123220,,333000,4294967295,
migrate_demo,server,4,13648792,124440,,333000,4294967295,
migrate_demo,server,4,13653995,124440,,333000,4294967295,
migrate_demo,server,4,13659192,124440,,333000,4294967295,
migrate_demo,server,4,13664407,124440,,333000,4294967295,
migrate_demo,server,4,13669549,124440,,333000,4294967295,
migrate_demo,server,4,13674715,124440,,333000,4294967295,
migrate_demo,server,4,13679949,124440,,333000,4294967295,
migrate_demo,server,4,13685153,124440,,333000,4294967295,
migrate_demo,server,4,13690349,124440,,333000,4294967295,
migrate_demo,server,4,13695516,124440,,333000,4294967295,
migrate_demo,server,4,13700725,124440,,333000,4294967295,
migrate_demo,server,4,13706011,124440,,333000,4294967295,
migrate_demo,server,4,13711210,124440,,333000,4294967295,
migrate_demo,server,4,13716484,124440,,333000,4294967295,
migrate_demo,server,4,13721692,124440,,333000,4294967295,
migrate_demo,server,4,13726857,125660,,333000,4294967295,
migrate_demo,server,4,13732006,125660,,333000,4294967295,
migrate_demo,server,4,13737245,125660,,333000,4294967295,
migrate_demo,server,4,13742427,125660,,333000,4294967295,
migrate_demo,server,4,13747637,125660,,333000,4294967295,
migrate_demo,server,4,13752920,125660,,333000,4294967295,
migrate_demo,server,4,13758162,125660,,333000,4294967295,
migrate_demo,server,4,13763358,125660,,333000,4294967295,
migrate_demo,server,4,13768576,125660,,333000,4294967295,
migrate_demo,server,4,13773759,125660,,333000,4294967295,
migrate_demo,server,4,13778941,126880,,333000,4294967295,
migrate_demo,server,4,13784100,126880,,333000,4294967295,
migrate_demo,server,4,13789351,126880,,333000,4294967295,
migrate_demo,server,4,13794697,126880,,333000,4294967295,
migrate_demo,server,4,13799885,126880,,333000,4294967295,
migrate_demo,server,4,13805071,126880,,333000,4294967295,
migrate_demo,server,4,13810297,126880,,333000,4294967295,
migrate_demo,server,4,13815498,126880,,333000,4294967295,
migrate_demo,server,4,13820911,126880,,333000,4294967295,
migrate_demo,server,4,13826103,126880,,333000,4294967295,
migrate_demo,server,4,13831273,126880,,333000,4294967295,
migrate_demo,server,4,13836483,126880,,333000,4294967295,
migrate_demo,server,4,13841668,126880,,333000,4294967295,
migrate_demo,server,4,13846904,126880,,333000,4294967295,
migrate_demo,server,4,13852091,126880,,333000,4294967295,
migrate_demo,server,4,13857283,128100,,333000,4294967295,
migrate_demo,server,4,13862468,128100,,333000,4294967295,
migrate_demo,server,4,13867714,128100,,333000,4294967295,
migrate_demo,server,4,13872903,128100,,333000,4294967295,
migrate_demo,server,4,13878171,128100,,333000,4294967295,
migrate_demo,server,4,13883518,128100,,333000,4294967295,
migrate_demo,server,4,13888752,128100,,333000,4294967295,
migrate_demo,server,4,13893963,128100,,333000,4294967295,
migrate_demo,server,4,13899180,128100,,333000,4294967295,
migrate_demo,server,4,13904366,128100,,333000,4294967295,
migrate_demo,server,4,13909576,128100,,333000,4294967295,
migrate_demo,server,4,13914814,129320,,333000,4294967295,
migrate_demo,server,4,13920013,129320,,333000,4294967295,
migrate_demo,server,4,13925214,129320,,333000,4294967295,
migrate_demo,server,4,13930442,129320,,333000,4294967295,
migrate_demo,server,4,13935627,129320,,333000,4294967295,
migrate_demo,server,4,13940834,129320,,333000,4294967295,
migrate_demo,server,4,13945993,129320,,333000,4294967295,
migrate_demo,server,4,13951227,129320,,333000,4294967295,
migrate_demo,server,4,13956481,129320,,333000,4294967295,
migrate_demo,server,4,13961737,129320,,333000,4294967295,
migrate_demo,server,4,13966959,129320,,333000,4294967295,
migrate_demo,server,4,13972166,129320,,333000,4294967295,
migrate_demo,server,4,13977336,129320,,333000,4294967295,
migrate_demo,server,4,13982581,129320,,333000,4294967295,
migrate_demo,server,4,13987764,129320,,333000,4294967295,
migrate_demo,server,4,13992988,130540,,333000,4294967295,
migrate_demo,server,4,13998117,130540,,333000,4294967295,
migrate_demo,server,4,14003318,130540,,333000,4294967295,
migrate_demo,server,4,14008509,130540,,333000,4294967295,
migrate_demo,server,4,14013686,130540,,333000,4294967295,
migrate_demo,server,4,14018943,130540,,333000,4294967295,
migrate_demo,server,4,14024091,130540,,333000,4294967295,
migrate_demo,server,4,14029459,130540,,333000,4294967295,
migrate_demo,server,4,14034671,130540,,333000,4294967295,
migrate_demo,server,4,14039839,130540,,333000,4294967295,
migrate_demo,server,4,14045040,131760,,333000,4294967295,
migrate_demo,server,4,14050206,131760,,333000,4294967295,
migrate_demo,server,4,14055381,131760,,333000,4294967295,
migrate_demo,server,4,14060612,131760,,333000,4294967295,
migrate_demo,server,4,14065813,131760,,333000,4294967295,
migrate_demo,server,4,14071071,131760,,333000,4294967295,
migrate_demo,server,4,14076316,131760,,333000,4294967295,
migrate_demo,server,4,14081475,131760,,333000,4294967295,
migrate_demo,server,4,14086686,131760,,333000,4294967295,
migrate_demo,server,4,14091924,131760,,333000,4294967295,
migrate_demo,server,4,14097320,131760,,333000,4294967295,
migrate_demo,server,4,14102599,131760,,333000,4294967295,
migrate_demo,server,4,14107818,131760,,333000,4294967295,
migrate_demo,server,4,14113039,131760,,333000,4294967295,
migrate_demo,server,4,14118347,131760,,333000,4294967295,
migrate_demo,server,4,14123654,132980,,333000,4294967295,
migrate_demo,server,4,14128841,132980,,333000,4294967295,
migrate_demo,server,4,14134125,132980,,333000,4294967295,
migrate_demo,server,4,14139337,132980,,333000,4294967295,
migrate_demo,server,4,14144520,132980,,333000,4294967295,
migrate_demo,server,4,14149705,132980,,333000,4294967295,
migrate_demo,server,4,14154939,132980,,333000,4294967295,
migrate_demo,server,4,14160127,132980,,333000,4294967295,
migrate_demo,server,4,14165354,132980,,333000,4294967295,
migrate_demo,server,4,14170536,132980,,333000,4294967295,
migrate_demo,server,4,14175762,134200,,333000,4294967295,
migrate_demo,server,4,14180972,134200,,333000,4294967295,
migrate_demo,server,4,14186186,134200,,333000,4294967295,
migrate_demo,server,4,14191411,134200,,333000,4294967295,
migrate_demo,server,4,14196606,134200,,333000,4294967295,
migrate_demo,server,4,14201814,134200,,333000,4294967295,
migrate_demo,server,4,14207039,134200,,333000,4294967295,
migrate_demo,server,4,14212242,134200,,333000,4294967295,
migrate_demo,server,4,14217443,134200,,333000,4294967295,
migrate_demo,server,4,14222665,134200,,333000,4294967295,
migrate_demo,server,4,14227928,134200,,333000,4294967295,
migrate_demo,server,4,14233177,134200,,333000,4294967295,
migrate_demo,server,4,14238393,134200,,333000,4294967295,
migrate_demo,server,4,14243656,134200,,333000,4294967295,
migrate_demo,server,4,14248830,134200,,333000,4294967295,
migrate_demo,server,4,14254032,135420,,333000,4294967295,
migrate_demo,server,4,14259163,135420,,333000,4294967295,
migrate_demo,server,4,14264383,135420,,333000,4294967295,
migrate_demo,server,4,14269602,135420,,333000,4294967295,
migrate_demo,server,4,14274763,135420,,333000,4294967295,
migrate_demo,server,4,14279942,135420,,333000,4294967295,
migrate_demo,server,4,14285128,135420,,333000,4294967295,
migrate_demo,server,4,14290328,135420,,333000,4294967295,
migrate_demo,server,4,14295493,135420,,333000,4294967295,
migrate_demo,server,4,14300639,135420,,333000,4294967295,
migrate_demo,server,4,14305824,136640,,333000,4294967295,
migrate_demo,server,4,14311002,136640,,333000,4294967295,
migrate_demo,server,4,14316171,136640,,333000,4294967295,
migrate_demo,server,4,14321369,136640,,333000,4294967295,
migrate_demo,server,4,14326533,136640,,333000,4294967295,
migrate_demo,server,4,14331681,136640,,333000,4294967295,
migrate_demo,server,4,14336831,136640,,333000,4294967295,
migrate_demo,server,4,14342038,136640,,333000,4294967295,
migrate_demo,server,4,14347206,136640,,333000,4294967295,
migrate_demo,server,4,14352344,136640,,333000,4294967295,
migrate_demo,server,4,14357605,136640,,333000,4294967295,
migrate_demo,server,4,14362842,136640,,333000,4294967295,
migrate_demo,server,4,14368119,136640,,333000,4294967295,
migrate_demo,server,4,14373373,136640,,333000,4294967295,
migrate_demo,server,4,14378667,136640,,333000,4294967295,
migrate_demo,server,4,14383919,137860,,333000,4294967295,
migrate_demo,server,4,14389133,137860,,333000,4294967295,
migrate_demo,server,4,14394386,137860,,333000,4294967295,
migrate_demo,server,4,14399674,137860,,333000,4294967295,
migrate_demo,server,4,14404873,137860,,333000,4294967295,
migrate_demo,server,4,14410088,137860,,333000,4294967295,
migrate_demo,server,4,14415294,137860,,333000,4294967295,
migrate_demo,server,4,14420551,137860,,333000,4294967295,
migrate_demo,server,4,14425827,137860,,333000,4294967295,
migrate_demo,server,4,14431121,137860,,333000,4294967295,
migrate_demo,server,4,14436379,139080,,333000,4294967295,
migrate_demo,server,4,14441638,139080,,333000,4294967295,
migrate_demo,server,4,14446906,139080,,333000,4294967295,
migrate_demo,server,4,14452146,139080,,333000,4294967295,
migrate_demo,server,4,14457508,139080,,333000,4294967295,
migrate_demo,server,4,14462758,139080,,333000,4294967295,
migrate_demo,server,4,14468034,139080,,333000,4294967295,
migrate_demo,server,4,14473254,139080,,333000,4294967295,
migrate_demo,server,4,14478481,139080,,333000,4294967295,
migrate_demo,server,4,14483707,139080,,333000,4294967295,
migrate_demo,server,4,14488978,139080,,333000,4294967295,
migrate_demo,server,4,14494261,139080,,333000,4294967295,
migrate_demo,server,4,14499534,139080,,333000,4294967295,
migrate_demo,server,4,14504786,139080,,333000,4294967295,
migrate_demo,server,4,14510085,140300,,333000,4294967295,
migrate_demo,server,4,14515375,140300,,333000,4294967295,
migrate_demo,server,4,14520631,140300,,333000,4294967295,
migrate_demo,server,4,14525870,140300,,333000,4294967295,
migrate_demo,server,4,14531126,140300,,333000,4294967295,
migrate_demo,server,4,14536338,140300,,333000,4294967295,
migrate_demo,server,4,14541575,140300,,333000,4294967295,
migrate_demo,server,4,14546851,140300,,333000,4294967295,
migrate_demo,server,4,14552090,140300,,333000,4294967295,
migrate_demo,server,4,14557349,140300,,333000,4294967295,
migrate_demo,server,4,14562606,141520,,333000,4294967295,
migrate_demo,server,4,14567912,141520,,333000,4294967295,
migrate_demo,server,4,14573276,141520,,333000,4294967295,
migrate_demo,server,4,14578501,141520,,333000,4294967295,
migrate_demo,server,4,14583726,141520,,333000,4294967295,
migrate_demo,server,4,14588952,141520,,333000,4294967295,
migrate_demo,server,4,14594166,141520,,333000,4294967295,
migrate_demo,server,4,14599440,141520,,333000,4294967295,
migrate_demo,server,4,14604655,141520,,333000,4294967295,
migrate_demo,server,4,14609913,141520,,333000,4294967295,
migrate_demo,server,4,14615183,141520,,333000,4294967295,
migrate_demo,server,4,14620425,141520,,333000,4294967295,
migrate_demo,server,4,14625646,141520,,333000,4294967295,
migrate_demo,server,4,14630920,141520,,333000,4294967295,
migrate_demo,server,4,14636244,142740,,333000,4294967295,
migrate_demo,server,4,14641485,142740,,333000,4294967295,
migrate_demo,server,4,14646749,142740,,333000,4294967295,
migrate_demo,server,4,14651990,142740,,333000,4294967295,
migrate_demo,server,4,14657495,142740,,333000,4294967295,
migrate_demo,server,4,14662693,142740,,333000,4294967295,
migrate_demo,server,4,14667939,142740,,333000,4294967295,
migrate_demo,server,4,14673185,142740,,333000,4294967295,
migrate_demo,server,4,14678406,142740,,333000,4294967295,
migrate_demo,server,4,14683631,143960,,333000,4294967295,
migrate_demo,server,4,14688805,143960,,333000,4294967295,
migrate_demo,server,4,14694046,143960,,333000,4294967295,
migrate_demo,server,4,14699244,143960,,333000,4294967295,
migrate_demo,server,4,14704510,143960,,333000,4294967295,
migrate_demo,server,4,14709767,143960,,333000,4294967295,
migrate_demo,server,4,14715018,143960,,333000,4294967295,
migrate_demo,server,4,14720240,143960,,333000,4294967295,
migrate_demo,server,4,14725458,143960,,333000,4294967295,
migrate_demo,server,4,14730733,143960,,333000,4294967295,
migrate_demo,server,4,14735998,143960,,333000,4294967295,
migrate_demo,server,4,14741254,143960,,333000,4294967295,
migrate_demo,server,4,14746543,143960,,333000,4294967295,
migrate_demo,server,4,14751806,143960,,333000,4294967295,
migrate_demo,server,4,14757068,145180,,333000,4294967295,
migrate_demo,server,4,14762345,145180,,333000,4294967295,
migrate_demo,server,4,14767689,145180,,333000,4294967295,
migrate_demo,server,4,14772958,145180,,333000,4294967295,
migrate_demo,server,4,14778652,145180,,333000,4294967295,
migrate_demo,server,4,14783855,145180,,333000,4294967295,
migrate_demo,server,4,14789125,145180,,333000,4294967295,
migrate_demo,server,4,14794452,145180,,333000,4294967295,
migrate_demo,server,4,14799709,145180,,333000,4294967295,
migrate_demo,server,4,14804991,145180,,333000,4294967295,
migrate_demo,server,4,14810233,145180,,333000,4294967295,
migrate_demo,server,4,14815459,145180,,333000,4294967295,
migrate_demo,server,4,14820672,145180,,333000,4294967295,
migrate_demo,server,4,14826293,146400,,333000,4294967295,
migrate_demo,server,4,14831549,146400,,333000,4294967295,
migrate_demo,server,4,14836852,146400,,333000,4294967295,
migrate_demo,server,4,14842254,146400,,333000,4294967295,
migrate_demo,server,4,14847515,146400,,333000,4294967295,
migrate_demo,server,4,14852728,146400,,333000,4294967295,
migrate_demo,server,4,14857968,146400,,333000,4294967295,
migrate_demo,server,4,14863243,146400,,333000,4294967295,
migrate_demo,server,4,14868516,146400,,333000,4294967295,
migrate_demo,server,4,14873771,146400,,333000,4294967295,
migrate_demo,server,4,14879043,146400,,333000,4294967295,
migrate_demo,server,4,14884351,146400,,333000,4294967295,
migrate_demo,server,4,14889635,147620,,333000,4294967295,
migrate_demo,server,4,14894910,147620,,333000,4294967295,
migrate_demo,server,4,14900120,147620,,333000,4294967295,
migrate_demo,server,4,14905360,147620,,333000,4294967295,
migrate_demo,server,4,14910591,147620,,333000,4294967295,
migrate_demo,server,4,14915839,147620,,333000,4294967295,
migrate_demo,server,4,14921098,147620,,333000,4294967295,
migrate_demo,server,4,14926407,147620,,333000,4294967295,
migrate_demo,server,4,14931720,147620,,333000,4294967295,
migrate_demo,server,4,14937026,147620,,333000,4294967295,
migrate_demo,server,4,14942285,147620,,333000,4294967295,
migrate_demo,server,4,14947561,147620,,333000,4294967295,
migrate_demo,server,4,14952848,147620,,333000,4294967295,
migrate_demo,server,4,14958093,148840,,333000,4294967295,
migrate_demo,server,4,14963363,148840,,333000,4294967295,
migrate_demo,server,4,14968602,148840,,333000,4294967295,
migrate_demo,server,4,14973900,148840,,333000,4294967295,
migrate_demo,server,4,14979146,148840,,333000,4294967295,
migrate_demo,server,4,14984373,148840,,333000,4294967295,
migrate_demo,server,4,14989587,148840,,333000,4294967295,
migrate_demo,server,4,14994820,148840,,333000,4294967295,
migrate_demo,server,4,15000041,148840,,333000,4294967295,
migrate_demo,server,4,15005326,150060,,333000,4294967295,
migrate_demo,server,4,15010546,150060,,333000,4294967295,
migrate_demo,server,4,15015776,150060,,333000,4294967295,
migrate_demo,server,4,15021072,150060,,333000,4294967295,
migrate_demo,server,4,15026321,150060,,333000,4294967295,
migrate_demo,server,4,15031613,150060,,333000,4294967295,
migrate_demo,server,4,15036927,150060,,333000,4294967295,
migrate_demo,server,4,15042202,150060,,333000,4294967295,
migrate_demo,server,4,15047515,150060,,333000,4294967295,
migrate_demo,server,4,15052735,150060,,333000,4294967295,
migrate_demo,server,4,15057956,150060,,333000,4294967295,
migrate_demo,server,4,15063231,150060,,333000,4294967295,
migrate_demo,server,4,15068467,150060,,333000,4294967295,
migrate_demo,server,4,15073745,151280,,333000,4294967295,
migrate_demo,server,4,15079036,151280,,333000,4294967295,
migrate_demo,server,4,15084295,151280,,333000,4294967295,
migrate_demo,server,4,15089554,151280,,333000,4294967295,
migrate_demo,server,4,15094802,151280,,333000,4294967295,
migrate_demo,server,4,15100009,151280,,333000,4294967295,
migrate_demo,server,4,15105250,151280,,333000,4294967295,
migrate_demo,server,4,15110542,151280,,333000,4294967295,
migrate_demo,server,4,15115790,151280,,333000,4294967295,
migrate_demo,server,4,15121069,151280,,333000,4294967295,
migrate_demo,server,4,15126303,151280,,333000,4294967295,
migrate_demo,server,4,15131527,151280,,333000,4294967295,
migrate_demo,server,4,15136758,151280,,333000,4294967295,
migrate_demo,server,4,15142022,152500,,333000,4294967295,
migrate_demo,server,4,15147291,152500,,333000,4294967295,
migrate_demo,server,4,15152516,152500,,333000,4294967295,
migrate_demo,server,4,15157726,152500,,333000,4294967295,
migrate_demo,server,4,15162960,152500,,333000,4294967295,
migrate_demo,server,4,15168237,152500,,333000,4294967295,
migrate_demo,server,4,15173493,152500,,333000,4294967295,
migrate_demo,server,4,15178723,152500,,333000,4294967295,
migrate_demo,server,4,15183930,152500,,333000,4294967295,
migrate_demo,server,4,15189148,152500,,333000,4294967295,
migrate_demo,server,4,15194367,152500,,333000,4294967295,
migrate_demo,server,4,15199659,152500,,333000,4294967295,
migrate_demo,server,4,15204904,152500,,333000,4294967295,
migrate_demo,server,4,15210275,153720,,333000,4294967295,
migrate_demo,server,4,15215576,153720,,333000,4294967295,
migrate_demo,server,4,15220886,153720,,333000,4294967295,
migrate_demo,server,4,15226153,153720,,333000,4294967295,
migrate_demo,server,4,15231398,153720,,333000,4294967295,
migrate_demo,server,4,15236617,153720,,333000,4294967295,
migrate_demo,server,4,15241909,153720,,333000,4294967295,
migrate_demo,server,4,15247153,153720,,333000,4294967295,
migrate_demo,server,4,15252387,153720,,333000,4294967295,
migrate_demo,server,4,15257674,153720,,333000,4294967295,
migrate_demo,server,4,15262896,153720,,333000,4294967295,
migrate_demo,server,4,15268117,153720,,333000,4294967295,
migrate_demo,server,4,15273377,153720,,333000,4294967295,
migrate_demo,server,4,15278654,154940,,333000,4294967295,
migrate_demo,server,4,15283921,154940,,333000,4294967295,
migrate_demo,server,4,15289148,154940,,333000,4294967295,
migrate_demo,server,4,15294353,154940,,333000,4294967295,
migrate_demo,server,4,15299579,154940,,333000,4294967295,
migrate_demo,server,4,15304819,154940,,333000,4294967295,
migrate_demo,server,4,15310042,154940,,333000,4294967295,
migrate_demo,server,4,15315251,154940,,333000,4294967295,
migrate_demo,server,4,15320492,154940,,333000,4294967295,
migrate_demo,server,4,15325724,156160,,333000,4294967295,
migrate_demo,server,4,15330949,156160,,333000,4294967295,
migrate_demo,server,4,15336214,156160,,333000,4294967295,
migrate_demo,server,4,15341425,156160,,333000,4294967295,
migrate_demo,server,4,15346684,156160,,333000,4294967295,
migrate_demo,server,4,15351900,156160,,333000,4294967295,
migrate_demo,server,4,15357126,156160,,333000,4294967295,
migrate_demo,server,4,15362351,156160,,333000,4294967295,
migrate_demo,server,4,15367554,156160,,333000,4294967295,
migrate_demo,server,4,15372784,156160,,333000,4294967295,
migrate_demo,server,4,15378058,156160,,333000,4294967295,
migrate_demo,server,4,15383309,156160,,333000,4294967295,
migrate_demo,server,4,15388535,156160,,333000,4294967295,
migrate_demo,server,4,15393782,157380,,333000,4294967295,
migrate_demo,server,4,15399018,157380,,333000,4294967295,
migrate_demo,server,4,15404202,157380,,333000,4294967295,
migrate_demo,server,4,15409420,157380,,333000,4294967295,
migrate_demo,server,4,15414652,157387,,333000,4294967295,
migrate_demo,server,4,15419861,157387,,333000,4294967295,
migrate_demo,server,4,15425060,157387,,333000,4294967295,
migrate_demo,server,4,15430307,157387,,333000,4294967295,
migrate_demo,server,4,15435519,157406,,333000,4294967295,
migrate_demo,server,4,15440739,157406,,333000,4294967295,
migrate_demo,server,4,15445940,157406,,333000,4294967295,
migrate_demo,server,4,15451134,157406,,333000,4294967295,
migrate_demo,server,4,15456387,157406,,333000,4294967295,
migrate_demo,server,4,15461701,157436,,333000,4294967295,
migrate_demo,server,4,15466930,157436,,333000,4294967295,
migrate_demo,server,4,15472227,157436,,333000,4294967295,
migrate_demo,server,4,15477471,157436,,333000,4294967295,
migrate_demo,server,4,15482701,157478,,333000,4294967295,
migrate_demo,server,4,15487941,157478,,333000,4294967295,
migrate_demo,server,4,15493162,157478,,333000,4294967295,
migrate_demo,server,4,15498442,157478,,333000,4294967295,
migrate_demo,server,4,15503855,157532,,333000,4294967295,
migrate_demo,server,4,15509087,157532,,333000,4294967295,
migrate_demo,server,4,15514321,157532,,333000,4294967295,
migrate_demo,server,4,15519545,157532,,333000,4294967295,
migrate_demo,server,4,15524768,157532,,333000,4294967295,
migrate_demo,server,4,15530010,157598,,333000,4294967295,
migrate_demo,server,4,15535246,157598,,333000,4294967295,
migrate_demo,server,4,15540498,157598,,333000,4294967295,
migrate_demo,server,4,15545722,157598,,333000,4294967295,
migrate_demo,server,4,15551009,157675,,333000,4294967295,
migrate_demo,server,4,15556299,157675,,333000,4294967295,
migrate_demo,server,4,15561600,157675,,333000,4294967295,
migrate_demo,server,4,15566812,157675,,333000,4294967295,
migrate_demo,server,4,15572048,157764,,333000,4294967295,
migrate_demo,server,4,15577314,157764,,333000,4294967295,
migrate_demo,server,4,15582544,157764,,333000,4294967295,
migrate_demo,server,4,15587814,157764,,333000,4294967295,
migrate_demo,server,4,15593078,157764,,333000,4294967295,
migrate_demo,server,4,15598366,157864,,333000,4294967295,
migrate_demo,server,4,15603675,157864,,333000,4294967295,
migrate_demo,server,4,15608970,157864,,333000,4294967295,
migrate_demo,server,4,15614189,157864,,333000,4294967295,
migrate_demo,server,4,15619411,157976,,333000,4294967295,
migrate_demo,server,4,15624645,157976,,333000,4294967295,
migrate_demo,server,4,15629892,157976,,333000,4294967295,
migrate_demo,server,4,15635124,157976,,333000,4294967295,
migrate_demo,server,4,15640345,158099,,333000,4294967295,
migrate_demo,server,4,15645593,158099,,333000,4294967295,
migrate_demo,server,4,15650868,158099,,333000,4294967295,
migrate_demo,server,4,15656069,158099,,333000,4294967295,
migrate_demo,server,4,15661257,158099,,333000,4294967295,
migrate_demo,server,4,15666466,158234,,333000,4294967295,
migrate_demo,server,4,15671705,158234,,333000,4294967295,
migrate_demo,server,4,15676923,158234,,333000,4294967295,
migrate_demo,server,4,15682107,158234,,333000,4294967295,
migrate_demo,server,4,15687309,158380,,333000,4294967295,
migrate_demo,server,4,15692526,158380,,333000,4294967295,
migrate_demo,server,4,15697769,158380,,333000,4294967295,
migrate_demo,server,4,15703012,158535,,333000,4294967295,
migrate_demo,server,4,15708283,158535,,333000,4294967295,
migrate_demo,server,4,15713570,158535,,333000,4294967295,
migrate_demo,server,4,15718812,158535,,333000,4294967295,
migrate_demo,server,4,15724071,158535,,333000,4294967295,
migrate_demo,server,4,15729318,158701,,333000,4294967295,
migrate_demo,server,4,15734576,158871,,333000,4294967295,
migrate_demo,server,4,15739783,158871,,333000,4294967295,
migrate_demo,server,4,15745025,158871,,333000,4294967295,
migrate_demo,server,4,15750234,158871,,333000,4294967295,
migrate_demo,server,4,15755473,158871,,333000,4294967295,
migrate_demo,server,4,15760684,159052,,333000,4294967295,
migrate_demo,server,4,15765966,159052,,333000,4294967295,
migrate_demo,server,4,15771199,159052,,333000,4294967295,
migrate_demo,server,4,15776422,159052,,333000,4294967295,
migrate_demo,server,4,15781683,159244,,333000,4294967295,
migrate_demo,server,4,15786951,159244,,333000,4294967295,
migrate_demo,server,4,15792196,159244,,333000,4294967295,
migrate_demo,server,4,15797460,159244,,333000,4294967295,
migrate_demo,server,4,15802690,159447,,333000,4294967295,
migrate_demo,server,4,15807908,159447,,333000,4294967295,
migrate_demo,server,4,15813136,159447,,333000,4294967295,
migrate_demo,server,4,15818413,159447,,333000,4294967295,
migrate_demo,server,4,15823653,159447,,333000,4294967295,
migrate_demo,server,4,15828889,159661,,333000,4294967295,
migrate_demo,server,4,15834138,159661,,333000,4294967295,
migrate_demo,server,4,15839382,159661,,333000,4294967295,
migrate_demo,server,4,15844658,159661,,333000,4294967295,
migrate_demo,server,4,15849887,159886,,333000,4294967295,
migrate_demo,server,4,15855162,159886,,333000,4294967295,
migrate_demo,server,4,15860387,159886,,333000,4294967295,
migrate_demo,server,4,15865681,159886,,333000,4294967295,
migrate_demo,server,4,15870939,160123,,333000,4294967295,
migrate_demo,server,4,15876172,160123,,333000,4294967295,
migrate_demo,server,4,15881412,160123,,333000,4294967295,
migrate_demo,server,4,15886727,160123,,333000,4294967295,
migrate_demo,server,4,15892066,160123,,333000,4294967295,
migrate_demo,server,4,15897353,160371,,333000,4294967295,
migrate_demo,server,4,15902640,160371,,333000,4294967295,
migrate_demo,server,4,15907909,160371,,333000,4294967295,
migrate_demo,server,4,15913178,160371,,333000,4294967295,
migrate_demo,server,4,15918438,160629,,333000,4294967295,
migrate_demo,server,4,15923748,160629,,333000,4294967295,
migrate_demo,server,4,15928948,160629,,333000,4294967295,
migrate_demo,server,4,15934176,160629,,333000,4294967295,
migrate_demo,server,4,15939403,160898,,333000,4294967295,
migrate_demo,server,4,15944656,160898,,333000,4294967295,
migrate_demo,server,4,15949854,160898,,333000,4294967295,
migrate_demo,server,4,15955095,160898,,333000,4294967295,
migrate_demo,server,4,15960334,160898,,333000,4294967295,
migrate_demo,server,4,15965643,161178,,333000,4294967295,
migrate_demo,server,4,15970930,161178,,333000,4294967295,
migrate_demo,server,4,15976197,161178,,333000,4294967295,
migrate_demo,server,4,15981455,161178,,333000,4294967295,
migrate_demo,server,4,15986662,161469,,333000,4294967295,
migrate_demo,server,4,15991930,161469,,333000,4294967295,
migrate_demo,server,4,15997189,161469,,333000,4294967295,
migrate_demo,server,4,16002427,161469,,333000,4294967295,
migrate_demo,server,4,16007631,161771,,333000,4294967295,
migrate_demo,server,4,16012919,161771,,333000,4294967295,
migrate_demo,server,4,16018155,161771,,333000,4294967295,
migrate_demo,server,4,16023390,161771,,333000,4294967295,
migrate_demo,server,4,16028686,161771,,333000,4294967295,
migrate_demo,server,4,16034026,162084,,333000,4294967295,
migrate_demo,server,4,16039254,162084,,333000,4294967295,
migrate_demo,server,4,16044474,162084,,333000,4294967295,
migrate_demo,server,4,16049724,162084,,333000,4294967295,
migrate_demo,server,4,16054989,162407,,333000,4294967295,
migrate_demo,server,4,16060232,162407,,333000,4294967295,
migrate_demo,server,4,16065500,162407,,333000,4294967295,
migrate_demo,server,4,16070787,162407,,333000,4294967295,
migrate_demo,server,4,16076039,162740,,333000,4294967295,
migrate_demo,server,4,16081320,162740,,333000,4294967295,
migrate_demo,server,4,16086569,162740,,333000,4294967295,
migrate_demo,server,4,16091797,162740,,333000,4294967295,
migrate_demo,server,4,16097114,163084,,333000,4294967295,
migrate_demo,server,4,16102372,163084,,333000,4294967295,
migrate_demo,server,4,16107719,163084,,333000,4294967295,
migrate_demo,server,4,16112915,163084,,333000,4294967295,
migrate_demo,server,4,16118173,163084,,333000,4294967295,
migrate_demo,server,4,16123389,163439,,333000,4294967295,
migrate_demo,server,4,16128589,163439,,333000,4294967295,
migrate_demo,server,4,16133776,163439,,333000,4294967295,
migrate_demo,server,4,16139026,163439,,333000,4294967295,
migrate_demo,server,4,16144261,163804,,333000,4294967295,
migrate_demo,server,4,16149493,163804,,333000,4294967295,
migrate_demo,server,4,16154696,163804,,333000,4294967295,
migrate_demo,server,4,16159921,163804,,333000,4294967295,
migrate_demo,server,4,16165558,164179,,333000,4294967295,
migrate_demo,server,4,16170854,164179,,333000,4294967295,
migrate_demo,server,4,16176059,164179,,333000,4294967295,
migrate_demo,server,4,16181301,164179,,333000,4294967295,
migrate_demo,server,4,16186577,164179,,333000,4294967295,
migrate_demo,server,4,16191806,164565,,333000,4294967295,
migrate_demo,server,4,16197072,164565,,333000,4294967295,
migrate_demo,server,4,16202362,164565,,333000,4294967295,
migrate_demo,server,4,16207645,164565,,333000,4294967295,
migrate_demo,server,4,16212855,164961,,333000,4294967295,
migrate_demo,server,4,16218127,164961,,333000,4294967295,
migrate_demo,server,4,16223398,164961,,333000,4294967295,
migrate_demo,server,4,16228639,164961,,333000,4294967295,
migrate_demo,server,4,16233902,165367,,333000,4294967295,
migrate_demo,server,4,16239154,165367,,333000,4294967295,
migrate_demo,server,4,16244356,165367,,333000,4294967295,
migrate_demo,server,4,16249619,165367,,333000,4294967295,
migrate_demo,server,4,16254892,165367,,333000,4294967295,
migrate_demo,server,4,16260157,165783,,333000,4294967295,
migrate_demo,server,4,16265400,165783,,333000,4294967295,
migrate_demo,server,4,16270688,165783,,333000,4294967295,
migrate_demo,server,4,16275971,165783,,333000,4294967295,
migrate_demo,server,4,16281221,166209,,333000,4294967295,
migrate_demo,server,4,16286417,166209,,333000,4294967295,
migrate_demo,server,4,16291712,166209,,333000,4294967295,
migrate_demo,server,4,16296910,166209,,333000,4294967295,
migrate_demo,server,4,16302170,166644,,333000,4294967295,
migrate_demo,server,4,16307406,166644,,333000,4294967295,
migrate_demo,server,4,16312640,166644,,333000,4294967295,
migrate_demo,server,4,16317936,166644,,333000,4294967295,
migrate_demo,server,4,16323145,166644,,333000,4294967295,
migrate_demo,server,4,16328396,167089,,333000,4294967295,
migrate_demo,server,4,16333722,167089,,333000,4294967295,
migrate_demo,server,4,16338954,167089,,333000,4294967295,
migrate_demo,server,4,16344196,167089,,333000,4294967295,
migrate_demo,server,4,16349453,167544,,333000,4294967295,
migrate_demo,server,4,16354679,167544,,333000,4294967295,
migrate_demo,server,4,16359923,167544,,333000,4294967295,
migrate_demo,server,4,16365214,167544,,333000,4294967295,
migrate_demo,server,4,16370428,168009,,333000,4294967295,
migrate_demo,server,4,16375635,168009,,333000,4294967295,
migrate_demo,server,4,16380893,168009,,333000,4294967295,
migrate_demo,server,4,16386170,168009,,333000,4294967295,
migrate_demo,server,4,16391509,168009,,333000,4294967295,
migrate_demo,server,4,16396766,168483,,333000,4294967295,
migrate_demo,server,4,16402010,168483,,333000,4294967295,
migrate_demo,server,4,16407256,168483,,333000,4294967295,
migrate_demo,server,4,16412480,168483,,333000,4294967295,
migrate_demo,server,4,16417686,168967,,333000,4294967295,
migrate_demo,server,4,16422902,168967,,333000,4294967295,
migrate_demo,server,4,16428113,168967,,333000,4294967295,
migrate_demo,server,4,16433329,168967,,333000,4294967295,
migrate_demo,server,4,16438552,169461,,333000,4294967295,
migrate_demo,server,4,16443808,169461,,333000,4294967295,
migrate_demo,server,4,16449064,169461,,333000,4294967295,
migrate_demo,server,4,16454301,169461,,333000,4294967295,
migrate_demo,server,4,16459604,169461,,333000,4294967295,
migrate_demo,server,4,16464815,169964,,333000,4294967295,
migrate_demo,server,4,16470042,169964,,333000,4294967295,
migrate_demo,server,4,16475272,169964,,333000,4294967295,
migrate_demo,server,4,16480492,169964,,333000,4294967295,
migrate_demo,server,4,16485728,170476,,333000,4294967295,
migrate_demo,server,4,16490996,170476,,333000,4294967295,
migrate_demo,server,4,16496238,170476,,333000,4294967295,
migrate_demo,server,4,16501489,170476,,333000,4294967295,
migrate_demo,server,4,16506719,170998,,333000,4294967295,
migrate_demo,server,4,16511929,170998,,333000,4294967295,
migrate_demo,server,4,16517160,170998,,333000,4294967295,
migrate_demo,server,4,16522367,170998,,333000,4294967295,
migrate_demo,server,4,16527600,170998,,333000,4294967295,
migrate_demo,server,4,16532836,171529,,333000,4294967295,
migrate_demo,server,4,16538088,171529,,333000,4294967295,
migrate_demo,server,4,16543461,171529,,333000,4294967295,
migrate_demo,server,4,16548735,171529,,333000,4294967295,
migrate_demo,server,4,16554009,172069,,333000,4294967295,
migrate_demo,server,4,16559237,172069,,333000,4294967295,
migrate_demo,server,4,16564530,172069,,333000,4294967295,
migrate_demo,server,4,16569817,172069,,333000,4294967295,
migrate_demo,server,4,16575104,172618,,333000,4294967295,
migrate_demo,server,4,16580387,172618,,333000,4294967295,
migrate_demo,server,4,16585644,172618,,333000,4294967295,
migrate_demo,server,4,16590845,172618,,333000,4294967295,
migrate_demo,server,4,16596087,172618,,333000,4294967295,
migrate_demo,server,4,16601291,173176,,333000,4294967295,
migrate_demo,server,4,16606613,173176,,333000,4294967295,
migrate_demo,server,4,16611872,173176,,333000,4294967295,
migrate_demo,server,4,16617132,173176,,333000,4294967295,
migrate_demo,server,4,16622419,173743,,333000,4294967295,
migrate_demo,server,4,16627691,174306,,333000,4294967295,
migrate_demo,server,4,16632942,174306,,333000,4294967295,
migrate_demo,server,4,16638182,174306,,333000,4294967295,
migrate_demo,server,4,16643436,174306,,333000,4294967295,
migrate_demo,server,4,16648729,174878,,333000,4294967295,
migrate_demo,server,4,16653923,174878,,333000,4294967295,
migrate_demo,server,4,16659213,174878,,333000,4294967295,
migrate_demo,server,4,16664512,174878,,333000,4294967295,
migrate_demo,server,4,16669722,175459,,333000,4294967295,
migrate_demo,server,4,16674929,175459,,333000,4294967295,
migrate_demo,server,4,16680214,175459,,333000,4294967295,
migrate_demo,server,4,16685413,175459,,333000,4294967295,
migrate_demo,server,4,16690609,175459,,333000,4294967295,
migrate_demo,server,4,16695878,176049,,333000,4294967295,
migrate_demo,server,4,16701118,176049,,333000,4294967295,
migrate_demo,server,4,16706359,176049,,333000,4294967295,
migrate_demo,server,4,16711545,176049,,333000,4294967295,
migrate_demo,server,4,16716875,176648,,333000,4294967295,
migrate_demo,server,4,16722126,176648,,333000,4294967295,
migrate_demo,server,4,16727375,176648,,333000,4294967295,
migrate_demo,server,4,16732647,176648,,333000,4294967295,
migrate_demo,server,4,16737938,177255,,333000,4294967295,
migrate_demo,server,4,16743142,177255,,333000,4294967295,
migrate_demo,server,4,16748426,177255,,333000,4294967295,
migrate_demo,server,4,16753696,177255,,333000,4294967295,
migrate_demo,server,4,16758980,177255,,333000,4294967295,
migrate_demo,server,4,16764232,177864,,333000,4294967295,
migrate_demo,server,4,16769504,177864,,333000,4294967295,
migrate_demo,server,4,16774787,177864,,333000,4294967295,
migrate_demo,server,4,16780095,177864,,333000,4294967295,
migrate_demo,server,4,16785362,178474,,333000,4294967295,
migrate_demo,server,4,16790566,178474,,333000,4294967295,
migrate_demo,server,4,16795896,178474,,333000,4294967295,
migrate_demo,server,4,16801253,178474,,333000,4294967295,
migrate_demo,server,4,16806425,179084,,333000,4294967295,
migrate_demo,server,4,16811665,179084,,333000,4294967295,
migrate_demo,server,4,16816878,179084,,333000,4294967295,
migrate_demo,server,4,16822106,179084,,333000,4294967295,
migrate_demo,server,4,16827349,179084,,333000,4294967295,
migrate_demo,server,4,16832585,179694,,333000,4294967295,
migrate_demo,server,4,16837926,179694,,333000,4294967295,
migrate_demo,server,4,16843171,179694,,333000,4294967295,
migrate_demo,server,4,16848449,179694,,333000,4294967295,
migrate_demo,server,4,16853709,180304,,333000,4294967295,
migrate_demo,server,4,16859004,180304,,333000,4294967295,
migrate_demo,server,4,16864269,180304,,333000,4294967295,
migrate_demo,server,4,16869576,180304,,333000,4294967295,
migrate_demo,server,4,16874893,180914,,333000,4294967295,
migrate_demo,server,4,16880173,180914,,333000,4294967295,
migrate_demo,server,4,16885435,180914,,333000,4294967295,
migrate_demo,server,4,16890743,180914,,333000,4294967295,
migrate_demo,server,4,16896306,181524,,333000,4294967295,
migrate_demo,server,4,16901550,181524,,333000,4294967295,
migrate_demo,server,4,16906775,181524,,333000,4294967295,
migrate_demo,server,4,16912020,181524,,333000,4294967295,
migrate_demo,server,4,16917241,181524,,333000,4294967295,
migrate_demo,server,4,16922484,182134,,333000,4294967295,
migrate_demo,server,4,16927770,182134,,333000,4294967295,
migrate_demo,server,4,16933004,182134,,333000,4294967295,
migrate_demo,server,4,16938281,182134,,333000,4294967295,
migrate_demo,server,4,16943663,182744,,333000,4294967295,
migrate_demo,server,4,16948921,182744,,333000,4294967295,
migrate_demo,server,4,16954162,182744,,333000,4294967295,
migrate_demo,server,4,16959406,182744,,333000,4294967295,
migrate_demo,server,4,16964650,183354,,333000,4294967295,
migrate_demo,server,4,16969966,183354,,333000,4294967295,
migrate_demo,server,4,16975201,183354,,333000,4294967295,
migrate_demo,server,4,16980540,183354,,333000,4294967295,
migrate_demo,server,4,16985762,183354,,333000,4294967295,
migrate_demo,server,4,16991056,183964,,333000,4294967295,
migrate_demo,server,4,16996300,183964,,333000,4294967295,
migrate_demo,server,4,17001584,183964,,333000,4294967295,
migrate_demo,server,4,17006846,183964,,333000,4294967295,
migrate_demo,server,4,17012139,184574,,333000,4294967295,
migrate_demo,server,4,17017445,184574,,333000,4294967295,
migrate_demo,server,4,17022790,184574,,333000,4294967295,
migrate_demo,server,4,17028115,184574,,333000,4294967295,
migrate_demo,server,4,17033412,185184,,333000,4294967295,
migrate_demo,server,4,17038613,185184,,333000,4294967295,
migrate_demo,server,4,17043907,185184,,333000,4294967295,
migrate_demo,server,4,17049269,185184,,333000,4294967295,
migrate_demo,server,4,17054637,185184,,333000,4294967295,
migrate_demo,server,4,17059930,185794,,333000,4294967295,
migrate_demo,server,4,17065225,185794,,333000,4294967295,
migrate_demo,server,4,17070453,185794,,333000,4294967295,
migrate_demo,server,4,17075816,185794,,333000,4294967295,
migrate_demo,server,4,17081099,186404,,333000,4294967295,
migrate_demo,server,4,17086426,186404,,333000,4294967295,
migrate_demo,server,4,17091665,186404,,333000,4294967295,
migrate_demo,server,4,17096925,186404,,333000,4294967295,
migrate_demo,server,4,17102192,187014,,333000,4294967295,
migrate_demo,server,4,17107476,187014,,333000,4294967295,
migrate_demo,server,4,17112749,187014,,333000,4294967295,
migrate_demo,server,4,17118001,187014,,333000,4294967295,
migrate_demo,server,4,17123191,187624,,333000,4294967295,
migrate_demo,server,4,17128392,187624,,333000,4294967295,
migrate_demo,server,4,17133624,187624,,333000,4294967295,
migrate_demo,server,4,17138863,187624,,333000,4294967295,
migrate_demo,server,4,17144127,187624,,333000,4294967295,
migrate_demo,server,4,17149371,188234,,333000,4294967295,
migrate_demo,server,4,17154633,188234,,333000,4294967295,
migrate_demo,server,4,17159831,188234,,333000,4294967295,
migrate_demo,server,4,17165059,188234,,333000,4294967295,
migrate_demo,server,4,17170339,188844,,333000,4294967295,
migrate_demo,server,4,17175526,188844,,333000,4294967295,
migrate_demo,server,4,17180760,188844,,333000,4294967295,
migrate_demo,server,4,17186067,188844,,333000,4294967295,
migrate_demo,server,4,17191547,189454,,333000,4294967295,
migrate_demo,server,4,17196751,189454,,333000,4294967295,
migrate_demo,server,4,17201951,189454,,333000,4294967295,
migrate_demo,server,4,17207181,189454,,333000,4294967295,
migrate_demo,server,4,17212404,189454,,333000,4294967295,
migrate_demo,server,4,17217679,190064,,333000,4294967295,
migrate_demo,server,4,17222923,190064,,333000,4294967295,
migrate_demo,server,4,17228181,190064,,333000,4294967295,
migrate_demo,server,4,17233441,190064,,333000,4294967295,
migrate_demo,server,4,17238723,190674,,333000,4294967295,
migrate_demo,server,4,17243941,190674,,333000,4294967295,
migrate_demo,server,4,17249143,190674,,333000,4294967295,
migrate_demo,server,4,17254371,190674,,333000,4294967295,
migrate_demo,server,4,17259927,191284,,333000,4294967295,
migrate_demo,server,4,17265136,191284,,333000,4294967295,
migrate_demo,server,4,17270324,191284,,333000,4294967295,
migrate_demo,server,4,17275541,191284,,333000,4294967295,
migrate_demo,server,4,17280790,191284,,333000,4294967295,
migrate_demo,server,4,17286044,191894,,333000,4294967295,
migrate_demo,server,4,17291256,191894,,333000,4294967295,
migrate_demo,server,4,17296499,191894,,333000,4294967295,
migrate_demo,server,4,17301728,191894,,333000,4294967295,
migrate_demo,server,4,17306958,192504,,333000,4294967295,
migrate_demo,server,4,17312192,192504,,333000,4294967295,
migrate_demo,server,4,17317421,192504,,333000,4294967295,
migrate_demo,server,4,17322686,192504,,333000,4294967295,
migrate_demo,server,4,17327938,193114,,333000,4294967295,
migrate_demo,server,4,17333165,193114,,333000,4294967295,
migrate_demo,server,4,17338385,193114,,333000,4294967295,
migrate_demo,server,4,17343737,193114,,333000,4294967295,
migrate_demo,server,4,17348942,193114,,333000,4294967295,
migrate_demo,server,4,17354144,193724,,333000,4294967295,
migrate_demo,server,4,17359333,193724,,333000,4294967295,
migrate_demo,server,4,17364704,193724,,333000,4294967295,
migrate_demo,server,4,17369908,193724,,333000,4294967295,
migrate_demo,server,4,17375140,194334,,333000,4294967295,
migrate_demo,server,4,17380389,194334,,333000,4294967295,
migrate_demo,server,4,17385615,194334,,333000,4294967295,
migrate_demo,server,4,17390875,194334,,333000,4294967295,
migrate_demo,server,4,17396076,194944,,333000,4294967295,
migrate_demo,server,4,17401327,194944,,333000,4294967295,
migrate_demo,server,4,17406568,194944,,333000,4294967295,
migrate_demo,server,4,17411815,194944,,333000,4294967295,
migrate_demo,server,4,17417012,194944,,333000,4294967295,
migrate_demo,server,4,17422323,195554,,333000,4294967295,
migrate_demo,server,4,17427506,195554,,333000,4294967295,
migrate_demo,server,4,17432712,195554,,333000,4294967295,
migrate_demo,server,4,17437940,195554,,333000,4294967295,
migrate_demo,server,4,17443186,196164,,333000,4294967295,
migrate_demo,server,4,17448436,196164,,333000,4294967295,
migrate_demo,server,4,17453682,196164,,333000,4294967295,
migrate_demo,server,4,17458978,196164,,333000,4294967295,
migrate_demo,server,4,17464236,196774,,333000,4294967295,
migrate_demo,server,4,17469435,196774,,333000,4294967295,
migrate_demo,server,4,17474674,196774,,333000,4294967295,
migrate_demo,server,4,17479879,196774,,333000,4294967295,
migrate_demo,server,4,17485085,197384,,333000,4294967295,
migrate_demo,server,4,17490323,197384,,333000,4294967295,
migrate_demo,server,4,17495555,197384,,333000,4294967295,
migrate_demo,server,4,17500787,197384,,333000,4294967295,
migrate_demo,server,4,17506044,197994,,333000,4294967295,
migrate_demo,server,4,17511233,197994,,333000,4294967295,
migrate_demo,server,4,17516441,198604,,333000,4294967295,
migrate_demo,server,4,17521673,198604,,333000,4294967295,
migrate_demo,server,4,17526914,198604,,333000,4294967295,
migrate_demo,server,4,17532132,198604,,333000,4294967295,
migrate_demo,server,4,17537451,199214,,333000,4294967295,
migrate_demo,server,4,17542715,199214,,333000,4294967295,
migrate_demo,server,4,17547994,199214,,333000,4294967295,
migrate_demo,server,4,17553240,199214,,333000,4294967295,
migrate_demo,server,4,17558507,199824,,333000,4294967295,
migrate_demo,server,4,17563802,199824,,333000,4294967295,
migrate_demo,server,4,17569143,199824,,333000,4294967295,
migrate_demo,server,4,17574384,199824,,333000,4294967295,
migrate_demo,server,4,17579667,199824,,333000,4294967295,
migrate_demo,server,4,17584977,200434,,333000,4294967295,
migrate_demo,server,4,17590234,200434,,333000,4294967295,
migrate_demo,server,4,17595537,200434,,333000,4294967295,
migrate_demo,server,4,17600804,200434,,333000,4294967295,
migrate_demo,server,4,17606086,201044,,333000,4294967295,
migrate_demo,server,4,17611345,201044,,333000,4294967295,
migrate_demo,server,4,17616596,201044,,333000,4294967295,
migrate_demo,server,4,17621870,201044,,333000,4294967295,
migrate_demo,server,4,17627162,201654,,333000,4294967295,
migrate_demo,server,4,17632427,201654,,333000,4294967295,
migrate_demo,server,4,17637680,201654,,333000,4294967295,
migrate_demo,server,4,17642925,201654,,333000,4294967295,
migrate_demo,server,4,17648212,201654,,333000,4294967295,
migrate_demo,server,4,17653513,202264,,333000,4294967295,
migrate_demo,server,4,17658816,202264,,333000,4294967295,
migrate_demo,server,4,17664079,202264,,333000,4294967295,
migrate_demo,server,4,17669309,202264,,333000,4294967295,
migrate_demo,server,4,17674581,202874,,333000,4294967295,
migrate_demo,server,4,17679689,202874,,333000,4294967295,
migrate_demo,server,4,17684899,202874,,333000,4294967295,
migrate_demo,server,4,17690151,202874,,333000,4294967295,
migrate_demo,server,4,17695420,203484,,333000,4294967295,
migrate_demo,server,4,17700667,203484,,333000,4294967295,
migrate_demo,server,4,17705944,203484,,333000,4294967295,
migrate_demo,server,4,17711143,203484,,333000,4294967295,
migrate_demo,server,4,17716355,203484,,333000,4294967295,
migrate_demo,server,4,17721620,204094,,333000,4294967295,
migrate_demo,server,4,17726969,204094,,333000,4294967295,
migrate_demo,server,4,17732272,204094,,333000,4294967295,
migrate_demo,server,4,17737481,204094,,333000,4294967295,
migrate_demo,server,4,17742700,204704,,333000,4294967295,
migrate_demo,server,4,17747898,204704,,333000,4294967295,
migrate_demo,server,4,17753099,204704,,333000,4294967295,
migrate_demo,server,4,17758396,204704,,333000,4294967295,
migrate_demo,server,4,17763651,205314,,333000,4294967295,
migrate_demo,server,4,17768849,205314,,333000,4294967295,
migrate_demo,server,4,17774113,205314,,333000,4294967295,
migrate_demo,server,4,17779330,205314,,333000,4294967295,
migrate_demo,server,4,17784621,205314,,333000,4294967295,
migrate_demo,server,4,17789864,205924,,333000,4294967295,
migrate_demo,server,4,17795095,205924,,333000,4294967295,
migrate_demo,server,4,17800346,205924,,333000,4294967295,
migrate_demo,server,4,17805583,205924,,333000,4294967295,
migrate_demo,server,4,17810875,206534,,333000,4294967295,
migrate_demo,server,4,17816118,206534,,333000,4294967295,
migrate_demo,server,4,17821340,206534,,333000,4294967295,
migrate_demo,server,4,17826591,206534,,333000,4294967295,
migrate_demo,server,4,17831784,207144,,333000,4294967295,
migrate_demo,server,4,17837022,207144,,333000,4294967295,
migrate_demo,server,4,17842293,207144,,333000,4294967295,
migrate_demo,server,4,17847513,207144,,333000,4294967295,
migrate_demo,server,4,17852740,207144,,333000,4294967295,
migrate_demo,server,4,17857933,207754,,333000,4294967295,
migrate_demo,server,4,17863148,207754,,333000,4294967295,
migrate_demo,server,4,17868420,207754,,333000,4294967295,
migrate_demo,server,4,17873671,207754,,333000,4294967295,
migrate_demo,server,4,17878991,208364,,333000,4294967295,
migrate_demo,server,4,17884257,208364,,333000,4294967295,
migrate_demo,server,4,17889491,208364,,333000,4294967295,
migrate_demo,server,4,17894658,208364,,333000,4294967295,
migrate_demo,server,4,17899833,208974,,333000,4294967295,
migrate_demo,server,4,17905099,208974,,333000,4294967295,
migrate_demo,server,4,17910362,208974,,333000,4294967295,
migrate_demo,server,4,17915569,208974,,333000,4294967295,
migrate_demo,server,4,17920919,208974,,333000,4294967295,
migrate_demo,server,4,17926153,209584,,333000,4294967295,
migrate_demo,server,4,17931390,209584,,333000,4294967295,
migrate_demo,server,4,17936555,209584,,333000,4294967295,
migrate_demo,server,4,17941724,209584,,333000,4294967295,
migrate_demo,server,4,17947009,210194,,333000,4294967295,
migrate_demo,server,4,17952247,210194,,333000,4294967295,
migrate_demo,server,4,17957506,210194,,333000,4294967295,
migrate_demo,server,4,17962748,210194,,333000,4294967295,
migrate_demo,server,4,17967959,210804,,333000,4294967295,
migrate_demo,server,4,17973167,210804,,333000,4294967295,
migrate_demo,server,4,17978452,210804,,333000,4294967295,
migrate_demo,server,4,17983664,210804,,333000,4294967295,
migrate_demo,server,4,17988891,210804,,333000,4294967295,
migrate_demo,server,4,17994305,211414,,333000,4294967295,
migrate_demo,server,4,17999573,211414,,333000,4294967295,
migrate_demo,server,4,18004876,211414,,333000,4294967295,
migrate_demo,server,4,18010159,211414,,333000,4294967295,
migrate_demo,server,4,18015395,212024,,333000,4294967295,
migrate_demo,server,4,18020628,212024,,333000,4294967295,
migrate_demo,server,4,18025845,212024,,333000,4294967295,
migrate_demo,server,4,18031179,212024,,333000,4294967295,
migrate_demo,server,4,18036428,212634,,333000,4294967295,
migrate_demo,server,4,18041654,212634,,333000,4294967295,
migrate_demo,server,4,18046872,212634,,333000,4294967295,
migrate_demo,server,4,18052084,212634,,333000,4294967295,
migrate_demo,server,4,18057354,212634,,333000,4294967295,
migrate_demo,server,4,18062583,213244,,333000,4294967295,
migrate_demo,server,4,18067848,213244,,333000,4294967295,
migrate_demo,server,4,18073137,213244,,333000,4294967295,
migrate_demo,server,4,18078479,213244,,333000,4294967295,
migrate_demo,server,4,18083800,213854,,333000,4294967295,
migrate_demo,server,4,18089089,213854,,333000,4294967295,
migrate_demo,server,4,18094344,213854,,333000,4294967295,
migrate_demo,server,4,18099569,213854,,333000,4294967295,
migrate_demo,server,4,18104819,214464,,333000,4294967295,
migrate_demo,server,4,18110111,214464,,333000,4294967295,
migrate_demo,server,4,18115399,214464,,333000,4294967295,
migrate_demo,server,4,18120627,214464,,333000,4294967295,
migrate_demo,server,4,18125986,215074,,333000,4294967295,
migrate_demo,server,4,18131239,215074,,333000,4294967295,
migrate_demo,server,4,18136517,215074,,333000,4294967295,
migrate_demo,server,4,18141778,215074,,333000,4294967295,
migrate_demo,server,4,18147038,215074,,333000,4294967295,
migrate_demo,server,4,18152314,215684,,333000,4294967295,
migrate_demo,server,4,18157537,215684,,333000,4294967295,
migrate_demo,server,4,18162797,215684,,333000,4294967295,
migrate_demo,server,4,18168009,215684,,333000,4294967295,
migrate_demo,server,4,18173241,216294,,333000,4294967295,
migrate_demo,server,4,18178445,216294,,333000,4294967295,
migrate_demo,server,4,18183680,216294,,333000,4294967295,
migrate_demo,server,4,18188918,216294,,333000,4294967295,
migrate_demo,server,4,18194442,216904,,333000,4294967295,
migrate_demo,server,4,18199700,216904,,333000,4294967295,
migrate_demo,server,4,18204983,216904,,333000,4294967295,
migrate_demo,server,4,18210257,216904,,333000,4294967295,
migrate_demo,server,4,18215544,216904,,333000,4294967295,
migrate_demo,server,4,18220852,217514,,333000,4294967295,
migrate_demo,server,4,18226148,217514,,333000,4294967295,
migrate_demo,server,4,18231380,217514,,333000,4294967295,
migrate_demo,server,4,18236620,217514,,333000,4294967295,
migrate_demo,server,4,18241821,218124,,333000,4294967295,
migrate_demo,server,4,18247133,218124,,333000,4294967295,
migrate_demo,server,4,18252337,218124,,333000,4294967295,
migrate_demo,server,4,18257526,218124,,333000,4294967295,
migrate_demo,server,4,18262778,218734,,333000,4294967295,
migrate_demo,server,4,18267969,218734,,333000,4294967295,
migrate_demo,server,4,18273183,218734,,333000,4294967295,
migrate_demo,server,4,18278404,218734,,333000,4294967295,
migrate_demo,server,4,18283685,218734,,333000,4294967295,
migrate_demo,server,4,18288915,219344,,333000,4294967295,
migrate_demo,server,4,18294121,219344,,333000,4294967295,
migrate_demo,server,4,18299320,219344,,333000,4294967295,
migrate_demo,server,4,18304540,219344,,333000,4294967295,
migrate_demo,server,4,18309697,219954,,333000,4294967295,
migrate_demo,server,4,18314897,219954,,333000,4294967295,
migrate_demo,server,4,18320141,219954,,333000,4294967295,
migrate_demo,server,4,18325388,219954,,333000,4294967295,
migrate_demo,server,4,18331109,220564,,333000,4294967295,
migrate_demo,server,4,18336399,220564,,333000,4294967295,
migrate_demo,server,4,18341632,220564,,333000,4294967295,
migrate_demo,server,4,18346846,220564,,333000,4294967295,
migrate_demo,server,4,18352137,220564,,333000,4294967295,
migrate_demo,server,4,18357445,221174,,333000,4294967295,
migrate_demo,server,4,18362709,221174,,333000,4294967295,
migrate_demo,server,4,18368017,221174,,333000,4294967295,
migrate_demo,server,4,18373336,221174,,333000,4294967295,
migrate_demo,server,4,18378563,221784,,333000,4294967295,
migrate_demo,server,4,18383899,221784,,333000,4294967295,
migrate_demo,server,4,18389152,221784,,333000,4294967295,
migrate_demo,server,4,18394397,221784,,333000,4294967295,
migrate_demo,server,4,18399680,222394,,333000,4294967295,
migrate_demo,server,4,18404918,223004,,333000,4294967295,
migrate_demo,server,4,18410126,223004,,333000,4294967295,
migrate_demo,server,4,18415374,223004,,333000,4294967295,
migrate_demo,server,4,18420638,223004,,333000,4294967295,
migrate_demo,server,4,18425876,223614,,333000,4294967295,
migrate_demo,server,4,18431105,223614,,333000,4294967295,
migrate_demo,server,4,18436399,223614,,333000,4294967295,
migrate_demo,server,4,18441640,223614,,333000,4294967295,
migrate_demo,server,4,18446878,223614,,333000,4294967295,
migrate_demo,server,4,18452099,224224,,333000,4294967295,
migrate_demo,server,4,18457345,224224,,333000,4294967295,
migrate_demo,server,4,18462666,224224,,333000,4294967295,
migrate_demo,server,4,18467901,224224,,333000,4294967295,
migrate_demo,server,4,18473190,224834,,333000,4294967295,
migrate_demo,server,4,18478437,224834,,333000,4294967295,
migrate_demo,server,4,18483647,224834,,333000,4294967295,
migrate_demo,server,4,18488903,224834,,333000,4294967295,
migrate_demo,server,4,18494121,225444,,333000,4294967295,
migrate_demo,server,4,18499342,225444,,333000,4294967295,
migrate_demo,server,4,18504570,225444,,333000,4294967295,
migrate_demo,server,4,18509827,225444,,333000,4294967295,
migrate_demo,server,4,18515112,225444,,333000,4294967295,
migrate_demo,server,4,18520417,226054,,333000,4294967295,
migrate_demo,server,4,18525678,226054,,333000,4294967295,
migrate_demo,server,4,18530952,226054,,333000,4294967295,
migrate_demo,server,4,18536150,226054,,333000,4294967295,
migrate_demo,server,4,18541417,226664,,333000,4294967295,
migrate_demo,server,4,18546680,226664,,333000,4294967295,
migrate_demo,server,4,18551919,226664,,333000,4294967295,
migrate_demo,server,4,18557198,226664,,333000,4294967295,
migrate_demo,server,4,18562419,227274,,333000,4294967295,
migrate_demo,server,4,18567673,227274,,333000,4294967295,
migrate_demo,server,4,18572950,227274,,333000,4294967295,
migrate_demo,server,4,18578170,227274,,333000,4294967295,
migrate_demo,server,4,18583476,227274,,333000,4294967295,
migrate_demo,server,4,18588749,227884,,333000,4294967295,
migrate_demo,server,4,18594046,227884,,333000,4294967295,
migrate_demo,server,4,18599300,227884,,333000,4294967295,
migrate_demo,server,4,18604588,227884,,333000,4294967295,
migrate_demo,server,4,18609888,228494,,333000,4294967295,
migrate_demo,server,4,18615196,228494,,333000,4294967295,
migrate_demo,server,4,18620519,228494,,333000,4294967295,
migrate_demo,server,4,18625797,228494,,333000,4294967295,
migrate_demo,server,4,18631035,229104,,333000,4294967295,
migrate_demo,server,4,18636271,229104,,333000,4294967295,
migrate_demo,server,4,18641484,229104,,333000,4294967295,
migrate_demo,server,4,18646699,229104,,333000,4294967295,
migrate_demo,server,4,18651998,229714,,333000,4294967295,
migrate_demo,server,4,18657218,229714,,333000,4294967295,
migrate_demo,server,4,18662440,229714,,333000,4294967295,
migrate_demo,server,4,18667669,229714,,333000,4294967295,
migrate_demo,server,4,18672877,229714,,333000,4294967295,
migrate_demo,server,4,18678099,230324,,333000,4294967295,
migrate_demo,server,4,18683297,230324,,333000,4294967295,
migrate_demo,server,4,18688555,230324,,333000,4294967295,
migrate_demo,server,4,18693773,230324,,333000,4294967295,
migrate_demo,server,4,18699033,230934,,333000,4294967295,
migrate_demo,server,4,18704262,230934,,333000,4294967295,
migrate_demo,server,4,18709545,230934,,333000,4294967295,
migrate_demo,server,4,18714816,230934,,333000,4294967295,
migrate_demo,server,4,18720377,231544,,333000,4294967295,
migrate_demo,server,4,18725629,231544,,333000,4294967295,
migrate_demo,server,4,18730964,231544,,333000,4294967295,
migrate_demo,server,4,18736248,231544,,333000,4294967295,
migrate_demo,server,4,18741482,231544,,333000,4294967295,
migrate_demo,server,4,18746772,232154,,333000,4294967295,
migrate_demo,server,4,18752035,232154,,333000,4294967295,
migrate_demo,server,4,18757308,232154,,333000,4294967295,
migrate_demo,server,4,18762573,232154,,333000,4294967295,
migrate_demo,server,4,18767774,232764,,333000,4294967295,
migrate_demo,server,4,18773061,232764,,333000,4294967295,
migrate_demo,server,4,18778309,232764,,333000,4294967295,
migrate_demo,server,4,18783538,232764,,333000,4294967295,
migrate_demo,server,4,18788795,233374,,333000,4294967295,
migrate_demo,server,4,18794041,233374,,333000,4294967295,
migrate_demo,server,4,18799378,233374,,333000,4294967295,
migrate_demo,server,4,18804619,233374,,333000,4294967295,
migrate_demo,server,4,18809967,233374,,333000,4294967295,
migrate_demo,server,4,18815225,233984,,333000,4294967295,
migrate_demo,server,4,18820482,233984,,333000,4294967295,
migrate_demo,server,4,18825731,233984,,333000,4294967295,
migrate_demo,server,4,18830997,233984,,333000,4294967295,
migrate_demo,server,4,18836215,234594,,333000,4294967295,
migrate_demo,server,4,18841446,234594,,333000,4294967295,
migrate_demo,server,4,18846686,234594,,333000,4294967295,
migrate_demo,server,4,18851946,234594,,333000,4294967295,
migrate_demo,server,4,18857179,235204,,333000,4294967295,
migrate_demo,server,4,18862435,235204,,333000,4294967295,
migrate_demo,server,4,18867697,235204,,333000,4294967295,
migrate_demo,server,4,18872993,235204,,333000,4294967295,
migrate_demo,server,4,18878243,235204,,333000,4294967295,
migrate_demo,server,4,18883516,235814,,333000,4294967295,
migrate_demo,server,4,18888779,235814,,333000,4294967295,
migrate_demo,server,4,18894008,235814,,333000,4294967295,
migrate_demo,server,4,18899349,235814,,333000,4294967295,
migrate_demo,server,4,18904594,236424,,333000,4294967295,
migrate_demo,server,4,18909853,236424,,333000,4294967295,
migrate_demo,server,4,18915111,236424,,333000,4294967295,
migrate_demo,server,4,18920338,236424,,333000,4294967295,
migrate_demo,server,4,18925587,237034,,333000,4294967295,
migrate_demo,server,4,18930826,237034,,333000,4294967295,
migrate_demo,server,4,18936155,237034,,333000,4294967295,
migrate_demo,server,4,18941431,237034,,333000,4294967295,
migrate_demo,server,4,18946744,237034,,333000,4294967295,
migrate_demo,server,4,18951965,237644,,333000,4294967295,
migrate_demo,server,4,18957191,237644,,333000,4294967295,
migrate_demo,server,4,18962484,237644,,333000,4294967295,
migrate_demo,server,4,18967789,237644,,333000,4294967295,
migrate_demo,server,4,18973105,238254,,333000,4294967295,
migrate_demo,server,4,18978350,238254,,333000,4294967295,
migrate_demo,server,4,18983634,238254,,333000,4294967295,
migrate_demo,server,4,18988883,238254,,333000,4294967295,
migrate_demo,server,4,18994154,238864,,333000,4294967295,
migrate_demo,server,4,18999388,238864,,333000,4294967295,
migrate_demo,server,4,19004637,238864,,333000,4294967295,
migrate_demo,server,4,19009906,238864,,333000,4294967295,
migrate_demo,server,4,19015437,239474,,333000,4294967295,
migrate_demo,server,4,19020641,239474,,333000,4294967295,
migrate_demo,server,4,19025892,239474,,333000,4294967295,
migrate_demo,server,4,19031173,239474,,333000,4294967295,
migrate_demo,server,4,19036454,239474,,333000,4294967295,
migrate_demo,server,4,19041734,240084,,333000,4294967295,
migrate_demo,server,4,19046972,240084,,333000,4294967295,
migrate_demo,server,4,19052337,240084,,333000,4294967295,
migrate_demo,server,4,19057624,240084,,333000,4294967295,
migrate_demo,server,4,19062910,240694,,333000,4294967295,
migrate_demo,server,4,19068210,240694,,333000,4294967295,
migrate_demo,server,4,19073454,240694,,333000,4294967295,
migrate_demo,server,4,19078708,240694,,333000,4294967295,
migrate_demo,server,4,19083955,241304,,333000,4294967295,
migrate_demo,server,4,19089187,241304,,333000,4294967295,
migrate_demo,server,4,19094444,241304,,333000,4294967295,
migrate_demo,server,4,19099753,241304,,333000,4294967295,
migrate_demo,server,4,19104954,241304,,333000,4294967295,
migrate_demo,server,4,19110209,241914,,333000,4294967295,
migrate_demo,server,4,19115510,241914,,333000,4294967295,
migrate_demo,server,4,19120754,241914,,333000,4294967295,
migrate_demo,server,4,19125991,241914,,333000,4294967295,
migrate_demo,server,4,19131214,242524,,333000,4294967295,
migrate_demo,server,4,19136454,242524,,333000,4294967295,
migrate_demo,server,4,19141700,242524,,333000,4294967295,
migrate_demo,server,4,19146965,242524,,333000,4294967295,
migrate_demo,server,4,19152212,243134,,333000,4294967295,
migrate_demo,server,4,19157486,243134,,333000,4294967295,
migrate_demo,server,4,19162739,243134,,333000,4294967295,
migrate_demo,server,4,19167971,243134,,333000,4294967295,
migrate_demo,server,4,19173194,243134,,333000,4294967295,
migrate_demo,server,4,19178450,243744,,333000,4294967295,
migrate_demo,server,4,19183712,243744,,333000,4294967295,
migrate_demo,server,4,19188922,243744,,333000,4294967295,
migrate_demo,server,4,19194232,243744,,333000,4294967295,
migrate_demo,server,4,19199505,244354,,333000,4294967295,
migrate_demo,server,4,19204744,244354,,333000,4294967295,
migrate_demo,server,4,19209990,244354,,333000,4294967295,
migrate_demo,server,4,19215310,244354,,333000,4294967295,
migrate_demo,server,4,19220522,244964,,333000,4294967295,
migrate_demo,server,4,19225738,244964,,333000,4294967295,
migrate_demo,server,4,19230970,244964,,333000,4294967295,
migrate_demo,server,4,19236217,244964,,333000,4294967295,
migrate_demo,server,4,19241473,244964,,333000,4294967295,
migrate_demo,server,4,19246774,245574,,333000,4294967295,
migrate_demo,server,4,19252001,245574,,333000,4294967295,
migrate_demo,server,4,19257240,245574,,333000,4294967295,
migrate_demo,server,4,19262516,246184,,333000,4294967295,
migrate_demo,server,4,19267786,246184,,333000,4294967295,
migrate_demo,server,4,19273004,246184,,333000,4294967295,
migrate_demo,server,4,19278230,246184,,333000,4294967295,
migrate_demo,server,4,19283523,246794,,333000,4294967295,
migrate_demo,server,4,19288786,246794,,333000,4294967295,
migrate_demo,server,4,19294071,247404,,333000,4294967295,
migrate_demo,server,4,19299338,247404,,333000,4294967295,
migrate_demo,server,4,19304711,247404,,333000,4294967295,
migrate_demo,server,4,19309975,247404,,333000,4294967295,
migrate_demo,server,4,19315277,248014,,333000,4294967295,
migrate_demo,server,4,19320564,248014,,333000,4294967295,
migrate_demo,server,4,19325843,248014,,333000,4294967295,
migrate_demo,server,4,19331097,248014,,333000,4294967295,
migrate_demo,server,4,19336358,248014,,333000,4294967295,
migrate_demo,server,4,19341622,248624,,333000,4294967295,
migrate_demo,server,4,19346878,248624,,333000,4294967295,
migrate_demo,server,4,19352169,248624,,333000,4294967295,
migrate_demo,server,4,19357557,248624,,333000,4294967295,
migrate_demo,server,4,19362823,249234,,333000,4294967295,
migrate_demo,server,4,19368090,249234,,333000,4294967295,
migrate_demo,server,4,19373370,249234,,333000,4294967295,
migrate_demo,server,4,19378665,249234,,333000,4294967295,
migrate_demo,server,4,19383956,249844,,333000,4294967295,
migrate_demo,server,4,19389202,249844,,333000,4294967295,
migrate_demo,server,4,19394430,249844,,333000,4294967295,
migrate_demo,server,4,19399608,249844,,333000,4294967295,
migrate_demo,server,4,19404874,249844,,333000,4294967295,
migrate_demo,server,4,19410070,250454,,333000,4294967295,
migrate_demo,server,4,19415258,250454,,333000,4294967295,
migrate_demo,server,4,19420529,250454,,333000,4294967295,
migrate_demo,server,4,19425819,250454,,333000,4294967295,
migrate_demo,server,4,19431030,251064,,333000,4294967295,
migrate_demo,server,4,19436252,251064,,333000,4294967295,
migrate_demo,server,4,19441461,251064,,333000,4294967295,
migrate_demo,server,4,19446664,251064,,333000,4294967295,
migrate_demo,server,4,19451967,251674,,333000,4294967295,
migrate_demo,server,4,19457167,251674,,333000,4294967295,
migrate_demo,server,4,19462413,251674,,333000,4294967295,
migrate_demo,server,4,19467652,251674,,333000,4294967295,
migrate_demo,server,4,19472948,251674,,333000,4294967295,
migrate_demo,server,4,19478400,252284,,333000,4294967295,
migrate_demo,server,4,19483672,252284,,333000,4294967295,
migrate_demo,server,4,19488916,252284,,333000,4294967295,
migrate_demo,server,4,19494139,252284,,333000,4294967295,
migrate_demo,server,4,19499418,252894,,333000,4294967295,
migrate_demo,server,4,19504576,252894,,333000,4294967295,
migrate_demo,server,4,19509786,252894,,333000,4294967295,
migrate_demo,server,4,19515005,252894,,333000,4294967295,
migrate_demo,server,4,19520310,253504,,333000,4294967295,
migrate_demo,server,4,19525536,253504,,333000,4294967295,
migrate_demo,server,4,19530829,253504,,333000,4294967295,
migrate_demo,server,4,19536033,253504,,333000,4294967295,
migrate_demo,server,4,19541397,254114,,333000,4294967295,
migrate_demo,server,4,19546645,254114,,333000,4294967295,
migrate_demo,server,4,19551959,254114,,333000,4294967295,
migrate_demo,server,4,19557276,254114,,333000,4294967295,
migrate_demo,server,4,19562542,254114,,333000,4294967295,
migrate_demo,server,4,19567907,254724,,333000,4294967295,
migrate_demo,server,4,19573122,254724,,333000,4294967295,
migrate_demo,server,4,19579457,254724,,333000,4294967295,
migrate_demo,server,4,19584654,254724,,333000,4294967295,
migrate_demo,server,4,19589832,255334,,333000,4294967295,
migrate_demo,server,4,19594987,255334,,333000,4294967295,
migrate_demo,server,4,19600153,255334,,333000,4294967295,
migrate_demo,server,4,19605356,255334,,333000,4294967295,
migrate_demo,server,4,19611393,255944,,333000,4294967295,
migrate_demo,server,4,19616645,255944,,333000,4294967295,
migrate_demo,server,4,19621898,255944,,333000,4294967295,
migrate_demo,server,4,19627127,255944,,333000,4294967295,
migrate_demo,server,4,19632579,256554,,333000,4294967295,
migrate_demo,server,4,19637793,256554,,333000,4294967295,
migrate_demo,server,4,19643053,256554,,333000,4294967295,
migrate_demo,server,4,19648418,256554,,333000,4294967295,
migrate_demo,server,4,19653652,256554,,333000,4294967295,
migrate_demo,server,4,19658864,257164,,333000,4294967295,
migrate_demo,server,4,19664074,257164,,333000,4294967295,
migrate_demo,server,4,19669287,257164,,333000,4294967295,
migrate_demo,server,4,19674534,257164,,333000,4294967295,
migrate_demo,server,4,19679791,257774,,333000,4294967295,
migrate_demo,server,4,19685015,257774,,333000,4294967295,
migrate_demo,server,4,19690249,257774,,333000,4294967295,
migrate_demo,server,4,19695542,257774,,333000,4294967295,
migrate_demo,server,4,19700873,258384,,333000,4294967295,
migrate_demo,server,4,19706092,258384,,333000,4294967295,
migrate_demo,server,4,19711355,258384,,333000,4294967295,
migrate_demo,server,4,19716628,258384,,333000,4294967295,
migrate_demo,server,4,19721933,258384,,333000,4294967295,
migrate_demo,server,4,19727244,258994,,333000,4294967295,
migrate_demo,server,4,19732529,258994,,333000,4294967295,
migrate_demo,server,4,19737920,258994,,333000,4294967295,
migrate_demo,server,4,19743265,258994,,333000,4294967295,
migrate_demo,server,4,19748516,259604,,333000,4294967295,
migrate_demo,server,4,19753749,259604,,333000,4294967295,
migrate_demo,server,4,19758997,259604,,333000,4294967295,
migrate_demo,server,4,19764214,259604,,333000,4294967295,
migrate_demo,server,4,19769446,260214,,333000,4294967295,
migrate_demo,server,4,19774642,260214,,333000,4294967295,
migrate_demo,server,4,19779959,260214,,333000,4294967295,
migrate_demo,server,4,19785196,260214,,333000,4294967295,
migrate_demo,server,4,19790459,260214,,333000,4294967295,
migrate_demo,server,4,19795790,260824,,333000,4294967295,
migrate_demo,server,4,19801044,260824,,333000,4294967295,
migrate_demo,server,4,19806283,260824,,333000,4294967295,
migrate_demo,server,4,19811567,260824,,333000,4294967295,
migrate_demo,server,4,19816842,261434,,333000,4294967295,
migrate_demo,server,4,19822071,261434,,333000,4294967295,
migrate_demo,server,4,19827362,261434,,333000,4294967295,
migrate_demo,server,4,19832654,261434,,333000,4294967295,
migrate_demo,server,4,19837888,262044,,333000,4294967295,
migrate_demo,server,4,19843206,262044,,333000,4294967295,
migrate_demo,server,4,19848467,262044,,333000,4294967295,
migrate_demo,server,4,19853717,262044,,333000,4294967295,
migrate_demo,server,4,19859012,262044,,333000,4294967295,
migrate_demo,server,4,19864362,262654,,333000,4294967295,
migrate_demo,server,4,19869687,262654,,333000,4294967295,
migrate_demo,server,4,19874971,262654,,333000,4294967295,
migrate_demo,server,4,19880238,262654,,333000,4294967295,
migrate_demo,server,4,19885561,263264,,333000,4294967295,
migrate_demo,server,4,19890840,263264,,333000,4294967295,
migrate_demo,server,4,19896122,263264,,333000,4294967295,
migrate_demo,server,4,19901405,263264,,333000,4294967295,
migrate_demo,server,4,19906707,263874,,333000,4294967295,
migrate_demo,server,4,19911913,263874,,333000,4294967295,
migrate_demo,server,4,19917157,263874,,333000,4294967295,
migrate_demo,server,4,19922391,263874,,333000,4294967295,
migrate_demo,server,4,19927915,264484,,333000,4294967295,
migrate_demo,server,4,19933139,264484,,333000,4294967295,
migrate_demo,server,4,19938311,264484,,333000,4294967295,
migrate_demo,server,4,19943558,264484,,333000,4294967295,
migrate_demo,server,4,19948778,264484,,333000,4294967295,
migrate_demo,server,4,19954068,265094,,333000,4294967295,
migrate_demo,server,4,19959315,265094,,333000,4294967295,
migrate_demo,server,4,19964558,265094,,333000,4294967295,
migrate_demo,server,4,19969833,265094,,333000,4294967295,
migrate_demo,server,4,19975100,265704,,333000,4294967295,
migrate_demo,server,4,19980414,265704,,333000,4294967295,
migrate_demo,server,4,19985713,265704,,333000,4294967295,
migrate_demo,server,4,19990971,265704,,333000,4294967295,
migrate_demo,server,4,19996270,266314,,333000,4294967295,
migrate_demo,server,4,20001532,266314,,333000,4294967295,
migrate_demo,server,4,20006826,266314,,333000,4294967295,
migrate_demo,server,4,20012038,266314,,333000,4294967295,
migrate_demo,server,4,20017233,266314,,333000,4294967295,
migrate_demo,server,4,20022494,266924,,333000,4294967295,
migrate_demo,server,4,20027761,266924,,333000,4294967295,
migrate_demo,server,4,20033093,266924,,333000,4294967295,
migrate_demo,server,4,20038375,266924,,333000,4294967295,
migrate_demo,server,4,20043711,267534,,333000,4294967295,
migrate_demo,server,4,20048915,267534,,333000,4294967295,
migrate_demo,server,4,20054230,267534,,333000,4294967295,
migrate_demo,server,4,20059746,267534,,333000,4294967295,
migrate_demo,server,4,20064980,268144,,333000,4294967295,
migrate_demo,server,4,20070253,268144,,333000,4294967295,
migrate_demo,server,4,20075597,268144,,333000,4294967295,
migrate_demo,server,4,20080893,268144,,333000,4294967295,
migrate_demo,server,4,20086176,268144,,333000,4294967295,
migrate_demo,server,4,20091497,268754,,333000,4294967295,
migrate_demo,server,4,20096772,268754,,333000,4294967295,
migrate_demo,server,4,20102017,268754,,333000,4294967295,
migrate_demo,server,4,20107303,268754,,333000,4294967295,
migrate_demo,server,4,20112540,269364,,333000,4294967295,
migrate_demo,server,4,20117827,269364,,333000,4294967295,
migrate_demo,server,4,20123077,269364,,333000,4294967295,
migrate_demo,server,4,20128287,269364,,333000,4294967295,
migrate_demo,server,4,20133538,269974,,333000,4294967295,
migrate_demo,server,4,20138771,269974,,333000,4294967295,
migrate_demo,server,4,20144066,269974,,333000,4294967295,
migrate_demo,server,4,20149291,269974,,333000,4294967295,
migrate_demo,server,4,20154898,270584,,333000,4294967295,
migrate_demo,server,4,20160309,270584,,333000,4294967295,
migrate_demo,server,4,20165536,270584,,333000,4294967295,
migrate_demo,server,4,20170765,270584,,333000,4294967295,
migrate_demo,server,4,20176036,270584,,333000,4294967295,
migrate_demo,server,4,20181241,271804,,333000,4294967295,
migrate_demo,server,4,20186512,271804,,333000,4294967295,
migrate_demo,server,4,20191716,271804,,333000,4294967295,
migrate_demo,server,4,20196933,271804,,333000,4294967295,
migrate_demo,server,4,20202195,271804,,333000,4294967295,
migrate_demo,server,4,20207535,272414,,333000,4294967295,
migrate_demo,server,4,20212860,272414,,333000,4294967295,
migrate_demo,server,4,20218128,272414,,333000,4294967295,
migrate_demo,server,4,20223381,272414,,333000,4294967295,
migrate_demo,server,4,20228613,273024,,333000,4294967295,
migrate_demo,server,4,20233885,273024,,333000,4294967295,
migrate_demo,server,4,20239079,273024,,333000,4294967295,
migrate_demo,server,4,20244318,273024,,333000,4294967295,
migrate_demo,server,4,20249585,273634,,333000,4294967295,
migrate_demo,server,4,20254854,273634,,333000,4294967295,
migrate_demo,server,4,20260131,273634,,333000,4294967295,
migrate_demo,server,4,20265380,273634,,333000,4294967295,
migrate_demo,server,4,20270626,273634,,333000,4294967295,
migrate_demo,server,4,20275842,274244,,333000,4294967295,
migrate_demo,server,4,20281103,274244,,333000,4294967295,
migrate_demo,server,4,20286357,274244,,333000,4294967295,
migrate_demo,server,4,20291636,274244,,333000,4294967295,
migrate_demo,server,4,20296875,274854,,333000,4294967295,
migrate_demo,server,4,20302158,274854,,333000,4294967295,
migrate_demo,server,4,20307421,274854,,333000,4294967295,
migrate_demo,server,4,20312679,274854,,333000,4294967295,
migrate_demo,server,4,20317919,275464,,333000,4294967295,
migrate_demo,server,4,20323113,275464,,333000,4294967295,
migrate_demo,server,4,20328320,275464,,333000,4294967295,
migrate_demo,server,4,20333548,275464,,333000,4294967295,
migrate_demo,server,4,20338753,275464,,333000,4294967295,
migrate_demo,server,4,20344056,276074,,333000,4294967295,
migrate_demo,server,4,20349281,276074,,333000,4294967295,
migrate_demo,server,4,20354495,276074,,333000,4294967295,
migrate_demo,server,4,20359725,276074,,333000,4294967295,
migrate_demo,server,4,20364942,276684,,333000,4294967295,
migrate_demo,server,4,20370205,276684,,333000,4294967295,
migrate_demo,server,4,20375420,276684,,333000,4294967295,
migrate_demo,server,4,20380626,276684,,333000,4294967295,
migrate_demo,server,4,20385939,277294,,333000,4294967295,
migrate_demo,server,4,20391147,277294,,333000,4294967295,
migrate_demo,server,4,20396358,277294,,333000,4294967295,
migrate_demo,server,4,20401638,277294,,333000,4294967295,
migrate_demo,server,4,20406818,277294,,333000,4294967295,
migrate_demo,server,4,20412024,277904,,333000,4294967295,
migrate_demo,server,4,20417302,277904,,333000,4294967295,
migrate_demo,server,4,20422510,277904,,333000,4294967295,
migrate_demo,server,4,20427773,277904,,333000,4294967295,
migrate_demo,server,4,20433004,278514,,333000,4294967295,
migrate_demo,server,4,20438242,278514,,333000,4294967295,
migrate_demo,server,4,20443465,278514,,333000,4294967295,
migrate_demo,server,4,20448740,278514,,333000,4294967295,
migrate_demo,server,4,20453985,279124,,333000,4294967295,
migrate_demo,server,4,20459199,279124,,333000,4294967295,
migrate_demo,server,4,20464425,279124,,333000,4294967295,
migrate_demo,server,4,20469681,279124,,333000,4294967295,
migrate_demo,server,4,20474924,279124,,333000,4294967295,
migrate_demo,server,4,20480214,279734,,333000,4294967295,
migrate_demo,server,4,20485430,279734,,333000,4294967295,
migrate_demo,server,4,20490671,279734,,333000,4294967295,
migrate_demo,server,4,20495881,279734,,333000,4294967295,
migrate_demo,server,4,20501101,280344,,333000,4294967295,
migrate_demo,server,4,20506288,280344,,333000,4294967295,
migrate_demo,server,4,20511477,280344,,333000,4294967295,
migrate_demo,server,4,20516773,280344,,333000,4294967295,
migrate_demo,server,4,20522168,280954,,333000,4294967295,
migrate_demo,server,4,20527413,280954,,333000,4294967295,
migrate_demo,server,4,20532647,280954,,333000,4294967295,
migrate_demo,server,4,20537905,280954,,333000,4294967295,
migrate_demo,server,4,20543152,280954,,333000,4294967295,
migrate_demo,server,4,20548381,281564,,333000,4294967295,
migrate_demo,server,4,20553627,281564,,333000,4294967295,
migrate_demo,server,4,20558862,281564,,333000,4294967295,
migrate_demo,server,4,20564124,281564,,333000,4294967295,
migrate_demo,server,4,20569418,282174,,333000,4294967295,
migrate_demo,server,4,20574666,282174,,333000,4294967295,
migrate_demo,server,4,20579904,282174,,333000,4294967295,
migrate_demo,server,4,20585118,282174,,333000,4294967295,
migrate_demo,server,4,20590368,282784,,333000,4294967295,
migrate_demo,server,4,20595582,282784,,333000,4294967295,
migrate_demo,server,4,20600831,282784,,333000,4294967295,
migrate_demo,server,4,20606059,282784,,333000,4294967295,
migrate_demo,server,4,20611289,282784,,333000,4294967295,
migrate_demo,server,4,20616540,283394,,333000,4294967295,
migrate_demo,server,4,20621685,283394,,333000,4294967295,
migrate_demo,server,4,20626886,283394,,333000,4294967295,
migrate_demo,server,4,20632088,283394,,333000,4294967295,
migrate_demo,server,4,20637314,284004,,333000,4294967295,
migrate_demo,server,4,20642524,284004,,333000,4294967295,
migrate_demo,server,4,20647770,284004,,333000,4294967295,
migrate_demo,server,4,20652987,284004,,333000,4294967295,
migrate_demo,server,4,20658314,284614,,333000,4294967295,
migrate_demo,server,4,20663474,284614,,333000,4294967295,
migrate_demo,server,4,20668649,284614,,333000,4294967295,
migrate_demo,server,4,20673864,284614,,333000,4294967295,
migrate_demo,server,4,20679113,284614,,333000,4294967295,
migrate_demo,server,4,20684359,285224,,333000,4294967295,
migrate_demo,server,4,20689584,285224,,333000,4294967295,
migrate_demo,server,4,20694825,285224,,333000,4294967295,
migrate_demo,server,4,20700035,285224,,333000,4294967295,
migrate_demo,server,4,20705250,285834,,333000,4294967295,
migrate_demo,server,4,20710429,285834,,333000,4294967295,
migrate_demo,server,4,20715581,285834,,333000,4294967295,
migrate_demo,server,4,20720851,285834,,333000,4294967295,
migrate_demo,server,4,20726426,286444,,333000,4294967295,
migrate_demo,server,4,20731641,286444,,333000,4294967295,
migrate_demo,server,4,20736806,286444,,333000,4294967295,
migrate_demo,server,4,20742108,286444,,333000,4294967295,
migrate_demo,server,4,20747351,286444,,333000,4294967295,
migrate_demo,server,4,20752613,287054,,333000,4294967295,
migrate_demo,server,4,20757841,287054,,333000,4294967295,
migrate_demo,server,4,20763086,287054,,333000,4294967295,
migrate_demo,server,4,20768317,287054,,333000,4294967295,
migrate_demo,server,4,20773568,287664,,333000,4294967295,
migrate_demo,server,4,20778798,287664,,333000,4294967295,
migrate_demo,server,4,20784010,287664,,333000,4294967295,
migrate_demo,server,4,20789283,287664,,333000,4294967295,
migrate_demo,server,4,20795272,288274,,333000,4294967295,
migrate_demo,server,4,20800546,288274,,333000,4294967295,
migrate_demo,server,4,20805784,288274,,333000,4294967295,
migrate_demo,server,4,20811063,288274,,333000,4294967295,
migrate_demo,server,4,20816347,288274,,333000,4294967295,
migrate_demo,server,4,20821633,288884,,333000,4294967295,
migrate_demo,server,4,20826873,288884,,333000,4294967295,
migrate_demo,server,4,20832151,288884,,333000,4294967295,
migrate_demo,server,4,20837406,288884,,333000,4294967295,
migrate_demo,server,4,20842762,289494,,333000,4294967295,
migrate_demo,server,4,20848002,289494,,333000,4294967295,
migrate_demo,server,4,20853251,289494,,333000,4294967295,
migrate_demo,server,4,20858490,289494,,333000,4294967295,
migrate_demo,server,4,20863779,290104,,333000,4294967295,
migrate_demo,server,4,20869010,290104,,333000,4294967295,
migrate_demo,server,4,20874226,290104,,333000,4294967295,
migrate_demo,server,4,20879449,290104,,333000,4294967295,
migrate_demo,server,4,20884680,290104,,333000,4294967295,
migrate_demo,server,4,20889948,290714,,333000,4294967295,
migrate_demo,server,4,20895242,290714,,333000,4294967295,
migrate_demo,server,4,20900459,290714,,333000,4294967295,
migrate_demo,server,4,20905760,290714,,333000,4294967295,
migrate_demo,server,4,20911033,291324,,333000,4294967295,
migrate_demo,server,4,20916288,291324,,333000,4294967295,
migrate_demo,server,4,20921556,291324,,333000,4294967295,
migrate_demo,server,4,20926749,291324,,333000,4294967295,
migrate_demo,server,4,20931965,291934,,333000,4294967295,
migrate_demo,server,4,20937227,291934,,333000,4294967295,
migrate_demo,server,4,20942505,291934,,333000,4294967295,
migrate_demo,server,4,20947790,291934,,333000,4294967295,
migrate_demo,server,4,20953101,291934,,333000,4294967295,
migrate_demo,server,4,20958347,292544,,333000,4294967295,
migrate_demo,server,4,20963622,292544,,333000,4294967295,
migrate_demo,server,4,20968878,292544,,333000,4294967295,
migrate_demo,server,4,20974188,292544,,333000,4294967295,
migrate_demo,server,4,20979476,293154,,333000,4294967295,
migrate_demo,server,4,20984700,293154,,333000,4294967295,
migrate_demo,server,4,20989952,293154,,333000,4294967295,
migrate_demo,server,4,20995285,293154,,333000,4294967295,
migrate_demo,server,4,21000526,293764,,333000,4294967295,
migrate_demo,server,4,21005771,293764,,333000,4294967295,
migrate_demo,server,4,21011032,293764,,333000,4294967295,
migrate_demo,server,4,21016347,293764,,333000,4294967295,
migrate_demo,server,4,21021724,294374,,333000,4294967295,
migrate_demo,server,4,21027011,294374,,333000,4294967295,
migrate_demo,server,4,21032298,294374,,333000,4294967295,
migrate_demo,server,4,21037766,294984,,333000,4294967295,
migrate_demo,server,4,21043036,294984,,333000,4294967295,
migrate_demo,server,4,21048310,294984,,333000,4294967295,
migrate_demo,server,4,21053567,294984,,333000,4294967295,
migrate_demo,server,4,21058845,294984,,333000,4294967295,
migrate_demo,server,4,21064042,295594,,333000,4294967295,
migrate_demo,server,4,21069278,295594,,333000,4294967295,
migrate_demo,server,4,21074589,296204,,333000,4294967295,
migrate_demo,server,4,21079834,296204,,333000,4294967295,
migrate_demo,server,4,21085073,296204,,333000,4294967295,
migrate_demo,server,4,21090390,296204,,333000,4294967295,
migrate_demo,server,4,21095674,296814,,333000,4294967295,
migrate_demo,server,4,21101097,296814,,333000,4294967295,
migrate_demo,server,4,21106370,296814,,333000,4294967295,
migrate_demo,server,4,21111680,296814,,333000,4294967295,
migrate_demo,server,4,21116924,297424,,333000,4294967295,
migrate_demo,server,4,21122146,297424,,333000,4294967295,
migrate_demo,server,4,21127393,297424,,333000,4294967295,
migrate_demo,server,4,21132601,297424,,333000,4294967295,
migrate_demo,server,4,21137820,297424,,333000,4294967295,
migrate_demo,server,4,21143078,298034,,333000,4294967295,
migrate_demo,server,4,21148290,298034,,333000,4294967295,
migrate_demo,server,4,21153487,298034,,333000,4294967295,
migrate_demo,server,4,21158735,298034,,333000,4294967295,
migrate_demo,server,4,21164007,298644,,333000,4294967295,
migrate_demo,server,4,21169210,298644,,333000,4294967295,
migrate_demo,server,4,21174436,298644,,333000,4294967295,
migrate_demo,server,4,21179712,298644,,333000,4294967295,
migrate_demo,server,4,21185015,299254,,333000,4294967295,
migrate_demo,server,4,21190244,299254,,333000,4294967295,
migrate_demo,server,4,21195605,299254,,333000,4294967295,
migrate_demo,server,4,21200809,299254,,333000,4294967295,
migrate_demo,server,4,21206046,299254,,333000,4294967295,
migrate_demo,server,4,21211357,299864,,333000,4294967295,
migrate_demo,server,4,21216581,299864,,333000,4294967295,
migrate_demo,server,4,21221867,299864,,333000,4294967295,
migrate_demo,server,4,21227158,299864,,333000,4294967295,
migrate_demo,server,4,21232461,300474,,333000,4294967295,
migrate_demo,server,4,21237758,300474,,333000,4294967295,
migrate_demo,server,4,21243065,300474,,333000,4294967295,
migrate_demo,server,4,21248296,300474,,333000,4294967295,
migrate_demo,server,4,21253478,301084,,333000,4294967295,
migrate_demo,server,4,21258768,301084,,333000,4294967295,
migrate_demo,server,4,21264014,301084,,333000,4294967295,
migrate_demo,server,4,21269267,301084,,333000,4294967295,
migrate_demo,server,4,21274497,301084,,333000,4294967295,
migrate_demo,server,4,21279793,301694,,333000,4294967295,
migrate_demo,server,4,21285067,301694,,333000,4294967295,
migrate_demo,server,4,21290307,301694,,333000,4294967295,
migrate_demo,server,4,21295701,301694,,333000,4294967295,
migrate_demo,server,4,21300961,302304,,333000,4294967295,
migrate_demo,server,4,21306204,302304,,333000,4294967295,
migrate_demo,server,4,21311449,302304,,333000,4294967295,
migrate_demo,server,4,21316741,302304,,333000,4294967295,
migrate_demo,server,4,21322049,302914,,333000,4294967295,
migrate_demo,server,4,21327303,302914,,333000,4294967295,
migrate_demo,server,4,21332558,302914,,333000,4294967295,
migrate_demo,server,4,21337785,302914,,333000,4294967295,
migrate_demo,server,4,21343416,303524,,333000,4294967295,
migrate_demo,server,4,21348649,303524,,333000,4294967295,
migrate_demo,server,4,21353906,303524,,333000,4294967295,
migrate_demo,server,4,21359172,303524,,333000,4294967295,
migrate_demo,server,4,21364379,303524,,333000,4294967295,
migrate_demo,server,4,21369681,304134,,333000,4294967295,
migrate_demo,server,4,21374952,304134,,333000,4294967295,
migrate_demo,server,4,21380231,304134,,333000,4294967295,
migrate_demo,server,4,21385501,304134,,333000,4294967295,
migrate_demo,server,4,21390719,304744,,333000,4294967295,
migrate_demo,server,4,21395937,304744,,333000,4294967295,
migrate_demo,server,4,21401183,304744,,333000,4294967295,
migrate_demo,server,4,21406427,304744,,333000,4294967295,
migrate_demo,server,4,21411666,305354,,333000,4294967295,
migrate_demo,server,4,21416921,305354,,333000,4294967295,
migrate_demo,server,4,21422160,305354,,333000,4294967295,
migrate_demo,server,4,21427412,305354,,333000,4294967295,
migrate_demo,server,4,21432692,305354,,333000,4294967295,
migrate_demo,server,4,21437873,305964,,333000,4294967295,
migrate_demo,server,4,21443167,305964,,333000,4294967295,
migrate_demo,server,4,21448415,305964,,333000,4294967295,
migrate_demo,server,4,21453666,305964,,333000,4294967295,
migrate_demo,server,4,21458952,306574,,333000,4294967295,
migrate_demo,server,4,21464170,306574,,333000,4294967295,
migrate_demo,server,4,21469384,306574,,333000,4294967295,
migrate_demo,server,4,21474633,306574,,333000,4294967295,
migrate_demo,server,4,21479825,307184,,333000,4294967295,
migrate_demo,server,4,21485019,307184,,333000,4294967295,
migrate_demo,server,4,21490254,307184,,333000,4294967295,
migrate_demo,server,4,21495523,307184,,333000,4294967295,
migrate_demo,server,4,21500741,307184,,333000,4294967295,
migrate_demo,server,4,21505982,307794,,333000,4294967295,
migrate_demo,server,4,21511207,307794,,333000,4294967295,
migrate_demo,server,4,21516440,307794,,333000,4294967295,
migrate_demo,server,4,21521678,307794,,333000,4294967295,
migrate_demo,server,4,21526894,308404,,333000,4294967295,
migrate_demo,server,4,21532085,308404,,333000,4294967295,
migrate_demo,server,4,21537306,308404,,333000,4294967295,
migrate_demo,server,4,21542413,308404,,333000,4294967295,
migrate_demo,server,4,21548109,309014,,333000,4294967295,
migrate_demo,server,4,21553379,309014,,333000,4294967295,
migrate_demo,server,4,21558594,309014,,333000,4294967295,
migrate_demo,server,4,21563861,309014,,333000,4294967295,
migrate_demo,server,4,21569134,309014,,333000,4294967295,
migrate_demo,server,4,21574365,309624,,333000,4294967295,
migrate_demo,server,4,21579559,309624,,333000,4294967295,
migrate_demo,server,4,21584731,309624,,333000,4294967295,
migrate_demo,server,4,21589922,309624,,333000,4294967295,
migrate_demo,server,4,21595174,310234,,333000,4294967295,
migrate_demo,server,4,21600435,310234,,333000,4294967295,
migrate_demo,server,4,21605702,310234,,333000,4294967295,
migrate_demo,server,4,21610938,310234,,333000,4294967295,
migrate_demo,server,4,21616156,310844,,333000,4294967295,
migrate_demo,server,4,21621368,310844,,333000,4294967295,
migrate_demo,server,4,21626626,310844,,333000,4294967295,
migrate_demo,server,4,21631813,310844,,333000,4294967295,
migrate_demo,server,4,21637048,310844,,333000,4294967295,
migrate_demo,server,4,21642385,311454,,333000,4294967295,
migrate_demo,server,4,21647640,311454,,333000,4294967295,
migrate_demo,server,4,21652960,311454,,333000,4294967295,
migrate_demo,server,4,21658241,311454,,333000,4294967295,
migrate_demo,server,4,21663524,312064,,333000,4294967295,
migrate_demo,server,4,21668788,312064,,333000,4294967295,
migrate_demo,server,4,21674005,312064,,333000,4294967295,
migrate_demo,server,4,21679189,312064,,333000,4294967295,
migrate_demo,server,4,21684458,312674,,333000,4294967295,
migrate_demo,server,4,21689721,312674,,333000,4294967295,
migrate_demo,server,4,21694889,312674,,333000,4294967295,
migrate_demo,server,4,21700104,312674,,333000,4294967295,
migrate_demo,server,4,21705309,312674,,333000,4294967295,
migrate_demo,server,4,21710558,313284,,333000,4294967295,
migrate_demo,server,4,21715808,313284,,333000,4294967295,
migrate_demo,server,4,21721018,313284,,333000,4294967295,
migrate_demo,server,4,21726306,313284,,333000,4294967295,
migrate_demo,server,4,21731558,313894,,333000,4294967295,
migrate_demo,server,4,21736848,313894,,333000,4294967295,
migrate_demo,server,4,21742104,313894,,333000,4294967295,
migrate_demo,server,4,21747464,313894,,333000,4294967295,
migrate_demo,server,4,21752710,314504,,333000,4294967295,
migrate_demo,server,4,21758003,314504,,333000,4294967295,
migrate_demo,server,4,21763272,314504,,333000,4294967295,
migrate_demo,server,4,21768587,314504,,333000,4294967295,
migrate_demo,server,4,21773882,314504,,333000,4294967295,
migrate_demo,server,4,21779209,315114,,333000,4294967295,
migrate_demo,server,4,21784493,315114,,333000,4294967295,
migrate_demo,server,4,21789720,315114,,333000,4294967295,
migrate_demo,server,4,21794972,315114,,333000,4294967295,
migrate_demo,server,4,21800209,315724,,333000,4294967295,
migrate_demo,server,4,21805518,315724,,333000,4294967295,
migrate_demo,server,4,21810781,315724,,333000,4294967295,
migrate_demo,server,4,21816040,315724,,333000,4294967295,
migrate_demo,server,4,21821280,316334,,333000,4294967295,
migrate_demo,server,4,21826533,316334,,333000,4294967295,
migrate_demo,server,4,21831787,316334,,333000,4294967295,
migrate_demo,server,4,21837026,316334,,333000,4294967295,
migrate_demo,server,4,21842287,316334,,333000,4294967295,
migrate_demo,server,4,21847518,316944,,333000,4294967295,
migrate_demo,server,4,21852761,316944,,333000,4294967295,
migrate_demo,server,4,21857990,316944,,333000,4294967295,
migrate_demo,server,4,21863263,316944,,333000,4294967295,
migrate_demo,server,4,21868571,317554,,333000,4294967295,
migrate_demo,server,4,21873777,317554,,333000,4294967295,
migrate_demo,server,4,21879019,317554,,333000,4294967295,
migrate_demo,server,4,21884217,317554,,333000,4294967295,
migrate_demo,server,4,21889440,318164,,333000,4294967295,
migrate_demo,server,4,21894758,318164,,333000,4294967295,
migrate_demo,server,4,21899959,318164,,333000,4294967295,
migrate_demo,server,4,21905163,318164,,333000,4294967295,
migrate_demo,server,4,21910469,318164,,333000,4294967295,
migrate_demo,server,4,21915754,318774,,333000,4294967295,
migrate_demo,server,4,21921013,318774,,333000,4294967295,
migrate_demo,server,4,21926260,318774,,333000,4294967295,
migrate_demo,server,4,21931494,318774,,333000,4294967295,
migrate_demo,server,4,21936741,319384,,333000,4294967295,
migrate_demo,server,4,21941970,319384,,333000,4294967295,
migrate_demo,server,4,21947265,319384,,333000,4294967295,
migrate_demo,server,4,21952534,319384,,333000,4294967295,
migrate_demo,server,4,21957792,319994,,333000,4294967295,
migrate_demo,server,4,21963010,320604,,333000,4294967295,
migrate_demo,server,4,21968243,320604,,333000,4294967295,
migrate_demo,server,4,21973520,320604,,333000,4294967295,
migrate_demo,server,4,21978792,320604,,333000,4294967295,
migrate_demo,server,4,21984029,321214,,333000,4294967295,
migrate_demo,server,4,21989255,321214,,333000,4294967295,
migrate_demo,server,4,21994537,321214,,333000,4294967295,
migrate_demo,server,4,21999797,321214,,333000,4294967295,
migrate_demo,server,4,22005082,321214,,333000,4294967295,
migrate_demo,server,4,22010320,321824,,333000,4294967295,
migrate_demo,server,4,22015639,321824,,333000,4294967295,
migrate_demo,server,4,22020950,321824,,333000,4294967295,
migrate_demo,server,4,22026218,321824,,333000,4294967295,
migrate_demo,server,4,22031557,322434,,333000,4294967295,
migrate_demo,server,4,22036873,322434,,333000,4294967295,
migrate_demo,server,4,22042122,322434,,333000,4294967295,
migrate_demo,server,4,22047384,322434,,333000,4294967295,
migrate_demo,server,4,22052615,323044,,333000,4294967295,
migrate_demo,server,4,22057849,323044,,333000,4294967295,
migrate_demo,server,4,22063053,323044,,333000,4294967295,
migrate_demo,server,4,22068328,323044,,333000,4294967295,
migrate_demo,server,4,22073714,323654,,333000,4294967295,
migrate_demo,server,4,22078944,323654,,333000,4294967295,
migrate_demo,server,4,22084189,323654,,333000,4294967295,
migrate_demo,server,4,22089486,323654,,333000,4294967295,
migrate_demo,server,4,22094700,323654,,333000,4294967295,
migrate_demo,server,4,22099971,324264,,333000,4294967295,
migrate_demo,server,4,22105214,324264,,333000,4294967295,
migrate_demo,server,4,22110535,324264,,333000,4294967295,
migrate_demo,server,4,22115792,324264,,333000,4294967295,
migrate_demo,server,4,22121121,324874,,333000,4294967295,
migrate_demo,server,4,22126426,324874,,333000,4294967295,
migrate_demo,server,4,22131702,324874,,333000,4294967295,
migrate_demo,server,4,22136926,324874,,333000,4294967295,
migrate_demo,server,4,22142132,325484,,333000,4294967295,
migrate_demo,server,4,22147374,325484,,333000,4294967295,
migrate_demo,server,4,22152630,325484,,333000,4294967295,
migrate_demo,server,4,22157883,325484,,333000,4294967295,
migrate_demo,server,4,22163159,325484,,333000,4294967295,
migrate_demo,server,4,22168482,326094,,333000,4294967295,
migrate_demo,server,4,22173741,326094,,333000,4294967295,
migrate_demo,server,4,22179021,326094,,333000,4294967295,
migrate_demo,server,4,22184274,326094,,333000,4294967295,
migrate_demo,server,4,22189549,326704,,333000,4294967295,
migrate_demo,server,4,22194778,326704,,333000,4294967295,
migrate_demo,server,4,22199976,326704,,333000,4294967295,
migrate_demo,server,4,22205209,326704,,333000,4294967295,
migrate_demo,server,4,22210500,327314,,333000,4294967295,
migrate_demo,server,4,22215694,327314,,333000,4294967295,
migrate_demo,server,4,22220910,327314,,333000,4294967295,
migrate_demo,server,4,22226098,327314,,333000,4294967295,
migrate_demo,server,4,22231364,327314,,333000,4294967295,
migrate_demo,server,4,22236580,327924,,333000,4294967295,
migrate_demo,server,4,22241834,327924,,333000,4294967295,
migrate_demo,server,4,22247103,327924,,333000,4294967295,
migrate_demo,server,4,22252357,327924,,333000,4294967295,
migrate_demo,server,4,22257663,328534,,333000,4294967295,
migrate_demo,server,4,22262921,328534,,333000,4294967295,
migrate_demo,server,4,22268153,328534,,333000,4294967295,
migrate_demo,server,4,22273410,328534,,333000,4294967295,
migrate_demo,server,4,22278640,329144,,333000,4294967295,
migrate_demo,server,4,22283933,329144,,333000,4294967295,
migrate_demo,server,4,22289180,329144,,333000,4294967295,
migrate_demo,server,4,22294445,329144,,333000,4294967295,
migrate_demo,server,4,22299671,329144,,333000,4294967295,
migrate_demo,server,4,22304889,329754,,333000,4294967295,
migrate_demo,server,4,22310187,329754,,333000,4294967295,
migrate_demo,server,4,22315397,329754,,333000,4294967295,
migrate_demo,server,4,22320704,329754,,333000,4294967295,
migrate_demo,server,4,22325981,330364,,333000,4294967295,
migrate_demo,server,4,22331255,330364,,333000,4294967295,
migrate_demo,server,4,22336506,330364,,333000,4294967295,
migrate_demo,server,4,22341786,330364,,333000,4294967295,
migrate_demo,server,4,22347083,330974,,333000,4294967295,
migrate_demo,server,4,22352311,330974,,333000,4294967295,
migrate_demo,server,4,22357546,330974,,333000,4294967295,
migrate_demo,server,4,22362752,330974,,333000,4294967295,
migrate_demo,server,4,22367949,330974,,333000,4294967295,
migrate_demo,server,4,22373165,331584,,333000,4294967295,
migrate_demo,server,4,22378499,331584,,333000,4294967295,
migrate_demo,server,4,22383775,331584,,333000,4294967295,
migrate_demo,server,4,22389096,331584,,333000,4294967295,
migrate_demo,server,4,22394410,332194,,333000,4294967295,
migrate_demo,server,4,22399719,332194,,333000,4294967295,
migrate_demo,server,4,22405123,332194,,333000,4294967295,
migrate_demo,server,4,22410345,332194,,333000,4294967295,
migrate_demo,server,4,22415560,332804,,333000,4294967295,
migrate_demo,server,4,22420836,332804,,333000,4294967295,
migrate_demo,server,4,22426031,332804,,333000,4294967295,
migrate_demo,server,4,22431241,332804,,333000,4294967295,
migrate_demo,server,4,22436492,332804,,333000,4294967295,
migrate_demo,server,4,22441867,333414,,333000,4294967295,
migrate_demo,server,4,22447121,333414,,333000,4294967295,
migrate_demo,server,4,22452353,333414,,333000,4294967295,
migrate_demo,server,4,22457578,333414,,333000,4294967295,
migrate_demo,server,4,22462859,334024,,333000,4294967295,
migrate_demo,server,4,22468095,334024,,333000,4294967295,
migrate_demo,server,4,22473406,334024,,333000,4294967295,
migrate_demo,server,4,22478632,334024,,333000,4294967295,
migrate_demo,server,4,22483828,334634,,333000,4294967295,
migrate_demo,server,4,22489076,334634,,333000,4294967295,
migrate_demo,server,4,22494389,334634,,333000,4294967295,
migrate_demo,server,4,22499649,334634,,333000,4294967295,
migrate_demo,server,4,22505280,335244,,333000,4294967295,
migrate_demo,server,4,22510582,335244,,333000,4294967295,
migrate_demo,server,4,22515980,335244,,333000,4294967295,
migrate_demo,server,4,22521289,335244,,333000,4294967295,
migrate_demo,server,4,22526634,335244,,333000,4294967295,
migrate_demo,server,4,22531941,335854,,333000,4294967295,
migrate_demo,server,4,22537299,335854,,333000,4294967295,
migrate_demo,server,4,22542632,335854,,333000,4294967295,
migrate_demo,server,4,22547947,335854,,333000,4294967295,
migrate_demo,server,4,22553279,336464,,333000,4294967295,
migrate_demo,server,4,22558594,336464,,333000,4294967295,
migrate_demo,server,4,22563832,336464,,333000,4294967295,
migrate_demo,server,4,22569154,336464,,333000,4294967295,
migrate_demo,server,4,22574464,337074,,333000,4294967295,
migrate_demo,server,4,22579752,337074,,333000,4294967295,
migrate_demo,server,4,22585072,337074,,333000,4294967295,
migrate_demo,server,4,22590376,337074,,333000,4294967295,
migrate_demo,server,4,22595978,337684,,333000,4294967295,
migrate_demo,server,4,22601240,337684,,333000,4294967295,
migrate_demo,server,4,22606493,337684,,333000,4294967295,
migrate_demo,server,4,22611703,337684,,333000,4294967295,
migrate_demo,server,4,22616949,337684,,333000,4294967295,
migrate_demo,server,4,22622230,338294,,333000,4294967295,
migrate_demo,server,4,22627555,338294,,333000,4294967295,
migrate_demo,server,4,22632862,338294,,333000,4294967295,
migrate_demo,server,4,22638139,338294,,333000,4294967295,
migrate_demo,server,4,22643480,338904,,333000,4294967295,
migrate_demo,server,4,22648815,338904,,333000,4294967295,
migrate_demo,server,4,22654139,338904,,333000,4294967295,
migrate_demo,server,4,22659442,338904,,333000,4294967295,
migrate_demo,server,4,22664777,339514,,333000,4294967295,
migrate_demo,server,4,22670131,339514,,333000,4294967295,
migrate_demo,server,4,22675394,339514,,333000,4294967295,
migrate_demo,server,4,22680650,339514,,333000,4294967295,
migrate_demo,server,4,22685936,339514,,333000,4294967295,
migrate_demo,server,4,22691169,340124,,333000,4294967295,
migrate_demo,server,4,22696453,340124,,333000,4294967295,
migrate_demo,server,4,22701662,340124,,333000,4294967295,
migrate_demo,server,4,22706916,340124,,333000,4294967295,
migrate_demo,server,4,22712231,340734,,333000,4294967295,
migrate_demo,server,4,22717565,340734,,333000,4294967295,
migrate_demo,server,4,22722864,340734,,333000,4294967295,
migrate_demo,server,4,22728186,340734,,333000,4294967295,
migrate_demo,server,4,22733482,341344,,333000,4294967295,
migrate_demo,server,4,22738763,341344,,333000,4294967295,
migrate_demo,server,4,22744031,341344,,333000,4294967295,
migrate_demo,server,4,22749363,341344,,333000,4294967295,
migrate_demo,server,4,22754611,341344,,333000,4294967295,
migrate_demo,server,4,22759988,341954,,333000,4294967295,
migrate_demo,server,4,22765317,341954,,333000,4294967295,
migrate_demo,server,4,22770669,341954,,333000,4294967295,
migrate_demo,server,4,22776005,341954,,333000,4294967295,
migrate_demo,server,4,22781256,342564,,333000,4294967295,
migrate_demo,server,4,22786560,342564,,333000,4294967295,
migrate_demo,server,4,22791902,342564,,333000,4294967295,
migrate_demo,server,4,22797241,342564,,333000,4294967295,
migrate_demo,server,4,22802619,343174,,333000,4294967295,
migrate_demo,server,4,22807948,343174,,333000,4294967295,
migrate_demo,server,4,22813173,343174,,333000,4294967295,
migrate_demo,server,4,22818512,343784,,333000,4294967295,
migrate_demo,server,4,22823758,343784,,333000,4294967295,
migrate_demo,server,4,22829132,343784,,333000,4294967295,
migrate_demo,server,4,22834378,343784,,333000,4294967295,
migrate_demo,server,4,22839787,344394,,333000,4294967295,
migrate_demo,server,4,22845054,344394,,333000,4294967295,
migrate_demo,server,4,22850414,345004,,333000,4294967295,
migrate_demo,server,4,22855762,345004,,333000,4294967295,
migrate_demo,server,4,22861097,345004,,333000,4294967295,
migrate_demo,server,4,22866528,345004,,333000,4294967295,
migrate_demo,server,4,22871873,345004,,333000,4294967295,
migrate_demo,server,4,22877143,345614,,333000,4294967295,
migrate_demo,server,4,22882514,345614,,333000,4294967295,
migrate_demo,server,4,22887795,345614,,333000,4294967295,
migrate_demo,server,4,22893112,345614,,333000,4294967295,
migrate_demo,server,4,22898374,346224,,333000,4294967295,
migrate_demo,server,4,22903614,346224,,333000,4294967295,
migrate_demo,server,4,22908916,346224,,333000,4294967295,
migrate_demo,server,4,22914149,346224,,333000,4294967295,
migrate_demo,server,4,22919513,346834,,333000,4294967295,
migrate_demo,server,4,22924844,346834,,333000,4294967295,
migrate_demo,server,4,22930155,346834,,333000,4294967295,
migrate_demo,server,4,22935415,346834,,333000,4294967295,
migrate_demo,server,4,22940737,347444,,333000,4294967295,
migrate_demo,server,4,22945978,347444,,333000,4294967295,
migrate_demo,server,4,22951283,347444,,333000,4294967295,
migrate_demo,server,4,22956568,347444,,333000,4294967295,
migrate_demo,server,4,22961895,347444,,333000,4294967295,
migrate_demo,server,4,22967214,348054,,333000,4294967295,
migrate_demo,server,4,22972501,348054,,333000,4294967295,
migrate_demo,server,4,22977755,348054,,333000,4294967295,
migrate_demo,server,4,22983085,348054,,333000,4294967295,
migrate_demo,server,4,22988343,348664,,333000,4294967295,
migrate_demo,server,4,22993738,348664,,333000,4294967295,
migrate_demo,server,4,22999067,348664,,333000,4294967295,
migrate_demo,server,4,23004348,348664,,333000,4294967295,
migrate_demo,server,4,23009636,349274,,333000,4294967295,
migrate_demo,server,4,23014908,349274,,333000,4294967295,
migrate_demo,server,4,23020208,349274,,333000,4294967295,
migrate_demo,server,4,23025464,349274,,333000,4294967295,
migrate_demo,server,4,23030767,349274,,333000,4294967295,
migrate_demo,server,4,23036045,349884,,333000,4294967295,
migrate_demo,server,4,23041191,349884,,333000,4294967295,
migrate_demo,server,4,23046454,349884,,333000,4294967295,
migrate_demo,server,4,23051787,349884,,333000,4294967295,
migrate_demo,server,4,23057067,350494,,333000,4294967295,
migrate_demo,server,4,23062338,350494,,333000,4294967295,
migrate_demo,server,4,23067634,350494,,333000,4294967295,
migrate_demo,server,4,23072851,350494,,333000,4294967295,
migrate_demo,server,4,23078127,351104,,333000,4294967295,
migrate_demo,server,4,23083422,351104,,333000,4294967295,
migrate_demo,server,4,23088809,351104,,333000,4294967295,
migrate_demo,server,4,23094085,351104,,333000,4294967295,
migrate_demo,server,4,23099945,351714,,333000,4294967295,
migrate_demo,server,4,23105208,351714,,333000,4294967295,
migrate_demo,server,4,23110514,351714,,333000,4294967295,
migrate_demo,server,4,23115864,351714,,333000,4294967295,
migrate_demo,server,4,23121190,351714,,333000,4294967295,
migrate_demo,server,4,23126492,352324,,333000,4294967295,
migrate_demo,server,4,23131821,352324,,333000,4294967295,
migrate_demo,server,4,23137083,352324,,333000,4294967295,
migrate_demo,server,4,23142441,352324,,333000,4294967295,
migrate_demo,server,4,23147755,352934,,333000,4294967295,
migrate_demo,server,4,23153065,352934,,333000,4294967295,
migrate_demo,server,4,23158354,352934,,333000,4294967295,
migrate_demo,server,4,23163634,352934,,333000,4294967295,
migrate_demo,server,4,23168885,353544,,333000,4294967295,
migrate_demo,server,4,23174216,353544,,333000,4294967295,
migrate_demo,server,4,23179556,353544,,333000,4294967295,
migrate_demo,server,4,23184903,353544,,333000,4294967295,
migrate_demo,server,4,23190308,354154,,333000,4294967295,
migrate_demo,server,4,23195660,354154,,333000,4294967295,
migrate_demo,server,4,23200955,354154,,333000,4294967295,
migrate_demo,server,4,23206262,354154,,333000,4294967295,
migrate_demo,server,4,23211629,354154,,333000,4294967295,
migrate_demo,server,4,23216876,354764,,333000,4294967295,
migrate_demo,server,4,23222062,354764,,333000,4294967295,
migrate_demo,server,4,23227272,354764,,333000,4294967295,
migrate_demo,server,4,23232540,354764,,333000,4294967295,
migrate_demo,server,4,23237869,355374,,333000,4294967295,
migrate_demo,server,4,23243190,355374,,333000,4294967295,
migrate_demo,server,4,23248428,355374,,333000,4294967295,
migrate_demo,server,4,23253678,355374,,333000,4294967295,
migrate_demo,server,4,23258910,355984,,333000,4294967295,
migrate_demo,server,4,23264147,355984,,333000,4294967295,
migrate_demo,server,4,23269460,355984,,333000,4294967295,
migrate_demo,server,4,23274667,355984,,333000,4294967295,
migrate_demo,server,4,23279873,355984,,333000,4294967295,
migrate_demo,server,4,23285075,356594,,333000,4294967295,
migrate_demo,server,4,23290296,356594,,333000,4294967295,
migrate_demo,server,4,23295542,356594,,333000,4294967295,
migrate_demo,server,4,23300796,356594,,333000,4294967295,
migrate_demo,server,4,23306079,357204,,333000,4294967295,
migrate_demo,server,4,23311383,357204,,333000,4294967295,
migrate_demo,server,4,23316677,357204,,333000,4294967295,
migrate_demo,server,4,23321983,357204,,333000,4294967295,
migrate_demo,server,4,23327340,357814,,333000,4294967295,
migrate_demo,server,4,23332609,357814,,333000,4294967295,
migrate_demo,server,4,23337947,357814,,333000,4294967295,
migrate_demo,server,4,23343246,357814,,333000,4294967295,
migrate_demo,server,4,23348473,357814,,333000,4294967295,
migrate_demo,server,4,23353804,358424,,333000,4294967295,
migrate_demo,server,4,23359035,358424,,333000,4294967295,
migrate_demo,server,4,23364271,358424,,333000,4294967295,
migrate_demo,server,4,23369471,358424,,333000,4294967295,
migrate_demo,server,4,23374805,359034,,333000,4294967295,
migrate_demo,server,4,23380044,359034,,333000,4294967295,
migrate_demo,server,4,23385250,359034,,333000,4294967295,
migrate_demo,server,4,23390505,359034,,333000,4294967295,
migrate_demo,server,4,23395791,359644,,333000,4294967295,
migrate_demo,server,4,23401067,359644,,333000,4294967295,
migrate_demo,server,4,23406484,359644,,333000,4294967295,
migrate_demo,server,4,23411721,359644,,333000,4294967295,
migrate_demo,server,4,23417310,360254,,333000,4294967295,
migrate_demo,server,4,23422585,360254,,333000,4294967295,
migrate_demo,server,4,23427872,360254,,333000,4294967295,
migrate_demo,server,4,23433201,360254,,333000,4294967295,
migrate_demo,server,4,23438519,360254,,333000,4294967295,
migrate_demo,server,4,23443827,360864,,333000,4294967295,
migrate_demo,server,4,23449141,360864,,333000,4294967295,
migrate_demo,server,4,23454414,360864,,333000,4294967295,
migrate_demo,server,4,23459729,360864,,333000,4294967295,
migrate_demo,server,4,23465019,361474,,333000,4294967295,
migrate_demo,server,4,23470274,361474,,333000,4294967295,
migrate_demo,server,4,23475627,361474,,333000,4294967295,
migrate_demo,server,4,23480901,361474,,333000,4294967295,
migrate_demo,server,4,23486150,362084,,333000,4294967295,
migrate_demo,server,4,23491472,362084,,333000,4294967295,
migrate_demo,server,4,23496733,362084,,333000,4294967295,
migrate_demo,server,4,23502058,362084,,333000,4294967295,
migrate_demo,server,4,23507368,362084,,333000,4294967295,
migrate_demo,server,4,23512648,362694,,333000,4294967295,
migrate_demo,server,4,23517956,362694,,333000,4294967295,
migrate_demo,server,4,23523311,362694,,333000,4294967295,
migrate_demo,server,4,23528643,362694,,333000,4294967295,
migrate_demo,server,4,23533960,363304,,333000,4294967295,
migrate_demo,server,4,23539267,363304,,333000,4294967295,
migrate_demo,server,4,23544549,363304,,333000,4294967295,
migrate_demo,server,4,23549859,363304,,333000,4294967295,
migrate_demo,server,4,23555221,363914,,333000,4294967295,
migrate_demo,server,4,23560503,363914,,333000,4294967295,
migrate_demo,server,4,23565820,363914,,333000,4294967295,
migrate_demo,server,4,23571171,363914,,333000,4294967295,
migrate_demo,server,4,23576499,364524,,333000,4294967295,
migrate_demo,server,4,23581843,364524,,333000,4294967295,
migrate_demo,server,4,23587149,364524,,333000,4294967295,
migrate_demo,server,4,23592478,364524,,333000,4294967295,
migrate_demo,server,4,23597821,364524,,333000,4294967295,
migrate_demo,server,4,23603143,365134,,333000,4294967295,
migrate_demo,server,4,23608477,365134,,333000,4294967295,
migrate_demo,server,4,23613765,365134,,333000,4294967295,
migrate_demo,server,4,23619084,365134,,333000,4294967295,
migrate_demo,server,4,23624323,365744,,333000,4294967295,
migrate_demo,server,4,23629617,365744,,333000,4294967295,
migrate_demo,server,4,23634906,365744,,333000,4294967295,
migrate_demo,server,4,23640229,365744,,333000,4294967295,
migrate_demo,server,4,23645552,366354,,333000,4294967295,
migrate_demo,server,4,23650883,366354,,333000,4294967295,
migrate_demo,server,4,23656146,366354,,333000,4294967295,
migrate_demo,server,4,23661401,366354,,333000,4294967295,
migrate_demo,server,4,23666688,366354,,333000,4294967295,
migrate_demo,server,4,23671978,366964,,333000,4294967295,
migrate_demo,server,4,23677218,366964,,333000,4294967295,
migrate_demo,server,4,23682531,366964,,333000,4294967295,
migrate_demo,server,4,23687783,366964,,333000,4294967295,
migrate_demo,server,4,23693052,367574,,333000,4294967295,
migrate_demo,server,4,23698318,367574,,333000,4294967295,
migrate_demo,server,4,23703675,367574,,333000,4294967295,
migrate_demo,server,4,23708878,367574,,333000,4294967295,
migrate_demo,server,4,23714104,368184,,333000,4294967295,
migrate_demo,server,4,23719330,368184,,333000,4294967295,
migrate_demo,server,4,23724720,368184,,333000,4294967295,
migrate_demo,server,4,23729987,368184,,333000,4294967295,
migrate_demo,server,4,23735485,368794,,333000,4294967295,
migrate_demo,server,4,23740687,369404,,333000,4294967295,
migrate_demo,server,4,23745868,369404,,333000,4294967295,
migrate_demo,server,4,23751154,369404,,333000,4294967295,
migrate_demo,server,4,23756441,369404,,333000,4294967295,
migrate_demo,server,4,23761888,370014,,333000,4294967295,
migrate_demo,server,4,23767123,370014,,333000,4294967295,
migrate_demo,server,4,23772375,370014,,333000,4294967295,
migrate_demo,server,4,23777594,370014,,333000,4294967295,
migrate_demo,server,4,23782851,370014,,333000,4294967295,
migrate_demo,server,4,23788126,370624,,333000,4294967295,
migrate_demo,server,4,23793409,370624,,333000,4294967295,
migrate_demo,server,4,23798686,370624,,333000,4294967295,
migrate_demo,server,4,23803932,370624,,333000,4294967295,
migrate_demo,server,4,23809240,371234,,333000,4294967295,
migrate_demo,server,4,23814537,371234,,333000,4294967295,
migrate_demo,server,4,23819827,371234,,333000,4294967295,
migrate_demo,server,4,23825169,371234,,333000,4294967295,
migrate_demo,server,4,23830457,371844,,333000,4294967295,
migrate_demo,server,4,23835793,371844,,333000,4294967295,
migrate_demo,server,4,23841098,371844,,333000,4294967295,
migrate_demo,server,4,23846396,371844,,333000,4294967295,
migrate_demo,server,4,23851712,371844,,333000,4294967295,
migrate_demo,server,4,23857021,372454,,333000,4294967295,
migrate_demo,server,4,23862272,372454,,333000,4294967295,
migrate_demo,server,4,23867539,372454,,333000,4294967295,
migrate_demo,server,4,23872760,372454,,333000,4294967295,
migrate_demo,server,4,23878007,373064,,333000,4294967295,
migrate_demo,server,4,23883284,373064,,333000,4294967295,
migrate_demo,server,4,23888504,373064,,333000,4294967295,
migrate_demo,server,4,23893731,373064,,333000,4294967295,
migrate_demo,server,4,23899018,373674,,333000,4294967295,
migrate_demo,server,4,23904378,373674,,333000,4294967295,
migrate_demo,server,4,23909689,373674,,333000,4294967295,
migrate_demo,server,4,23914988,373674,,333000,4294967295,
migrate_demo,server,4,23920317,373674,,333000,4294967295,
migrate_demo,server,4,23925564,374284,,333000,4294967295,
migrate_demo,server,4,23930778,374284,,333000,4294967295,
migrate_demo,server,4,23936041,374284,,333000,4294967295,
migrate_demo,server,4,23941283,374284,,333000,4294967295,
migrate_demo,server,4,23946555,374894,,333000,4294967295,
migrate_demo,server,4,23951752,374894,,333000,4294967295,
migrate_demo,server,4,23956915,374894,,333000,4294967295,
migrate_demo,server,4,23962165,374894,,333000,4294967295,
migrate_demo,server,4,23967420,375504,,333000,4294967295,
migrate_demo,server,4,23972565,375504,,333000,4294967295,
migrate_demo,server,4,23977761,375504,,333000,4294967295,
migrate_demo,server,4,23982962,375504,,333000,4294967295,
migrate_demo,server,4,23988156,375504,,333000,4294967295,
migrate_demo,server,4,23993489,376114,,333000,4294967295,
migrate_demo,server,4,23998734,376114,,333000,4294967295,
migrate_demo,server,4,24003964,376114,,333000,4294967295,
migrate_demo,server,4,24009276,376114,,333000,4294967295,
migrate_demo,server,4,24014561,376724,,333000,4294967295,
migrate_demo,server,4,24019835,376724,,333000,4294967295,
migrate_demo,server,4,24025081,376724,,333000,4294967295,
migrate_demo,server,4,24030307,376724,,333000,4294967295,
migrate_demo,server,4,24035620,377334,,333000,4294967295,
migrate_demo,server,4,24040873,377334,,333000,4294967295,
migrate_demo,server,4,24046122,377334,,333000,4294967295,
migrate_demo,server,4,24051385,377334,,333000,4294967295,
migrate_demo,server,4,24056810,377944,,333000,4294967295,
migrate_demo,server,4,24062024,377944,,333000,4294967295,
migrate_demo,server,4,24067238,377944,,333000,4294967295,
migrate_demo,server,4,24072504,377944,,333000,4294967295,
migrate_demo,server,4,24077739,377944,,333000,4294967295,
migrate_demo,server,4,24082992,378554,,333000,4294967295,
migrate_demo,server,4,24088182,378554,,333000,4294967295,
migrate_demo,server,4,24093419,378554,,333000,4294967295,
migrate_demo,server,4,24098660,378554,,333000,4294967295,
migrate_demo,server,4,24103870,379164,,333000,4294967295,
migrate_demo,server,4,24109155,379164,,333000,4294967295,
migrate_demo,server,4,24114507,379164,,333000,4294967295,
migrate_demo,server,4,24119765,379164,,333000,4294967295,
migrate_demo,server,4,24125231,379774,,333000,4294967295,
migrate_demo,server,4,24130463,379774,,333000,4294967295,
migrate_demo,server,4,24135691,379774,,333000,4294967295,
migrate_demo,server,4,24140908,379774,,333000,4294967295,
migrate_demo,server,4,24146098,379774,,333000,4294967295,
migrate_demo,server,4,24151297,380384,,333000,4294967295,
migrate_demo,server,4,24156536,380384,,333000,4294967295,
migrate_demo,server,4,24161773,380384,,333000,4294967295,
migrate_demo,server,4,24167010,380384,,333000,4294967295,
migrate_demo,server,4,24172258,380994,,333000,4294967295,
migrate_demo,server,4,24177594,380994,,333000,4294967295,
migrate_demo,server,4,24182810,380994,,333000,4294967295,
migrate_demo,server,4,24187997,380994,,333000,4294967295,
migrate_demo,server,4,24193365,381604,,333000,4294967295,
migrate_demo,server,4,24198598,381604,,333000,4294967295,
migrate_demo,server,4,24203807,381604,,333000,4294967295,
migrate_demo,server,4,24209149,381604,,333000,4294967295,
migrate_demo,server,4,24214428,381604,,333000,4294967295,
migrate_demo,server,4,24219712,382214,,333000,4294967295,
migrate_demo,server,4,24224938,382214,,333000,4294967295,
migrate_demo,server,4,24230209,382214,,333000,4294967295,
migrate_demo,server,4,24235569,382214,,333000,4294967295,
migrate_demo,server,4,24240833,382824,,333000,4294967295,
migrate_demo,server,4,24246048,382824,,333000,4294967295,
migrate_demo,server,4,24251245,382824,,333000,4294967295,
migrate_demo,server,4,24256458,382824,,333000,4294967295,
migrate_demo,server,4,24262108,383434,,333000,4294967295,
migrate_demo,server,4,24267459,383434,,333000,4294967295,
migrate_demo,server,4,24272653,383434,,333000,4294967295,
migrate_demo,server,4,24277884,383434,,333000,4294967295,
migrate_demo,server,4,24283106,383434,,333000,4294967295,
migrate_demo,server,4,24288346,384044,,333000,4294967295,
migrate_demo,server,4,24293604,384044,,333000,4294967295,
migrate_demo,server,4,24298932,384044,,333000,4294967295,
migrate_demo,server,4,24304218,384044,,333000,4294967295,
migrate_demo,server,4,24309472,384654,,333000,4294967295,
migrate_demo,server,4,24314788,384654,,333000,4294967295,
migrate_demo,server,4,24320099,384654,,333000,4294967295,
migrate_demo,server,4,24325350,384654,,333000,4294967295,
migrate_demo,server,4,24330633,385264,,333000,4294967295,
migrate_demo,server,4,24335962,385264,,333000,4294967295,
migrate_demo,server,4,24341259,385264,,333000,4294967295,
migrate_demo,server,4,24346581,385264,,333000,4294967295,
migrate_demo,server,4,24352049,385874,,333000,4294967295,
migrate_demo,server,4,24357328,385874,,333000,4294967295,
migrate_demo,server,4,24362637,385874,,333000,4294967295,
migrate_demo,server,4,24367906,385874,,333000,4294967295,
migrate_demo,server,4,24373201,385874,,333000,4294967295,
migrate_demo,server,4,24378478,386484,,333000,4294967295,
migrate_demo,server,4,24383732,386484,,333000,4294967295,
migrate_demo,server,4,24388976,386484,,333000,4294967295,
migrate_demo,server,4,24394255,386484,,333000,4294967295,
migrate_demo,server,4,24399664,387094,,333000,4294967295,
migrate_demo,server,4,24404867,387094,,333000,4294967295,
migrate_demo,server,4,24410190,387094,,333000,4294967295,
migrate_demo,server,4,24415447,387094,,333000,4294967295,
migrate_demo,server,4,24420962,387704,,333000,4294967295,
migrate_demo,server,4,24426220,387704,,333000,4294967295,
migrate_demo,server,4,24431532,387704,,333000,4294967295,
migrate_demo,server,4,24436765,387704,,333000,4294967295,
migrate_demo,server,4,24442119,387704,,333000,4294967295,
migrate_demo,server,4,24447375,388314,,333000,4294967295,
migrate_demo,server,4,24452675,388314,,333000,4294967295,
migrate_demo,server,4,24457965,388314,,333000,4294967295,
migrate_demo,server,4,24463292,388314,,333000,4294967295,
migrate_demo,server,4,24468579,388924,,333000,4294967295,
migrate_demo,server,4,24473906,388924,,333000,4294967295,
migrate_demo,server,4,24479172,388924,,333000,4294967295,
migrate_demo,server,4,24484493,388924,,333000,4294967295,
migrate_demo,server,4,24489773,389534,,333000,4294967295,
migrate_demo,server,4,24495100,389534,,333000,4294967295,
migrate_demo,server,4,24500422,389534,,333000,4294967295,
migrate_demo,server,4,24505766,389534,,333000,4294967295,
migrate_demo,server,4,24511166,390144,,333000,4294967295,
migrate_demo,server,4,24516460,390144,,333000,4294967295,
migrate_demo,server,4,24521841,390144,,333000,4294967295,
migrate_demo,server,4,24527126,390144,,333000,4294967295,
migrate_demo,server,4,24532468,390144,,333000,4294967295,
migrate_demo,server,4,24537750,390754,,333000,4294967295,
migrate_demo,server,4,24543099,390754,,333000,4294967295,
migrate_demo,server,4,24548404,390754,,333000,4294967295,
migrate_demo,server,4,24553700,390754,,333000,4294967295,
migrate_demo,server,4,24559029,391364,,333000,4294967295,
migrate_demo,server,4,24564336,391364,,333000,4294967295,
migrate_demo,server,4,24569668,391364,,333000,4294967295,
migrate_demo,server,4,24575031,391364,,333000,4294967295,
migrate_demo,server,4,24580278,391974,,333000,4294967295,
migrate_demo,server,4,24585639,391974,,333000,4294967295,
migrate_demo,server,4,24590970,392584,,333000,4294967295,
migrate_demo,server,4,24596302,392584,,333000,4294967295,
migrate_demo,server,4,24601671,392584,,333000,4294967295,
migrate_demo,server,4,24607006,392584,,333000,4294967295,
migrate_demo,server,4,24612321,392584,,333000,4294967295,
migrate_demo,server,4,24617633,392584,,333000,4294967295,
migrate_demo,server,4,24623021,392584,,333000,4294967295,
migrate_demo,server,4,24628265,392584,,333000,4294967295,
migrate_demo,server,4,24633607,392584,,333000,4294967295,
migrate_demo,server,4,24638889,392584,,333000,4294967295,
migrate_demo,server,4,24644171,392584,,333000,4294967295,
migrate_demo,server,4,24649466,392584,,333000,4294967295,
migrate_demo,server,4,24654765,392584,,333000,4294967295,
migrate_demo,server,4,24660119,392584,,333000,4294967295,
migrate_demo,server,4,24665471,392584,,333000,4294967295,
migrate_demo,server,4,24670801,392584,,333000,4294967295,
migrate_demo,server,4,24676164,392584,,333000,4294967295,
migrate_demo,server,4,24681523,392584,,333000,4294967295,
migrate_demo,server,4,24686898,392584,,333000,4294967295,
migrate_demo,server,4,24692287,392584,,333000,4294967295,
migrate_demo,server,4,24697614,392584,,333000,4294967295,
migrate_demo,server,4,24702983,392584,,333000,4294967295,
migrate_demo,server,4,24708348,392584,,333000,4294967295,
migrate_demo,server,4,24713758,392584,,333000,4294967295,
migrate_demo,server,4,24719143,392584,,333000,4294967295,
migrate_demo,server,4,24724529,392584,,333000,4294967295,
migrate_demo,server,4,24729915,392584,,333000,4294967295,
migrate_demo,server,4,24735277,392584,,333000,4294967295,
migrate_demo,server,4,24740635,392584,,333000,4294967295,
migrate_demo,server,4,24746016,392584,,333000,4294967295,
migrate_demo,server,4,24751407,392584,,333000,4294967295,
migrate_demo,server,4,24756826,392584,,333000,4294967295,
migrate_demo,server,4,24762285,392584,,333000,4294967295,
migrate_demo,server,4,24767644,392584,,333000,4294967295,
migrate_demo,server,4,24773084,392584,,333000,4294967295,
migrate_demo,server,4,24778470,392584,,333000,4294967295,
migrate_demo,server,4,24783845,392584,,333000,4294967295,
migrate_demo,server,4,24789187,392584,,333000,4294967295,
migrate_demo,server,4,24794546,392584,,333000,4294967295,
migrate_demo,server,4,24799900,392584,,333000,4294967295,
migrate_demo,server,4,24805275,392584,,333000,4294967295,
migrate_demo,server,4,24810673,392584,,333000,4294967295,
migrate_demo,server,4,24816057,392584,,333000,4294967295,
migrate_demo,server,4,24821431,392584,,333000,4294967295,
migrate_demo,server,4,24826843,392584,,333000,4294967295,
migrate_demo,server,4,24832187,392584,,333000,4294967295,
migrate_demo,server,4,24837520,392584,,333000,4294967295,
migrate_demo,server,4,24842881,392584,,333000,4294967295,
migrate_demo,server,4,24848278,392584,,333000,4294967295,
migrate_demo,server,4,24853630,392584,,333000,4294967295,
migrate_demo,server,4,24859040,392584,,333000,4294967295,
migrate_demo,server,4,24864412,392584,,333000,4294967295,
migrate_demo,server,4,24869733,392584,,333000,4294967295,
migrate_demo,server,4,24875091,392584,,333000,4294967295,
migrate_demo,server,4,24880490,392584,,333000,4294967295,
migrate_demo,server,4,24885841,392584,,333000,4294967295,
migrate_demo,server,4,24891197,392584,,333000,4294967295,
migrate_demo,server,4,24896558,392584,,333000,4294967295,
migrate_demo,server,4,24901952,392584,,333000,4294967295,
migrate_demo,server,4,24907344,392584,,333000,4294967295,
migrate_demo,server,4,24912742,392584,,333000,4294967295,
migrate_demo,server,4,24918066,392584,,333000,4294967295,
migrate_demo,server,4,24923428,392584,,333000,4294967295,
migrate_demo,server,4,24928759,392584,,333000,4294967295,
migrate_demo,server,4,24934158,392584,,333000,4294967295,
migrate_demo,server,4,24939538,392584,,333000,4294967295,
migrate_demo,server,4,24944930,392584,,333000,4294967295,
migrate_demo,server,4,24950332,392584,,333000,4294967295,
migrate_demo,server,4,24955652,392584,,333000,4294967295,
migrate_demo,server,4,24961024,392584,,333000,4294967295,
migrate_demo,server,4,24966411,392584,,333000,4294967295,
migrate_demo,server,4,24971766,392584,,333000,4294967295,
migrate_demo,server,4,24977170,392584,,333000,4294967295,
migrate_demo,server,4,24982541,392584,,333000,4294967295,
migrate_demo,server,4,24987896,392584,,333000,4294967295,
migrate_demo,server,4,24993283,392584,,333000,4294967295,
migrate_demo,server,4,24998638,392584,,333000,4294967295,
migrate_demo,server,4,25004036,392584,,333000,4294967295,
migrate_demo,server,4,25009407,392584,,333000,4294967295,
migrate_demo,server,4,25014768,392584,,333000,4294967295,
migrate_demo,server,4,25020135,392584,,333000,4294967295,
migrate_demo,server,4,25025481,392584,,333000,4294967295,
migrate_demo,server,4,25030837,392584,,333000,4294967295,
migrate_demo,server,4,25036254,392584,,333000,4294967295,
migrate_demo,server,4,25041733,392584,,333000,4294967295,
migrate_demo,server,4,25047133,392584,,333000,4294967295,
migrate_demo,server,4,25052499,392584,,333000,4294967295,
migrate_demo,server,4,25057860,392584,,333000,4294967295,
migrate_demo,server,4,25063383,392584,,333000,4294967295,
migrate_demo,server,4,25068808,392584,,333000,4294967295,
migrate_demo,server,4,25074199,392584,,333000,4294967295,
migrate_demo,server,4,25079553,392584,,333000,4294967295,
migrate_demo,server,4,25084929,392584,,333000,4294967295,
migrate_demo,server,4,25090308,392584,,333000,4294967295,
migrate_demo,server,4,25095674,392584,,333000,4294967295,
migrate_demo,server,4,25101020,392584,,333000,4294967295,
migrate_demo,server,4,25106340,392584,,333000,4294967295,
migrate_demo,server,4,25111652,392584,,333000,4294967295,
migrate_demo,server,4,25117000,392584,,333000,4294967295,
migrate_demo,server,4,25122351,392584,,333000,4294967295,
migrate_demo,server,4,25127767,392584,,333000,4294967295,
migrate_demo,server,4,25133122,392584,,333000,4294967295,
migrate_demo,server,4,25138442,392584,,333000,4294967295,
migrate_demo,server,4,25143837,392584,,333000,4294967295,
migrate_demo,server,4,25149172,392584,,333000,4294967295,
migrate_demo,server,4,25154523,392584,,333000,4294967295,
migrate_demo,server,4,25159853,392584,,333000,4294967295,
migrate_demo,server,4,25165179,392584,,333000,4294967295,
migrate_demo,server,4,25170536,392584,,333000,4294967295,
migrate_demo,server,4,25175933,392584,,333000,4294967295,
migrate_demo,server,4,25181247,392584,,333000,4294967295,
migrate_demo,server,4,25186579,392584,,333000,4294967295,
migrate_demo,server,4,25191904,392584,,333000,4294967295,
migrate_demo,server,4,25197307,392584,,333000,4294967295,
migrate_demo,server,4,25202678,392584,,333000,4294967295,
migrate_demo,server,4,25208048,392584,,333000,4294967295,
migrate_demo,server,4,25213397,392584,,333000,4294967295,
migrate_demo,server,4,25218775,392584,,333000,4294967295,
migrate_demo,server,4,25224143,392584,,333000,4294967295,
migrate_demo,server,4,25229493,392584,,333000,4294967295,
migrate_demo,server,4,25234857,392584,,333000,4294967295,
migrate_demo,server,4,25240233,392584,,333000,4294967295,
migrate_demo,server,4,25245597,392584,,333000,4294967295,
migrate_demo,server,4,25251002,392584,,333000,4294967295,
migrate_demo,server,4,25256465,392584,,333000,4294967295,
