scenario,arm,rep,time_us,cwnd,bytes_in_flight,smoothed_rtt,min_rtt,latest_rtt
step_up,naive,1,2374,15360,1998,,,
step_up,naive,1,63855,16871,1879,61481,61481,61481
step_up,naive,1,65059,18718,2504,61631,,62685
step_up,naive,1,124534,21190,10080,61493,60529,60529
step_up,naive,1,141460,24038,10080,61372,,60531
step_up,naive,1,158330,26886,10080,61260,60480,60480
step_up,naive,1,175335,29734,11520,61167,,60522
step_up,naive,1,251803,32582,27360,60824,,60381
step_up,naive,1,256253,35430,28800,60763,60337,60337
step_up,naive,1,262104,38278,30240,60732,,60520
step_up,naive,1,267837,41126,31680,60685,,60358
step_up,naive,1,274187,43974,34560,60641,,60338
step_up,naive,1,279515,46822,37440,60607,,60374
step_up,naive,1,284922,49670,40320,60566,60284,60284
step_up,naive,1,290565,52518,43200,60536,,60332
step_up,naive,1,296652,55366,47520,60540,,60572
step_up,naive,1,301261,58214,48960,60497,60201,60201
step_up,naive,1,312208,62486,54720,60477,,60342
step_up,naive,1,316465,65334,59040,60441,60191,60191
step_up,naive,1,320893,68182,61920,60417,,60253
step_up,naive,1,328109,71030,66240,60384,,60230
step_up,naive,1,331077,73878,69120,60385,,60394
step_up,naive,1,334526,76726,70560,60369,,60262
step_up,naive,1,337938,79574,73440,60357,,60278
step_up,naive,1,340962,82422,76320,60342,,60243
step_up,naive,1,346370,85270,79200,60343,,60287
step_up,naive,1,348656,88118,80640,60327,,60220
step_up,naive,1,351252,90966,82080,60312,,60210
step_up,naive,1,353969,93814,84960,60304,,60253
step_up,naive,1,356700,96662,87840,60308,,60341
step_up,naive,1,359352,99510,90720,60312,,60345
step_up,naive,1,361586,102358,92160,60306,,60270
step_up,naive,1,363905,105206,95040,60298,,60247
step_up,naive,1,366211,108054,97920,60288,,60223
step_up,naive,1,368543,110902,99360,60281,,60235
step_up,naive,1,372595,113750,108000,60287,,60332
step_up,naive,1,375044,116598,109440,60285,,60272
step_up,naive,1,376773,119446,112320,60278,,60236
step_up,naive,1,379039,122294,116640,60268,,60199
step_up,naive,1,381063,125142,119520,60252,60142,60142
step_up,naive,1,383341,127990,122400,60240,,60163
step_up,naive,1,385563,130838,125280,60237,,60222
step_up,naive,1,387242,133686,128160,60232,,60203
step_up,naive,1,389576,136534,131040,60233,,60244
step_up,naive,1,391069,139382,133920,60222,,60146
step_up,naive,1,392742,142230,136800,60212,,60144
step_up,naive,1,394814,145078,139680,60212,,60219
step_up,naive,1,396391,147926,142560,60207,,60172
step_up,naive,1,398099,150774,145440,60197,60134,60134
step_up,naive,1,400514,153622,148320,60201,,60233
step_up,naive,1,401631,156470,151200,60196,,60161
step_up,naive,1,403823,159318,154080,60204,,60260
step_up,naive,1,406617,162166,156960,60208,,60201
step_up,naive,1,408196,165014,159840,60216,,60276
step_up,naive,1,410136,167862,162720,60224,,60284
step_up,naive,1,415968,179254,156960,60240,,60352
step_up,naive,1,421878,192070,167040,60235,,60200
step_up,naive,1,427773,206310,178560,60235,,60240
step_up,naive,1,434437,221974,191520,60251,,60366
step_up,naive,1,440956,237638,207360,60336,,60934
step_up,naive,1,447987,254726,221760,60534,,61927
step_up,naive,1,455056,271814,237600,60878,,63293
step_up,naive,1,462747,290326,253440,61413,,65160
step_up,naive,1,471345,310262,270720,62170,,67471
step_up,naive,1,499010,333046,288000,65062,,73228
step_up,naive,1,654943,324252,308215,111483,,131706
step_up,naive,1,789261,276670,146880,127200,,121957
step_up,naive,1,997587,302302,145440,66950,,60276
step_up,naive,1,1008642,324252,146880,66111,,60245
step_up,naive,1,1061452,325495,146880,63260,,60287
step_up,naive,1,1135457,324252,191520,61848,,62991
step_up,naive,1,1228029,320182,168480,70402,,77219
step_up,naive,1,1301088,325495,165600,71357,,69156
step_up,naive,1,1362548,320182,201600,69962,,68481
step_up,naive,1,1455752,318758,175680,75589,,81159
step_up,naive,1,1466008,318192,171360,76172,,80254
step_up,naive,1,1570722,319616,149760,72714,,66540
step_up,naive,1,1611037,325495,148320,68909,,62009
step_up,naive,1,1682118,319616,188640,64323,,62737
step_up,naive,1,1732588,319800,174240,66539,,72143
step_up,naive,1,1835875,276670,144000,70148,,67102
step_up,naive,1,1897974,300878,142560,65845,,60196
step_up,naive,1,1909341,319800,144000,65158,,60351
step_up,naive,1,1963248,325495,141120,62818,,60224
step_up,naive,1,2038712,319800,188640,61663,,62934
step_up,naive,1,2132379,319504,162720,69661,,74944
step_up,naive,1,2256150,325495,142560,65838,,60257
step_up,naive,1,2332142,318080,187200,63065,,63561
step_up,naive,1,2428159,316546,156960,70192,,73602
step_up,naive,1,2511236,325495,149760,67815,,63165
step_up,naive,1,2573288,316546,185760,64931,,62285
step_up,naive,1,2614381,318420,171360,65952,,69954
step_up,naive,1,2716946,276670,144000,69619,,66944
step_up,naive,1,2790684,302302,142560,64927,,60177
step_up,naive,1,2801876,318420,144000,64355,,60351
step_up,naive,1,2853474,325495,142560,62429,,60202
step_up,naive,1,2926654,318420,187200,61507,,62556
step_up,naive,1,2988553,319962,168480,66347,,74426
step_up,naive,1,3082362,276670,144000,69695,,67386
step_up,naive,1,3166022,300878,146880,64337,,60151
step_up,naive,1,3176188,319962,146880,63813,,60147
step_up,naive,1,3207492,319880,144000,62614,,60216
step_up,naive,1,3229397,325495,144000,62046,,60177
step_up,naive,1,3304453,319880,191520,61501,,63455
step_up,naive,1,3397555,318042,165600,70304,,76840
step_up,naive,1,3469294,276670,145440,70801,,68136
step_up,naive,1,4999904,56135,50400,55210,20236,20236
step_up,naive,1,5010679,82292,,55869,,60486
step_up,naive,1,5020387,158064,27608,51427,,20338
step_up,naive,1,5042764,110644,46580,47161,,20239
step_up,naive,1,5069400,41664,33120,44629,,21373
step_up,naive,1,5095237,54215,1252,41601,,20410
step_up,naive,1,5270701,47310,16276,21007,,20279
step_up,naive,1,5295760,41606,16276,20720,,20315
step_up,naive,1,5320643,40478,16276,20608,,20282
step_up,naive,1,5345548,39242,17528,20778,,20254
step_up,naive,1,5369428,38006,16276,20702,,21320
step_up,naive,1,5418993,37882,16276,20463,,20289
step_up,naive,1,5618094,39118,15024,20346,,20251
step_up,naive,1,5649826,39088,16276,20311,,20282
step_up,naive,1,5864893,37852,16276,20534,,20238
step_up,naive,1,6083561,37840,16276,20295,,20266
step_up,naive,1,6309753,42784,16276,20326,,20333
step_up,naive,1,6315996,47728,26292,20333,,20389
step_up,naive,1,6322562,52672,37560,20459,,21348
step_up,naive,1,6328716,57616,46324,20431,,20238
step_up,naive,1,6334638,71212,45072,20407,,20244
step_up,naive,1,6340222,83572,51332,20409,,20427
step_up,naive,1,6345646,95932,55088,20394,,20291
step_up,naive,1,6350949,108292,58844,20395,,20409
step_up,naive,1,6356402,123124,60096,20364,20149,20149
step_up,naive,1,6361952,134505,60096,20350,,20256
step_up,naive,1,6367398,141856,61348,20338,,20259
step_up,naive,1,6372820,149121,62600,20325,,20238
step_up,naive,1,6378248,152717,65104,20312,,20222
step_up,naive,1,6383746,153358,68860,20317,,20358
step_up,naive,1,6389039,157312,71364,20296,,20152
step_up,naive,1,6394511,163376,72616,20274,20126,20126
step_up,naive,1,6399996,168952,75120,20283,,20352
step_up,naive,1,6405246,177881,76372,20260,20101,20101
step_up,naive,1,6410753,183445,78876,20242,,20120
step_up,naive,1,6416226,185938,83884,20251,,20316
step_up,naive,1,6421509,192362,85136,20237,,20144
step_up,naive,1,6442920,215846,169020,20205,,20254
step_up,naive,1,6448262,247982,184044,20198,,20149
step_up,naive,1,6453570,302366,194060,20193,,20163
step_up,naive,1,6458515,356750,239132,20175,20055,20055
step_up,naive,1,6463929,391358,316756,20263,,20886
step_up,naive,1,6469223,438326,344300,20341,,20892
step_up,naive,1,6473715,492710,384364,20481,,21466
step_up,naive,1,6506067,558218,426932,26023,,35641
step_up,naive,1,6562547,550662,497044,38997,,45364
step_up,naive,1,6608454,472504,215344,42113,,36527
step_up,naive,1,6711124,531832,236628,21843,,20058
step_up,naive,1,6716243,548016,236628,21620,,20059
step_up,naive,1,6731637,555888,236628,21111,,20088
step_up,naive,1,6757182,546706,309244,20717,,20957
step_up,naive,1,6772525,546954,286708,21427,,23710
step_up,naive,1,6777572,548158,279196,21825,,24612
step_up,naive,1,6782612,548588,271684,22286,,25516
step_up,naive,1,6823371,555888,237880,22069,,20138
step_up,naive,1,6843849,548588,302984,21306,,20538
step_up,naive,1,6874354,547706,259164,22585,,24262
step_up,naive,1,6879407,548320,251652,22710,,23592
step_up,naive,1,6889677,472504,236628,22669,,22225
step_up,naive,1,7058397,531832,237880,20182,,20100
step_up,naive,1,7063460,548320,237880,20168,,20070
step_up,naive,1,7078784,555888,237880,20137,,20080
step_up,naive,1,7104350,548320,311748,20240,,21047
step_up,naive,1,7160173,472504,236628,22805,,22196
step_up,naive,1,7307787,531832,237880,20423,,20094
step_up,naive,1,7312830,540904,236628,20378,,20070
step_up,naive,1,7328166,555888,237880,20312,,20167
step_up,naive,1,7353699,543376,311748,20344,,21043
step_up,naive,1,7389426,543354,260416,22782,,24492
step_up,naive,1,7409691,472504,235376,22817,,22151
step_up,naive,1,7517266,533068,244140,20531,,20646
step_up,naive,1,7522331,543354,242888,20531,,20535
step_up,naive,1,7537546,555888,239132,20460,,20225
step_up,naive,1,7562986,543354,310496,20395,,21008
step_up,naive,1,7614017,472504,237880,22838,,22334
step_up,naive,1,7634306,528124,237880,21900,,20065
step_up,naive,1,7639367,543354,237880,21674,,20096
step_up,naive,1,7654598,555888,237880,21147,,20079
step_up,naive,1,7680105,543354,311748,20770,,21040
step_up,naive,1,7710583,542118,269180,22779,,25306
step_up,naive,1,7715638,540924,262920,23006,,24600
step_up,naive,1,7720709,541018,254156,23121,,23930
step_up,naive,1,7730847,472504,239132,23055,,22518
step_up,naive,1,8448755,277944,,20110,,
step_up,naive,1,8448990,519472,232872,25100,,60036
step_up,naive,1,8449996,618352,192808,28535,,52582
step_up,naive,1,8469485,502168,490784,30162,,20730
step_up,naive,1,8474865,502488,439452,29481,,24721
step_up,naive,1,8479940,502520,441956,29283,,27897
step_up,naive,1,8515636,563084,441956,35241,,39908
step_up,naive,1,8521932,631064,494540,35980,,41160
step_up,naive,1,8552494,579254,570912,36417,,36774
step_up,naive,1,8608484,522522,212840,43404,,36161
step_up,naive,1,8833958,542174,237880,20396,,20102
step_up,naive,1,8854193,602738,237880,20263,,20072
step_up,naive,1,8859237,604724,252904,20239,,20071
step_up,naive,2,1510,15360,1998,,,
step_up,naive,2,62667,16871,1879,61157,61157,61157
step_up,naive,2,63860,18718,2504,61306,,62350
step_up,naive,2,123699,21190,10080,61235,60744,60744
step_up,naive,2,141215,24038,10080,61175,,60760
step_up,naive,2,158148,26886,11520,61123,,60764
step_up,naive,2,175426,29734,11520,61067,60680,60680
step_up,naive,2,251471,32582,27360,60769,,60573
step_up,naive,2,255989,35430,28800,60729,,60451
step_up,naive,2,263363,38278,31680,60775,,61100
step_up,naive,2,268593,41126,33120,60752,,60593
step_up,naive,2,274095,43974,34560,60699,60330,60330
step_up,naive,2,279968,46822,37440,60656,,60358
step_up,naive,2,285492,49670,40320,60611,60303,60303
step_up,naive,2,290980,52518,43200,60582,,60379
step_up,naive,2,296497,55366,46080,60539,60245,60245
step_up,naive,2,301913,58214,50400,60511,,60320
step_up,naive,2,312080,62486,54720,60509,,60495
step_up,naive,2,316172,65334,59040,60465,60162,60162
step_up,naive,2,320036,68182,60480,60430,,60192
step_up,naive,2,324102,71030,63360,60409,,60268
step_up,naive,2,331194,73878,69120,60371,,60175
step_up,naive,2,334640,76726,72000,60362,,60304
step_up,naive,2,341544,79574,74880,60343,,60336
step_up,naive,2,343950,82422,77760,60339,,60318
step_up,naive,2,346888,85270,80640,60324,,60219
step_up,naive,2,349355,88118,82080,60317,,60273
step_up,naive,2,352467,90966,84960,60311,,60270
step_up,naive,2,354732,93814,86400,60300,,60230
step_up,naive,2,356888,96662,87840,60306,,60350
step_up,naive,2,359346,99510,89280,60308,,60323
step_up,naive,2,361787,102358,92160,60304,,60277
step_up,naive,2,363965,105206,95040,60301,,60284
step_up,naive,2,366207,108054,96480,60288,,60200
step_up,naive,2,368744,110902,99360,60284,,60256
step_up,naive,2,372541,113750,105120,60298,,60399
step_up,naive,2,375035,116598,110880,60302,,60335
step_up,naive,2,376600,119446,112320,60290,,60212
step_up,naive,2,379187,122294,115200,60283,,60238
step_up,naive,2,380735,125142,116640,60269,,60178
step_up,naive,2,383191,127990,120960,60262,,60214
step_up,naive,2,384844,130838,122400,60260,,60246
step_up,naive,2,387224,133686,126720,60254,,60214
step_up,naive,2,388790,136534,128160,60250,,60223
step_up,naive,2,391260,139382,133920,60247,,60232
step_up,naive,2,392873,142230,135360,60248,,60262
step_up,naive,2,394540,145078,138240,60254,,60301
step_up,naive,2,396533,147926,141120,60249,,60218
step_up,naive,2,397917,150774,144000,60236,60146,60146
step_up,naive,2,399681,153622,146880,60226,,60159
step_up,naive,2,401903,156470,151200,60236,,60308
step_up,naive,2,404259,159318,154080,60250,,60353
step_up,naive,2,405510,162166,156960,60253,,60275
step_up,naive,2,406653,165014,158400,60239,60144,60144
step_up,naive,2,409914,167862,162720,60265,,60276
step_up,naive,2,416368,179254,156960,60275,,60345
step_up,naive,2,422111,192070,167040,60271,,60245
step_up,naive,2,428027,206310,178560,60264,,60219
step_up,naive,2,433916,220550,192960,60255,,60196
step_up,naive,2,440579,236214,205920,60322,,60797
step_up,naive,2,447656,253302,220320,60508,,61812
step_up,naive,2,454743,270390,236160,60833,,63110
step_up,naive,2,462452,288902,252000,61351,,64983
step_up,naive,2,470806,308838,269280,62107,,67399
step_up,naive,2,489806,331622,286560,63909,,69221
step_up,naive,2,653811,315236,308160,111859,,131128
step_up,naive,2,674162,316038,279360,116391,,131332
step_up,naive,2,704901,316056,240480,121336,,131438
step_up,naive,2,725629,316140,216000,123660,,131125
step_up,naive,2,786619,275400,141120,126276,,118527
step_up,naive,2,1012872,299608,144000,65593,,60239
step_up,naive,2,1023827,317564,144000,64931,,60299
step_up,naive,2,1079259,324000,141120,62628,,60188
step_up,naive,2,1156705,317564,190080,61720,,63399
step_up,naive,2,1238186,317884,165600,69163,,77134
step_up,naive,2,1321549,324000,161280,69979,,67381
step_up,naive,2,1381982,317884,195840,68071,,66301
step_up,naive,2,1402284,318396,187200,68075,,69004
step_up,naive,2,1566974,324000,161280,71552,,66888
step_up,naive,2,1628105,318396,194400,68713,,66246
step_up,naive,2,1721765,318306,168480,73750,,78625
step_up,naive,2,1804699,275400,145440,72390,,67447
step_up,naive,2,1898989,302456,142560,64818,,60205
step_up,naive,2,1910219,318306,144000,64243,,60218
step_up,naive,2,1964351,324000,142560,62299,,60241
step_up,naive,2,2039680,318306,188640,61724,,63489
step_up,naive,2,2134101,318254,164160,69820,,75357
step_up,naive,2,2195110,324000,161280,69980,,67850
step_up,naive,2,2256693,318254,197280,68315,,66383
step_up,naive,2,2349827,318056,171360,74042,,79564
step_up,naive,2,2380734,318310,161280,74840,,75058
step_up,naive,2,2442918,275400,145440,72286,,68014
step_up,naive,2,2538638,301032,144000,64750,,60167
step_up,naive,2,2549410,318310,142560,64176,,60158
step_up,naive,2,2602669,324000,145440,62247,,60196
step_up,naive,2,2676887,318310,188640,61391,,62706
step_up,naive,2,2831998,275400,142560,69979,,66804
step_up,naive,2,2891366,302456,139680,67235,,67456
step_up,naive,2,2901492,319734,136800,66925,,64755
step_up,naive,2,2954142,324000,141120,65251,,60274
step_up,naive,2,3029322,319734,188640,62683,,62984
step_up,naive,2,3122645,319442,161280,70089,,75237
step_up,naive,2,3175112,275400,145440,70831,,69298
step_up,naive,2,5002082,60391,48960,55373,20261,20261
step_up,naive,2,5013155,85688,,56014,,60503
step_up,naive,2,5022535,160912,35496,51545,,20269
step_up,naive,2,5045532,112638,45140,46987,,20363
step_up,naive,2,5051330,69316,43200,43770,,21253
step_up,naive,2,5071382,42260,31680,40529,,20275
step_up,naive,2,5097318,55192,5008,38007,,20356
step_up,naive,2,5293901,52698,21284,20717,,20418
step_up,naive,2,5318025,50146,20032,20592,,20262
step_up,naive,2,5355563,49876,20032,20431,,20274
step_up,naive,2,5629657,49846,20032,20337,,20284
step_up,naive,2,5707853,48610,21284,20481,,20496
step_up,naive,2,5714150,49846,20032,20466,,20367
step_up,naive,2,5950699,48610,20032,20324,,20268
step_up,naive,2,5993091,54790,20032,20344,,20288
step_up,naive,2,5999154,60970,28796,20337,,20290
step_up,naive,2,6005325,67150,35056,20343,,20385
step_up,naive,2,6011196,73330,43820,20361,,20492
step_up,naive,2,6017383,83218,47576,20502,,21493
step_up,naive,2,6022658,96814,50080,20531,,20737
step_up,naive,2,6028434,110410,53836,20501,,20291
step_up,naive,2,6034345,124006,57592,20465,20213,20213
step_up,naive,2,6039959,127811,60096,20426,20160,20160
step_up,naive,2,6045530,132516,60096,20395,,20181
step_up,naive,2,6050992,141388,60096,20383,,20300
step_up,naive,2,6056477,149132,62600,20355,,20163
step_up,naive,2,6061899,152447,65104,20333,,20186
step_up,naive,2,6067327,153232,68860,20315,,20192
step_up,naive,2,6072694,156875,71364,20297,,20173
step_up,naive,2,6078202,162668,72616,20277,20140,20140
step_up,naive,2,6083770,168437,75120,20267,,20199
step_up,naive,2,6088987,176616,76372,20251,,20142
step_up,naive,2,6094492,181980,78876,20242,,20186
step_up,naive,2,6099969,185033,82632,20252,,20323
step_up,naive,2,6105333,191057,85136,20243,,20185
step_up,naive,2,6127032,214541,167768,20225,,20214
step_up,naive,2,6132440,247913,181540,20224,,20223
step_up,naive,2,6137700,302297,194060,20233,,20296
step_up,naive,2,6142552,356681,237880,20211,20060,20060
step_up,naive,2,6147967,390053,320512,20289,,20840
step_up,naive,2,6153347,430841,349308,20361,,20869
step_up,naive,2,6163127,490169,371844,20914,,23327
step_up,naive,2,6178424,550733,429436,23072,,29468
step_up,naive,2,6244731,543984,489532,35773,,40535
step_up,naive,2,6249869,544356,461988,36390,,40714
step_up,naive,2,6319276,467183,231620,46047,,40704
step_up,naive,2,6518546,526511,237880,20469,,20117
step_up,naive,2,6523677,544464,237880,20431,,20167
step_up,naive,2,6538924,549628,237880,20373,,20160
step_up,naive,2,6564303,544464,309244,20342,,20978
step_up,naive,2,6599921,545190,257912,22704,,24247
step_up,naive,2,6615306,467183,236628,22737,,22178
step_up,naive,2,6658060,527747,247896,21533,,20957
step_up,naive,2,6663108,549628,246644,21406,,20518
step_up,naive,2,6759950,467183,235376,23003,,22025
step_up,naive,2,6821090,527747,236628,20750,,20082
step_up,naive,2,6826291,549628,237880,20666,,20079
step_up,naive,2,6897898,542718,267928,22540,,25049
step_up,naive,2,6902990,541962,260416,22780,,24466
step_up,naive,2,6918194,467183,237880,22852,,22371
step_up,naive,2,6948861,526511,237880,21524,,20165
step_up,naive,2,6953922,541962,237880,21346,,20102
step_up,naive,2,6969156,549628,237880,20930,,20108
step_up,naive,2,6994555,541962,311748,20655,,21055
step_up,naive,2,7025344,543198,271684,22880,,25585
step_up,naive,2,7050744,467183,234124,23091,,22101
step_up,naive,2,7076187,514151,246644,22044,,21052
step_up,naive,2,7081255,543198,245392,21903,,20916
step_up,naive,2,7101622,549628,247896,21466,,20875
step_up,naive,2,7126905,543198,315504,21122,,21268
step_up,naive,2,7163179,545530,280448,24086,,26814
step_up,naive,2,7193582,467183,235376,23859,,22171
step_up,naive,3,1341,15360,1998,,,
step_up,naive,3,62314,16871,1879,60973,60973,60973
step_up,naive,3,63418,18718,2504,61111,,62077
step_up,naive,3,123132,21190,10080,61049,60619,60619
step_up,naive,3,140253,24038,10080,60988,60563,60563
step_up,naive,3,156873,26886,10080,60928,60513,60513
step_up,naive,3,173665,29734,11520,60859,60383,60383
step_up,naive,3,249994,32582,27360,60555,,60283
step_up,naive,3,254269,35430,28800,60527,,60333
step_up,naive,3,260561,38278,30240,60501,,60323
step_up,naive,3,266117,41126,31680,60471,60265,60265
step_up,naive,3,272434,43974,36000,60442,60241,60241
step_up,naive,3,277809,46822,37440,60424,,60301
step_up,naive,3,283295,49670,40320,60403,,60261
step_up,naive,3,288885,52518,43200,60383,,60250
step_up,naive,3,294721,55366,47520,60368,,60266
step_up,naive,3,299745,58214,50400,60350,60229,60229
step_up,naive,3,310299,62486,54720,60336,,60238
step_up,naive,3,314628,65334,59040,60331,,60299
step_up,naive,3,322253,68182,63360,60329,,60270
step_up,naive,3,326437,71030,66240,60321,,60268
step_up,naive,3,329005,73878,69120,60308,60218,60218
step_up,naive,3,332466,76726,70560,60310,,60331
step_up,naive,3,336052,79574,73440,60300,,60230
step_up,naive,3,338513,82422,74880,60295,,60265
step_up,naive,3,341239,85270,76320,60285,60215,60215
step_up,naive,3,343973,88118,79200,60274,60198,60198
step_up,naive,3,346747,90966,80640,60270,,60246
step_up,naive,3,349393,93814,83520,60265,,60232
step_up,naive,3,351990,96662,84960,60255,60185,60185
step_up,naive,3,357142,99510,90720,60246,,60208
step_up,naive,3,359614,102358,92160,60250,,60283
step_up,naive,3,362289,105206,95040,60252,,60270
step_up,naive,3,364507,108054,97920,60246,,60209
step_up,naive,3,366197,110902,100800,60240,,60199
step_up,naive,3,370602,113750,108000,60242,,60259
step_up,naive,3,372787,116598,109440,60235,,60192
step_up,naive,3,374850,119446,112320,60229,,60191
step_up,naive,3,377202,122294,116640,60227,,60213
step_up,naive,3,379231,125142,119520,60222,,60188
step_up,naive,3,381537,127990,122400,60220,,60209
step_up,naive,3,383617,130838,125280,60218,,60205
step_up,naive,3,385051,133686,128160,60206,60126,60126
step_up,naive,3,387018,136534,131040,60208,,60225
step_up,naive,3,389105,139382,133920,60198,,60131
step_up,naive,3,390738,142230,136800,60194,,60171
step_up,naive,3,392679,145078,139680,60189,,60156
step_up,naive,3,394971,147926,142560,60185,,60160
step_up,naive,3,396305,150774,145440,60180,,60148
step_up,naive,3,397832,153622,148320,60173,,60131
step_up,naive,3,399806,156470,151200,60169,,60142
step_up,naive,3,401406,159318,154080,60164,,60130
step_up,naive,3,402759,162166,155520,60159,,60127
step_up,naive,3,404325,165014,158400,60155,,
step_up,naive,3,407511,167862,162720,60161,,60236
step_up,naive,3,413964,180678,155520,60167,,60209
step_up,naive,3,419949,193494,168480,60165,,60151
step_up,naive,3,426313,207734,180000,60176,,60255
step_up,naive,3,432094,221974,194400,60178,,60199
step_up,naive,3,439196,239062,205920,60245,,60719
step_up,naive,3,446293,256150,223200,60436,,61775
step_up,naive,3,453398,273238,239040,60780,,63193
step_up,naive,3,461057,291750,254880,61308,,65006
step_up,naive,3,469494,311686,272160,62083,,67509
step_up,naive,3,497835,335894,288000,65100,,73570
step_up,naive,3,652001,314992,311040,111318,,132625
step_up,naive,3,662063,315618,289440,113915,,132096
step_up,naive,3,672684,315738,277920,116230,,132439
step_up,naive,3,785436,275400,139680,126767,,117277
step_up,naive,3,977433,299608,144000,68199,,60534
step_up,naive,3,988190,317162,142560,67228,,60434
step_up,naive,3,1041578,324000,144000,63792,,60137
step_up,naive,3,1115389,317162,187200,62003,,62455
step_up,naive,3,1146419,318982,175680,63520,,68416
step_up,naive,3,1259550,324000,164160,69858,,68758
step_up,naive,3,1320574,318982,198720,68876,,67361
step_up,naive,3,1516826,275400,145440,72918,,67659
step_up,naive,3,1548177,299608,146880,70386,,63932
step_up,naive,3,1558271,318982,146880,69427,,62717
step_up,naive,3,1609841,324000,144000,65115,,60194
step_up,naive,3,1682665,318982,187200,62516,,62578
step_up,naive,3,1766176,317558,165600,69138,,76605
step_up,naive,3,1776291,316704,162720,69925,,75438
step_up,naive,3,1848035,275400,144000,69609,,66117
step_up,naive,3,1858077,299608,144000,69062,,65238
step_up,naive,3,1868236,316704,141120,68442,,64106
step_up,naive,3,1919966,324000,141120,64707,,60154
step_up,naive,3,1995438,318128,188640,62377,,62839
step_up,naive,3,2088628,317594,162720,69981,,75679
step_up,naive,3,2109417,317874,155520,70771,,72910
step_up,naive,3,2151031,275400,144000,70094,,67279
step_up,naive,3,2172698,301032,145440,69080,,65362
step_up,naive,3,2182845,317874,145440,68404,,63672
step_up,naive,3,2235479,324000,145440,64622,,60210
step_up,naive,3,2310233,317874,188640,62421,,62770
step_up,naive,3,2372009,318170,171360,66792,,74463
step_up,naive,3,2463876,275400,145440,70003,,67723
step_up,naive,3,4565062,301032,142560,60209,,60175
step_up,naive,3,4576099,318170,142560,60205,,60184
step_up,naive,3,4628261,324000,142560,60191,,60149
step_up,naive,3,4693287,318170,185760,60332,,61286
step_up,naive,3,4776032,318962,161280,67385,,74819
step_up,naive,3,4838891,275400,145440,68561,,66538
step_up,naive,3,5033061,46723,45448,58972,20238,20238
step_up,naive,3,5043245,67600,25040,54134,,20270
step_up,naive,3,5053342,70576,25544,49943,,20611
step_up,naive,3,5058604,134946,36000,46232,,20260
step_up,naive,3,5076160,124978,34560,45899,20188,20188
step_up,naive,3,5081816,130674,40068,43071,,23282
step_up,naive,3,5102051,45684,34560,40222,,20284
step_up,naive,3,5125095,94462,33996,31958,,20206
step_up,naive,3,5288584,84768,34560,20635,,20271
step_up,naive,3,5312583,81920,34560,20484,,20189
step_up,naive,3,5335335,81834,34560,20364,,20170
step_up,naive,3,5412104,81826,34560,20249,,20243
step_up,naive,3,5518549,81782,34560,20228,,20214
step_up,naive,3,5807786,81772,34560,20225,,20197
step_up,naive,3,5986592,80348,34560,20220,,20196
step_up,naive,3,6022427,81772,33120,20207,,20237
step_up,naive,3,6384219,80348,33120,20306,,20297
step_up,naive,3,6396868,81772,33120,20275,,20165
step_up,naive,3,6486386,83196,31680,20457,,20167
step_up,naive,3,6556341,83060,34560,20233,,20164
step_up,naive,3,6701153,94452,34560,20179,,20188
step_up,naive,3,6707377,104420,40320,20192,,20287
step_up,naive,3,6713075,110790,43200,20192,,20192
step_up,naive,3,6725015,123606,47520,20216,,20238
step_up,naive,3,6730386,127340,51840,20201,20098,20098
step_up,naive,3,6748111,134484,60480,20174,,20160
step_up,naive,3,6753687,136621,61920,20169,,20135
step_up,naive,3,6759023,144912,61920,20166,,20146
step_up,naive,3,6764222,151372,64800,20161,,20127
step_up,naive,3,6769576,155004,66240,20158,,20140
step_up,naive,3,6775191,156633,70560,20159,,20170
step_up,naive,3,6780705,159193,73440,20157,,20143
step_up,naive,3,6786008,165414,74880,20154,,20137
step_up,naive,3,6791362,173829,74880,20148,,20112
step_up,naive,3,6796978,180082,79200,20147,,20147
step_up,naive,3,6802400,185657,82080,20144,,20126
step_up,naive,3,6809109,196312,83520,20161,,20280
step_up,naive,3,6836346,231912,161335,20179,,20124
step_up,naive,3,6841548,286024,178615,20170,,20111
step_up,naive,3,6846852,337288,229015,20177,,20233
step_up,naive,3,6852029,378584,296695,20247,,20737
step_up,naive,3,6857604,402831,354240,20344,,21028
step_up,naive,3,6863107,464063,341280,20491,,21524
step_up,naive,3,6883633,525295,403200,23182,,29909
step_up,naive,3,6888757,586527,463680,24163,,31032
step_up,naive,3,6944992,546458,525600,36431,,45643
step_up,naive,3,6970381,546860,362880,41035,,45879
step_up,naive,3,6980739,547012,299520,42135,,45662
step_up,naive,3,6990907,474912,236160,42172,,39796
step_up,naive,3,7165152,536144,239040,20442,,20084
step_up,naive,3,7170348,546412,239040,20414,,20225
step_up,naive,3,7185639,558720,239040,20308,,20138
step_up,naive,3,7211113,544988,312480,20316,,21001
step_up,naive,3,7226398,545864,289440,21170,,23774
step_up,naive,3,7262060,474912,239040,22760,,22280
step_up,naive,3,7282422,530448,239040,21870,,20084
step_up,naive,3,7287472,545864,239040,21649,,20105
step_up,naive,3,7302890,558720,239040,21133,,20101
step_up,naive,3,7328363,545142,312480,20735,,20954
step_up,naive,3,7344199,546566,295200,21533,,24314
step_up,naive,3,7349268,549414,283680,21949,,24863
step_up,naive,3,7359458,548842,269280,22748,,25035
step_up,naive,3,7400231,558720,239040,22003,,20080
step_up,naive,3,7425901,548842,313920,21207,,21064
step_up,naive,3,7441232,548958,292320,21809,,23902
step_up,naive,3,7481930,474912,240480,23168,,22413
step_up,naive,3,7605875,537568,240480,20460,,20290
step_up,naive,3,7611073,556078,240480,20426,,20190
step_up,naive,3,7626371,558720,239040,20316,,20075
step_up,naive,3,7652340,556078,313920,20332,,21075
step_up,naive,3,7688094,555622,263520,22813,,24573
step_up,naive,3,7708574,474912,233280,22780,,21819
step_up,naive,3,7877243,536144,244800,20382,,20602
step_up,naive,3,7882359,545654,243360,20396,,20495
step_up,naive,3,7897664,558720,241920,20368,,20264
step_up,naive,3,7923008,544230,313920,20384,,21176
step_up,naive,3,7943383,544534,285120,21721,,24857
step_up,naive,3,7973963,474912,240480,22927,,22486
step_up,naive,4,1372,15360,1998,,,
step_up,naive,4,62280,16871,1879,60908,60908,60908
step_up,naive,4,63457,18718,2504,61055,,62085
step_up,naive,4,122898,21190,10080,60976,60426,60426
step_up,naive,4,139935,24038,10080,60913,,60475
step_up,naive,4,156716,26886,10080,60848,60399,60399
step_up,naive,4,173599,29734,11520,60786,60358,60358
step_up,naive,4,250328,32582,27360,60577,,60374
step_up,naive,4,256766,35430,30240,60558,,60432
step_up,naive,4,262461,38278,31680,60532,,60352
step_up,naive,4,268369,41126,33120,60497,60254,60254
step_up,naive,4,274131,43974,34560,60482,,60382
step_up,naive,4,279831,46822,37440,60469,,60384
step_up,naive,4,285304,49670,40320,60443,,60268
step_up,naive,4,291243,52518,43200,60428,,60325
step_up,naive,4,296654,55366,47520,60415,,60330
step_up,naive,4,301233,58214,48960,60404,,
step_up,naive,4,310782,62486,54720,60401,,60381
step_up,naive,4,315591,65334,59040,60402,,60410
step_up,naive,4,319691,68182,61920,60394,,60343
step_up,naive,4,323854,71030,66240,60380,,60284
step_up,naive,4,331260,73878,69120,60360,,60267
step_up,naive,4,334567,76726,72000,60356,,60329
step_up,naive,4,337920,79574,74880,60346,,60283
step_up,naive,4,340423,82422,76320,60333,60245,60245
step_up,naive,4,343450,85270,79200,60333,,60333
step_up,naive,4,346685,88118,82080,60321,60244,60244
step_up,naive,4,351667,90966,86400,60306,,60276
step_up,naive,4,354138,93814,87840,60291,60190,60190
step_up,naive,4,356696,96662,90720,60278,60188,60188
step_up,naive,4,359224,99510,92160,60269,,60212
step_up,naive,4,361596,102358,95040,60259,,60191
step_up,naive,4,363988,105206,96480,60253,,60214
step_up,naive,4,366273,108054,99360,60245,,60194
step_up,naive,4,368604,110902,102240,60243,,60234
step_up,naive,4,371222,113750,105120,60258,,60367
step_up,naive,4,373535,116598,108000,60262,,60293
step_up,naive,4,375987,119446,112320,60260,,60250
step_up,naive,4,377608,122294,115200,60262,,60282
step_up,naive,4,379986,125142,118080,60259,,60242
step_up,naive,4,381551,127990,120960,60248,60177,60177
step_up,naive,4,383935,130838,123840,60243,,60210
step_up,naive,4,385521,133686,126720,60232,60155,60155
step_up,naive,4,387645,136534,129600,60226,,60185
step_up,naive,4,389188,139382,131040,60212,60116,60116
step_up,naive,4,391527,142230,135360,60213,,60224
step_up,naive,4,393908,145078,139680,60214,,60221
step_up,naive,4,395032,147926,141120,60199,60098,60098
step_up,naive,4,397509,150774,145440,60206,,60260
step_up,naive,4,398735,153622,148320,60210,,60241
step_up,naive,4,400580,156470,151200,60198,,60118
step_up,naive,4,402022,159318,154080,60195,,60174
step_up,naive,4,403648,162166,156960,60189,,60153
step_up,naive,4,405222,165014,159840,60180,,60117
step_up,naive,4,406835,167862,162720,60170,,60102
step_up,naive,4,408392,170710,165600,60166,,60142
step_up,naive,4,414419,182102,159840,60172,,60221
step_up,naive,4,421076,194918,169920,60189,,60313
step_up,naive,4,426830,209158,181440,60191,,60206
step_up,naive,4,432649,223398,195840,60181,,60114
step_up,naive,4,439302,239062,208800,60261,,60824
step_up,naive,4,446424,256150,223200,60463,,61883
step_up,naive,4,452927,271814,240480,60807,,63216
step_up,naive,4,460616,290326,253440,61343,,65099
step_up,naive,4,468919,310262,270720,62112,,67499
step_up,naive,4,496805,334470,286560,65158,,73228
step_up,naive,4,650356,315900,309600,110819,,131860
step_up,naive,4,691807,315988,254880,119502,,131815
step_up,naive,4,733304,316000,203040,124760,,132610
step_up,naive,4,743873,316186,190080,125776,,132895
step_up,naive,4,785413,277848,139680,126769,,117240
step_up,naive,4,1019536,303480,142560,64841,,60194
step_up,naive,4,1029630,317610,144000,64258,,60179
step_up,naive,4,1074960,317552,145440,62563,,60156
step_up,naive,4,1085013,326880,144000,62256,,60108
step_up,naive,4,1159719,317552,187200,61378,,62773
step_up,naive,4,1201652,317914,175680,64097,,70509
step_up,naive,4,1222048,318104,168480,66333,,74430
step_up,naive,4,1358718,326880,142560,67971,,60767
step_up,naive,4,1457628,319528,187200,64867,,64429
step_up,naive,4,1551731,318478,164160,70654,,74864
step_up,naive,4,1614471,326880,161280,70368,,67342
step_up,naive,4,1676615,318478,194400,68322,,66392
step_up,naive,4,1708735,319784,184320,68839,,71644
step_up,naive,4,1854036,277848,145440,72456,,67993
step_up,naive,4,1984344,306328,141120,63373,,60301
step_up,naive,4,1996079,319784,141120,62987,,60287
step_up,naive,4,2051122,326880,142560,61667,,60247
step_up,naive,4,2126648,319784,188640,61227,,62990
step_up,naive,4,2187918,321614,171360,66406,,74723
step_up,naive,4,2293681,277848,141120,70035,,67362
step_up,naive,4,2420824,303480,145440,62749,,60319
step_up,naive,4,2431915,321614,142560,62439,,60275
step_up,naive,4,2486255,326880,145440,61384,,60279
step_up,naive,4,2563524,321614,191520,61182,,63382
step_up,naive,4,2657295,321152,165600,70211,,76538
step_up,naive,4,2739772,277848,142560,70267,,66963
step_up,naive,4,2803992,303480,142560,65664,,60369
step_up,naive,4,2814966,321152,144000,64990,,60273
step_up,naive,4,2869271,326880,142560,62686,,60193
step_up,naive,4,2955839,321152,192960,62083,,64186
step_up,naive,4,3048806,319566,167040,71101,,77327
step_up,naive,4,3131285,277848,144000,70976,,67423
step_up,naive,4,3162638,302056,144000,68908,,63465
step_up,naive,4,3172793,319566,142560,68053,,62072
step_up,naive,4,3226630,326880,142560,64293,,60292
step_up,naive,4,3302291,318142,190080,62294,,63117
step_up,naive,4,3333236,319364,178560,63934,,69021
step_up,naive,4,3456009,277848,145440,70396,,68108
step_up,naive,4,5003174,57575,51840,55272,20310,20310
step_up,naive,4,5014520,85156,,55897,,60276
step_up,naive,4,5023615,136145,26356,51440,20245,20245
step_up,naive,4,5047115,95301,33996,46828,,20499
step_up,naive,4,5074216,31616,25920,44414,,20263
step_up,naive,4,5101343,46697,1252,41407,,20359
step_up,naive,4,5286820,37552,11268,20977,,20348
step_up,naive,4,5312704,29008,11268,20711,,20310
step_up,naive,4,5339635,28256,11268,20548,,
step_up,naive,4,5374900,28254,11268,20436,,20338
step_up,naive,4,5414293,28252,11268,20368,,20340
step_up,naive,4,5838126,27016,11268,20328,,20314
step_up,naive,4,6063625,27012,11268,20322,,20307
step_up,naive,4,6070395,26992,11268,20321,,20318
step_up,naive,4,6262222,30700,11268,20319,,20304
step_up,naive,4,6268344,34408,23788,20311,,20260
step_up,naive,4,6275704,38116,31300,20325,,20430
step_up,naive,4,6281708,41824,35056,20329,,20357
step_up,naive,4,6287619,55420,28796,20324,,20295
step_up,naive,4,6292752,67780,33804,20339,,20448
step_up,naive,4,6298073,76432,41316,20328,,20254
step_up,naive,4,6307249,83848,61348,20707,,23362
step_up,naive,4,6312900,101152,60096,20670,,20414
step_up,naive,4,6318197,117220,60096,20622,,20293
step_up,naive,4,6323555,130778,60096,20573,20233,20233
step_up,naive,4,6329014,140304,60096,20535,,20274
step_up,naive,4,6334550,155377,62600,20517,,20391
step_up,naive,4,6350635,155584,72616,20452,,20353
step_up,naive,4,6355923,159609,73868,20438,,20343
step_up,naive,4,6361142,170084,73868,20402,20156,20156
step_up,naive,4,6366623,177698,76372,20374,,20178
step_up,naive,4,6372040,184309,78876,20344,20137,20137
step_up,naive,4,6377554,188559,82632,20320,,20154
step_up,naive,4,6398893,212043,165264,20294,,20312
step_up,naive,4,6409282,263955,160256,20275,,20232
step_up,naive,4,6414471,317103,205328,20270,,20240
step_up,naive,4,6419546,354183,271684,20310,,20597
step_up,naive,4,6424815,399915,307992,20344,,20582
step_up,naive,4,6430152,422163,378104,20438,,21099
step_up,naive,4,6439427,480255,364332,21177,,24250
step_up,naive,4,6454679,538347,421924,23524,,29622
step_up,naive,4,6464869,600147,475760,25836,,33957
step_up,naive,4,6517002,547912,539612,36608,,46488
step_up,naive,4,6522105,549148,483272,37836,,46435
step_up,naive,4,6563304,478890,234124,42662,,39736
step_up,naive,4,6833195,532038,249148,20396,,21136
step_up,naive,4,6838306,547858,249148,20473,,21012
step_up,naive,4,6853901,563400,244140,20568,,20621
step_up,naive,4,6879648,552862,313000,20563,,21136
step_up,naive,4,6890142,553450,297976,21070,,23148
step_up,naive,4,6930802,478890,239132,23019,,22494
step_up,naive,4,7115936,532038,247896,20651,,20963
step_up,naive,4,7121104,547270,246644,20667,,20785
step_up,naive,4,7136427,563400,241636,20614,,20438
step_up,naive,4,7162155,547270,314252,20617,,21182
step_up,naive,4,7182477,547900,284204,21867,,24869
step_up,naive,4,7218608,563400,262920,22941,,22197
step_up,naive,4,7239392,547900,325520,22596,,22262
step_up,naive,4,7275238,547428,272936,24286,,25697
step_up,naive,4,7301259,478890,237880,23878,,22297
step_up,naive,4,7435018,539454,237880,20312,,20171
step_up,naive,4,7440125,547140,237880,20299,,20208
step_up,naive,4,7450458,546828,237880,20278,,20222
step_up,naive,4,7455525,563400,237880,20260,,20134
step_up,naive,4,7481199,546828,313000,20360,,21088
step_up,naive,4,7511868,547302,274188,22581,,25180
step_up,naive,4,7532452,563400,270432,22940,,22801
step_up,naive,4,7552972,547302,325520,22758,,22424
step_up,naive,4,7614431,478890,237880,23947,,22282
step_up,naive,4,7655439,539454,237880,21581,,20123
step_up,naive,4,7660518,547302,237880,21405,,20176
step_up,naive,4,7676115,563400,240384,21035,,20315
step_up,naive,4,7701937,547302,318008,20800,,21419
step_up,naive,4,7737825,547150,266676,23248,,25126
step_up,naive,4,7758468,478890,236628,23202,,22234
step_up,naive,5,2160,15360,1998,,,
step_up,naive,5,63289,16871,1879,61129,61129,61129
step_up,naive,5,64507,18718,2504,61281,,62347
step_up,naive,5,124367,21190,10080,61223,60822,60822
step_up,naive,5,140885,24038,10080,61122,60417,60417
step_up,naive,5,157803,26886,10080,61033,60413,60413
step_up,naive,5,174687,29734,11520,60950,60373,60373
step_up,naive,5,250668,32582,27360,60638,,60329
step_up,naive,5,255485,35430,30240,60624,,60526
step_up,naive,5,261723,38278,31680,60592,,60375
step_up,naive,5,267215,41126,31680,60553,60283,60283
step_up,naive,5,273745,43974,36000,60531,,60380
step_up,naive,5,278958,46822,37440,60507,,60346
step_up,naive,5,284519,49670,40320,60485,,60336
step_up,naive,5,290068,52518,43200,60469,,60360
step_up,naive,5,295520,55366,46080,60457,,60380
step_up,naive,5,301189,58214,50400,60443,,60345
step_up,naive,5,311186,62486,54720,60441,,60433
step_up,naive,5,315963,65334,59040,60447,,60495
step_up,naive,5,319561,68182,61920,60431,,60325
step_up,naive,5,323450,71030,64800,60414,,60295
step_up,naive,5,330902,73878,69120,60395,,60343
step_up,naive,5,333780,76726,70560,60393,,60383
step_up,naive,5,336787,79574,73440,60382,,60311
step_up,naive,5,339773,82422,74880,60373,,60310
step_up,naive,5,342616,85270,77760,60366,,60321
step_up,naive,5,345354,88118,79200,60361,,60331
step_up,naive,5,350789,90966,83520,60357,,60315
step_up,naive,5,353450,93814,86400,60359,,60373
step_up,naive,5,355920,96662,87840,60352,,60309
step_up,naive,5,358414,99510,90720,60347,,60317
step_up,naive,5,361188,102358,93600,60401,,60784
step_up,naive,5,363054,105206,96480,60389,,60306
step_up,naive,5,365745,108054,97920,60406,,60532
step_up,naive,5,367407,110902,100800,60392,,60299
step_up,naive,5,371745,113750,106560,60402,,60477
step_up,naive,5,373896,116598,110880,60378,60217,60217
step_up,naive,5,376250,119446,113760,60363,,60259
step_up,naive,5,377949,122294,115200,60347,,60237
step_up,naive,5,379862,125142,118080,60332,,60234
step_up,naive,5,382630,127990,122400,60359,,60549
step_up,naive,5,383964,130838,123840,60342,,60229
step_up,naive,5,386343,133686,128160,60329,,60243
step_up,naive,5,387884,136534,129600,60317,,60233
step_up,naive,5,390349,139382,133920,60315,,60303
step_up,naive,5,391722,142230,136800,60304,,60232
step_up,naive,5,394214,145078,139680,60307,,60335
step_up,naive,5,395647,147926,142560,60300,,60255
step_up,naive,5,397096,150774,145440,60286,60195,60195
step_up,naive,5,399087,153622,148320,60302,,60414
step_up,naive,5,400538,156470,151200,60290,,60209
step_up,naive,5,402141,159318,154080,60277,60190,60190
step_up,naive,5,404331,162166,156960,60288,,60372
step_up,naive,5,405704,165014,159840,60284,,60257
step_up,naive,5,408570,167862,162720,60291,,60321
step_up,naive,5,415047,180678,155520,60289,,60278
step_up,naive,5,420336,192070,168480,60280,,60217
step_up,naive,5,427416,206310,178560,60300,,60444
step_up,naive,5,433335,221974,191520,60306,,60352
step_up,naive,5,439807,237638,207360,60361,,60747
step_up,naive,5,446984,254726,221760,60552,,61896
step_up,naive,5,454036,271814,237600,60896,,63310
step_up,naive,5,461717,290326,253440,61430,,65168
step_up,naive,5,470202,310262,270720,62216,,67725
step_up,naive,5,498489,334470,286560,65169,,73415
step_up,naive,5,653265,317922,309600,111395,,132690
step_up,naive,5,705389,317934,243360,121929,,133331
step_up,naive,5,788385,279072,141120,127364,,118512
step_up,naive,5,937268,306128,142560,74141,,60291
step_up,naive,5,948651,317934,142560,72399,,60209
step_up,naive,5,970474,317722,142560,69554,,60279
step_up,naive,5,1003620,328320,141120,66486,,60259
step_up,naive,5,1082097,317586,190080,63231,,63549
step_up,naive,5,1175772,316718,161280,70812,,76472
step_up,naive,5,1237920,279072,144000,70354,,66925
step_up,naive,5,1268733,303280,142560,68372,,62958
step_up,naive,5,1278875,316718,139680,67572,,61975
step_up,naive,5,1332864,328320,142560,64039,,60326
step_up,naive,5,1410615,316718,188640,62254,,63269
step_up,naive,5,1462322,316938,171360,65801,,72849
step_up,naive,5,1493248,318120,164160,69227,,76863
step_up,naive,5,1565426,279072,142560,70013,,67263
step_up,naive,5,1660004,303280,142560,63982,,60324
step_up,naive,5,1671142,318120,142560,63518,,60270
step_up,naive,5,1724558,328320,135360,62135,,60851
step_up,naive,5,1798470,318120,188640,61378,,62829
step_up,naive,5,1890372,316656,161280,69409,,74800
step_up,naive,5,1901033,318214,156960,69974,,73935
step_up,naive,5,1953132,279072,144000,69608,,66853
step_up,naive,5,2093897,303280,145440,62301,,60224
step_up,naive,5,2103994,318214,144000,62047,,60269
step_up,naive,5,2159076,328320,144000,61163,,60229
step_up,naive,5,2236046,318138,188640,61148,,63520
step_up,naive,5,2391859,279072,145440,70052,,67333
step_up,naive,5,4999763,70375,50400,55289,20408,20408
step_up,naive,5,5010961,94640,,55959,,60655
step_up,naive,5,5020347,158064,43008,51501,20299,20299
step_up,naive,5,5042182,110644,46392,43030,20185,20185
step_up,naive,5,5068427,41664,33120,41846,,20235
step_up,naive,5,5094068,54215,1252,39141,,20209
step_up,naive,5,5132283,59159,16276,31336,,20248
step_up,naive,5,5138245,64103,25040,29957,,20304
step_up,naive,5,5144619,69047,36308,28736,,20193
step_up,naive,5,5151445,73991,46324,27670,,20212
step_up,naive,5,5157512,87587,47576,26744,,20264
step_up,naive,5,5162670,99947,50080,25941,,20323
step_up,naive,5,5168105,112307,53836,25236,,20307
step_up,naive,5,5173640,124667,57592,24612,,20246
step_up,naive,5,5178945,138263,60096,24082,,20376
step_up,naive,5,5184220,144240,60096,23597,,20209
step_up,naive,5,5189720,152099,60096,23180,,20265
step_up,naive,5,5195135,159198,62600,22811,,20235
step_up,naive,5,5200611,164092,65104,22486,,20217
step_up,naive,5,5211404,166945,71364,21949,20166,20166
step_up,naive,5,5216917,171139,72616,21720,20124,20124
step_up,naive,5,5222428,176752,75120,21548,,20351
step_up,naive,5,5227729,184328,76372,21373,,20155
step_up,naive,5,5233170,189870,78876,21218,,20136
step_up,naive,5,5238760,192185,82632,21115,,20395
step_up,naive,5,5243968,195532,86388,21005,,20242
step_up,naive,5,5270601,226432,165264,20630,,20314
step_up,naive,5,5275887,279580,172776,20588,,20295
step_up,naive,5,5280721,333964,214092,20532,,20147
step_up,naive,5,5285991,372280,281700,20548,,20665
step_up,naive,5,5291589,393292,351812,20596,,20933
step_up,naive,5,5295944,447676,339292,20731,,21679
step_up,naive,5,5311087,508240,386868,22073,,26689
step_up,naive,5,5321683,570040,445712,23822,,29950
step_up,naive,5,5383265,549494,508312,37593,,45600
step_up,naive,5,5429523,476761,226612,42135,,38424
step_up,naive,5,5537337,538561,244140,23041,,20670
step_up,naive,5,5542493,560896,242888,22727,,20534
step_up,naive,5,5640421,476761,239132,23472,,22536
step_up,naive,5,5834363,538561,254156,22332,,21445
step_up,naive,5,5839530,546960,252904,22211,,21370
step_up,naive,5,5860163,560896,246644,21740,,20926
step_up,naive,5,5886549,546960,325520,21375,,22064
step_up,naive,5,5891633,553042,310496,21511,,22463
step_up,naive,5,5896812,553054,302984,21750,,23430
step_up,naive,5,5917378,560030,274188,23299,,25713
step_up,naive,5,5943159,476761,241636,23387,,22318
step_up,naive,5,6021058,538561,241636,20683,,20140
step_up,naive,5,6026293,559400,242888,20631,,20268
step_up,naive,5,6041837,560896,242888,20495,,20213
step_up,naive,5,6062317,559400,311748,20587,,20867
step_up,naive,5,6098031,551294,266676,22839,,24554
step_up,naive,5,6103237,552364,257912,22980,,23968
step_up,naive,5,6121032,476761,236628,23164,,22276
step_up,naive,5,6259824,539797,239132,20274,,20159
step_up,naive,5,6264911,560896,239132,20261,,20175
step_up,naive,5,6358179,476761,239132,22842,,22399
step_up,specreset,1,2099,15360,1998,,,
step_up,specreset,1,63278,16871,1879,61179,61179,61179
step_up,specreset,1,64481,18718,2504,61329,,62382
step_up,specreset,1,124099,21190,10080,61241,60627,60627
step_up,specreset,1,140798,24038,10080,61136,60402,60402
step_up,specreset,1,157720,26886,10080,61044,,
step_up,specreset,1,174639,29734,11520,60963,60399,60399
step_up,specreset,1,251146,32582,27360,60621,,60341
step_up,specreset,1,255511,35430,28800,60589,,60371
step_up,specreset,1,261902,38278,31680,60555,,60320
step_up,specreset,1,267209,41126,31680,60524,,60310
step_up,specreset,1,273757,43974,34560,60519,,60489
step_up,specreset,1,278872,46822,37440,60490,,60290
step_up,specreset,1,284402,49670,40320,60465,,60297
step_up,specreset,1,289921,52518,43200,60443,,60293
step_up,specreset,1,295532,55366,46080,60435,,60384
step_up,specreset,1,300863,58214,50400,60415,,60277
step_up,specreset,1,311659,62486,54720,60415,,60415
step_up,specreset,1,315861,65334,59040,60397,,60273
step_up,specreset,1,323731,68182,63360,60388,,60351
step_up,specreset,1,327555,71030,66240,60373,,60274
step_up,specreset,1,331026,73878,69120,60369,,60345
step_up,specreset,1,334185,76726,72000,60363,,60325
step_up,specreset,1,336992,79574,73440,60364,,60371
step_up,specreset,1,340337,82422,74880,60355,,60294
step_up,specreset,1,345803,85270,80640,60330,,60253
step_up,specreset,1,348177,88118,80640,60320,,60255
step_up,specreset,1,351419,90966,84960,60316,,60292
step_up,specreset,1,353781,93814,86400,60313,,60297
step_up,specreset,1,356000,96662,87840,60305,60249,60249
step_up,specreset,1,358482,99510,89280,60301,,60273
step_up,specreset,1,360949,102358,92160,60298,,60282
step_up,specreset,1,363442,105206,95040,60292,,60256
step_up,specreset,1,365754,108054,97920,60288,,60266
step_up,specreset,1,368209,110902,99360,60290,,60309
step_up,specreset,1,372115,113750,108000,60302,,60390
step_up,specreset,1,374346,116598,110880,60296,,60260
step_up,specreset,1,376180,119446,112320,60287,60230,60230
step_up,specreset,1,378499,122294,115200,60278,60222,60222
step_up,specreset,1,380565,125142,118080,60269,60207,60207
step_up,specreset,1,383050,127990,122400,60266,,60250
step_up,specreset,1,384449,130838,123840,60259,,60215
step_up,specreset,1,386795,133686,128160,60254,,60221
step_up,specreset,1,388949,136534,131040,60251,,60234
step_up,specreset,1,390496,139382,132480,60245,,60208
step_up,specreset,1,392455,142230,136800,60239,60204,60204
step_up,specreset,1,394062,145078,138240,60235,,60210
step_up,specreset,1,395803,147926,141120,60226,60164,60164
step_up,specreset,1,397636,150774,144000,60225,,60222
step_up,specreset,1,399391,153622,146880,60224,,
step_up,specreset,1,400981,156470,149760,60217,,60170
step_up,specreset,1,402760,159318,152640,60212,,60184
step_up,specreset,1,404297,162166,155520,60208,,60180
step_up,specreset,1,407609,165014,159840,60215,,60287
step_up,specreset,1,409773,167862,162720,60239,,60411
step_up,specreset,1,415573,179254,156960,60255,,60372
step_up,specreset,1,421412,192070,167040,60260,,60302
step_up,specreset,1,427375,206310,178560,60263,,60285
step_up,specreset,1,434051,221974,191520,60280,,60403
step_up,specreset,1,440517,237638,207360,60345,,60805
step_up,specreset,1,447599,254726,221760,60534,,61860
step_up,specreset,1,454809,271814,237600,60885,,63346
step_up,specreset,1,462424,290326,253440,61415,,65129
step_up,specreset,1,470812,310262,270720,62188,,67603
step_up,specreset,1,499228,334470,286560,65118,,73556
step_up,specreset,1,653951,316664,309600,111491,,132542
step_up,specreset,1,674734,317412,280800,116391,,132666
step_up,specreset,1,695989,318856,254880,120234,,132840
step_up,specreset,1,790977,281520,138240,127476,,116164
step_up,specreset,1,951142,307152,142560,72065,,60284
step_up,specreset,1,961846,318856,144000,70611,,60437
step_up,specreset,1,1015089,331200,144000,65563,,60261
step_up,specreset,1,1091581,318856,190080,62784,,63144
step_up,specreset,1,1184111,318472,164160,70311,,75692
step_up,specreset,1,1265388,331200,159840,69839,,66005
step_up,specreset,1,1326326,318472,194400,67580,,65524
step_up,specreset,1,1419268,317110,165600,72866,,77339
step_up,specreset,1,1502324,281520,144000,71281,,66487
step_up,specreset,1,1610977,307152,142560,63664,,60245
step_up,specreset,1,1622215,317110,141120,63239,,60267
step_up,specreset,1,1678532,331200,142560,61780,,60170
step_up,specreset,1,1762613,317110,187200,61840,,62902
step_up,specreset,1,1793618,318300,177120,63516,,68697
step_up,specreset,1,1927394,331200,158400,69568,,66936
step_up,specreset,1,1990225,318300,192960,67246,,64412
step_up,specreset,1,2082841,317960,167040,72782,,78019
step_up,specreset,1,2166412,281520,145440,71620,,67132
step_up,specreset,1,2197128,305728,144000,69268,,63031
step_up,specreset,1,2207369,317960,142560,68307,,61585
step_up,specreset,1,2260972,331200,142560,64407,,60382
step_up,specreset,1,2336924,317960,190080,62411,,63369
step_up,specreset,1,2429923,317930,161280,70839,,76338
step_up,specreset,1,2502232,281520,141120,69906,,65690
step_up,specreset,1,2642154,308576,142560,62296,,60258
step_up,specreset,1,2653638,317930,142560,62048,,60312
step_up,specreset,1,2707633,331200,142560,61184,,60265
step_up,specreset,1,2783296,317930,188640,61054,,63127
step_up,specreset,1,2876429,317670,162720,69721,,75668
step_up,specreset,1,2886671,317914,158400,70302,,74376
step_up,specreset,1,2948323,281520,141120,69560,,66434
step_up,specreset,1,5001227,57575,51840,20362,20362,20362
step_up,specreset,1,5012820,85156,,25360,,60349
step_up,specreset,1,5021842,60760,27608,24739,,20399
step_up,specreset,1,5027163,75672,33492,24633,,23893
step_up,specreset,1,5032500,88488,,29144,,60725
step_up,specreset,1,5038732,104152,,33041,,60323
step_up,specreset,1,5044973,96360,49460,31499,,20709
step_up,specreset,1,5050144,106812,56160,30109,,20381
step_up,specreset,1,5056387,121052,,33907,,60497
step_up,specreset,1,5062538,132444,,37395,,61814
step_up,specreset,1,5070835,61776,48960,35274,,20432
step_up,specreset,1,5095798,51193,1252,33411,,20373
step_up,specreset,1,5101401,52258,6260,32417,,25464
step_up,specreset,1,5187323,58438,17528,22848,20303,20303
step_up,specreset,1,5194303,61480,18780,22546,,20438
step_up,specreset,1,5306107,70132,32552,20705,,20348
step_up,specreset,1,5312023,78784,46324,20662,,20367
step_up,specreset,1,5329519,96088,61348,20572,20235,20235
step_up,specreset,1,5334918,117100,71364,20515,20123,20123
step_up,specreset,1,5340372,138112,87640,20477,,20216
step_up,specreset,1,5345714,156652,112680,20441,,20196
step_up,specreset,1,5355030,187552,126452,20416,,20243
step_up,specreset,1,5360173,223396,148988,20378,20112,20112
step_up,specreset,1,5365484,265420,167768,20352,,20175
step_up,specreset,1,5370741,312388,192808,20359,,20410
step_up,specreset,1,5380013,366772,257912,20345,,20254
step_up,specreset,1,5384910,421156,311748,20345,,20346
step_up,specreset,1,5394188,479248,363080,20534,,21674
step_up,specreset,1,5404255,539812,418168,21145,,23234
step_up,specreset,1,5409397,601612,478264,21683,,25452
step_up,specreset,1,5481601,546598,540864,39251,,45964
step_up,specreset,1,5491801,547440,456980,40867,,46088
step_up,specreset,1,5527649,475697,236628,43221,,40162
step_up,specreset,1,5637432,538733,247896,22368,,20737
step_up,specreset,1,5642522,549912,246644,22176,,20837
step_up,specreset,1,5658044,559644,242888,21648,,20458
step_up,specreset,1,5683724,549912,313000,21094,,21179
step_up,specreset,1,5719649,549358,264172,23243,,24788
step_up,specreset,1,5735033,475697,241636,23281,,22724
step_up,specreset,1,5827862,535025,239132,20491,,20271
step_up,specreset,1,5832871,547500,232872,20476,,20372
step_up,specreset,1,5848176,559644,237880,20381,,20186
step_up,specreset,1,5874080,546264,318008,20626,,21574
step_up,specreset,1,5930552,475697,236628,23208,,22277
step_up,specreset,1,6131735,547385,252904,21022,,22022
step_up,specreset,1,6136819,554916,259164,21194,,22403
step_up,specreset,1,6158200,559644,261668,21702,,22373
step_up,specreset,1,6178624,554916,316756,21758,,21648
step_up,specreset,1,6214433,554646,265424,23585,,24974
step_up,specreset,1,6235020,475697,234124,23378,,22095
step_up,specreset,1,6337471,537497,237880,20416,,20183
step_up,specreset,1,6342557,553452,237880,20389,,20203
step_up,specreset,1,6357909,559644,237880,20312,,20170
step_up,specreset,1,6378862,544800,306740,20386,,20750
step_up,specreset,1,6389617,547272,290464,20816,,22723
step_up,specreset,1,6405173,548928,266676,22024,,25058
step_up,specreset,1,6425723,475697,237880,22511,,22203
step_up,specreset,1,7387357,265424,,20360,,
step_up,specreset,1,7387612,504125,239132,24888,,56591
step_up,specreset,1,7388956,603005,212840,27950,,49390
step_up,specreset,1,7407839,480641,469500,29342,,20474
step_up,specreset,1,7413387,544913,415664,28759,,24683
step_up,specreset,1,7418428,545088,484524,28645,,27851
step_up,specreset,1,7459928,606888,483272,35428,,41371
step_up,specreset,1,7490943,582108,545872,38615,,41284
step_up,specreset,1,7542784,475697,236628,42908,,39937
step_up,specreset,1,7620779,536261,236628,23988,,20233
step_up,specreset,1,7625860,559644,235376,23506,,20138
step_up,specreset,1,7713618,475697,235376,23080,,22164
step_up,specreset,2,3164,15360,1998,,,
step_up,specreset,2,64474,16871,1879,61310,61310,61310
step_up,specreset,2,65686,18718,2504,61461,,62522
step_up,specreset,2,125523,21190,10080,61373,60758,60758
step_up,specreset,2,142304,24038,10080,61278,60616,60616
step_up,specreset,2,159150,26886,10080,61185,60539,60539
step_up,specreset,2,175998,29734,11520,61094,60464,60464
step_up,specreset,2,252658,32582,27360,60732,,60408
step_up,specreset,2,257153,35430,28800,60697,,60455
step_up,specreset,2,262946,38278,30240,60664,,60439
step_up,specreset,2,268783,41126,31680,60633,,60420
step_up,specreset,2,275248,43974,36000,60612,,60466
step_up,specreset,2,280427,46822,37440,60591,,60445
step_up,specreset,2,285982,49670,40320,60568,,60414
step_up,specreset,2,291568,52518,43200,60548,,60415
step_up,specreset,2,297393,55366,47520,60530,,60405
step_up,specreset,2,302509,58214,50400,60515,,60413
step_up,specreset,2,313238,62486,54720,60512,,60491
step_up,specreset,2,317592,65334,59040,60498,,60403
step_up,specreset,2,325626,68182,63360,60475,,60451
step_up,specreset,2,329285,71030,66240,60468,,60424
step_up,specreset,2,332000,73878,67680,60465,,60447
step_up,specreset,2,335418,76726,70560,60456,,60397
step_up,specreset,2,339071,79574,73440,60451,,60417
step_up,specreset,2,341978,82422,74880,60439,,60356
step_up,specreset,2,347463,85270,80640,60420,60307,60307
step_up,specreset,2,349978,88118,80640,60417,,60396
step_up,specreset,2,352368,90966,83520,60411,,60374
step_up,specreset,2,355005,93814,84960,60400,,60326
step_up,specreset,2,357807,96662,89280,60403,,60426
step_up,specreset,2,360181,99510,89280,60398,,60367
step_up,specreset,2,362654,102358,92160,60401,,60424
step_up,specreset,2,365390,105206,95040,60397,,60374
step_up,specreset,2,367111,108054,97920,60394,,60376
step_up,specreset,2,369514,110902,99360,60385,,60329
step_up,specreset,2,373747,113750,108000,60390,,60428
step_up,specreset,2,376058,116598,110880,60382,,60333
step_up,specreset,2,377954,119446,112320,60374,,60322
step_up,specreset,2,380437,122294,116640,60375,,60383
step_up,specreset,2,382035,125142,118080,60359,60249,60249
step_up,specreset,2,384689,127990,122400,60352,,60305
step_up,specreset,2,386069,130838,123840,60332,60192,60192
step_up,specreset,2,388519,133686,128160,60321,,60249
step_up,specreset,2,390149,136534,129600,60309,,60229
step_up,specreset,2,392342,139382,133920,60303,,60261
step_up,specreset,2,394128,142230,136800,60328,,60507
step_up,specreset,2,395825,145078,139680,60324,,60303
step_up,specreset,2,398102,147926,142560,60323,,60320
step_up,specreset,2,399576,150774,145440,60336,,60434
step_up,specreset,2,401143,153622,148320,60331,,60300
step_up,specreset,2,402799,156470,151200,60321,,60252
step_up,specreset,2,404479,159318,154080,60319,,60311
step_up,specreset,2,406010,162166,155520,60306,,60215
step_up,specreset,2,409484,165014,159840,60314,,60399
step_up,specreset,2,410908,167862,162720,60319,,60359
step_up,specreset,2,416752,179254,156960,60328,,60395
step_up,specreset,2,423100,192070,167040,60324,,60302
step_up,specreset,2,429086,206310,178560,60328,,60358
step_up,specreset,2,435719,221974,191520,60342,,60445
step_up,specreset,2,442253,237638,207360,60422,,60989
step_up,specreset,2,449256,254726,221760,60609,,61922
step_up,specreset,2,456444,271814,237600,60962,,63433
step_up,specreset,2,464072,290326,253440,61490,,65187
step_up,specreset,2,472517,310262,270720,62262,,67666
step_up,specreset,2,499766,334470,286560,65167,,73112
step_up,specreset,2,655498,317684,309600,111751,,133168
step_up,specreset,2,748015,318138,192960,126137,,132276
step_up,specreset,2,768761,318156,167040,127558,,132110
step_up,specreset,2,789934,277848,142560,127136,,119798
step_up,specreset,2,1004299,302056,141120,66587,,60419
step_up,specreset,2,1015677,318074,142560,65806,,60339
step_up,specreset,2,1070516,326880,141120,63227,,60337
step_up,specreset,2,1148135,318074,190080,62036,,63420
step_up,specreset,2,1240849,317436,164160,70266,,76265
step_up,specreset,2,1303741,277848,144000,70418,,67427
step_up,specreset,2,1324326,302056,144000,69281,,65216
step_up,specreset,2,1334443,317436,142560,68513,,63144
step_up,specreset,2,1388623,326880,139680,64709,,60424
step_up,specreset,2,1464332,317436,187200,62534,,63094
step_up,specreset,2,1526659,318166,169920,66998,,74610
step_up,specreset,2,1558154,318722,159840,69855,,74698
step_up,specreset,2,1578880,318874,154080,70540,,72275
step_up,specreset,2,1672057,326880,141120,66217,,60400
step_up,specreset,2,1747252,318874,188640,63099,,63057
step_up,specreset,2,1860618,318960,165600,70934,,72842
step_up,specreset,2,1891951,326880,162720,70704,,69432
step_up,specreset,2,1954305,318960,198720,69179,,67296
step_up,specreset,2,2203898,326880,142560,67801,,60966
step_up,specreset,2,2277025,318960,187200,63640,,62695
step_up,specreset,2,2370268,318702,162720,70304,,75568
step_up,specreset,2,2432633,277848,144000,70235,,67629
step_up,specreset,2,2581826,304904,136800,62340,,60454
step_up,specreset,2,2593020,318702,136800,62116,,60549
step_up,specreset,2,2648449,326880,138240,61308,,60482
step_up,specreset,2,2724363,318702,188640,61231,,63340
step_up,specreset,2,2818847,318002,161280,69909,,75334
step_up,specreset,2,2880966,277848,145440,70311,,67935
step_up,specreset,2,2943119,303480,141120,66065,,60381
step_up,specreset,2,2954271,318002,142560,65342,,60288
step_up,specreset,2,3008888,326880,138240,62969,,60496
step_up,specreset,2,3085170,318002,188640,61862,,63217
step_up,specreset,2,3147084,320958,168480,66834,,74918
step_up,specreset,2,3230173,277848,146880,70184,,67660
step_up,specreset,2,5036054,139492,,62579,,
step_up,specreset,2,5036300,279272,,89830,,280594
step_up,specreset,2,5061750,309176,200215,116499,,303186
step_up,specreset,2,5061989,106455,93600,25603,25603,25603
step_up,specreset,2,5071598,122988,,59248,,294764
step_up,specreset,2,5084254,129764,,88119,,290223
step_up,specreset,2,5091537,42712,9328,80449,,26764
step_up,specreset,2,5095690,53728,6448,73514,24972,24972
step_up,specreset,2,5102628,76512,,100695,,290967
step_up,specreset,2,5109860,79360,,125233,,297002
step_up,specreset,2,5120088,79172,11332,113070,,27931
step_up,specreset,2,5148596,12928,10080,101827,23127,23127
step_up,specreset,2,5183096,89140,2880,83156,,23371
step_up,specreset,2,5207991,96260,14400,75611,,22803
step_up,specreset,2,5216201,106228,11520,68770,,20887
step_up,specreset,2,5274900,119044,54720,40337,,20906
step_up,specreset,2,5288380,137556,89280,35805,20342,20342
step_up,specreset,2,5299526,161764,112320,32211,,20472
step_up,specreset,2,5304815,187396,129600,30729,,20360
step_up,specreset,2,5311147,217300,151200,29487,,20796
step_up,specreset,2,5316762,251476,182880,28349,,20390
step_up,specreset,2,5322088,291348,211680,27356,,20410
step_up,specreset,2,5328111,334068,240480,26638,,21613
step_up,specreset,2,5339133,395300,272160,25685,,22152
step_up,specreset,2,5345391,457956,332640,25538,,24510
step_up,specreset,2,5350323,520612,378720,25441,,24767
step_up,specreset,2,5361622,581844,459360,25141,,25329
step_up,specreset,2,5450169,553502,518400,45513,,54585
step_up,specreset,2,5497109,494496,227520,46024,,39686
step_up,specreset,2,5566754,553502,236160,27014,,20722
step_up,specreset,2,5593289,581760,240480,24253,,20800
step_up,specreset,2,5624491,559838,319680,22537,,22141
step_up,specreset,2,5629646,568802,311040,22592,,22983
step_up,specreset,2,5676590,494496,247680,24019,,23170
step_up,specreset,2,5832027,572816,195840,22144,,21617
step_up,specreset,2,5840465,581760,237600,22043,,21343
step_up,specreset,2,5964968,494496,241920,24444,,22908
step_up,specreset,2,6086649,555728,243360,20782,,20488
step_up,specreset,2,6091754,581760,239040,20711,,20219
step_up,specreset,2,6133660,557612,315360,20551,,21342
step_up,specreset,2,6171124,552894,253440,23400,,23856
step_up,specreset,2,6181565,494496,239040,23270,,22492
step_up,specreset,2,6401780,548608,227520,22880,,21415
step_up,specreset,2,6406985,577102,253440,22692,,21377
step_up,specreset,2,6428330,581760,246240,22138,,21291
step_up,specreset,2,6449051,577102,305280,21534,,20684
step_up,specreset,2,6480848,577520,269280,23434,,25642
step_up,specreset,2,6501792,494496,236160,23493,,22545
step_up,specreset,3,3477,15360,1998,,,
step_up,specreset,3,68538,16871,1879,65061,65061,65061
step_up,specreset,3,69790,18718,2504,65217,,66313
step_up,specreset,3,129716,21190,10080,64665,60808,60808
step_up,specreset,3,147378,24038,10080,64188,,60855
step_up,specreset,3,163903,26886,11520,63779,,60918
step_up,specreset,3,181405,29734,11520,63411,,60842
step_up,specreset,3,256861,32582,27360,61866,,60531
step_up,specreset,3,263986,35430,30240,61710,,60622
step_up,specreset,3,270008,38278,31680,61579,,60662
step_up,specreset,3,275802,41126,33120,61452,,60568
step_up,specreset,3,281498,43974,36000,61335,,60516
step_up,specreset,3,287491,46822,37440,61237,,60553
step_up,specreset,3,292154,49670,40320,61138,,60451
step_up,specreset,3,298042,52518,43200,61065,,60556
step_up,specreset,3,303963,55366,47520,60996,,60519
step_up,specreset,3,310052,58214,51840,60954,,60667
step_up,specreset,3,317545,62486,54720,60907,,60585
step_up,specreset,3,322192,65334,60480,60848,,60435
step_up,specreset,3,326705,68182,61920,60797,,60444
step_up,specreset,3,330495,71030,64800,60754,,60454
step_up,specreset,3,333922,73878,67680,60702,60342,60342
step_up,specreset,3,337568,76726,70560,60669,,60439
step_up,specreset,3,344465,79574,74880,60606,,60453
step_up,specreset,3,347984,82422,77760,60583,,60425
step_up,specreset,3,350518,85270,80640,60568,,60465
step_up,specreset,3,353042,88118,82080,60549,,60418
step_up,specreset,3,358573,90966,86400,60518,,60394
step_up,specreset,3,361353,93814,87840,60515,,60497
step_up,specreset,3,364081,96662,90720,60513,,60500
step_up,specreset,3,367027,99510,95040,60500,,60412
step_up,specreset,3,368890,102358,96480,60491,,60430
step_up,specreset,3,371743,105206,99360,60488,,60471
step_up,specreset,3,373481,108054,99360,60479,,60420
step_up,specreset,3,376381,110902,105120,60492,,60587
step_up,specreset,3,378091,113750,106560,60491,,60488
step_up,specreset,3,380559,116598,109440,60476,,60373
step_up,specreset,3,382143,119446,110880,60447,60249,60249
step_up,specreset,3,384941,122294,113760,60469,,60628
step_up,specreset,3,386998,125142,118080,60441,,60250
step_up,specreset,3,388645,127990,119520,60419,,60265
step_up,specreset,3,390967,130838,123840,60412,,60364
step_up,specreset,3,392584,133686,125280,60392,,60256
step_up,specreset,3,394534,136534,128160,60374,,60252
step_up,specreset,3,397197,139382,133920,60370,,60344
step_up,specreset,3,398293,142230,133920,60355,,60253
step_up,specreset,3,400812,145078,139680,60352,,60331
step_up,specreset,3,402870,149350,141120,60343,,60285
step_up,specreset,3,404693,152198,145440,60325,60205,60205
step_up,specreset,3,406280,155046,148320,60316,,60259
step_up,specreset,3,408368,157894,152640,60316,,60318
step_up,specreset,3,410115,160742,155520,60313,,60296
step_up,specreset,3,411252,163590,156960,60306,,60259
step_up,specreset,3,412788,166438,159840,60293,,60207
step_up,specreset,3,414934,169286,164160,60295,,60311
step_up,specreset,3,416163,172134,165600,60289,,60250
step_up,specreset,3,422040,183526,161280,60317,,60515
step_up,specreset,3,428786,197766,169920,60323,,60372
step_up,specreset,3,435309,212006,184320,60351,,60549
step_up,specreset,3,441140,226246,198720,60366,,60477
step_up,specreset,3,447199,240486,213120,60435,,60925
step_up,specreset,3,454323,257574,224640,60636,,62047
step_up,specreset,3,461366,274662,240480,60989,,63463
step_up,specreset,3,469172,293174,256320,61552,,65496
step_up,specreset,3,486275,314534,272160,63412,,70832
step_up,specreset,3,526681,340166,289440,69407,,84169
step_up,specreset,3,660597,316392,316800,109239,,129135
step_up,specreset,3,670756,316400,290880,112209,,133003
step_up,specreset,3,794077,275400,141120,127080,,118897
step_up,specreset,3,1106868,301032,141120,62610,,60338
step_up,specreset,3,1118049,322096,142560,62328,,60358
step_up,specreset,3,1174042,324000,138240,61397,,60299
step_up,specreset,3,1250880,322096,190080,61231,,63299
step_up,specreset,3,1324087,322286,167040,67915,,77122
step_up,specreset,3,1344791,322502,161280,69829,,75373
step_up,specreset,3,1408789,275400,144000,70066,,67210
step_up,specreset,3,1492678,301032,139680,64517,,60508
step_up,specreset,3,1504145,322502,142560,64017,,60523
step_up,specreset,3,1559691,324000,138240,62266,,60439
step_up,specreset,3,1636237,322502,188640,61611,,63464
step_up,specreset,3,1719117,318230,165600,69162,,77151
step_up,specreset,3,1792053,275400,145440,70393,,67916
step_up,specreset,3,1921191,302456,138240,62980,,60443
step_up,specreset,3,1932217,318230,139680,62641,,60268
step_up,specreset,3,1988068,324000,139680,61544,,
step_up,specreset,3,2066101,318230,188640,61336,,63535
step_up,specreset,3,2161177,316958,161280,70104,,75491
step_up,specreset,3,2213905,275400,144000,70824,,69597
step_up,specreset,3,2331254,301032,142560,63683,,60438
step_up,specreset,3,2341878,316958,139680,63274,,60415
step_up,specreset,3,2397745,324000,139680,61864,,60407
step_up,specreset,3,2475160,316958,188640,61424,,63347
step_up,specreset,3,2633458,275400,142560,70101,,67212
step_up,specreset,3,4907429,301032,139680,60526,,60431
step_up,specreset,3,4917786,318382,135360,60535,,60602
step_up,specreset,3,4973692,324000,139680,60521,,60595
step_up,specreset,3,4994052,87623,64800,20296,20296,20296
step_up,specreset,3,5005459,114220,,25304,,60363
step_up,specreset,3,5014772,77008,42444,24689,,20385
step_up,specreset,3,5020185,99524,39564,24185,,20657
step_up,specreset,3,5025555,123464,39816,23706,,20357
step_up,specreset,3,5038193,128300,44076,27368,,20585
step_up,specreset,3,5043520,144824,60480,26507,,20480
step_up,specreset,3,5048731,157640,,31114,,63365
step_up,specreset,3,5053896,170456,,35246,,64172
step_up,specreset,3,5059350,86224,70560,33403,,20505
step_up,specreset,3,5064960,86660,70996,31770,,20341
step_up,specreset,3,5081687,126608,24604,30359,,20483
step_up,specreset,3,5086834,143804,27232,29101,,20301
step_up,specreset,3,5092246,150924,38752,28420,,23653
step_up,specreset,3,5107502,27232,70560,27421,,20435
step_up,specreset,3,5112818,38752,51840,26545,,20417
step_up,specreset,3,5118214,48851,33120,25783,,20456
step_up,specreset,3,5123515,67363,25920,25110,,20400
step_up,specreset,3,5128839,81603,47520,24511,,20323
step_up,specreset,3,5144316,97267,66240,24024,,20621
step_up,specreset,3,5149446,130019,64800,23569,,20384
step_up,specreset,3,5154528,162771,69120,23195,,20577
step_up,specreset,3,5170280,196947,129600,22889,,20748
step_up,specreset,3,5180522,239667,146880,22259,20165,20165
step_up,specreset,3,5185766,282387,168480,22004,,20223
step_up,specreset,3,5191001,292355,231840,21833,,20636
step_up,specreset,3,5196397,342195,243360,21643,,20316
step_up,specreset,3,5201645,394883,289440,21488,,20410
step_up,specreset,3,5206815,457539,332640,21367,,20520
step_up,specreset,3,5217507,518771,396000,21601,,23168
step_up,specreset,3,5222622,581427,456480,21898,,23977
step_up,specreset,3,5305778,555344,519840,40526,,45993
step_up,specreset,3,5352580,478584,239040,43750,,40623
step_up,specreset,3,5502470,539816,239040,20870,,20244
step_up,specreset,3,5507538,548884,239040,20781,,20165
step_up,specreset,3,5528004,563040,239040,20558,,20191
step_up,specreset,3,5554128,548884,315360,20573,,21387
step_up,specreset,3,5590549,549346,270720,23421,,25499
step_up,specreset,3,5595627,549774,262080,23576,,24663
step_up,specreset,3,5627015,563040,241920,22645,,20503
step_up,specreset,3,5652777,549774,315360,21687,,21306
step_up,specreset,3,5714846,478584,236160,23628,,22230
step_up,specreset,3,5874970,541240,241920,20508,,20436
step_up,specreset,3,5880163,549774,239040,20480,,20289
step_up,specreset,3,5895845,563040,237600,20383,,20180
step_up,specreset,3,5921614,548816,313920,20421,,21172
step_up,specreset,3,5957500,550862,262080,22870,,24641
step_up,specreset,3,5971510,478584,182880,23773,,23661
step_up,specreset,3,6014992,539816,249120,22232,,20915
step_up,specreset,3,6020159,563040,246240,22048,,20764
step_up,specreset,3,6119168,478584,240480,23872,,22434
step_up,specreset,3,6219104,539816,239040,20531,,20151
step_up,specreset,3,6224438,563040,240480,20495,,20247
step_up,specreset,3,6326558,478584,250560,23676,,21971
step_up,specreset,3,6342155,539816,259200,22866,,20663
step_up,specreset,3,6347274,563040,262080,22595,,20700
step_up,specreset,3,6521296,478584,256320,24367,,22490
step_up,specreset,4,3267,15360,1998,,,
step_up,specreset,4,64829,16871,1879,61562,61562,61562
step_up,specreset,4,66063,18718,2504,61716,,62796
step_up,specreset,4,125780,21190,10080,61595,60755,60755
step_up,specreset,4,142525,24038,10080,61467,60576,60576
step_up,specreset,4,159368,26886,10080,61345,60498,60498
step_up,specreset,4,176927,29734,11520,61315,,61108
step_up,specreset,4,252350,32582,27360,60851,60428,60428
step_up,specreset,4,256946,35430,30240,60796,60418,60418
step_up,specreset,4,263488,38278,30240,60745,60394,60394
step_up,specreset,4,268993,41126,31680,60699,60383,60383
step_up,specreset,4,274945,43974,34560,60676,,60520
step_up,specreset,4,280569,46822,37440,60645,,60431
step_up,specreset,4,286236,49670,40320,60624,,60483
step_up,specreset,4,292373,52518,44640,60673,,61018
step_up,specreset,4,297591,55366,47520,60639,,60408
step_up,specreset,4,303345,58214,50400,60617,,60469
step_up,specreset,4,312998,62486,54720,60610,,60564
step_up,specreset,4,317154,65334,59040,60566,60261,60261
step_up,specreset,4,321596,68182,63360,60530,,60285
step_up,specreset,4,325168,71030,63360,60515,,60410
step_up,specreset,4,332013,73878,69120,60493,,60455
step_up,specreset,4,335365,76726,72000,60472,,60325
step_up,specreset,4,338899,79574,73440,60457,,60355
step_up,specreset,4,341299,82422,74880,60444,,60359
step_up,specreset,4,344110,85270,76320,60431,,60347
step_up,specreset,4,346866,88118,79200,60424,,60377
step_up,specreset,4,349583,90966,80640,60417,,60368
step_up,specreset,4,355146,93814,86400,60427,,60378
step_up,specreset,4,357669,96662,87840,60421,,60385
step_up,specreset,4,360395,99510,90720,60413,,60363
step_up,specreset,4,362727,102358,93600,60403,,60333
step_up,specreset,4,365024,105206,95040,60398,,60363
step_up,specreset,4,367398,108054,97920,60387,,60311
step_up,specreset,4,369852,110902,100800,60381,,60346
step_up,specreset,4,373439,113750,108000,60377,,60353
step_up,specreset,4,375938,116598,110880,60372,,60343
step_up,specreset,4,377724,119446,113760,60362,,60293
step_up,specreset,4,380011,122294,116640,60345,60232,60232
step_up,specreset,4,381696,125142,118080,60331,,60233
step_up,specreset,4,384242,127990,122400,60321,,60254
step_up,specreset,4,385744,130838,123840,60309,60228,60228
step_up,specreset,4,388196,133686,128160,60299,,60232
step_up,specreset,4,389758,136534,129600,60296,,60278
step_up,specreset,4,392227,139382,133920,60291,,60259
step_up,specreset,4,393682,142230,136800,60278,60192,60192
step_up,specreset,4,395373,145078,139680,60270,,60216
step_up,specreset,4,397075,147926,141120,60258,60177,60177
step_up,specreset,4,399136,150774,145440,60248,,60183
step_up,specreset,4,400738,153622,148320,60244,,60216
step_up,specreset,4,402919,156470,151200,60262,,60388
step_up,specreset,4,404347,159318,154080,60252,,60186
step_up,specreset,4,405926,162166,156960,60245,,60198
step_up,specreset,4,407100,165014,158400,60237,,60185
step_up,specreset,4,410302,167862,162720,60242,,60307
step_up,specreset,4,416788,179254,156960,60259,,60379
step_up,specreset,4,422337,192070,167040,60263,,60292
step_up,specreset,4,429203,207734,177120,60272,,60341
step_up,specreset,4,435117,221974,192960,60282,,60354
step_up,specreset,4,441692,237638,207360,60353,,60856
step_up,specreset,4,448802,254726,221760,60542,,61872
step_up,specreset,4,455937,271814,237600,60892,,63347
step_up,specreset,4,463605,290326,253440,61424,,65151
step_up,specreset,4,471902,310262,270720,62183,,67500
step_up,specreset,4,500423,334470,286560,65172,,73576
step_up,specreset,4,655928,314966,311040,111731,,132737
step_up,specreset,4,666134,315668,289440,114369,,132842
step_up,specreset,4,697359,316410,252000,120468,,132810
step_up,specreset,4,791137,279072,136800,127095,,115146
step_up,specreset,4,919384,304704,139680,77457,,60227
step_up,specreset,4,930336,317834,141120,75307,,60261
step_up,specreset,4,985121,328320,145440,68002,,60321
step_up,specreset,4,1058662,317834,187200,63724,,62569
step_up,specreset,4,1140678,318202,162720,69338,,76245
step_up,specreset,4,1151292,318250,158400,69963,,74342
step_up,specreset,4,1204157,279072,144000,70081,,68068
step_up,specreset,4,1333962,306128,142560,62832,,60267
step_up,specreset,4,1345173,318250,142560,62519,,60329
step_up,specreset,4,1400607,328320,144000,61446,,60338
step_up,specreset,4,1477638,318250,188640,61216,,63303
step_up,specreset,4,1702899,328320,141120,67694,,60420
step_up,specreset,4,1779877,318250,188640,63627,,63155
step_up,specreset,4,1822173,319298,177120,65733,,71257
step_up,specreset,4,1935905,279072,144000,70454,,67288
step_up,specreset,4,1946560,303280,146880,69976,,66630
step_up,specreset,4,1956729,319298,145440,69318,,64717
step_up,specreset,4,2009548,328320,144000,65431,,60344
step_up,specreset,4,2299392,279072,144000,70353,,66992
step_up,specreset,4,2406219,306128,141120,63609,,60263
step_up,specreset,4,2417979,328320,142560,63212,,60433
step_up,specreset,4,2697257,279072,142560,69743,,66301
step_up,specreset,4,4998762,56151,51840,20169,20169,20169
step_up,specreset,4,5009546,82480,,25187,,60320
step_up,specreset,4,5019426,59508,29048,24577,,20314
step_up,specreset,4,5024806,74608,36184,24029,,20196
step_up,specreset,4,5031016,88848,,28571,,60370
step_up,specreset,4,5037240,103088,,32560,,60488
step_up,specreset,4,5042653,91212,46580,31048,,20465
step_up,specreset,4,5048017,103088,53280,29719,,20420
step_up,specreset,4,5054884,118752,,33567,,60510
step_up,specreset,4,5061227,128720,,37203,,62662
step_up,specreset,4,5068675,63216,50400,35106,,20431
step_up,specreset,4,5094167,51353,2504,33292,,20599
step_up,specreset,4,5099388,53482,6260,31677,,20374
step_up,specreset,4,5263337,51226,17528,20840,,20418
step_up,specreset,4,5269203,51224,17528,20786,,20415
step_up,specreset,4,5280146,51182,17528,20709,,20488
step_up,specreset,4,5286623,48334,17528,20674,,20433
step_up,specreset,4,5310003,46642,17528,20580,,20444
step_up,specreset,4,5332817,41698,17528,20608,,20731
step_up,specreset,4,5391677,46642,17528,20523,,20408
step_up,specreset,4,5396962,48641,18780,20506,,20388
step_up,specreset,4,5414611,49001,21284,20493,,20446
step_up,specreset,4,5420722,51812,21284,20486,,20440
step_up,specreset,4,5426482,54368,22536,20476,,20409
step_up,specreset,4,5432366,55587,22536,20457,,20326
step_up,specreset,4,5438651,56339,25040,20498,,20790
step_up,specreset,4,5449866,60302,25040,20460,,20357
step_up,specreset,4,5456619,61494,26292,20435,,20264
step_up,specreset,4,5461826,62920,27544,20425,,20355
step_up,specreset,4,5488799,71572,30048,20340,,20238
step_up,specreset,4,5506488,81460,62600,20298,,20223
step_up,specreset,4,5512700,101236,62600,20287,,20215
step_up,specreset,4,5518040,121012,75120,20281,,20242
step_up,specreset,4,5523137,142024,90144,20272,,20214
step_up,specreset,4,5528501,154384,122696,20278,,20326
step_up,specreset,4,5533865,171688,137720,20292,,20395
step_up,specreset,4,5539320,203824,140224,20281,,20211
step_up,specreset,4,5544586,242140,165264,20266,20165,20165
step_up,specreset,4,5549962,285400,190304,20261,,20233
step_up,specreset,4,5555282,318772,246644,20355,,21018
step_up,specreset,4,5560452,350908,286708,20432,,20971
step_up,specreset,4,5565308,405292,296724,20477,,20796
step_up,specreset,4,5570114,462148,348056,20570,,21222
step_up,specreset,4,5579712,520240,404396,21167,,23793
step_up,specreset,4,5589916,582040,458232,22359,,26888
step_up,specreset,4,5656973,543516,519580,38616,,46320
step_up,specreset,4,5662273,544752,480768,39600,,46493
step_up,specreset,4,5703337,467183,240384,43356,,40960
step_up,specreset,4,5956350,526511,234124,20311,,20367
step_up,specreset,4,5961309,549628,246644,20384,,20895
step_up,specreset,4,6002318,543610,311748,20474,,21160
step_up,specreset,4,6023152,546630,281700,21798,,24829
step_up,specreset,4,6054177,467183,236628,22898,,22240
step_up,specreset,4,6243439,527747,247896,20846,,20615
step_up,specreset,4,6248546,549628,246644,20847,,20856
step_up,specreset,4,6356365,467183,235376,23267,,22049
step_up,specreset,4,6371663,521567,239132,22648,,20737
step_up,specreset,4,6376738,549628,237880,22332,,20125
step_up,specreset,4,6449925,547730,271684,23121,,25536
step_up,specreset,4,6455027,546378,265424,23338,,24863
step_up,specreset,4,6475809,467183,235376,23218,,22197
step_up,specreset,4,6688813,527747,240384,20315,,20426
step_up,specreset,4,6728116,255408,,20315,,
step_up,specreset,4,6728470,553703,231620,25007,,57851
step_up,specreset,4,6730293,652583,221604,28280,,51195
step_up,specreset,4,6748541,537635,527092,29776,,20417
step_up,specreset,4,6753781,596963,478264,29093,,24312
step_up,specreset,4,6759109,596372,532100,28930,,27790
step_up,specreset,4,6764288,596404,534604,29189,,31005
step_up,specreset,4,6774548,596436,537108,30777,,37517
step_up,specreset,4,6805489,596963,534604,38209,,46271
step_up,specreset,4,6831410,580986,534604,42178,,46363
step_up,specreset,4,6846666,581136,444460,43523,,46206
step_up,specreset,4,6882751,476761,221604,43723,,37605
step_up,specreset,4,6945756,537325,239132,25976,,20241
step_up,specreset,4,6950856,560896,237880,25248,,20153
step_up,specreset,4,7048956,476761,239132,23383,,22431
step_up,specreset,4,7126441,537325,240384,20691,,20365
step_up,specreset,4,7131381,559304,244140,20672,,20546
step_up,specreset,4,7152203,560896,242888,20548,,20494
step_up,specreset,4,7177558,546944,313000,20513,,21125
step_up,specreset,4,7213647,546396,261668,22920,,24527
step_up,specreset,4,7229166,476761,239132,22983,,22436
step_up,specreset,4,7363520,534853,240384,20277,,20256
step_up,specreset,4,7368601,545868,237880,20259,,20138
step_up,specreset,4,7383963,560896,239132,20225,,20242
step_up,specreset,4,7410108,544632,314252,20376,,21232
step_up,specreset,4,7420308,545868,299228,20936,,23218
step_up,specreset,4,7441089,546550,270432,22726,,25439
step_up,specreset,4,7461884,476761,240384,23040,,22571
step_up,specreset,4,7528710,537325,239132,20798,,20113
step_up,specreset,4,7534416,546550,247896,20801,,20828
step_up,specreset,4,7549424,560896,242888,20718,,20416
step_up,specreset,4,7570320,546550,306740,20702,,20723
step_up,specreset,4,7601478,544914,262920,22541,,24656
step_up,specreset,4,7617020,476761,240384,22768,,22609
step_up,specreset,5,2112,15360,1998,,,
step_up,specreset,5,63598,16871,1879,61486,61486,61486
step_up,specreset,5,64203,18718,2504,61561,,62091
step_up,specreset,5,124687,21190,10080,61466,60805,60805
step_up,specreset,5,141320,24038,10080,61347,60515,60515
step_up,specreset,5,158251,26886,10080,61244,,60524
step_up,specreset,5,175482,29734,11520,61152,60508,60508
step_up,specreset,5,252063,32582,27360,60805,,60504
step_up,specreset,5,256876,35430,30240,60780,,60612
step_up,specreset,5,262421,38278,30240,60737,,60438
step_up,specreset,5,268134,41126,31680,60698,,60428
step_up,specreset,5,274484,43974,34560,60661,60405,60405
step_up,specreset,5,280266,46822,37440,60629,,60411
step_up,specreset,5,285801,49670,40320,60608,,60466
step_up,specreset,5,291181,52518,43200,60585,,60426
step_up,specreset,5,296982,55366,47520,60586,,60595
step_up,specreset,5,301721,58214,48960,60570,,60461
step_up,specreset,5,312609,62486,54720,60559,,60486
step_up,specreset,5,317300,65334,59040,60564,,60606
step_up,specreset,5,322850,68182,63360,60517,,60370
step_up,specreset,5,326613,71030,66240,60500,,60381
step_up,specreset,5,329961,73878,67680,60487,,60399
step_up,specreset,5,336430,76726,72000,60447,,60365
step_up,specreset,5,340030,79574,74880,60437,,60370
step_up,specreset,5,342512,82422,76320,60432,,60404
step_up,specreset,5,345321,85270,77760,60424,,60375
step_up,specreset,5,348110,88118,80640,60417,,60370
step_up,specreset,5,350787,90966,82080,60408,,60349
step_up,specreset,5,353290,93814,84960,60403,,60370
step_up,specreset,5,355796,96662,86400,60396,,60353
step_up,specreset,5,358644,99510,89280,60402,,60451
step_up,specreset,5,360885,102358,92160,60395,,60348
step_up,specreset,5,363321,105206,93600,60388,,60345
step_up,specreset,5,365696,108054,96480,60375,,60290
step_up,specreset,5,367447,110902,97920,60379,,60411
step_up,specreset,5,373001,115174,106560,60376,,60358
step_up,specreset,5,375420,118022,109440,60370,,60331
step_up,specreset,5,377741,120870,112320,60364,,60323
step_up,specreset,5,378166,122294,112320,60348,60239,60239
step_up,specreset,5,380817,125142,116640,60337,,60262
step_up,specreset,5,382452,127990,118080,60320,60206,60206
step_up,specreset,5,384546,130838,120960,60307,,60222
step_up,specreset,5,386455,133686,123840,60297,,60234
step_up,specreset,5,388320,136534,126720,60279,60160,60160
step_up,specreset,5,390325,139382,129600,60269,,60201
step_up,specreset,5,392692,142230,133920,60257,,60178
step_up,specreset,5,394547,145078,136800,60252,,60222
step_up,specreset,5,396201,147926,139680,60242,,60179
step_up,specreset,5,398252,150774,144000,60262,,60407
step_up,specreset,5,399421,153622,144000,60250,,60172
step_up,specreset,5,401535,156470,148320,60245,,60210
step_up,specreset,5,402855,159318,149760,60238,,60190
step_up,specreset,5,406062,162166,155520,60220,,
step_up,specreset,5,407674,165014,158400,60213,,60170
step_up,specreset,5,409697,167862,162720,60217,,60248
step_up,specreset,5,411020,170710,165600,60213,,60189
step_up,specreset,5,417952,183526,158400,60240,,60430
step_up,specreset,5,423557,196342,169920,60233,,60189
step_up,specreset,5,430597,212006,181440,60243,,60315
step_up,specreset,5,437267,227670,197280,60272,,60480
step_up,specreset,5,443794,243334,213120,60383,,61162
step_up,specreset,5,450855,260422,226080,60629,,62355
step_up,specreset,5,458510,278934,241920,61041,,63927
step_up,specreset,5,466832,298870,259200,61670,,66073
step_up,specreset,5,484123,320230,277920,63676,,71676
step_up,specreset,5,661687,319098,296695,110692,,126473
step_up,specreset,5,796438,261982,133920,120675,,112436
step_up,specreset,5,1011097,286190,144000,65626,,60301
step_up,specreset,5,1021617,308215,141120,64964,,60336
step_up,specreset,5,1546391,261982,145440,71202,,68321
step_up,specreset,5,1678253,286190,141120,66462,,60470
step_up,specreset,5,1689040,308215,142560,65704,,60405
step_up,specreset,5,2477053,261982,145440,72667,,67032
step_up,specreset,5,2584296,287614,142560,64284,,60471
step_up,specreset,5,2595285,308215,144000,63789,,60327
step_up,specreset,5,2874880,261982,142560,69231,,67257
step_up,specreset,5,2970024,287614,142560,63598,,60300
step_up,specreset,5,2981144,308215,142560,63193,,60364
step_up,specreset,5,3264293,261982,145440,70047,,67363
step_up,specreset,5,4998058,57575,51840,20422,20422,20422
step_up,specreset,5,5008509,83732,,25452,,60664
step_up,specreset,5,5018795,63608,30488,24809,20315,20315
step_up,specreset,5,5024199,77096,37624,24684,,23811
step_up,specreset,5,5030244,91336,,29175,,60616
step_up,specreset,5,5035740,104152,,33111,,60665
step_up,specreset,5,5041762,94748,46580,31506,20273,20273
step_up,specreset,5,5047326,109472,54720,30107,,20315
step_up,specreset,5,5054054,125136,,33903,,60475
step_up,specreset,5,5060258,61776,48960,32204,,20315
step_up,specreset,5,5066376,61132,46892,30730,,20419
step_up,specreset,5,5073150,61260,58412,29466,,20618
step_up,specreset,5,5086940,41082,14400,28329,,20372
step_up,specreset,5,5094044,50874,8764,27360,,20578
step_up,specreset,5,5259238,57994,23040,20718,,20459
step_up,specreset,5,5265503,59852,23040,20675,,20379
step_up,specreset,5,5343365,74092,34560,20566,,21030
step_up,specreset,5,5348881,84060,50400,20531,,20291
step_up,specreset,5,5368843,106844,61920,20495,,20397
step_up,specreset,5,5374280,131052,74880,20487,,20435
step_up,specreset,5,5379436,153836,92160,20465,,20313
step_up,specreset,5,5384857,168076,131040,20443,,20289
step_up,specreset,5,5394843,207948,128160,20427,,20322
step_up,specreset,5,5400013,249244,149760,20397,20189,20189
step_up,specreset,5,5405319,300508,164160,20380,,20265
step_up,specreset,5,5410850,334684,227520,20645,,22501
step_up,specreset,5,5421293,393068,276480,20728,,21316
step_up,specreset,5,5431577,454300,331200,21160,,23246
step_up,specreset,5,5441915,516956,391680,22219,,26375
step_up,specreset,5,5447157,578188,455040,22547,,24846
step_up,specreset,5,5525258,549972,515520,39888,,46049
step_up,specreset,5,5530678,551396,485280,40679,,46221
step_up,specreset,5,5535854,551716,455040,41358,,46117
step_up,specreset,5,5540968,551800,423360,41935,,45976
step_up,specreset,5,5551179,554972,358560,42836,,45618
step_up,specreset,5,5572078,482256,236160,43367,,39908
step_up,specreset,5,5780601,544912,244800,20928,,20634
step_up,specreset,5,5785817,560668,243360,20876,,20515
step_up,specreset,5,5801571,567360,247680,20886,,20850
step_up,specreset,5,5822410,560668,311040,20805,,20940
step_up,specreset,5,5853830,554766,267840,22717,,25141
step_up,specreset,5,5880629,482256,236160,23242,,22545
step_up,specreset,5,6052435,543488,237600,20263,,20200
step_up,specreset,5,6058011,549592,239040,20316,,20689
step_up,specreset,5,6073042,567360,236160,20267,,20163
step_up,specreset,5,6098748,549592,311040,20409,,21109
step_up,specreset,5,6103850,554872,302400,20612,,22040
step_up,specreset,5,6129835,555074,264960,22578,,24887
step_up,specreset,5,6145310,482256,243360,22865,,22801
step_up,specreset,5,6207363,544912,239040,20886,,20157
step_up,specreset,5,6212652,550802,240480,20802,,20215
step_up,specreset,5,6233212,567360,241920,20707,,20468
step_up,specreset,5,6259010,550802,315360,20624,,21238
step_up,specreset,5,6331716,567360,246240,22453,,20765
step_up,specreset,5,6357880,551076,316800,21614,,21445
step_up,specreset,5,6414729,482256,237600,23402,,22177
step_up,specreset,5,6518545,544912,240480,20655,,20408
step_up,specreset,5,6523697,551076,250560,20710,,21096
step_up,specreset,5,6589237,567360,305280,27140,,69567
step_up,specreset,5,6611969,279112,329760,34315,,22203
step_up,specreset,5,6622275,195378,217440,31822,,24111
step_down,naive,1,4081,15360,1998,,,
step_down,naive,1,25881,16871,1879,21800,21800,21800
step_down,naive,1,27181,18718,2504,21962,,23100
step_down,naive,1,46834,21190,7200,21811,20755,20755
step_down,naive,1,54704,24038,10080,21659,20595,20595
step_down,naive,1,61512,26886,10080,21525,20592,20592
step_down,naive,1,67343,29734,11520,21392,20467,20467
step_down,naive,1,91790,32582,27360,20870,,20449
step_down,naive,1,93823,35430,30240,20815,,20430
step_down,naive,1,96430,38278,31680,20772,,20473
step_down,naive,1,98080,41126,34560,20706,20247,20247
step_down,naive,1,100640,43974,37440,20655,,20300
step_down,naive,1,102224,46822,38880,20605,,20259
step_down,naive,1,104812,49670,43200,20571,,20336
step_down,naive,1,106476,52518,46080,20543,,20351
step_down,naive,1,108309,55366,48960,20520,,20365
step_down,naive,1,109717,58214,51840,20491,,20292
step_down,naive,1,112414,62486,54720,20498,,20554
step_down,naive,1,113606,65334,59040,20466,,20249
step_down,naive,1,117180,69606,61920,20631,,21793
step_down,naive,1,117332,72454,61920,20633,,20654
step_down,naive,1,119399,75302,66240,20557,,20310
step_down,naive,1,120476,78150,69120,20525,,20302
step_down,naive,1,122506,82422,74880,20519,,20484
step_down,naive,1,123400,85270,76320,20490,,20291
step_down,naive,1,124297,88118,77760,20478,,20400
step_down,naive,1,125278,90966,80640,20465,,20380
step_down,naive,1,126069,93814,82080,20440,,20266
step_down,naive,1,126980,96662,84960,20417,,20260
step_down,naive,1,127916,99510,87840,20399,,20279
step_down,naive,1,128701,102358,90720,20381,,20258
step_down,naive,1,129597,105206,93600,20374,,20329
step_down,naive,1,130265,108054,95040,20357,20243,20243
step_down,naive,1,131044,110902,97920,20343,,20247
step_down,naive,1,131845,113750,100800,20332,,20257
step_down,naive,1,132918,118022,103680,20326,,20291
step_down,naive,1,133729,120870,108000,20329,,20354
step_down,naive,1,134435,123718,109440,20331,,20347
step_down,naive,1,135086,126566,112320,20323,,20274
step_down,naive,1,138040,129414,123840,20370,,20474
step_down,naive,1,138584,132262,126720,20368,,20358
step_down,naive,1,139239,135110,129600,20368,,20369
step_down,naive,1,139706,137958,132480,20353,,20251
step_down,naive,1,140390,140806,135360,20348,,20315
step_down,naive,1,141470,145078,136800,20367,,20507
step_down,naive,1,141838,147926,142560,20354,,20266
step_down,naive,1,143122,150774,145440,20362,,20404
step_down,naive,1,143522,153622,148320,20347,,20247
step_down,naive,1,144227,156470,151200,20353,,20399
step_down,naive,1,144800,159318,154080,20362,,20427
step_down,naive,1,145177,162166,156960,20354,,20302
step_down,naive,1,145839,165014,159840,20358,,20390
step_down,naive,1,146232,167862,162720,20353,,20325
step_down,naive,1,148370,180678,155520,20356,,20380
step_down,naive,1,150190,193494,168480,20345,,20269
step_down,naive,1,152338,207734,180000,20347,,20366
step_down,naive,1,154410,223398,192960,20343,,20320
step_down,naive,1,156380,239062,208800,20344,,20352
step_down,naive,1,158997,254726,224640,20402,,20811
step_down,naive,1,160370,271814,237600,20391,,20320
step_down,naive,1,162816,290326,253440,20434,,20735
step_down,naive,1,164834,310262,270720,20447,,20540
step_down,naive,1,166775,331622,289440,20454,,20506
step_down,naive,1,170795,354406,309600,20595,,21584
step_down,naive,1,172930,378614,331200,20750,,21835
step_down,naive,1,177808,409942,347040,21059,,22552
step_down,naive,1,180263,441270,378720,21291,,22922
step_down,naive,1,183011,472598,410400,21591,,23691
step_down,naive,1,192522,515318,430615,22949,,26960
step_down,naive,1,199840,560886,469495,24213,,28259
step_down,naive,1,254673,544250,504000,37131,,45864
step_down,naive,1,268768,546138,417600,39258,,42514
step_down,naive,1,273635,546778,388800,39644,,42352
step_down,naive,1,278251,547112,358560,40028,,42716
step_down,naive,1,289251,551384,299520,40877,,44165
step_down,naive,1,299252,471286,236160,41103,,40104
step_down,naive,1,399946,532518,256320,23332,,21651
step_down,naive,1,405018,554455,256320,23123,,21663
step_down,naive,1,500181,471286,243360,23526,,22714
step_down,naive,1,588261,532518,247680,21302,,20894
step_down,naive,1,593245,554455,244800,21219,,20641
step_down,naive,1,696382,471286,241920,23444,,22524
step_down,naive,1,862323,531094,243360,20537,,20509
step_down,naive,1,867382,554455,241920,20514,,20360
step_down,naive,1,1157633,471286,239040,23478,,22318
step_down,naive,1,1329545,533942,243360,20411,,20504
step_down,naive,1,1334723,552946,243360,20400,,20330
step_down,naive,1,1350040,554455,241920,20346,,20284
step_down,naive,1,1376059,552946,315360,20407,,21217
step_down,naive,1,1407363,551842,273600,22726,,25404
step_down,naive,1,1424328,554455,249120,23336,,23153
step_down,naive,1,1429599,471286,243360,23269,,22806
step_down,naive,1,3544712,532518,240480,20135,,20148
step_down,naive,1,3549808,549316,240480,20145,,20219
step_down,naive,1,3565275,554455,240480,20155,,20172
step_down,naive,1,3591035,549316,315360,20287,,21110
step_down,naive,1,3627260,548442,263520,22870,,24599
step_down,naive,1,3642939,471286,240480,22954,,22547
step_down,naive,1,4995648,280336,239040,20193,,20181
step_down,naive,1,5006338,246352,215556,20240,,20327
step_down,naive,1,8103216,307584,160904,401815,,3070842
step_down,naive,1,8103316,328944,139304,734822,,3065874
step_down,naive,1,8103346,331416,136800,1025904,,3063478
step_down,naive,1,8103362,138052,,1025904,,
step_down,naive,1,8164219,242181,1252,905271,,60841
step_down,naive,1,8169597,243417,87640,799733,,60971
step_down,naive,1,8231477,259485,227864,708104,,66702
step_down,naive,1,8236780,271845,247896,628449,,70871
step_down,naive,1,8241966,284205,260416,559296,,75227
step_down,naive,1,8247212,296565,272936,499341,,79658
step_down,naive,1,8252433,310161,282952,447455,,84257
step_down,naive,1,8258087,322521,297976,402606,,88667
step_down,naive,1,8263423,336117,309244,363993,,93707
step_down,naive,1,8268952,348477,324268,330806,,98497
step_down,naive,1,8274154,360837,336788,302362,,103255
step_down,naive,1,8279779,374433,348056,278135,,108548
step_down,naive,1,8284970,386793,363080,257530,,113296
step_down,naive,1,8290195,399153,374348,240111,,118182
step_down,naive,1,8295874,412749,385616,225528,,123449
step_down,naive,1,8301078,426345,399388,213407,,128566
step_down,naive,1,8306715,438705,414412,203421,,133525
step_down,naive,1,8311866,451065,426932,195271,,138225
step_down,naive,1,8317008,463425,439452,188740,,143024
step_down,naive,1,8322218,475785,451972,183633,,147888
step_down,naive,1,8327423,488145,464492,172606,,95424
step_down,naive,1,8332538,500505,475760,163597,,100539
step_down,naive,1,8337744,512865,488280,156376,,105833
step_down,naive,1,8342885,525225,500800,150037,,105669
step_down,naive,1,8348096,537585,513320,145152,,110960
step_down,naive,1,8353350,548442,525840,140922,,111313
step_down,naive,1,9430019,547018,537108,225412,,226189
step_down,naive,1,9876185,500430,534604,222317,,222714
step_down,naive,1,9987090,506610,478264,226450,,254732
step_down,naive,1,9988247,565938,406900,226123,,223838
step_down,naive,1,12194965,502902,553384,235149,,235643
step_down,naive,1,13166543,481018,490784,205089,,204910
step_down,naive,1,13823058,505738,456980,196750,,196405
step_down,naive,1,13833384,530458,480768,196695,,196310
step_down,naive,1,13843742,555178,505808,196634,,196211
step_down,naive,1,13854332,565904,530848,196564,,196081
step_down,naive,1,23939263,567222,542116,233005,,233913
step_down,naive,1,25241410,482138,543368,225464,,227510
step_down,naive,1,25945458,506858,445712,191609,188589,188589
step_down,naive,1,25955842,531578,444460,191207,188398,188398
step_down,naive,1,25966479,553826,443208,190967,,189287
step_down,naive,1,25976731,567222,441956,190723,,189020
step_down,naive,1,27328490,482138,429436,214157,,204743
step_down,naive,1,27381652,509330,424428,206975,,196542
step_down,naive,1,27392143,534050,424428,205484,,195050
step_down,naive,1,27402996,560006,423176,203980,,193453
step_down,naive,1,27413887,567222,421924,202470,,191903
step_down,naive,2,2719,15360,1998,,,
step_down,naive,2,23850,16871,1879,21131,21131,21131
step_down,naive,2,25043,18718,2504,21280,,22324
step_down,naive,2,44765,21190,7200,21207,20700,20700
step_down,naive,2,51434,24038,10080,21104,20387,20387
step_down,naive,2,58878,26886,11520,21068,,20816
step_down,naive,2,65298,29734,11520,20990,,20444
step_down,naive,2,86273,32582,27360,20734,,20684
step_down,naive,2,88502,35430,27360,20688,,20369
step_down,naive,2,93388,38278,31680,20605,,20339
step_down,naive,2,95694,41126,34560,20587,,20464
step_down,naive,2,97121,43974,34560,20548,20277,20277
step_down,naive,2,99221,46822,38880,20507,20221,20221
step_down,naive,2,101673,49670,44640,20475,,20252
step_down,naive,2,103183,52518,46080,20442,20215,20215
step_down,naive,2,106487,56790,48960,20446,,20479
step_down,naive,2,108254,59638,54720,20420,,20245
step_down,naive,2,109178,62486,56160,20393,20204,20204
step_down,naive,2,110633,65334,59040,20372,,20226
step_down,naive,2,112508,68182,63360,20354,,20235
step_down,naive,2,113643,71030,64800,20338,,20227
step_down,naive,2,115914,73878,69120,20305,20191,20191
step_down,naive,2,117723,78150,70560,20332,,20528
step_down,naive,2,119859,80998,76320,20489,,21592
step_down,naive,2,119897,83846,73440,20504,,20616
step_down,naive,2,120395,86694,77760,20465,,20192
step_down,naive,2,122513,92390,82080,20460,,20432
step_down,naive,2,123410,95238,86400,20443,,20326
step_down,naive,2,124228,98086,87840,20423,,20283
step_down,naive,2,125010,100934,90720,20394,,20196
step_down,naive,2,126833,105206,97920,20382,,20304
step_down,naive,2,127835,109478,100800,20369,,20281
step_down,naive,2,128573,112326,102240,20351,,20232
step_down,naive,2,129348,115174,105120,20334,,20220
step_down,naive,2,130092,118022,108000,20318,,20207
step_down,naive,2,130802,120870,110880,20304,,20209
step_down,naive,2,131492,123718,113760,20291,,20200
step_down,naive,2,132202,126566,116640,20279,,20196
step_down,naive,2,132918,129414,119520,20269,,20206
step_down,naive,2,133850,132262,123840,20289,,20433
step_down,naive,2,134292,135110,125280,20277,,20194
step_down,naive,2,134931,137958,128160,20268,,20208
step_down,naive,2,135619,140806,131040,20263,,20234
step_down,naive,2,136218,143654,133920,20258,,20223
step_down,naive,2,136817,146502,136800,20253,,20218
step_down,naive,2,138655,150774,142560,20314,,20743
step_down,naive,2,138745,153622,139680,20332,,20458
step_down,naive,2,138993,156470,145440,20330,,20322
step_down,naive,2,140680,160742,152640,20353,,20353
step_down,naive,2,141036,163590,158400,20335,,20209
step_down,naive,2,141556,166438,161280,20318,,20206
step_down,naive,2,142098,169286,164160,20304,,20213
step_down,naive,2,142797,172134,167040,20290,,20199
step_down,naive,2,146160,184950,159840,20459,,21643
step_down,naive,2,150476,207734,162720,20710,,22468
step_down,naive,2,154453,221974,171360,21184,,24503
step_down,naive,2,155864,244758,177120,21412,,23011
step_down,naive,2,157152,260422,180000,21543,,22464
step_down,naive,2,158713,278934,185760,21600,,22003
step_down,naive,2,160571,300294,192960,21592,,21543
step_down,naive,2,162205,320230,204480,21550,,21260
step_down,naive,2,164119,341590,218880,21496,,21120
step_down,naive,2,169473,348710,332640,21715,,23255
step_down,naive,2,172649,374342,324000,21763,,22103
step_down,naive,2,185026,411366,336960,22203,,23951
step_down,naive,2,195817,454086,368640,23808,,28525
step_down,naive,2,203614,501078,407520,25335,,30412
step_down,naive,2,207360,546646,455040,26002,,30671
step_down,naive,2,242810,606454,486720,31210,,38336
step_down,naive,2,251755,547824,551520,33628,,43161
step_down,naive,2,261452,550672,466560,36398,,45802
step_down,naive,2,279834,553980,352800,38960,,42065
step_down,naive,2,284730,557716,321120,39323,,41867
step_down,naive,2,300181,492048,228960,40733,,38651
step_down,naive,2,437361,578880,262080,22640,,23176
step_down,naive,2,546704,492048,243360,24448,,22853
step_down,naive,2,686546,553280,237600,20262,,20098
step_down,naive,2,691776,578880,239040,20240,,20087
step_down,naive,2,733213,546770,313920,20296,,21173
step_down,naive,2,754073,547336,283680,21700,,24969
step_down,naive,2,759313,545912,276480,22219,,25859
step_down,naive,2,775035,548760,266400,22944,,23847
step_down,naive,2,790845,578880,262080,22815,,22298
step_down,naive,2,811490,548760,321120,22422,,21803
step_down,naive,2,832277,549354,289440,23113,,25388
step_down,naive,2,868394,492048,239040,23664,,22327
step_down,naive,2,878677,549354,236160,23122,,20955
step_down,naive,2,900255,578880,240480,21937,,20157
step_down,naive,2,920675,555050,354240,22004,,24702
step_down,naive,2,925581,578880,305280,22002,,21990
step_down,naive,2,946317,492048,266400,22713,,24882
step_down,naive,2,1113081,553280,430560,34099,,36209
step_down,naive,2,1118135,578880,447840,34338,,36014
step_down,naive,2,1559031,492048,241920,25969,,22524
step_down,naive,2,1621123,548286,241920,21528,,20352
step_down,naive,2,1641775,578880,241920,20992,,20196
step_down,naive,2,1667674,548286,318240,20830,,21356
step_down,naive,2,1703647,547752,269280,23278,,25048
step_down,naive,2,1734275,578880,254880,22852,,21418
step_down,naive,2,1754774,547752,311040,22168,,21107
step_down,naive,2,1790842,548442,259200,23398,,24205
step_down,naive,2,1806274,492048,237600,23211,,22196
step_down,naive,2,1965805,548442,241920,20257,,20260
step_down,naive,2,1986564,578880,240480,20226,,20239
step_down,naive,2,2012295,547018,315360,20309,,21137
step_down,naive,2,2030667,548442,328320,21680,,27245
step_down,naive,2,2035700,578880,285120,22192,,25776
step_down,naive,2,2067001,492048,241920,23172,,22542
step_down,naive,2,2154222,553280,241920,20657,,20375
step_down,naive,2,2159446,578880,241920,20612,,20299
step_down,naive,2,2253000,553364,243360,23059,,22549
step_down,naive,2,2258308,492048,234720,22915,,21910
step_down,naive,2,2341421,553280,270720,22964,,22654
step_down,naive,2,2346477,553364,269280,22915,,22573
step_down,naive,2,2367351,578880,267840,22664,,22155
step_down,naive,2,2387804,553364,322560,22416,,21907
step_down,naive,2,2393039,554072,313920,22445,,22650
step_down,naive,2,2449606,492048,237600,23694,,22168
step_down,naive,2,4998567,290336,241920,20327,,20174
step_down,naive,2,5003797,288912,228828,20328,,20338
step_down,naive,2,5019415,242752,228140,20311,,20238
step_down,naive,2,5025313,300252,185760,20417,,21163
step_down,naive,2,5030416,361484,195840,20474,,20876
step_down,naive,2,5035486,421292,195840,20510,,20769
step_down,naive,2,5040661,482524,190012,20513,,20541
step_down,naive,2,5045818,489644,244732,20504,,20448
step_down,naive,2,8094051,550876,238972,400938,,3063980
step_down,naive,2,8094149,578880,177052,733181,,3058883
step_down,naive,2,8094428,119332,,1693647,,
step_down,naive,2,8155206,463536,1252,1489537,,60770
step_down,naive,2,8160430,464772,86388,1310950,,60842
step_down,naive,2,8221305,479604,450720,1155250,,65354
step_down,naive,2,8226718,491964,468248,1019594,,70003
step_down,naive,2,8231887,504324,479516,901422,,74222
step_down,naive,2,8237047,516684,492036,798575,,78647
step_down,naive,2,8242293,529044,504556,709124,,82968
step_down,naive,2,8247399,541404,517076,631388,,87239
step_down,naive,2,8252797,555000,528344,563994,,92236
step_down,naive,2,8279497,548376,543368,342069,,116716
step_down,naive,2,8860095,546952,537108,223040,,222075
step_down,naive,2,9985632,500552,534604,224026,,224334
step_down,naive,2,10643329,501788,484524,203422,,205207
step_down,naive,2,10682958,503024,484524,203883,,203926
step_down,naive,2,12676803,501788,490784,206427,,206378
step_down,naive,2,13136171,505496,482020,209392,,242476
step_down,naive,2,13138073,572240,410656,209044,,206613
step_down,naive,2,13158974,492048,479516,206850,,203882
step_down,naive,2,13592573,516768,468248,202744,,202511
step_down,naive,2,13602914,541488,492036,202710,,202478
step_down,naive,2,13613259,566208,517076,202671,,202401
step_down,naive,2,13623614,578880,542116,202647,,202480
step_down,naive,2,16511870,492048,435696,215092,,208714
step_down,naive,2,16553790,516768,434444,210433,,201576
step_down,naive,2,16565038,536544,434444,209318,,201516
step_down,naive,2,16575180,562500,431940,208261,,200864
step_down,naive,2,16585675,578880,431940,207026,,198386
step_down,naive,2,17048203,492048,434444,227885,,225442
step_down,naive,2,17322587,516768,376852,191243,168776,168776
step_down,naive,2,17332819,541488,375600,188214,167014,167014
step_down,naive,2,17343289,566208,375600,185459,166177,166177
step_down,naive,2,17353675,578880,375600,183012,165888,165888
step_down,naive,2,17963614,492048,356820,174849,,169474
step_down,naive,2,18038170,516768,348056,167264,,158562
step_down,naive,2,18049035,542724,346804,165942,,156690
step_down,naive,2,18059860,568680,345552,164521,,154576
step_down,naive,2,18070296,578880,344300,163098,,153142
step_down,naive,2,19143209,492048,330528,164169,,156981
step_down,naive,2,19163904,516768,328024,161977,,154170
step_down,naive,2,19174157,541488,328024,160728,,151986
step_down,naive,2,19185014,567444,326772,159528,,151134
step_down,naive,2,19195446,578880,324268,158293,,149648
step_down,naive,2,19760772,492048,314252,154249,,148276
step_down,naive,2,20512740,491934,215344,97918,94010,94010
step_down,naive,2,20523058,486620,214092,97395,93740,93740
step_down,naive,2,20533980,486352,211588,96880,93277,93277
step_down,naive,2,20544301,481394,211588,96352,92663,92663
step_down,naive,2,20565456,478746,209084,95267,91450,91450
step_down,naive,2,20576029,476338,207832,94742,91072,91072
step_down,naive,2,20586661,475048,205328,94190,90330,90330
step_down,naive,2,20597157,472836,202824,93623,89654,89654
step_down,naive,2,20608011,469904,202824,93062,89140,89140
step_down,naive,2,20618738,466942,202824,92482,88424,88424
step_down,naive,2,20629177,464108,199068,91916,87957,87957
step_down,naive,2,20639474,462302,200320,91350,87395,87395
step_down,naive,2,20650404,458758,197816,90799,86942,86942
step_down,naive,2,20661299,455528,196564,90206,86058,86058
step_down,naive,2,20671628,453072,195312,89603,85386,85386
step_down,naive,2,20682188,449650,194060,89022,84962,84962
step_down,naive,2,20692290,447420,192808,88424,84244,84244
step_down,naive,2,20702642,444734,191556,87863,83939,83939
step_down,naive,2,20713058,442570,190304,87295,83324,83324
step_down,naive,2,20723427,438346,186548,86748,82925,82925
step_down,naive,2,20733731,435136,186548,86175,82171,82171
step_down,naive,2,20744080,433110,184044,85591,81506,81506
step_down,naive,2,20754403,429680,184044,84999,80855,80855
step_down,naive,2,20765261,428224,182792,84417,80345,80345
step_down,naive,2,20776093,425284,181540,83840,79803,79803
step_down,naive,2,20786938,423378,180288,83242,79062,79062
step_down,naive,2,20797896,419776,177784,82620,78271,78271
step_down,naive,2,20808280,416598,175280,82015,77781,77781
step_down,naive,2,20818590,413488,175280,81405,77140,77140
step_down,naive,2,20828981,411052,174028,80815,76689,76689
step_down,naive,2,20839289,408462,172776,80231,76143,76143
step_down,naive,2,20850241,404922,171524,79637,75483,75483
step_down,naive,2,20860508,401144,170272,79024,74733,74733
step_down,naive,2,20871424,398802,169020,78402,74051,74051
step_down,naive,2,20881743,395740,167768,77771,73354,73354
step_down,naive,2,20892629,393584,165264,77152,72822,72822
step_down,naive,2,20903527,390976,162760,76532,72194,72194
step_down,naive,2,20914372,387824,162760,75909,71554,71554
step_down,naive,2,20925809,384240,160256,75284,70916,70916
step_down,naive,2,20936624,380982,159004,74651,70223,70223
step_down,naive,2,20946998,377652,157752,74026,69655,69655
step_down,naive,2,20957588,375110,155248,73436,69309,69309
step_down,naive,2,20967636,372110,155248,72804,68387,68387
step_down,naive,2,20978664,369052,152744,72185,67855,67855
step_down,naive,2,20988878,366004,152744,71555,67151,67151
step_down,naive,2,20999268,362692,150240,70926,66527,66527
step_down,naive,2,21010154,359978,148988,70292,65854,65854
step_down,naive,2,21020901,358326,146484,69636,65048,65048
step_down,naive,2,21031749,353920,146484,68970,64312,64312
step_down,naive,2,21042214,351380,145232,68288,63514,63514
step_down,naive,2,21052553,348016,143980,67650,63189,63189
step_down,naive,2,21063485,345034,142728,67015,62571,62571
step_down,naive,2,21074255,341820,141476,66357,61755,61755
step_down,naive,2,21084684,337968,140224,65726,61316,61316
step_down,naive,2,21095001,334452,136468,65106,60769,60769
step_down,naive,2,21105410,330640,137720,64550,60658,60658
step_down,naive,2,21115900,329086,137720,64004,60184,60184
step_down,naive,2,21126402,326134,137720,63559,,60450
step_down,naive,2,21137725,322236,137720,63143,,60238
step_down,naive,2,21148065,320138,136468,62780,,60246
step_down,naive,2,21159158,317524,135216,62460,,60225
step_down,naive,2,21169600,316994,135216,62182,,60239
step_down,naive,2,21180501,316000,138972,61936,,60216
step_down,naive,2,21201216,315050,138972,61532,,60185
step_down,naive,2,21571245,313814,136468,60251,,60206
step_down,naive,2,21676711,337298,136468,60270,,60165
step_down,naive,2,21687042,352300,142728,60257,,60172
step_down,naive,2,21750743,313814,185296,60594,,62623
step_down,naive,2,21823236,314236,161508,66972,,75842
step_down,naive,2,23552667,314226,136468,60219,,60223
step_down,naive,2,23995298,338946,135216,60231,,60253
step_down,naive,2,24005742,352763,143980,60225,,60187
step_down,naive,2,24068226,314226,184044,60506,,62410
step_down,naive,2,24140766,314366,161508,66896,,75703
step_down,naive,2,25320552,314228,140224,60197,,60169
step_down,naive,2,25341794,314204,137720,60188,,60171
step_down,naive,2,25489073,312968,140224,60225,,60260
step_down,naive,2,25521405,314204,135216,60227,,60235
step_down,naive,2,26509918,337688,136468,60221,,60198
step_down,naive,2,26520968,352739,146484,60214,,60172
step_down,naive,2,26583622,314204,185296,60568,,62631
step_down,naive,2,26676792,313758,156500,68972,,74496
step_down,naive,3,1548,15360,1998,,,
step_down,naive,3,22637,16871,1879,21089,21089,21089
step_down,naive,3,23946,18718,2504,21252,,22398
step_down,naive,3,43730,21190,7200,21202,20858,20858
step_down,naive,3,50409,24038,10080,21118,20532,20532
step_down,naive,3,57776,26886,11520,21086,,20869
step_down,naive,3,64178,29734,11520,21001,20408,20408
step_down,naive,3,84792,32582,25920,20694,20212,20212
step_down,naive,3,87558,35430,28800,20655,,20384
step_down,naive,3,92377,38278,31680,20580,,20322
step_down,naive,3,94850,41126,34560,20551,,20352
step_down,naive,3,96292,43974,37440,20501,20158,20158
step_down,naive,3,98267,46822,38880,20465,,20214
step_down,naive,3,100745,49670,44640,20440,,20270
step_down,naive,3,102269,52518,46080,20407,,20178
step_down,naive,3,104799,55366,50400,20405,,20394
step_down,naive,3,106492,59638,51840,20379,,20200
step_down,naive,3,107933,62486,56160,20351,,20161
step_down,naive,3,109384,65334,59040,20328,,20172
step_down,naive,3,111276,68182,63360,20307,,20164
step_down,naive,3,112678,72454,64800,20291,,20181
step_down,naive,3,113910,75302,67680,20271,20132,20132
step_down,naive,3,115037,78150,70560,20251,20113,20113
step_down,naive,3,116542,80998,74880,20268,,20390
step_down,naive,3,119071,83846,79200,20290,,20267
step_down,naive,3,120015,86694,82080,20286,,20264
step_down,naive,3,120887,89542,84960,20276,,20213
step_down,naive,3,121806,92390,87840,20263,,20174
step_down,naive,3,122792,95238,90720,20260,,20243
step_down,naive,3,123671,98086,93600,20255,,20222
step_down,naive,3,124577,100934,96480,20249,,20213
step_down,naive,3,125284,103782,97920,20234,,20130
step_down,naive,3,126141,106630,100800,20227,,20181
step_down,naive,3,126898,109478,103680,20219,,20168
step_down,naive,3,127741,112326,106560,20218,,20217
step_down,naive,3,128414,115174,108000,20213,,20179
step_down,naive,3,129094,118022,110880,20204,,20143
step_down,naive,3,129847,120870,113760,20199,,20165
step_down,naive,3,130513,123718,116640,20191,,20140
step_down,naive,3,131226,126566,119520,20183,,20130
step_down,naive,3,131909,129414,122400,20176,,20129
step_down,naive,3,132594,132262,125280,20170,,20131
step_down,naive,3,133214,135110,128160,20163,,20114
step_down,naive,3,133867,137958,131040,20159,,20137
step_down,naive,3,134545,140806,133920,20162,,20190
step_down,naive,3,135156,143654,136800,20165,,20191
step_down,naive,3,135658,146502,138240,20160,,20129
step_down,naive,3,136256,149350,141120,20157,,20139
step_down,naive,3,136870,152198,144000,20159,,20177
step_down,naive,3,137427,155046,146880,20158,,20153
step_down,naive,3,138041,157894,151200,20162,,20194
step_down,naive,3,138569,160742,152640,20163,,20173
step_down,naive,3,139270,163590,158400,20163,,20169
step_down,naive,3,139640,166438,158400,20163,,20164
step_down,naive,3,140144,169286,161280,20156,20109,20109
step_down,naive,3,140639,172134,164160,20152,,20131
step_down,naive,3,142891,183526,161280,20178,,20363
step_down,naive,3,144870,196342,171360,20192,,20294
step_down,naive,3,146867,210582,182880,20195,,20220
step_down,naive,3,148896,224822,197280,20203,,20260
step_down,naive,3,150887,240486,210240,20209,,20258
step_down,naive,3,153038,257574,224640,20222,,20317
step_down,naive,3,154912,274662,240480,20229,,20283
step_down,naive,3,156954,293174,256320,20246,,20367
step_down,naive,3,158800,311686,275040,20257,,20341
step_down,naive,3,160804,333046,290880,20268,,20351
step_down,naive,3,164683,357254,309600,20420,,21484
step_down,naive,3,166556,381462,334080,20543,,21411
step_down,naive,3,168804,408518,354240,20677,,21615
step_down,naive,3,171181,436998,380160,20838,,21967
step_down,naive,3,176421,469750,404640,21267,,22762
step_down,naive,3,182561,508198,432055,22045,,25189
step_down,naive,3,192927,552342,463735,23765,,27660
step_down,naive,3,244611,539538,496855,36449,,43959
step_down,naive,3,286478,466390,241920,40250,,40810
step_down,naive,3,540362,526198,239040,20328,,20193
step_down,naive,3,545431,548695,239040,20308,,20168
step_down,naive,3,734589,466390,240480,23103,,22417
step_down,naive,3,760148,526198,239040,21872,,20098
step_down,naive,3,765209,548695,240480,21659,,20175
step_down,naive,3,806086,546462,313920,20746,,21059
step_down,naive,3,826549,547068,283680,21923,,24842
step_down,naive,3,852245,548695,279360,23149,,23535
step_down,naive,3,872867,547068,336960,23159,,22980
step_down,naive,3,944406,466390,236160,24162,,21972
step_down,naive,3,1016095,521926,246240,20965,,20669
step_down,naive,3,1021247,547068,246240,20916,,20574
step_down,naive,3,1036541,548695,241920,20729,,20265
step_down,naive,3,1062052,547068,315360,20558,,21107
step_down,naive,3,1097741,546366,264960,22955,,24678
step_down,naive,3,1118233,466390,234720,22912,,21936
step_down,naive,3,1297007,526198,239040,20138,,20119
step_down,naive,3,1302141,546366,239040,20131,,20082
step_down,naive,3,1317558,548695,240480,20143,,20143
step_down,naive,3,1343142,544942,316800,20301,,21240
step_down,naive,3,1379061,544434,266400,22981,,25034
step_down,naive,3,1399268,466390,236160,22993,,22083
step_down,naive,3,3915387,526198,239040,20069,,20062
step_down,naive,3,3920455,543520,239040,20074,,20111
step_down,naive,3,3935849,548695,239040,20075,,20087
step_down,naive,3,3961396,544944,312480,20204,,21001
step_down,naive,3,3976866,545066,290880,21132,,23868
step_down,naive,3,4012512,466390,239040,22780,,22335
step_down,naive,3,5002929,261824,239040,20084,,20078
step_down,naive,3,5008062,240656,202348,20095,,20175
step_down,naive,3,8115719,262016,193392,402974,,3081910
step_down,naive,3,8115835,300464,154512,737203,,3076811
step_down,naive,3,8115870,310432,144432,1029083,,3072246
step_down,naive,3,8116003,325264,129408,1284843,,3075168
step_down,naive,3,8116049,337624,116888,1508453,,3073730
step_down,naive,3,8116223,349984,104368,1703975,,3072633
step_down,naive,3,8116252,354928,99360,1874609,,3069054
step_down,naive,3,8116262,100612,,1874609,,
step_down,naive,3,8177119,260756,1252,1647889,,60849
step_down,naive,3,8182562,261992,90144,1449525,,60980
step_down,naive,3,8243079,276824,247896,1276509,,65404
step_down,naive,3,8248552,289184,265424,1125679,,69875
step_down,naive,3,8253748,301544,276692,994256,,74301
step_down,naive,3,8258907,313904,289212,879793,,78555
step_down,naive,3,8264074,326264,301732,780187,,82952
step_down,naive,3,8269258,338624,314252,693575,,87294
step_down,naive,3,8274885,350984,326772,618382,,92032
step_down,naive,3,8279943,364580,338040,553190,,96848
step_down,naive,3,8285347,376940,353064,496758,,101737
step_down,naive,3,8290526,389300,365584,447974,,106487
step_down,naive,3,8295647,401660,376852,405877,,111205
step_down,naive,3,8300748,414020,389372,369637,,115958
step_down,naive,3,8305999,426380,401892,338534,,120814
step_down,naive,3,8311156,438740,414412,311915,,125582
step_down,naive,3,8316354,451100,426932,289231,,130449
step_down,naive,3,8321506,463460,439452,269970,,135148
step_down,naive,3,8326780,475820,451972,253748,,140196
step_down,naive,3,8331955,488180,464492,240132,,144823
step_down,naive,3,8337102,500540,475760,228815,,149598
step_down,naive,3,8342223,512900,488280,219505,,154339
step_down,naive,3,8347527,526496,499548,205111,,104354
step_down,naive,3,8353268,538856,514572,193202,,109839
step_down,naive,3,8358418,545066,525840,182770,,109748
step_down,naive,3,9895491,497242,533352,222158,,222150
step_down,naive,3,10320455,496006,485776,201950,,201994
step_down,naive,3,13178092,466390,484524,201947,,202038
step_down,naive,3,13607487,491110,441956,191438,,191293
step_down,naive,3,13617845,515830,466996,191416,191265,191265
step_down,naive,3,13628165,540550,492036,191399,,191284
step_down,naive,3,13638527,548695,515824,191379,191241,191241
step_down,naive,3,18856091,466390,524588,217232,,217211
step_down,naive,3,19321781,491110,438200,187336,,186152
step_down,naive,3,19332481,515830,435696,187212,,186348
step_down,naive,3,19342523,540550,435696,187087,,186215
step_down,naive,3,19352921,548695,434444,186965,,186114
step_down,naive,3,24760959,260312,524588,217751,,217851
step_down,naive,3,24958182,260182,231675,217689,,217685
step_down,naive,3,24989190,260124,229116,190196,97977,97977
step_down,naive,3,25020266,260113,226612,159540,96924,96924
step_down,naive,3,25031175,259951,226612,151673,96606,96606
step_down,naive,3,25041463,123403,225360,144752,96310,96310
step_down,naive,3,25052156,117073,200320,138694,96294,96294
step_down,naive,3,25062291,116827,175280,133338,95846,95846
step_down,naive,3,25072581,116385,150295,128606,95489,95489
step_down,naive,3,25082970,115815,125255,124432,95216,95216
step_down,naive,3,25093359,115435,100215,120734,94850,94850
step_down,naive,3,25103639,115081,91451,117445,94428,94428
step_down,naive,3,25113963,115062,90199,114525,94091,94091
step_down,naive,3,25124310,114527,90199,111941,93855,93855
step_down,naive,3,25134611,114100,90144,106981,72266,72266
step_down,naive,3,25164001,113774,98908,101703,64764,64764
step_down,naive,3,25174262,113337,90144,96687,61582,61582
step_down,naive,3,25184754,466390,87640,92150,94428,60392
step_down,naive,3,25215625,371360,112680,81684,,60467
step_down,naive,3,25234693,335504,140224,79019,60370,60370
step_down,naive,3,25245104,320294,140224,76680,60310,60310
step_down,naive,3,25255568,315162,140224,74658,,60508
step_down,naive,3,25399837,314994,141476,62529,,60198
step_down,naive,3,25410080,338478,140224,62246,,60269
step_down,naive,3,25420298,352532,148988,61988,,60183
step_down,naive,3,25481544,314020,182792,61252,,62073
step_down,naive,3,25523064,314124,171524,63715,,69818
step_down,naive,3,25533446,315712,166516,64702,,71613
step_down,naive,3,25740440,315654,142728,62463,,60178
step_down,naive,3,25802632,340374,140224,61208,,60122
step_down,naive,3,25813224,354370,147736,61081,,60194
step_down,naive,3,25824041,354165,153996,60973,,60219
step_down,naive,3,25876222,315472,186548,60948,,62635
step_down,naive,3,25969345,313944,156500,69189,,74822
step_down,naive,3,26023660,315180,141476,69502,,67195
step_down,naive,3,26140841,338664,140224,62786,,60196
step_down,naive,3,26150881,353682,145232,62462,,60194
step_down,naive,3,26214520,315180,185296,61538,,62544
step_down,naive,3,26307639,315068,156500,69074,,73735
step_down,naive,3,26424273,338552,137720,65084,,60198
step_down,naive,3,26434335,353556,143980,64465,,60132
step_down,naive,3,26497785,315068,184044,62422,,62415
step_down,naive,3,26549596,318032,169020,65456,,71964
step_down,naive,3,26663957,342752,153996,68341,,65214
step_down,naive,3,26674315,356891,160256,67935,,65100
step_down,naive,3,26726080,318032,190304,66140,,64014
step_down,naive,3,26819860,314976,162760,71837,,76752
step_down,naive,3,26883494,313740,142728,71489,,68037
step_down,naive,3,26988213,337224,140224,63840,,60264
step_down,naive,3,26998501,352217,146484,63387,,60216
step_down,naive,3,27060591,313740,184044,61900,,62136
step_down,naive,3,27102047,316052,170272,64112,,69727
step_down,naive,3,27215881,340772,156500,68597,,66168
step_down,naive,3,27226238,354818,162760,68260,,65908
step_down,naive,3,27278037,316052,191556,66852,,65083
step_down,naive,3,27371666,313740,165264,72544,,77604
step_down,naive,3,27382552,313840,160256,72995,,76155
step_down,naive,3,27645899,337324,140224,61276,,60137
step_down,naive,3,27656161,352329,146484,61143,,60217
step_down,naive,3,27718309,313840,184044,60878,,62182
step_down,naive,4,1554,15360,1998,,,
step_down,naive,4,22397,16871,1879,20843,20843,20843
step_down,naive,4,23629,18718,2504,20997,,22075
step_down,naive,4,42995,21190,7200,20929,20453,20453
step_down,naive,4,49922,24038,10080,20872,,20476
step_down,naive,4,56881,26886,11520,20826,,20507
step_down,naive,4,63390,29734,11520,20767,20360,20360
step_down,naive,4,83741,32582,25920,20559,20195,20195
step_down,naive,4,86423,35430,28800,20528,,20318
step_down,naive,4,90598,36854,31680,20508,,20366
step_down,naive,4,92238,39702,34560,20479,,20279
step_down,naive,4,94458,42550,36000,20456,,20295
step_down,naive,4,96773,45398,40320,20429,,20245
step_down,naive,4,98454,48246,41760,20402,,20218
step_down,naive,4,100765,51094,46080,20376,,20200
step_down,naive,4,102500,53942,48960,20388,,20476
step_down,naive,4,103916,56790,50400,20358,20150,20150
step_down,naive,4,105338,59638,53280,20333,,20160
step_down,naive,4,106761,62486,56160,20306,20117,20117
step_down,naive,4,108186,65334,59040,20283,,20122
step_down,naive,4,111207,68182,63360,20282,,20380
step_down,naive,4,112343,71030,66240,20272,,20202
step_down,naive,4,114343,75302,67680,20294,,20448
step_down,naive,4,115242,78150,73440,20288,,20248
step_down,naive,4,116376,80998,76320,20277,,20203
step_down,naive,4,117327,83846,77760,20260,,20146
step_down,naive,4,118344,86694,80640,20245,,
step_down,naive,4,119319,89542,83520,20234,,20164
step_down,naive,4,120281,92390,86400,20229,,20201
step_down,naive,4,121118,95238,87840,20215,,20119
step_down,naive,4,122072,98086,90720,20206,,20143
step_down,naive,4,122986,100934,93600,20202,,20177
step_down,naive,4,123805,103782,96480,20198,,20173
step_down,naive,4,124601,106630,99360,20192,,20152
step_down,naive,4,125318,109478,100800,20184,,20132
step_down,naive,4,126112,112326,103680,20179,,20151
step_down,naive,4,126845,115174,106560,20173,,20132
step_down,naive,4,127591,118022,109440,20168,,20139
step_down,naive,4,128275,120870,110880,20162,,20124
step_down,naive,4,128961,123718,113760,20154,20105,20105
step_down,naive,4,130267,126566,119520,20177,,20328
step_down,naive,4,130905,129414,122400,20190,,20283
step_down,naive,4,131502,132262,125280,20197,,20252
step_down,naive,4,132050,135110,126720,20193,,20170
step_down,naive,4,132622,137958,129600,20183,,20113
step_down,naive,4,133236,140806,132480,20175,,20121
step_down,naive,4,134728,143654,138240,20194,,20332
step_down,naive,4,134878,146502,141120,20202,,20262
step_down,naive,4,135321,149350,142560,20190,,20111
step_down,naive,4,135873,152198,145440,20179,20102,20102
step_down,naive,4,136550,155046,149760,20177,,20169
step_down,naive,4,137097,157894,151200,20174,,20158
step_down,naive,4,137632,160742,154080,20174,,20175
step_down,naive,4,138091,163590,156960,20166,,20117
step_down,naive,4,138645,166438,159840,20161,,20126
step_down,naive,4,139200,169286,162720,20162,,20173
step_down,naive,4,139693,172134,165600,20163,,20176
step_down,naive,4,141880,184950,159840,20167,,20200
step_down,naive,4,143953,197766,172800,20174,,20224
step_down,naive,4,146106,212006,184320,20190,,20305
step_down,naive,4,148070,226246,198720,20207,,20328
step_down,naive,4,149970,241910,211680,20209,,20224
step_down,naive,4,152004,258998,224640,20208,,20206
step_down,naive,4,153920,276086,241920,20211,,20238
step_down,naive,4,155994,294598,257760,20226,,20334
step_down,naive,4,158010,314534,275040,20239,,20332
step_down,naive,4,159787,335894,293760,20227,,20146
step_down,naive,4,163401,358678,313920,20339,,21128
step_down,naive,4,165438,382886,335520,20446,,21196
step_down,naive,4,167674,409942,355680,20550,,21285
step_down,naive,4,170072,438422,381600,20688,,21654
step_down,naive,4,175296,471174,406080,21134,,22916
step_down,naive,4,181215,508198,434935,21888,,24879
step_down,naive,4,191674,552342,463735,23681,,27918
step_down,naive,4,243743,539856,496855,36608,,44259
step_down,naive,4,285588,466390,241920,40261,,40713
step_down,naive,4,407949,526198,237600,21137,,20108
step_down,naive,4,413103,544616,239040,21012,,20142
step_down,naive,4,428397,548695,239040,20718,,20088
step_down,naive,4,453798,544616,311040,20546,,20965
step_down,naive,4,474135,546972,280800,21741,,24667
step_down,naive,4,504780,466390,237600,22791,,22183
step_down,naive,4,581528,527622,239040,20504,,20122
step_down,naive,4,586671,545310,239040,20451,,20080
step_down,naive,4,597115,546734,239040,20382,,20116
step_down,naive,4,602302,548695,239040,20343,,20076
step_down,naive,4,628169,546734,315360,20360,,21130
step_down,naive,4,663870,545822,264960,22890,,24688
step_down,naive,4,684268,466390,236160,22888,,21994
step_down,naive,4,735317,526198,239040,20895,,20055
step_down,naive,4,740422,545822,240480,20792,,20072
step_down,naive,4,755663,548695,239040,20551,,20069
step_down,naive,4,781430,545388,312480,20451,,21059
step_down,naive,4,791710,546812,298080,20918,,22895
step_down,naive,4,812084,548695,267840,22569,,25035
step_down,naive,4,914011,546812,269280,23322,,24984
step_down,naive,4,939517,466390,233280,23136,,21821
step_down,naive,4,1000791,526198,240480,20747,,20149
step_down,naive,4,1005850,546812,239040,20663,,20076
step_down,naive,4,1021212,548695,240480,20491,,20131
step_down,naive,4,1046687,543964,312480,20402,,20959
step_down,naive,4,1067042,544876,282240,21662,,24683
step_down,naive,4,1092569,546300,246240,22901,,23061
step_down,naive,4,1097748,466390,240480,22837,,22390
step_down,naive,4,3628990,526198,240480,20111,,20135
step_down,naive,4,3634176,546252,243360,20140,,20345
step_down,naive,4,3649446,548695,239040,20147,,20084
step_down,naive,4,3675176,546252,313920,20253,,21095
step_down,naive,4,3695786,546902,283680,21653,,24905
step_down,naive,4,3726440,466390,241920,22924,,22537
step_down,naive,4,5007492,286032,239040,21286,,20064
step_down,naive,4,5028133,326473,225636,20810,,20080
step_down,naive,4,8093953,383433,224388,400554,,3060425
step_down,naive,4,8094013,441817,165348,732399,,3055319
step_down,naive,4,8094051,481689,125028,1022058,,3049675
step_down,naive,4,8094098,492813,113760,1275371,,3048562
step_down,naive,4,8094104,115012,,1275371,,
step_down,naive,4,8154621,384401,1252,1123514,,60517
step_down,naive,4,8159975,385637,91396,990664,,60719
step_down,naive,4,8220853,401705,370592,875072,,65932
step_down,naive,4,8226284,414065,389372,774458,,70165
step_down,naive,4,8231390,426425,401892,686962,,74497
step_down,naive,4,8236637,438785,414412,610952,,78889
step_down,naive,4,8241837,451145,426932,544989,,83250
step_down,naive,4,8247003,463505,439452,487811,,87569
step_down,naive,4,8252249,475865,451972,438334,,92001
step_down,naive,4,8257388,488225,464492,395624,,96657
step_down,naive,4,8262568,500585,475760,358864,,101547
step_down,naive,4,8267765,512945,488280,327300,,106357
step_down,naive,4,8272891,525305,500800,300269,,111057
step_down,naive,4,8278032,537665,513320,277214,,115835
step_down,naive,4,8283141,550025,525840,257640,,120622
step_down,naive,4,8288401,562385,538360,241114,,125439
step_down,naive,4,8293555,574745,550880,227255,,130247
step_down,naive,4,8298683,583926,563400,215722,,134996
step_down,naive,4,9091203,562566,572164,237761,,237773
step_down,naive,4,9329749,545478,550880,236789,,227990
step_down,naive,4,10008396,500314,533352,222180,,222118
step_down,naive,4,10438532,497842,488280,205487,,205564
step_down,naive,4,13231592,489532,485776,202359,,202471
step_down,naive,4,13787845,514252,465744,202032,,202222
step_down,naive,4,13798502,540208,488280,202064,,202294
step_down,naive,4,13809043,564928,515824,202060,,202035
step_down,naive,4,13819388,575920,542116,202055,,202024
step_down,naive,4,14607719,577212,552132,237608,,237767
step_down,naive,4,19052369,490630,553384,237940,,237793
step_down,naive,4,19593712,515350,458232,198347,,197898
step_down,naive,4,19603986,540070,458232,198275,,197771
step_down,naive,4,19614348,564790,456980,198199,,197670
step_down,naive,4,19624731,577212,455728,198161,,197898
step_down,naive,4,23852540,490630,441956,219764,,210120
step_down,naive,4,23862833,515350,440704,218437,,209150
step_down,naive,4,23873751,541306,438200,217062,,207442
step_down,naive,4,23884149,566026,435696,215714,,206282
step_down,naive,4,23894935,577212,434444,214332,,204664
step_down,naive,4,25309623,490630,398136,196035,,190626
step_down,naive,4,25373317,516586,389372,189580,,181019
step_down,naive,4,25383588,541306,388120,188239,,178853
step_down,naive,4,25394459,567262,386868,186961,,178020
step_down,naive,4,25405470,577212,384364,185569,,175829
step_down,naive,4,27757659,490630,363080,180093,,172896
step_down,naive,4,27800321,517822,356820,175277,,166237
step_down,naive,4,27810912,542542,355568,173961,,164756
step_down,naive,4,27821711,568498,354316,172618,,163218
step_down,naive,4,27832056,577212,351812,171236,,161565
step_down,naive,4,28260685,490630,336803,160935,,172219
step_down,naive,4,28399343,495401,1550,166775,,162407
step_down,naive,5,1558,15360,1998,,,
step_down,naive,5,22701,16871,1879,21143,21143,21143
step_down,naive,5,23887,18718,2504,21291,,22329
step_down,naive,5,43646,21190,7200,21220,20725,20725
step_down,naive,5,50449,24038,8640,21135,20544,20544
step_down,naive,5,57527,26886,11520,21070,,20615
step_down,naive,5,63966,29734,11520,20971,20280,20280
step_down,naive,5,84648,32582,24480,20617,20199,20199
step_down,naive,5,89991,35430,30240,20533,,20270
step_down,naive,5,92214,38278,33120,20493,,20217
step_down,naive,5,94688,41126,34560,20475,,20352
step_down,naive,5,96840,43974,38880,20442,,20214
step_down,naive,5,98545,46822,40320,20430,,20353
step_down,naive,5,100708,49670,44640,20402,,20213
step_down,naive,5,104985,53942,46080,20362,,20296
step_down,naive,5,106604,56790,51840,20340,,20187
step_down,naive,5,107766,59638,53280,20313,20128,20128
step_down,naive,5,109312,62486,56160,20299,,20201
step_down,naive,5,110499,65334,59040,20275,20114,20114
step_down,naive,5,111816,68182,61920,20255,,20117
step_down,naive,5,113582,71030,66240,20239,,20134
step_down,naive,5,115050,75302,67680,20250,,20330
step_down,naive,5,116716,79574,72000,20253,,20276
step_down,naive,5,118380,83846,76320,20254,,20264
step_down,naive,5,119222,86694,79200,20238,,20132
step_down,naive,5,120165,89542,82080,20223,,20118
step_down,naive,5,121195,92390,84960,20218,,20183
step_down,naive,5,122192,95238,87840,20218,,20224
step_down,naive,5,123060,98086,90720,20209,,20151
step_down,naive,5,125282,102358,95040,20214,,20255
step_down,naive,5,125731,105206,100800,20204,,20136
step_down,naive,5,126493,108054,102240,20193,,20119
step_down,naive,5,127229,110902,105120,20179,20085,20085
step_down,naive,5,128025,113750,108000,20171,,20117
step_down,naive,5,128813,116598,110880,20172,,20180
step_down,naive,5,129517,119446,112320,20169,,20151
step_down,naive,5,130715,122294,116640,20181,,20305
step_down,naive,5,131563,125142,119520,20209,,20409
step_down,naive,5,131950,127990,122400,20206,,20191
step_down,naive,5,132535,130838,123840,20198,,20149
step_down,naive,5,133210,133686,126720,20193,,20159
step_down,naive,5,133818,136534,129600,20187,,20150
step_down,naive,5,134411,139382,131040,20177,,20110
step_down,naive,5,135373,143654,135360,20177,,20177
step_down,naive,5,135947,146502,138240,20173,,20148
step_down,naive,5,137104,149350,144000,20171,,20180
step_down,naive,5,137636,152198,146880,20167,,20141
step_down,naive,5,138211,155046,149760,20165,,20153
step_down,naive,5,138771,157894,152640,20164,,20161
step_down,naive,5,139206,160742,154080,20156,,20105
step_down,naive,5,139728,163590,156960,20149,,
step_down,naive,5,140271,166438,159840,20146,,20126
step_down,naive,5,140738,169286,161280,20140,,20104
step_down,naive,5,143152,182102,157015,20167,,20362
step_down,naive,5,145573,194918,169975,20179,,20263
step_down,naive,5,147174,209158,181495,20182,,20207
step_down,naive,5,149280,223398,195895,20197,,20308
step_down,naive,5,151772,240486,207415,20230,,20462
step_down,naive,5,153434,257574,223255,20220,,20154
step_down,naive,5,155473,274662,240535,20226,,20272
step_down,naive,5,157445,293174,256375,20227,,20240
step_down,naive,5,159484,314534,272215,20222,,20193
step_down,naive,5,161521,335894,293815,20224,,20245
step_down,naive,5,165177,357293,315360,20356,,21286
step_down,naive,5,167311,381501,334080,20469,,21266
step_down,naive,5,169393,407133,355680,20594,,21471
step_down,naive,5,171750,435613,378720,20752,,21859
step_down,naive,5,176984,468365,403200,21156,,22828
step_down,naive,5,182773,503965,433440,21869,,24728
step_down,naive,5,193238,548109,459360,23641,,27770
step_down,naive,5,245195,541822,492535,36432,,43922
step_down,naive,5,287152,459000,236160,39869,,39922
step_down,naive,5,455797,518808,239040,20404,,20132
step_down,naive,5,460855,540000,239040,20376,,20185
step_down,naive,5,552922,459000,239040,22872,,22401
step_down,naive,5,619602,520232,237600,20658,20062,20062
step_down,naive,5,624790,540000,239040,20584,,20070
step_down,naive,5,716412,459000,239040,22860,,22379
step_down,naive,5,767444,518808,239040,20934,,20110
step_down,naive,5,772503,540000,239040,20834,,20141
step_down,naive,5,1027329,459000,237600,24131,,22126
step_down,naive,5,1129763,520232,243360,20476,,20432
step_down,naive,5,1134828,540000,241920,20457,,20330
step_down,naive,5,1226710,459000,240480,22825,,22433
step_down,naive,5,3224407,518808,239040,20109,,20071
step_down,naive,5,3229499,540000,239040,20111,,20126
step_down,naive,5,3321733,459000,240480,22874,,22456
step_down,naive,5,5001209,300288,240480,20134,,20071
step_down,naive,5,5021601,321300,234720,20126,,20087
step_down,naive,5,8119363,379684,183128,402873,,3082267
step_down,naive,5,8119426,415284,147128,737164,,3077201
step_down,naive,5,8119439,430116,132104,1029742,,3077788
step_down,naive,5,8119447,432588,129600,1285167,,3073149
step_down,naive,5,8119450,130852,,1285167,,
step_down,naive,5,8180166,308512,1252,1132109,,60708
step_down,naive,5,8185378,309748,86388,998193,,60784
step_down,naive,5,8246434,325816,294220,881644,,65807
step_down,naive,5,8251920,338176,314252,780203,,70121
step_down,naive,5,8257123,350536,326772,691994,,74533
step_down,naive,5,8262318,362896,338040,615348,,78832
step_down,naive,5,8267464,375256,350560,548819,,83122
step_down,naive,5,8272619,387616,363080,491148,,87454
step_down,naive,5,8277798,399976,375600,441258,,92033
step_down,naive,5,8282956,412336,388120,398197,,96772
step_down,naive,5,8288189,424696,400640,361124,,101618
step_down,naive,5,8293315,437056,413160,329274,,106328
step_down,naive,5,8298496,449416,425680,302023,,111272
step_down,naive,5,8303625,461776,436948,278763,,115950
step_down,naive,5,8309318,475372,448216,259068,,121210
step_down,naive,5,8314457,487732,463240,242437,,126026
step_down,naive,5,8319727,500092,475760,228507,,130998
step_down,naive,5,8324889,512452,488280,216895,,135612
step_down,naive,5,8330027,524812,500800,207330,,140379
step_down,naive,5,8335164,537172,513320,199566,,145225
step_down,naive,5,8340339,544994,525840,193365,,149965
step_down,naive,5,9264407,543570,533352,222771,,223135
step_down,naive,5,9711584,542146,532100,222665,,222630
step_down,naive,5,9934644,499830,530848,222453,,222422
step_down,naive,5,10361208,497358,488280,202493,,201954
step_down,naive,5,10978830,501066,480768,201669,,203266
step_down,naive,5,13029385,497358,489532,202793,,202369
step_down,naive,5,13257673,459734,485776,203809,,201891
step_down,naive,5,13816475,484454,435696,186095,,186086
step_down,naive,5,13826831,509174,459484,186085,,186020
step_down,naive,5,13837206,533894,484524,186074,186004,186004
step_down,naive,5,13847513,540864,509564,186059,185961,185961
step_down,naive,5,19069660,459734,517076,217159,,217046
step_down,naive,5,19649319,484454,423176,186149,,185917
step_down,naive,5,19659615,509174,423176,186126,,185966
step_down,naive,5,19669967,533894,421924,185473,180905,180905
step_down,naive,5,19680295,540864,420672,184839,180408,180408
step_down,naive,5,22203777,459734,404396,199277,,192041
step_down,naive,5,22224905,485690,403144,197058,,188704
step_down,naive,5,22235204,510410,400640,195857,,187456
step_down,naive,5,22246063,536366,399388,194619,,185960
step_down,naive,5,22256966,540864,399388,193255,,183710
step_down,naive,5,26758050,459734,384364,189681,,182323
step_down,naive,5,26810332,485690,380608,183685,,174748
step_down,naive,5,26821570,512882,379356,182330,,172852
step_down,naive,5,26832550,538838,379356,180958,,171357
step_down,naive,5,26842974,540864,378104,179563,,169801
step_down,specreset,1,1666,15360,1998,,,
step_down,specreset,1,22852,16871,1879,21186,21186,21186
step_down,specreset,1,24145,18718,2504,21347,,22479
step_down,specreset,1,44046,21190,7200,21277,20792,20792
step_down,specreset,1,51047,24038,10080,21181,20511,20511
step_down,specreset,1,58333,26886,11520,21155,,20978
step_down,specreset,1,64572,29734,11520,21070,20476,20476
step_down,specreset,1,85378,32582,25920,20737,,20373
step_down,specreset,1,87869,35430,28800,20682,20302,20302
step_down,specreset,1,90183,38278,30240,20621,20198,20198
step_down,specreset,1,95169,41126,34560,20536,,20228
step_down,specreset,1,96648,43974,37440,20487,20150,20150
step_down,specreset,1,98782,46822,40320,20453,,20218
step_down,specreset,1,101172,49670,44640,20428,,20254
step_down,specreset,1,102643,52518,46080,20392,20140,20140
step_down,specreset,1,104887,55366,50400,20372,,20234
step_down,specreset,1,106122,58214,51840,20347,,20178
step_down,specreset,1,107705,61062,54720,20332,,20227
step_down,specreset,1,109526,63910,59040,20312,,20178
step_down,specreset,1,110417,66758,59040,20289,20131,20131
step_down,specreset,1,113282,69606,64800,20279,,20277
step_down,specreset,1,114628,72454,67680,20292,,20389
step_down,specreset,1,115623,75302,70560,20286,,20248
step_down,specreset,1,116758,78150,73440,20283,,20269
step_down,specreset,1,118511,82422,74880,20288,,20325
step_down,specreset,1,119728,85270,80640,20293,,20330
step_down,specreset,1,120362,88118,82080,20280,,20196
step_down,specreset,1,121311,90966,84960,20269,,20194
step_down,specreset,1,122215,93814,87840,20252,,20139
step_down,specreset,1,123148,96662,90720,20241,,20169
step_down,specreset,1,124072,99510,93600,20233,,20177
step_down,specreset,1,124947,102358,96480,20220,,20135
step_down,specreset,1,125789,105206,97920,20214,,20177
step_down,specreset,1,126692,108054,102240,20219,,20258
step_down,specreset,1,127527,110902,105120,20234,,20346
step_down,specreset,1,128163,113750,106560,20228,,20188
step_down,specreset,1,128892,116598,109440,20221,,20172
step_down,specreset,1,129621,119446,112320,20215,,20180
step_down,specreset,1,130272,122294,113760,20202,20118,20118
step_down,specreset,1,131027,125142,116640,20199,,20184
step_down,specreset,1,131628,127990,119520,20188,20113,20113
step_down,specreset,1,132336,130838,122400,20181,,20138
step_down,specreset,1,133137,133686,126720,20191,,20265
step_down,specreset,1,133591,136534,126720,20181,,20115
step_down,specreset,1,134319,139382,131040,20179,,20168
step_down,specreset,1,135123,142230,135360,20206,,20398
step_down,specreset,1,135615,145078,136800,20212,,20260
step_down,specreset,1,136167,147926,139680,20211,,20207
step_down,specreset,1,136650,150774,141120,20202,,20140
step_down,specreset,1,137224,153622,144000,20192,,20128
step_down,specreset,1,137793,156470,146880,20185,,20136
step_down,specreset,1,138725,159318,154080,20182,,20164
step_down,specreset,1,138933,162166,152640,20182,,20182
step_down,specreset,1,139553,165014,156960,20185,,20212
step_down,specreset,1,140157,167862,159840,20199,,20297
step_down,specreset,1,140627,170710,161280,20197,,20187
step_down,specreset,1,141066,173558,164160,20195,,20184
step_down,specreset,1,143148,184950,162720,20205,,20281
step_down,specreset,1,145083,197766,172800,20200,,20168
step_down,specreset,1,147091,209158,187200,20231,,20455
step_down,specreset,1,149019,223398,195840,20249,,20380
step_down,specreset,1,150975,239062,208800,20250,,20263
step_down,specreset,1,152944,256150,223200,20241,,20179
step_down,specreset,1,155276,274662,237600,20260,,20399
step_down,specreset,1,157157,293174,256320,20261,,20269
step_down,specreset,1,159111,313110,273600,20260,,20257
step_down,specreset,1,161283,335894,290880,20265,,20301
step_down,specreset,1,164549,360102,312480,20373,,21136
step_down,specreset,1,166563,384310,336960,20475,,21189
step_down,specreset,1,168803,409942,358560,20578,,21299
step_down,specreset,1,171262,439846,380160,20697,,21535
step_down,specreset,1,173694,469750,410400,20860,,22001
step_down,specreset,1,179130,503926,436320,21374,,23340
step_down,specreset,1,192711,549494,457920,23499,,27788
step_down,specreset,1,244911,541552,493975,36312,,44068
step_down,specreset,1,254145,542976,439255,38143,,44111
step_down,specreset,1,258842,543228,410455,38514,,41117
step_down,specreset,1,263474,543288,381655,38881,,41457
step_down,specreset,1,267975,543404,352800,39217,,41574
step_down,specreset,1,286929,466344,236160,39956,,39767
step_down,specreset,1,471820,527576,237600,20324,,20090
step_down,specreset,1,477139,547178,237600,20293,20080,20080
step_down,specreset,1,492646,548640,239040,20239,,20204
step_down,specreset,1,518357,547178,312480,20299,,21052
step_down,specreset,1,533697,548012,290880,21182,,23806
step_down,specreset,1,569684,466344,240480,22863,,22620
step_down,specreset,1,779611,526152,239040,20143,,20126
step_down,specreset,1,784692,548426,239040,20137,,20098
step_down,specreset,1,800206,548640,239040,20134,,20092
step_down,specreset,1,826071,547002,315360,20267,,21153
step_down,specreset,1,861766,546608,263520,22837,,24655
step_down,specreset,1,877054,466344,241920,22945,,22512
step_down,specreset,1,938622,526152,239040,20795,,20086
step_down,specreset,1,943748,546608,239040,20708,,20099
step_down,specreset,1,959076,548640,240480,20517,,20131
step_down,specreset,1,984735,546608,312480,20427,,21022
step_down,specreset,1,1045974,548640,254880,22567,,21444
step_down,specreset,1,1066315,546608,311040,21990,,21010
step_down,specreset,1,1076542,546912,296640,22071,,22775
step_down,specreset,1,1117298,466344,237600,23159,,22189
step_down,specreset,1,1193927,527576,239040,20577,,20104
step_down,specreset,1,1199117,546912,239040,20517,,20101
step_down,specreset,1,1214449,548640,239040,20386,,20083
step_down,specreset,1,1239835,545488,312480,20357,,20999
step_down,specreset,1,1280740,546912,253440,22835,,23227
step_down,specreset,1,1291064,466344,240480,22808,,22460
step_down,specreset,1,1316460,526152,239040,21711,,20094
step_down,specreset,1,1321612,546912,239040,21511,,20117
step_down,specreset,1,1337078,548640,239040,21041,,20103
step_down,specreset,1,1362709,546912,312480,20713,,21014
step_down,specreset,1,1378049,547640,290880,21451,,23809
step_down,specreset,1,1413734,466344,240480,22934,,22378
step_down,specreset,1,4115135,527576,239040,20192,,20123
step_down,specreset,1,4120200,548124,239040,20178,,20080
step_down,specreset,1,4135624,548640,239040,20149,,20091
step_down,specreset,1,4217732,466344,234720,22798,,21895
step_down,specreset,1,5000497,326440,240480,20103,,20122
step_down,specreset,1,5039542,15360,,,0,
step_down,specreset,1,5041382,73744,214560,20286,20286,20286
step_down,specreset,1,5046499,133552,154080,20279,20231,20231
step_down,specreset,1,5051674,191936,95040,20288,,20357
step_down,specreset,1,5056742,251744,132480,20283,,20253
step_down,specreset,1,8111596,285920,162720,401497,,3069999
step_down,specreset,1,8111657,163972,,401497,,
step_down,specreset,2,1277,15360,1998,,,
step_down,specreset,2,22133,16871,1879,20856,20856,20856
step_down,specreset,2,23292,18718,2504,21000,,22015
step_down,specreset,2,43064,21190,8640,20968,20750,20750
step_down,specreset,2,49584,24038,8640,20895,20384,20384
step_down,specreset,2,56415,26886,10080,20824,20330,20330
step_down,specreset,2,63296,29734,11520,20761,20325,20325
step_down,specreset,2,88437,32582,27360,20491,,20271
step_down,specreset,2,90793,35430,28800,20464,,20275
step_down,specreset,2,95754,38278,33120,20408,,20257
step_down,specreset,2,98093,41126,36000,20388,,20248
step_down,specreset,2,99465,43974,37440,20365,,20205
step_down,specreset,2,101849,46822,41760,20353,,20269
step_down,specreset,2,103507,49670,44640,20337,,20229
step_down,specreset,2,105125,52518,47520,20318,20188,20188
step_down,specreset,2,106887,55366,50400,20297,20151,20151
step_down,specreset,2,108713,58214,53280,20289,,20235
step_down,specreset,2,110056,61062,56160,20277,,20199
step_down,specreset,2,111361,63910,59040,20259,20133,20133
step_down,specreset,2,113217,66758,61920,20300,,20587
step_down,specreset,2,114729,69606,64800,20301,,20314
step_down,specreset,2,116186,73878,66240,20310,,20373
step_down,specreset,2,117122,76726,72000,20289,,20147
step_down,specreset,2,118303,79574,74880,20276,,20191
step_down,specreset,2,119627,82422,77760,20259,,20142
step_down,specreset,2,120296,85270,79200,20245,,20147
step_down,specreset,2,121272,88118,82080,20229,20123,20123
step_down,specreset,2,122281,90966,84960,20215,20120,20120
step_down,specreset,2,123281,93814,87840,20204,,20130
step_down,specreset,2,124109,96662,89280,20192,20113,20113
step_down,specreset,2,125023,99510,92160,20185,,20142
step_down,specreset,2,125844,102358,95040,20176,,20120
step_down,specreset,2,126674,105206,97920,20166,20100,20100
step_down,specreset,2,127454,108054,99360,20159,,20113
step_down,specreset,2,128204,110902,102240,20151,20096,20096
step_down,specreset,2,128953,113750,105120,20144,,
step_down,specreset,2,129769,116598,108000,20140,,20118
step_down,specreset,2,130451,119446,109440,20136,,20111
step_down,specreset,2,131175,122294,112320,20131,,20101
step_down,specreset,2,131887,125142,115200,20130,,20127
step_down,specreset,2,132564,127990,118080,20127,,20109
step_down,specreset,2,133400,130838,122400,20130,,20151
step_down,specreset,2,133981,133686,123840,20131,,20141
step_down,specreset,2,134942,137958,128160,20130,,20124
step_down,specreset,2,136530,142230,133920,20153,,20320
step_down,specreset,2,136649,145078,136800,20162,,20230
step_down,specreset,2,137427,146502,139680,20153,,20115
step_down,specreset,2,138073,149350,144000,20151,,20142
step_down,specreset,2,138587,152198,145440,20145,,20110
step_down,specreset,2,139143,155046,148320,20141,,20120
step_down,specreset,2,139761,157894,152640,20137,,20112
step_down,specreset,2,140231,160742,154080,20133,,20110
step_down,specreset,2,140840,163590,158400,20138,,20179
step_down,specreset,2,141321,166438,159840,20133,,20102
step_down,specreset,2,141835,169286,162720,20129,,20105
step_down,specreset,2,142341,172134,165600,20125,,20098
step_down,specreset,2,144621,184950,159840,20135,,20212
step_down,specreset,2,146605,197766,172800,20139,,20173
step_down,specreset,2,148790,212006,184320,20153,,20258
step_down,specreset,2,150883,227670,197280,20163,,20236
step_down,specreset,2,152837,243334,213120,20170,,20223
step_down,specreset,2,154805,260422,226080,20167,,20149
step_down,specreset,2,157235,278934,241920,20213,,20535
step_down,specreset,2,158830,297446,260640,20212,,20209
step_down,specreset,2,160736,317382,277920,20209,,20191
step_down,specreset,2,162750,338742,296640,20209,,20210
step_down,specreset,2,166290,361526,316800,20313,,21042
step_down,specreset,2,168322,385734,338400,20417,,21148
step_down,specreset,2,170581,412790,358560,20540,,21407
step_down,specreset,2,172994,441270,384480,20687,,21717
step_down,specreset,2,178152,474022,408960,21156,,23018
step_down,specreset,2,184161,511046,437815,21885,,24825
step_down,specreset,2,194931,558038,463735,23709,,28141
step_down,specreset,2,247125,540390,501175,36728,,44548
step_down,specreset,2,265926,540796,387415,39443,,42093
step_down,specreset,2,289986,470062,239040,40609,,40308
step_down,specreset,2,382132,528446,241920,22382,,20125
step_down,specreset,2,387179,546492,237600,22094,20082,20082
step_down,specreset,2,402643,553015,239040,21429,,20084
step_down,specreset,2,428034,546492,312480,20891,,20954
step_down,specreset,2,443311,547610,289440,21558,,23777
step_down,specreset,2,484237,470062,231840,22785,,21657
step_down,specreset,2,509737,529870,240480,21577,,20203
step_down,specreset,2,514808,549034,239040,21389,,20075
step_down,specreset,2,530210,553015,239040,20968,,20077
step_down,specreset,2,555750,549034,313920,20663,,21078
step_down,specreset,2,591421,548270,263520,22937,,24533
step_down,specreset,2,612024,470062,233280,22867,,21838
step_down,specreset,2,652794,531294,239040,21107,,20077
step_down,specreset,2,658188,548270,239040,20987,,20151
step_down,specreset,2,673420,553015,239040,20687,,20110
step_down,specreset,2,699007,548270,316800,20653,,21251
step_down,specreset,2,729652,546846,273600,22822,,25512
step_down,specreset,2,775530,553015,239040,21986,,20147
step_down,specreset,2,801006,546846,312480,21171,,20958
step_down,specreset,2,816291,547456,290880,21757,,23794
step_down,specreset,2,852122,470062,240480,23041,,22372
step_down,specreset,2,995773,529870,239040,20183,,
step_down,specreset,2,1000821,549798,239040,20173,,20108
step_down,specreset,2,1016076,553015,240480,20150,,20069
step_down,specreset,2,1041428,549798,312480,20231,,20952
step_down,specreset,2,1056699,549952,290880,21122,,23763
step_down,specreset,2,1092560,470062,240480,22807,,22395
step_down,specreset,2,1204916,531294,239040,20256,,20080
step_down,specreset,2,1210070,547104,240480,20233,,20074
step_down,specreset,2,1225279,553015,240480,20202,,20169
step_down,specreset,2,1250783,547104,312480,20261,,20978
step_down,specreset,2,1286673,546732,262080,22739,,24440
step_down,specreset,2,1301925,470062,240480,22839,,22430
step_down,specreset,2,4017174,529870,239040,20104,,20095
step_down,specreset,2,4022245,548882,239040,20102,,20088
step_down,specreset,2,4037637,553015,240480,20100,,20122
step_down,specreset,2,4063291,546034,315360,20243,,21188
step_down,specreset,2,4098883,545948,264960,22885,,24759
step_down,specreset,2,4119331,470062,237600,22920,,22064
step_down,specreset,2,5003751,277504,240480,20088,,20089
step_down,specreset,2,5014024,240656,216120,20109,,20172
step_down,specreset,2,5041579,15360,,,0,
step_down,specreset,2,5044885,78016,178560,20583,20583,20583
step_down,specreset,2,5049918,139248,116640,20565,20445,20445
step_down,specreset,2,5055253,177696,100800,20577,,20663
step_down,specreset,2,5060382,238928,116640,20580,,20606
step_down,specreset,2,8102008,254592,149760,400162,,3057239
step_down,specreset,2,8102115,151012,,400162,,
step_down,specreset,3,1430,15360,1998,,,
step_down,specreset,3,22763,16871,1879,21333,21333,21333
step_down,specreset,3,24044,18718,2504,21493,,22614
step_down,specreset,3,43687,21190,7200,21397,20726,20726
step_down,specreset,3,50705,24038,10080,21306,20671,20671
step_down,specreset,3,57940,26886,11520,21242,,20801
step_down,specreset,3,64159,29734,11520,21141,20436,20436
step_down,specreset,3,85119,32582,25920,20775,20362,20362
step_down,specreset,3,90112,35430,30240,20666,,20333
step_down,specreset,3,92660,38278,33120,20621,,20309
step_down,specreset,3,95109,41126,34560,20595,,20414
step_down,specreset,3,96688,43974,36000,20562,,20333
step_down,specreset,3,98458,46822,38880,20516,20197,20197
step_down,specreset,3,100917,49670,44640,20477,,20211
step_down,specreset,3,102545,52518,46080,20442,,20200
step_down,specreset,3,104705,55366,50400,20412,,20208
step_down,specreset,3,106553,58214,53280,20396,,20288
step_down,specreset,3,107810,61062,56160,20366,20157,20157
step_down,specreset,3,110429,63910,59040,20344,,20265
step_down,specreset,3,111709,66758,61920,20335,,20272
step_down,specreset,3,112875,69606,64800,20310,20142,20142
step_down,specreset,3,114159,72454,67680,20290,,20152
step_down,specreset,3,115593,75302,70560,20292,,20311
step_down,specreset,3,117147,79574,72000,20300,,20357
step_down,specreset,3,118299,82422,77760,20309,,20379
step_down,specreset,3,119039,85270,79200,20288,,20143
step_down,specreset,3,119985,88118,82080,20271,,20153
step_down,specreset,3,120908,90966,84960,20253,20133,20133
step_down,specreset,3,121991,93814,87840,20241,,20158
step_down,specreset,3,122845,96662,90720,20232,,20171
step_down,specreset,3,123789,99510,93600,20229,,20212
step_down,specreset,3,124745,102358,96480,20226,,20209
step_down,specreset,3,125447,105206,97920,20216,,20151
step_down,specreset,3,126262,108054,100800,20207,,20150
step_down,specreset,3,126999,110902,103680,20196,20119,20119
step_down,specreset,3,127871,113750,106560,20196,,20198
step_down,specreset,3,128581,116598,109440,20187,,20129
step_down,specreset,3,129343,119446,112320,20182,,20153
step_down,specreset,3,130082,122294,115200,20177,,20148
step_down,specreset,3,130697,125142,118080,20168,20105,20105
step_down,specreset,3,131477,127990,120960,20170,,20186
step_down,specreset,3,132107,130838,123840,20164,,20126
step_down,specreset,3,132792,133686,126720,20163,,20157
step_down,specreset,3,133358,136534,128160,20156,,20113
step_down,specreset,3,134017,139382,131040,20152,,20125
step_down,specreset,3,134669,142230,133920,20154,,20168
step_down,specreset,3,135244,145078,136800,20151,,20133
step_down,specreset,3,135787,147926,139680,20144,20099,20099
step_down,specreset,3,136398,150774,142560,20140,,20118
step_down,specreset,3,137642,153622,148320,20172,,20219
step_down,specreset,3,138093,156470,151200,20166,,20128
step_down,specreset,3,138880,159318,154080,20188,,20349
step_down,specreset,3,139238,162166,156960,20185,,20168
step_down,specreset,3,139766,165014,159840,20183,,20174
step_down,specreset,3,140251,167862,162720,20176,,20133
step_down,specreset,3,140762,170710,165600,20174,,20163
step_down,specreset,3,142774,182102,159840,20176,,20197
step_down,specreset,3,144941,194918,169920,20192,,20309
step_down,specreset,3,146963,209158,181440,20199,,20248
step_down,specreset,3,148844,223398,195840,20196,,20179
step_down,specreset,3,150686,237638,210240,20196,,20197
step_down,specreset,3,152732,254726,221760,20192,,20166
step_down,specreset,3,154713,271814,237600,20190,,20183
step_down,specreset,3,157754,290326,253440,20323,,21261
step_down,specreset,3,159375,310262,270720,20393,,20889
step_down,specreset,3,161357,331622,289440,20453,,20874
step_down,specreset,3,164316,354406,309600,20559,,21305
step_down,specreset,3,166258,378614,331200,20619,,21039
step_down,specreset,3,168477,404246,352800,20703,,21297
step_down,specreset,3,170885,432726,375840,20824,,21677
step_down,specreset,3,176043,464054,401760,21242,,22956
step_down,specreset,3,181815,499654,429120,21634,,23627
step_down,specreset,3,188480,540950,457920,22587,,26363
step_down,specreset,3,248985,540558,485335,37377,,44388
step_down,specreset,3,291035,459000,230400,39955,,38804
step_down,specreset,3,485818,518808,239040,20275,,20156
step_down,specreset,3,490905,540000,239040,20253,,20103
step_down,specreset,3,582862,459000,239040,22781,,22288
step_down,specreset,3,629331,530200,239040,21166,,20125
step_down,specreset,3,634479,540000,240480,21033,,20107
step_down,specreset,3,736492,459000,234720,22910,,21992
step_down,specreset,3,767198,520232,239040,21493,,20091
step_down,specreset,3,772402,540000,240480,21339,,20267
step_down,specreset,3,864230,459000,239040,22890,,22358
step_down,specreset,3,1084448,520232,239040,20201,,20089
step_down,specreset,3,1089618,540000,240480,20186,,20085
step_down,specreset,3,1181544,459000,241920,22893,,22550
step_down,specreset,3,3646712,520232,240480,20088,,20087
step_down,specreset,3,3651838,540000,239040,20083,,20054
step_down,specreset,3,3749456,459000,236160,22941,,22124
step_down,specreset,3,5008461,264688,240480,20114,,20106
step_down,specreset,3,5013585,263408,203600,20119,,20155
step_down,specreset,3,5029033,241328,202912,20161,,20233
step_down,specreset,3,5045220,15360,,,0,
step_down,specreset,3,5049614,78016,138240,20495,20495,20495
step_down,specreset,3,5054704,113616,102240,20538,,20842
step_down,specreset,3,5059860,140672,86400,20531,20485,20485
step_down,specreset,3,5064985,199056,82080,20523,20469,20469
step_down,specreset,3,8129043,214720,126720,402918,,3079686
step_down,specreset,3,8129113,127972,,402918,,
step_down,specreset,4,1654,15360,1998,,,
step_down,specreset,4,22364,16871,1879,20710,20710,20710
step_down,specreset,4,23604,18718,2504,20865,,21950
step_down,specreset,4,43007,21190,7200,20816,20474,20474
step_down,specreset,4,49802,24038,10080,20764,20404,20404
step_down,specreset,4,56549,26886,11520,20704,20286,20286
step_down,specreset,4,63296,29734,12960,20647,20249,20249
step_down,specreset,4,84679,32582,27360,20460,,20256
step_down,specreset,4,89922,35430,30240,20419,,20342
step_down,specreset,4,93778,38278,33120,20380,20219,20219
step_down,specreset,4,96290,41126,36000,20371,,20311
step_down,specreset,4,98092,43974,38880,20348,20189,20189
step_down,specreset,4,100411,46822,41760,20335,,20244
step_down,specreset,4,101698,49670,44640,20318,,20200
step_down,specreset,4,104319,52518,47520,20327,,20396
step_down,specreset,4,105176,55366,50400,20308,20178,20178
step_down,specreset,4,106688,58214,53280,20283,20113,20113
step_down,specreset,4,108795,61062,56160,20280,,20259
step_down,specreset,4,110266,63910,59040,20278,,20269
step_down,specreset,4,111602,66758,61920,20279,,20289
step_down,specreset,4,112420,69606,64800,20259,,20120
step_down,specreset,4,114053,72454,67680,20255,,20228
step_down,specreset,4,115423,76726,69120,20250,,20218
step_down,specreset,4,116572,79574,74880,20249,,20248
step_down,specreset,4,117674,82422,77760,20244,,20212
step_down,specreset,4,118566,85270,79200,20227,,20115
step_down,specreset,4,119578,88118,82080,20213,,
step_down,specreset,4,120635,90966,84960,20211,,20202
step_down,specreset,4,121618,93814,87840,20201,,20134
step_down,specreset,4,122351,96662,89280,20190,,20120
step_down,specreset,4,123252,99510,92160,20187,,20169
step_down,specreset,4,124699,102358,97920,20205,,20333
step_down,specreset,4,125253,105206,99360,20200,,20171
step_down,specreset,4,125916,108054,100800,20190,,20120
step_down,specreset,4,126653,110902,103680,20178,20098,20098
step_down,specreset,4,127409,113750,106560,20169,,20111
step_down,specreset,4,128225,116598,109440,20169,,20169
step_down,specreset,4,129028,119446,112320,20168,,20162
step_down,specreset,4,129644,122294,113760,20164,,20137
step_down,specreset,4,130550,125142,118080,20175,,20256
step_down,specreset,4,130992,127990,119520,20168,,20125
step_down,specreset,4,131932,130838,123840,20175,,20224
step_down,specreset,4,132307,133686,125280,20165,,20102
step_down,specreset,4,132913,136534,126720,20155,20090,20090
step_down,specreset,4,133547,139382,129600,20147,,20097
step_down,specreset,4,134316,142230,133920,20154,,20205
step_down,specreset,4,134793,145078,135360,20147,,20098
step_down,specreset,4,135636,147926,141120,20147,,20148
step_down,specreset,4,135970,150774,141120,20140,,20093
step_down,specreset,4,137208,153622,148320,20143,,20151
step_down,specreset,4,137728,156470,149760,20140,,20123
step_down,specreset,4,138242,159318,152640,20134,,20098
step_down,specreset,4,138799,162166,155520,20133,,20128
step_down,specreset,4,139320,165014,158400,20130,,20111
step_down,specreset,4,139832,167862,161280,20126,,20105
step_down,specreset,4,140360,170710,164160,20126,,20128
step_down,specreset,4,142324,182102,159840,20130,,20158
step_down,specreset,4,144474,194918,169920,20142,,20228
step_down,specreset,4,146515,209158,181440,20144,,20160
step_down,specreset,4,148607,223398,195840,20156,,20244
step_down,specreset,4,150674,239062,208800,20169,,20263
step_down,specreset,4,152666,256150,223200,20175,,20221
step_down,specreset,4,154723,274662,237600,20180,,20219
step_down,specreset,4,156670,293174,256320,20185,,20221
step_down,specreset,4,158675,313110,273600,20192,,20242
step_down,specreset,4,160607,334470,292320,20192,,20199
step_down,specreset,4,163935,357254,312480,20311,,21147
step_down,specreset,4,166092,381462,334080,20407,,21083
step_down,specreset,4,168206,407094,355680,20517,,21289
step_down,specreset,4,170624,435574,378720,20665,,21708
step_down,specreset,4,173153,465478,406080,20849,,22141
step_down,specreset,4,178583,499654,432000,21400,,23615
step_down,specreset,4,191953,543798,455040,23540,,27599
step_down,specreset,4,244107,539336,488215,36268,,43993
step_down,specreset,4,271617,539368,321120,39200,,41271
step_down,specreset,4,285874,457776,233280,39615,,39240
step_down,specreset,4,551939,517584,239040,20117,,20071
step_down,specreset,4,557024,538560,239040,20114,,20099
step_down,specreset,4,648773,457776,237600,22747,,22263
step_down,specreset,4,674255,517584,239040,21637,,20091
step_down,specreset,4,679321,538560,239040,21442,,20077
step_down,specreset,4,771160,457776,240480,22951,,22412
step_down,specreset,4,951001,519008,239040,20116,,20073
step_down,specreset,4,956288,538560,239040,20119,,20147
step_down,specreset,4,1048093,457776,240480,22809,,22403
step_down,specreset,4,1135351,517584,239040,20412,,20081
step_down,specreset,4,1140419,538560,239040,20370,,
step_down,specreset,4,1232407,457776,241920,22898,,22518
step_down,specreset,4,3732395,517584,240480,20098,,20075
step_down,specreset,4,3737471,538560,240480,20095,,
step_down,specreset,4,3824549,457776,241920,22633,,22548
step_down,specreset,4,5003342,281792,241920,20114,,20235
step_down,specreset,4,5008420,280368,220064,20112,,20102
step_down,specreset,4,5013532,240656,220064,20121,,20190
step_down,specreset,4,5041518,15360,,,0,
step_down,specreset,4,5044957,79440,177120,20810,20810,20810
step_down,specreset,4,5050164,132128,123840,20774,20523,20523
step_down,specreset,4,5055338,180544,83520,20743,,20532
step_down,specreset,4,5060447,238928,122400,20722,,20582
step_down,specreset,4,8111838,254592,139680,401501,,3066959
step_down,specreset,4,8111888,140932,,401501,,
step_down,specreset,5,1558,15360,1998,,,
step_down,specreset,5,22357,16871,1879,20799,20799,20799
step_down,specreset,5,23512,18718,2504,20943,,21954
step_down,specreset,5,42941,21190,7200,20876,20412,20412
step_down,specreset,5,49825,24038,10080,20820,,20429
step_down,specreset,5,56674,26886,11520,20769,,20412
step_down,specreset,5,63373,29734,12960,20722,20393,20393
step_down,specreset,5,84784,32582,27360,20503,,20259
step_down,specreset,5,89898,35430,30240,20455,,20373
step_down,specreset,5,93713,38278,33120,20395,20172,20172
step_down,specreset,5,96288,41126,36000,20394,,20391
step_down,specreset,5,98356,43974,38880,20373,,20232
step_down,specreset,5,99776,46822,41760,20342,20130,20130
step_down,specreset,5,101565,49670,44640,20314,20125,20125
step_down,specreset,5,104067,52518,47520,20307,,20263
step_down,specreset,5,105086,55366,50400,20284,20123,20123
step_down,specreset,5,106783,58214,53280,20275,,20217
step_down,specreset,5,108684,61062,56160,20270,,20236
step_down,specreset,5,110235,63910,59040,20270,,20276
step_down,specreset,5,111627,66758,61920,20280,,20353
step_down,specreset,5,112439,69606,64800,20265,,20162
step_down,specreset,5,113919,72454,67680,20253,,20169
step_down,specreset,5,115392,76726,69120,20246,,20202
step_down,specreset,5,116563,79574,74880,20243,,20229
step_down,specreset,5,117752,82422,77760,20249,,20291
step_down,specreset,5,118542,85270,80640,20228,20085,20085
step_down,specreset,5,119622,88118,83520,20219,,20161
step_down,specreset,5,120559,90966,86400,20210,,20149
step_down,specreset,5,121490,93814,87840,20197,,20107
step_down,specreset,5,122348,96662,90720,20190,,20141
step_down,specreset,5,123162,99510,92160,20181,,20123
step_down,specreset,5,124395,102358,97920,20188,,20243
step_down,specreset,5,125005,105206,99360,20187,,20180
step_down,specreset,5,125713,108054,100800,20178,,20118
step_down,specreset,5,126446,110902,103680,20170,,20120
step_down,specreset,5,127202,113750,105120,20163,,20121
step_down,specreset,5,127969,116598,108000,20160,,20141
step_down,specreset,5,128884,119446,112320,20163,,20184
step_down,specreset,5,129350,122294,113760,20154,,20091
step_down,specreset,5,130710,126566,118080,20171,,20291
step_down,specreset,5,131969,130838,122400,20186,,20298
step_down,specreset,5,132131,133686,125280,20179,,20130
step_down,specreset,5,132730,136534,128160,20169,,20104
step_down,specreset,5,133336,139382,129600,20159,,20093
step_down,specreset,5,134104,142230,133920,20158,,20156
step_down,specreset,5,134577,145078,135360,20149,,20092
step_down,specreset,5,135564,147926,142560,20148,,20147
step_down,specreset,5,135756,150774,141120,20140,,20088
step_down,specreset,5,136382,153622,145440,20134,,20099
step_down,specreset,5,136930,156470,146880,20129,,20096
step_down,specreset,5,137525,159318,151200,20128,,20124
step_down,specreset,5,138071,162166,154080,20129,,20136
step_down,specreset,5,138639,165014,156960,20130,,20137
step_down,specreset,5,139145,167862,159840,20128,,20115
step_down,specreset,5,139680,170710,162720,20128,,20131
step_down,specreset,5,140146,173558,164160,20126,,20119
step_down,specreset,5,142204,184950,162720,20134,,20192
step_down,specreset,5,144351,197766,172800,20148,,20247
step_down,specreset,5,146359,212006,184320,20149,,20162
step_down,specreset,5,148175,224822,200160,20152,,20175
step_down,specreset,5,150136,240486,210240,20149,,20135
step_down,specreset,5,152537,257574,224640,20188,,20467
step_down,specreset,5,154249,274662,240480,20192,,20225
step_down,specreset,5,156163,293174,256320,20196,,
step_down,specreset,5,158305,314534,272160,20204,,20261
step_down,specreset,5,160220,335894,293760,20202,,20189
step_down,specreset,5,163583,360102,312480,20320,,21152
step_down,specreset,5,165839,385734,335520,20410,,21043
step_down,specreset,5,168224,414214,357120,20523,,21314
step_down,specreset,5,170620,442694,385920,20671,,21714
step_down,specreset,5,176060,476870,408960,21114,,22843
step_down,specreset,5,181880,513894,440695,21847,,24741
step_down,specreset,5,192484,559462,468055,23686,,28270
step_down,specreset,5,244599,540002,502615,36647,,44407
step_down,specreset,5,249259,540072,478135,37604,,44303
step_down,specreset,5,254127,541496,447895,38564,,45289
step_down,specreset,5,258848,542366,417655,38981,,41900
step_down,specreset,5,263578,542516,388855,39379,,42169
step_down,specreset,5,277593,542882,302400,40370,,42349
step_down,specreset,5,287490,471286,241920,40620,,40576
step_down,specreset,5,512312,531094,239040,20146,,20086
step_down,specreset,5,517370,544310,239040,20137,,20074
step_down,specreset,5,532874,554455,239040,20114,,20079
step_down,specreset,5,558259,544310,312480,20209,,20993
step_down,specreset,5,588816,544772,267840,22445,,25030
step_down,specreset,5,609241,471286,239040,22788,,22348
step_down,specreset,5,706702,532518,239040,20372,,20153
step_down,specreset,5,711872,544772,239040,20339,,20108
step_down,specreset,5,727174,554455,239040,20259,,20072
step_down,specreset,5,752795,544772,316800,20368,,21240
step_down,specreset,5,788497,543860,266400,22952,,24797
step_down,specreset,5,808875,471286,237600,22980,,22108
step_down,specreset,5,875162,532518,237600,20639,,20072
step_down,specreset,5,880395,543860,239040,20569,,20085
step_down,specreset,5,895719,554455,239040,20406,,
step_down,specreset,5,921118,543860,312480,20364,,20975
step_down,specreset,5,941502,544164,282240,21638,,24676
step_down,specreset,5,972125,471286,239040,22806,,22350
step_down,specreset,5,1104439,531094,239040,20185,,20143
step_down,specreset,5,1109490,545588,239040,20171,,20074
step_down,specreset,5,1124753,554455,239040,20136,,20083
step_down,specreset,5,1150243,545588,313920,20221,,21009
step_down,specreset,5,1170569,547834,283680,21585,,24779
step_down,specreset,5,1201184,471286,241920,22842,,22478
step_down,specreset,5,3666321,531094,240480,20077,,20062
step_down,specreset,5,3671380,546242,240480,20075,,20065
step_down,specreset,5,3686844,554455,240480,20073,,20080
step_down,specreset,5,3712284,547666,313920,20189,,21011
step_down,specreset,5,3747996,545320,264960,22776,,24643
step_down,specreset,5,3768491,471286,234720,22826,,21979
step_down,specreset,5,5002874,284624,240480,20091,,20083
step_down,specreset,5,5007989,283200,223200,20100,,20164
step_down,specreset,5,5018193,239232,223200,20111,,20177
step_down,specreset,5,5041402,15360,,,0,
step_down,specreset,5,5044623,35296,192960,21003,21003,21003
step_down,specreset,5,5049716,86560,141120,20942,20521,20521
step_down,specreset,5,5054898,137824,89280,20892,,20546
step_down,specreset,5,5060054,199056,76320,20851,,20570
step_down,specreset,5,8104999,226112,139680,400809,,3060517
step_down,specreset,5,8105065,140932,,400809,,
